id,approval_status,last_modified,monitoring_location_id,parameter_code,qualifier,statistic_id,time,time_series_id,unit_of_measure,value,x,y
"003fccab-e519-4f3a-9a67-3c741ed514c2","Approved","2025-06-06T16:03:52.306465+00:00","USGS-02068500","00060",,"00003","2021-01-01","ea3689c6b8104856b945a7fbfd5e0664","ft^3/s","357",-80.3030555555556,36.515
"afab982c-38da-4950-b276-428456d64a62","Approved","2025-06-06T16:03:52.306465+00:00","USGS-02068500","00060",,"00003","2021-01-02","ea3689c6b8104856b945a7fbfd5e0664","ft^3/s","426",-80.3030555555556,36.515
"fafb1fc1-ddd9-4dda-98e2-71a09b60770d","Approved","2025-06-06T16:03:52.306465+00:00","USGS-02068500","00060",,"00003","2021-01-03","ea3689c6b8104856b945a7fbfd5e0664","ft^3/s","374",-80.3030555555556,36.515
"44196f5c-9c34-480a-adcf-9f1798076ab5","Approved","2025-06-06T16:03:52.306465+00:00","USGS-02068500","00060",,"00003","2021-01-04","ea3689c6b8104856b945a7fbfd5e0664","ft^3/s","356",-80.3030555555556,36.515
"5259eed0-33e0-4fa5-8a38-09d3cb35911e","Approved","2025-06-06T16:03:52.306465+00:00","USGS-02068500","00060",,"00003","2021-01-05","ea3689c6b8104856b945a7fbfd5e0664","ft^3/s","316",-80.3030555555556,36.515
"a938d15b-4b99-4fb4-82a1-daea21a54092","Approved","2025-06-06T16:03:52.306465+00:00","USGS-02068500","00060",,"00003","2021-01-06","ea3689c6b8104856b945a7fbfd5e0664","ft^3/s","292",-80.3030555555556,36.515
"c1b86017-9921-4596-a8be-dadc936b552d","Approved","2025-06-06T16:03:52.306465+00:00","USGS-02068500","00060",,"00003","2021-01-07","ea3689c6b8104856b945a7fbfd5e0664","ft^3/s","269",-80.3030555555556,36.515
"55c6621c-9d19-443e-88d7-f451f4d9f4c6","Approved","2025-06-06T16:03:52.306465+00:00","USGS-02068500","00060",,"00003","2021-01-08","ea3689c6b8104856b945a7fbfd5e0664","ft^3/s","271",-80.3030555555556,36.515
"3d0978ad-7a0b-4327-9254-11e390731428","Approved","2025-06-06T16:03:52.306465+00:00","USGS-02068500","00060",,"00003","2021-01-09","ea3689c6b8104856b945a7fbfd5e0664","ft^3/s","269",-80.3030555555556,36.515
"3c752627-6f3e-4308-b606-ec8af09575bc","Approved","2025-06-06T16:03:52.306465+00:00","USGS-02068500","00060",,"00003","2021-01-10","ea3689c6b8104856b945a7fbfd5e0664","ft^3/s","259",-80.3030555555556,36.515
"82a60970-0f52-44dc-bc8c-9832f8b06025","Approved","2025-06-06T16:03:52.306465+00:00","USGS-02068500","00060",,"00003","2021-01-11","ea3689c6b8104856b945a7fbfd5e0664","ft^3/s","256",-80.3030555555556,36.515
"27e1d35e-754d-4244-ba72-8f4e74626f8b","Approved","2025-06-06T16:03:52.306465+00:00","USGS-02068500","00060",,"00003","2021-01-12","ea3689c6b8104856b945a7fbfd5e0664","ft^3/s","305",-80.3030555555556,36.515
"a22818fd-6abb-4490-a286-910af4f82e0c","Approved","2025-06-06T16:03:52.306465+00:00","USGS-02068500","00060",,"00003","2021-01-13","ea3689c6b8104856b945a7fbfd5e0664","ft^3/s","284",-80.3030555555556,36.515
"150cda22-bdf2-400f-a6d4-4855182fb41c","Approved","2025-06-06T16:03:52.306465+00:00","USGS-02068500","00060",,"00003","2021-01-14","ea3689c6b8104856b945a7fbfd5e0664","ft^3/s","277",-80.3030555555556,36.515
"e672e4d1-e5ac-4100-a251-24aa265a66e7","Approved","2025-06-06T16:03:52.306465+00:00","USGS-02068500","00060",,"00003","2021-01-15","ea3689c6b8104856b945a7fbfd5e0664","ft^3/s","280",-80.3030555555556,36.515
"20baae30-5d5c-4c5a-9c28-ce56486218d7","Approved","2025-06-06T16:03:52.306465+00:00","USGS-02068500","00060",,"00003","2021-01-16","ea3689c6b8104856b945a7fbfd5e0664","ft^3/s","279",-80.3030555555556,36.515
"b89f7a18-f331-4ee4-b5b4-7ce8afb2e527","Approved","2025-06-06T16:03:52.306465+00:00","USGS-02068500","00060",,"00003","2021-01-17","ea3689c6b8104856b945a7fbfd5e0664","ft^3/s","267",-80.3030555555556,36.515
"2a291631-4d5f-4f6e-a807-bf0b38f2f149","Approved","2025-06-06T16:03:52.306465+00:00","USGS-02068500","00060",,"00003","2021-01-18","ea3689c6b8104856b945a7fbfd5e0664","ft^3/s","241",-80.3030555555556,36.515
"1d1716ea-ede2-479a-b5ec-637a4d61c90d","Approved","2025-06-06T16:03:52.306465+00:00","USGS-02068500","00060",,"00003","2021-01-19","ea3689c6b8104856b945a7fbfd5e0664","ft^3/s","236",-80.3030555555556,36.515
"5fbac035-b1c7-4b45-b946-c49e825e5021","Approved","2025-06-06T16:03:52.306465+00:00","USGS-02068500","00060",,"00003","2021-01-20","ea3689c6b8104856b945a7fbfd5e0664","ft^3/s","237",-80.3030555555556,36.515
"b1b21eb2-bc89-4dc5-b0e5-f2644b7a614d","Approved","2025-06-06T16:03:52.306465+00:00","USGS-02068500","00060",,"00003","2021-01-21","ea3689c6b8104856b945a7fbfd5e0664","ft^3/s","237",-80.3030555555556,36.515
"776d4696-c122-4ecd-bd68-a25528a7fcb1","Approved","2025-06-06T16:03:52.306465+00:00","USGS-02068500","00060",,"00003","2021-01-22","ea3689c6b8104856b945a7fbfd5e0664","ft^3/s","235",-80.3030555555556,36.515
"b38d36b1-9e38-4d43-a808-3ed5f0c895f8","Approved","2025-06-06T16:03:52.306465+00:00","USGS-02068500","00060",,"00003","2021-01-23","ea3689c6b8104856b945a7fbfd5e0664","ft^3/s","231",-80.3030555555556,36.515
"a662da83-f3c1-4bfd-813a-495eee75d923","Approved","2025-06-06T16:03:52.306465+00:00","USGS-02068500","00060",,"00003","2021-01-24","ea3689c6b8104856b945a7fbfd5e0664","ft^3/s","231",-80.3030555555556,36.515
"472331db-4432-42fc-8c97-95fcdc715796","Approved","2025-06-06T16:03:52.306465+00:00","USGS-02068500","00060",,"00003","2021-01-25","ea3689c6b8104856b945a7fbfd5e0664","ft^3/s","234",-80.3030555555556,36.515
"4ed8c7d7-34ec-455e-a04e-2babe1041100","Approved","2025-06-06T16:03:52.306465+00:00","USGS-02068500","00060",,"00003","2021-01-26","ea3689c6b8104856b945a7fbfd5e0664","ft^3/s","637",-80.3030555555556,36.515
"ef8778bb-d0bb-4395-b12b-9e52b5a4a92e","Approved","2025-06-06T16:03:52.306465+00:00","USGS-02068500","00060",,"00003","2021-01-27","ea3689c6b8104856b945a7fbfd5e0664","ft^3/s","324",-80.3030555555556,36.515
"5e0d082f-f08e-4104-97da-698908e9a522","Approved","2025-06-06T16:03:52.306465+00:00","USGS-02068500","00060",,"00003","2021-01-28","ea3689c6b8104856b945a7fbfd5e0664","ft^3/s","422",-80.3030555555556,36.515
"234ebd35-392f-425a-8381-8c1854bd1a1f","Approved","2025-06-06T16:03:52.306465+00:00","USGS-02068500","00060",,"00003","2021-01-29","ea3689c6b8104856b945a7fbfd5e0664","ft^3/s","388",-80.3030555555556,36.515
"2819c9bd-3eb5-4988-9245-a65a8f4c8f9c","Approved","2025-06-06T16:03:52.306465+00:00","USGS-02068500","00060",,"00003","2021-01-30","ea3689c6b8104856b945a7fbfd5e0664","ft^3/s","364",-80.3030555555556,36.515
"51e405c6-f17b-4404-836d-db5bc3e1b7be","Approved","2025-06-06T16:03:52.306465+00:00","USGS-02068500","00060",,"00003","2021-01-31","ea3689c6b8104856b945a7fbfd5e0664","ft^3/s","383",-80.3030555555556,36.515
"bfd05996-760b-4bc1-9944-f6e7e13155c3","Approved","2025-06-06T16:03:52.306465+00:00","USGS-02068500","00060",,"00003","2021-02-01","ea3689c6b8104856b945a7fbfd5e0664","ft^3/s","345",-80.3030555555556,36.515
"73e8ac93-2bf1-43f6-8ce0-23e4959d5c62","Approved","2025-06-06T16:03:52.306465+00:00","USGS-02068500","00060",,"00003","2021-02-02","ea3689c6b8104856b945a7fbfd5e0664","ft^3/s","326",-80.3030555555556,36.515
"2ab0f7ad-e624-40ea-b19f-4fb9715cdf92","Approved","2025-06-06T16:03:52.306465+00:00","USGS-02068500","00060",,"00003","2021-02-03","ea3689c6b8104856b945a7fbfd5e0664","ft^3/s","238",-80.3030555555556,36.515
"9bdae66c-813b-4bb3-8b75-e4ddf117910b","Approved","2025-06-06T16:03:52.306465+00:00","USGS-02068500","00060",,"00003","2021-02-04","ea3689c6b8104856b945a7fbfd5e0664","ft^3/s","229",-80.3030555555556,36.515
"260ddd87-a645-4bfd-a739-69ff9feae56e","Approved","2025-06-06T16:03:52.306465+00:00","USGS-02068500","00060",,"00003","2021-02-05","ea3689c6b8104856b945a7fbfd5e0664","ft^3/s","237",-80.3030555555556,36.515
"02168128-be73-49cb-865b-a5153a18de49","Approved","2025-06-06T16:03:52.306465+00:00","USGS-02068500","00060",,"00003","2021-02-06","ea3689c6b8104856b945a7fbfd5e0664","ft^3/s","231",-80.3030555555556,36.515
"4b2f7717-4d30-45ab-b92c-ef7de61a1dad","Approved","2025-06-06T16:03:52.306465+00:00","USGS-02068500","00060",,"00003","2021-02-07","ea3689c6b8104856b945a7fbfd5e0664","ft^3/s","272",-80.3030555555556,36.515
"0302ed71-1665-4431-9f70-927347efb8dd","Approved","2025-06-06T16:03:52.306465+00:00","USGS-02068500","00060",,"00003","2021-02-08","ea3689c6b8104856b945a7fbfd5e0664","ft^3/s","299",-80.3030555555556,36.515
"270af327-3024-47d9-b339-86eca85f5fd7","Approved","2025-06-06T16:03:52.306465+00:00","USGS-02068500","00060",,"00003","2021-02-09","ea3689c6b8104856b945a7fbfd5e0664","ft^3/s","319",-80.3030555555556,36.515
"67639c1e-6e0f-4668-b781-c3ba593a1ad6","Approved","2025-06-06T16:03:52.306465+00:00","USGS-02068500","00060",,"00003","2021-02-10","ea3689c6b8104856b945a7fbfd5e0664","ft^3/s","222",-80.3030555555556,36.515
"1705a91b-290b-42a6-aa02-2b4fd35d4669","Approved","2025-06-06T16:03:52.306465+00:00","USGS-02068500","00060",,"00003","2021-02-11","ea3689c6b8104856b945a7fbfd5e0664","ft^3/s","251",-80.3030555555556,36.515
"b0fb3c06-d3cc-4cf4-beae-92b182de31d4","Approved","2025-06-06T16:03:52.306465+00:00","USGS-02068500","00060",,"00003","2021-02-12","ea3689c6b8104856b945a7fbfd5e0664","ft^3/s","373",-80.3030555555556,36.515
"981b0bf1-71d1-415e-b11c-8cb826ed6fcb","Approved","2025-06-06T16:03:52.306465+00:00","USGS-02068500","00060",,"00003","2021-02-13","ea3689c6b8104856b945a7fbfd5e0664","ft^3/s","602",-80.3030555555556,36.515
"740b3395-5d0b-458f-aa1f-52b29ccaaca0","Approved","2025-06-06T16:03:52.306465+00:00","USGS-02068500","00060",,"00003","2021-02-14","ea3689c6b8104856b945a7fbfd5e0664","ft^3/s","420",-80.3030555555556,36.515
"cbbdc66d-66ad-4aee-8b87-6567c2c24424","Approved","2025-06-06T16:03:52.306465+00:00","USGS-02068500","00060",,"00003","2021-02-15","ea3689c6b8104856b945a7fbfd5e0664","ft^3/s","458",-80.3030555555556,36.515
"a9ae08c7-03ce-4340-b9f0-89878659a89c","Approved","2025-06-06T16:03:52.306465+00:00","USGS-02068500","00060",,"00003","2021-02-16","ea3689c6b8104856b945a7fbfd5e0664","ft^3/s","805",-80.3030555555556,36.515
"608ba97d-7558-43fd-b285-0b1de270d129","Approved","2025-06-06T16:03:52.306465+00:00","USGS-02068500","00060",,"00003","2021-02-17","ea3689c6b8104856b945a7fbfd5e0664","ft^3/s","441",-80.3030555555556,36.515
"39104b55-5776-41f5-9838-103e544eb921","Approved","2025-06-06T16:03:52.306465+00:00","USGS-02068500","00060",,"00003","2021-02-18","ea3689c6b8104856b945a7fbfd5e0664","ft^3/s","447",-80.3030555555556,36.515
"3baf3ed9-fe55-47bf-a360-fd3bed5de458","Approved","2025-06-06T16:03:52.306465+00:00","USGS-02068500","00060",,"00003","2021-02-19","ea3689c6b8104856b945a7fbfd5e0664","ft^3/s","390",-80.3030555555556,36.515
"1309b210-6082-4c54-835d-39ab4f5942e0","Approved","2025-06-06T16:03:52.306465+00:00","USGS-02068500","00060",,"00003","2021-02-20","ea3689c6b8104856b945a7fbfd5e0664","ft^3/s","332",-80.3030555555556,36.515
"26b8b306-9124-44b6-94dd-14807ab6aade","Approved","2025-06-06T16:03:52.306465+00:00","USGS-02068500","00060",,"00003","2021-02-21","ea3689c6b8104856b945a7fbfd5e0664","ft^3/s","390",-80.3030555555556,36.515
"666b4e15-235a-4337-8a98-8ae335008525","Approved","2025-06-06T16:03:52.306465+00:00","USGS-02068500","00060",,"00003","2021-02-22","ea3689c6b8104856b945a7fbfd5e0664","ft^3/s","414",-80.3030555555556,36.515
"66cac5a3-3e65-45ef-8715-83645f3db6bc","Approved","2025-06-06T16:03:52.306465+00:00","USGS-02068500","00060",,"00003","2021-02-23","ea3689c6b8104856b945a7fbfd5e0664","ft^3/s","366",-80.3030555555556,36.515
"bede8f34-33b6-4fc5-a9e4-4c63ce3f8b76","Approved","2025-06-06T16:03:52.306465+00:00","USGS-02068500","00060",,"00003","2021-02-24","ea3689c6b8104856b945a7fbfd5e0664","ft^3/s","322",-80.3030555555556,36.515
"631eacbc-5178-420d-9b6d-b17a59e3b66a","Approved","2025-06-06T16:03:52.306465+00:00","USGS-02068500","00060",,"00003","2021-02-25","ea3689c6b8104856b945a7fbfd5e0664","ft^3/s","313",-80.3030555555556,36.515
"29423f40-00aa-4e32-98fb-1b763a13de89","Approved","2025-06-06T16:03:52.306465+00:00","USGS-02068500","00060",,"00003","2021-02-26","ea3689c6b8104856b945a7fbfd5e0664","ft^3/s","346",-80.3030555555556,36.515
"d30897eb-5c12-4bf7-8ea9-c624295b59dc","Approved","2025-06-06T16:03:52.306465+00:00","USGS-02068500","00060",,"00003","2021-02-27","ea3689c6b8104856b945a7fbfd5e0664","ft^3/s","369",-80.3030555555556,36.515
"ac0e0394-bcb4-42bf-9aee-db3d9ba64c01","Approved","2025-06-06T16:03:52.306465+00:00","USGS-02068500","00060",,"00003","2021-02-28","ea3689c6b8104856b945a7fbfd5e0664","ft^3/s","353",-80.3030555555556,36.515
"3fd26b80-f224-4d7b-8539-5ac568a2d989","Approved","2025-06-06T16:03:52.306465+00:00","USGS-02068500","00060",,"00003","2021-03-01","ea3689c6b8104856b945a7fbfd5e0664","ft^3/s","314",-80.3030555555556,36.515
"89b580b0-1a70-47c2-9a14-5e97fce717bb","Approved","2025-06-06T16:03:52.306465+00:00","USGS-02068500","00060",,"00003","2021-03-02","ea3689c6b8104856b945a7fbfd5e0664","ft^3/s","263",-80.3030555555556,36.515
"9bb49cfb-0fd8-42b6-b198-11b50be60819","Approved","2025-06-06T16:03:52.306465+00:00","USGS-02068500","00060",,"00003","2021-03-03","ea3689c6b8104856b945a7fbfd5e0664","ft^3/s","255",-80.3030555555556,36.515
"c47af7ff-f941-4067-b04d-423bd0bbbed8","Approved","2025-06-06T16:03:52.306465+00:00","USGS-02068500","00060",,"00003","2021-03-04","ea3689c6b8104856b945a7fbfd5e0664","ft^3/s","255",-80.3030555555556,36.515
"23f5b4c7-467b-499c-8e33-ca3b5d47c1d8","Approved","2025-06-06T16:03:52.306465+00:00","USGS-02068500","00060",,"00003","2021-03-05","ea3689c6b8104856b945a7fbfd5e0664","ft^3/s","324",-80.3030555555556,36.515
"7235c0f5-1240-4aaa-976e-dc20ad00e923","Approved","2025-06-06T16:03:52.306465+00:00","USGS-02068500","00060",,"00003","2021-03-06","ea3689c6b8104856b945a7fbfd5e0664","ft^3/s","316",-80.3030555555556,36.515
"5c2b1364-2705-4029-a3bf-92f2d0b7b459","Approved","2025-06-06T16:03:52.306465+00:00","USGS-02068500","00060",,"00003","2021-03-07","ea3689c6b8104856b945a7fbfd5e0664","ft^3/s","311",-80.3030555555556,36.515
"e33ce2aa-7732-4245-ae48-77561b035609","Approved","2025-06-06T16:03:52.306465+00:00","USGS-02068500","00060",,"00003","2021-03-08","ea3689c6b8104856b945a7fbfd5e0664","ft^3/s","294",-80.3030555555556,36.515
"5d4c40af-2527-4d95-a3c1-eabada60f619","Approved","2025-06-06T16:03:52.306465+00:00","USGS-02068500","00060",,"00003","2021-03-09","ea3689c6b8104856b945a7fbfd5e0664","ft^3/s","252",-80.3030555555556,36.515
"afbe56a9-611b-476d-8015-d3b6dbc6adfd","Approved","2025-06-06T16:03:52.306465+00:00","USGS-02068500","00060",,"00003","2021-03-10","ea3689c6b8104856b945a7fbfd5e0664","ft^3/s","254",-80.3030555555556,36.515
"a9bd341e-a4b3-4106-87e5-fe3ddb3f2bfc","Approved","2025-06-06T16:03:52.306465+00:00","USGS-02068500","00060",,"00003","2021-03-11","ea3689c6b8104856b945a7fbfd5e0664","ft^3/s","247",-80.3030555555556,36.515
"f28f1833-a4b2-482d-890e-b3264d808124","Approved","2025-06-06T16:03:52.306465+00:00","USGS-02068500","00060",,"00003","2021-03-12","ea3689c6b8104856b945a7fbfd5e0664","ft^3/s","259",-80.3030555555556,36.515
"b4a94a9d-3487-4b53-bdea-0e89fc5f5da4","Approved","2025-06-06T16:03:52.306465+00:00","USGS-02068500","00060",,"00003","2021-03-13","ea3689c6b8104856b945a7fbfd5e0664","ft^3/s","257",-80.3030555555556,36.515
"bece9a82-ac15-4cc2-bda6-4cfaaa03a6e3","Approved","2025-06-06T16:03:52.306465+00:00","USGS-02068500","00060",,"00003","2021-03-14","ea3689c6b8104856b945a7fbfd5e0664","ft^3/s","252",-80.3030555555556,36.515
"d60d1224-7ae3-40c5-892c-a8014c656467","Approved","2025-06-06T16:03:52.306465+00:00","USGS-02068500","00060",,"00003","2021-03-15","ea3689c6b8104856b945a7fbfd5e0664","ft^3/s","242",-80.3030555555556,36.515
"3ed1cbdb-22a5-4c70-b80a-5b07139858f5","Approved","2025-06-06T16:03:52.306465+00:00","USGS-02068500","00060",,"00003","2021-03-16","ea3689c6b8104856b945a7fbfd5e0664","ft^3/s","266",-80.3030555555556,36.515
"bf03c676-bd21-476f-8fde-d8afb6837109","Approved","2025-06-06T16:03:52.306465+00:00","USGS-02068500","00060",,"00003","2021-03-17","ea3689c6b8104856b945a7fbfd5e0664","ft^3/s","255",-80.3030555555556,36.515
"8c6e5a12-c2d7-487d-ad01-0feaf2cf9a58","Approved","2025-06-06T16:03:52.306465+00:00","USGS-02068500","00060",,"00003","2021-03-18","ea3689c6b8104856b945a7fbfd5e0664","ft^3/s","338",-80.3030555555556,36.515
"7a3b81a3-60c3-48f5-a62b-bc83f444fc58","Approved","2025-06-06T16:03:52.306465+00:00","USGS-02068500","00060",,"00003","2021-03-19","ea3689c6b8104856b945a7fbfd5e0664","ft^3/s","665",-80.3030555555556,36.515
"eac7a3a7-fba5-4825-8a5d-3c6906840b3e","Approved","2025-06-06T16:03:52.306465+00:00","USGS-02068500","00060",,"00003","2021-03-20","ea3689c6b8104856b945a7fbfd5e0664","ft^3/s","358",-80.3030555555556,36.515
"8b3ca635-df90-49f5-b91c-4ae9af9e55c1","Approved","2025-06-06T16:03:52.306465+00:00","USGS-02068500","00060",,"00003","2021-03-21","ea3689c6b8104856b945a7fbfd5e0664","ft^3/s","305",-80.3030555555556,36.515
"30961a0f-0a47-4825-b4bf-b41cb7942d86","Approved","2025-06-06T16:03:52.306465+00:00","USGS-02068500","00060",,"00003","2021-03-22","ea3689c6b8104856b945a7fbfd5e0664","ft^3/s","290",-80.3030555555556,36.515
"b0cb07e5-cd52-40dc-8091-d222816c63a1","Approved","2025-06-06T16:03:52.306465+00:00","USGS-02068500","00060",,"00003","2021-03-23","ea3689c6b8104856b945a7fbfd5e0664","ft^3/s","278",-80.3030555555556,36.515
"0ab4407d-ed8b-46a4-9573-2fe6563861e5","Approved","2025-06-06T16:03:52.306465+00:00","USGS-02068500","00060",,"00003","2021-03-24","ea3689c6b8104856b945a7fbfd5e0664","ft^3/s","271",-80.3030555555556,36.515
"606573c6-d076-475b-9d87-050b21bde813","Approved","2025-06-06T16:03:52.306465+00:00","USGS-02068500","00060",,"00003","2021-03-25","ea3689c6b8104856b945a7fbfd5e0664","ft^3/s","278",-80.3030555555556,36.515
"a365cf68-fbf9-4ed2-b572-43eaaadfc31e","Approved","2025-06-06T16:03:52.306465+00:00","USGS-02068500","00060",,"00003","2021-03-26","ea3689c6b8104856b945a7fbfd5e0664","ft^3/s","426",-80.3030555555556,36.515
"db8179fb-b1b1-465e-a683-4aaa3d25136a","Approved","2025-06-06T16:03:52.306465+00:00","USGS-02068500","00060",,"00003","2021-03-27","ea3689c6b8104856b945a7fbfd5e0664","ft^3/s","353",-80.3030555555556,36.515
"12770c38-1642-4db5-abf6-fc78a18b3516","Approved","2025-06-06T16:03:52.306465+00:00","USGS-02068500","00060",,"00003","2021-03-28","ea3689c6b8104856b945a7fbfd5e0664","ft^3/s","459",-80.3030555555556,36.515
"a01dc13f-72c8-4892-b54f-6b465dd39885","Approved","2025-06-06T16:03:52.306465+00:00","USGS-02068500","00060",,"00003","2021-03-29","ea3689c6b8104856b945a7fbfd5e0664","ft^3/s","380",-80.3030555555556,36.515
"0979f761-1b7b-4904-b268-73fd0116684e","Approved","2025-06-06T16:03:52.306465+00:00","USGS-02068500","00060",,"00003","2021-03-30","ea3689c6b8104856b945a7fbfd5e0664","ft^3/s","316",-80.3030555555556,36.515
"ade1eba7-ef07-4660-8c9c-01ed87c068d5","Approved","2025-06-06T16:03:52.306465+00:00","USGS-02068500","00060",,"00003","2021-03-31","ea3689c6b8104856b945a7fbfd5e0664","ft^3/s","389",-80.3030555555556,36.515
"bead6743-e4e4-4a80-bc44-848bbab3a02b","Approved","2025-06-06T16:03:52.306465+00:00","USGS-02068500","00060",,"00003","2021-04-01","ea3689c6b8104856b945a7fbfd5e0664","ft^3/s","424",-80.3030555555556,36.515
"28c9865b-500f-4ff8-a641-9c3d205e425d","Approved","2025-06-06T16:03:52.306465+00:00","USGS-02068500","00060",,"00003","2021-04-02","ea3689c6b8104856b945a7fbfd5e0664","ft^3/s","367",-80.3030555555556,36.515
"8dda3bb1-8d90-45d9-8af3-776eab6cea09","Approved","2025-06-06T16:03:52.306465+00:00","USGS-02068500","00060",,"00003","2021-04-03","ea3689c6b8104856b945a7fbfd5e0664","ft^3/s","351",-80.3030555555556,36.515
"b31bc671-e15c-4724-b297-4ef777992bbb","Approved","2025-06-06T16:03:52.306465+00:00","USGS-02068500","00060",,"00003","2021-04-04","ea3689c6b8104856b945a7fbfd5e0664","ft^3/s","304",-80.3030555555556,36.515
"b0e6a91a-905d-462f-8bcd-333883b0d180","Approved","2025-06-06T16:03:52.306465+00:00","USGS-02068500","00060",,"00003","2021-04-05","ea3689c6b8104856b945a7fbfd5e0664","ft^3/s","288",-80.3030555555556,36.515
"371156aa-5176-4dd5-b1be-411f3191c19c","Approved","2025-06-06T16:03:52.306465+00:00","USGS-02068500","00060",,"00003","2021-04-06","ea3689c6b8104856b945a7fbfd5e0664","ft^3/s","282",-80.3030555555556,36.515
"592e279c-6a6a-404e-8689-0082647bae7b","Approved","2025-06-06T16:03:52.306465+00:00","USGS-02068500","00060",,"00003","2021-04-07","ea3689c6b8104856b945a7fbfd5e0664","ft^3/s","299",-80.3030555555556,36.515
"0a6a6e61-c61f-4698-bfc2-777c3fe17c92","Approved","2025-06-06T16:03:52.306465+00:00","USGS-02068500","00060",,"00003","2021-04-08","ea3689c6b8104856b945a7fbfd5e0664","ft^3/s","295",-80.3030555555556,36.515
"0d8d13d6-4e9b-4910-bdf0-342bde3b5f17","Approved","2025-06-06T16:03:52.306465+00:00","USGS-02068500","00060",,"00003","2021-04-09","ea3689c6b8104856b945a7fbfd5e0664","ft^3/s","299",-80.3030555555556,36.515
"df75ae03-d2b1-4c21-8b8c-60cdfeba1e99","Approved","2025-06-06T16:03:52.306465+00:00","USGS-02068500","00060",,"00003","2021-04-10","ea3689c6b8104856b945a7fbfd5e0664","ft^3/s","302",-80.3030555555556,36.515
"2ef4719f-da63-4d08-9545-06a29c6da53e","Approved","2025-06-06T16:03:52.306465+00:00","USGS-02068500","00060",,"00003","2021-04-11","ea3689c6b8104856b945a7fbfd5e0664","ft^3/s","396",-80.3030555555556,36.515
"b0598e11-97d8-4e55-8fe4-1539da3daf39","Approved","2025-06-06T16:03:52.306465+00:00","USGS-02068500","00060",,"00003","2021-04-12","ea3689c6b8104856b945a7fbfd5e0664","ft^3/s","311",-80.3030555555556,36.515
"1e378132-b7f8-4db4-bc54-2f9e0b358276","Approved","2025-06-06T16:03:52.306465+00:00","USGS-02068500","00060",,"00003","2021-04-13","ea3689c6b8104856b945a7fbfd5e0664","ft^3/s","297",-80.3030555555556,36.515
"2be9bcfc-f04f-4ae6-9d3b-b2974c64f0a1","Approved","2025-06-06T16:03:52.306465+00:00","USGS-02068500","00060",,"00003","2021-04-14","ea3689c6b8104856b945a7fbfd5e0664","ft^3/s","291",-80.3030555555556,36.515
"f86772f2-44f5-4253-81de-38e417f3725f","Approved","2025-06-06T16:03:52.306465+00:00","USGS-02068500","00060",,"00003","2021-04-15","ea3689c6b8104856b945a7fbfd5e0664","ft^3/s","292",-80.3030555555556,36.515
"46590842-a662-42e0-af17-c27a1a6d7ecb","Approved","2025-06-06T16:03:52.306465+00:00","USGS-02068500","00060",,"00003","2021-04-16","ea3689c6b8104856b945a7fbfd5e0664","ft^3/s","280",-80.3030555555556,36.515
"7c4c2f84-790b-4c3e-9c5d-ceaff1e02152","Approved","2025-06-06T16:03:52.306465+00:00","USGS-02068500","00060",,"00003","2021-04-17","ea3689c6b8104856b945a7fbfd5e0664","ft^3/s","277",-80.3030555555556,36.515
"ac9863e0-9a12-4586-a04a-135a234aae92","Approved","2025-06-06T16:03:52.306465+00:00","USGS-02068500","00060",,"00003","2021-04-18","ea3689c6b8104856b945a7fbfd5e0664","ft^3/s","276",-80.3030555555556,36.515
"247c32ba-050d-4495-a3f6-abb6008002b8","Approved","2025-06-06T16:03:52.306465+00:00","USGS-02068500","00060",,"00003","2021-04-19","ea3689c6b8104856b945a7fbfd5e0664","ft^3/s","278",-80.3030555555556,36.515
"7c638246-b291-4763-8d45-690603256301","Approved","2025-06-06T16:03:52.306465+00:00","USGS-02068500","00060",,"00003","2021-04-20","ea3689c6b8104856b945a7fbfd5e0664","ft^3/s","268",-80.3030555555556,36.515
"daf73e1b-8e5e-42b5-b957-52e4b389cf62","Approved","2025-06-06T16:03:52.306465+00:00","USGS-02068500","00060",,"00003","2021-04-21","ea3689c6b8104856b945a7fbfd5e0664","ft^3/s","266",-80.3030555555556,36.515
"03f45ff2-c998-462f-b15c-4526a56d930f","Approved","2025-06-06T16:03:52.306465+00:00","USGS-02068500","00060",,"00003","2021-04-22","ea3689c6b8104856b945a7fbfd5e0664","ft^3/s","258",-80.3030555555556,36.515
"fe664c33-8f45-4a14-87f9-8ebfdbb94bcf","Approved","2025-06-06T16:03:52.306465+00:00","USGS-02068500","00060",,"00003","2021-04-23","ea3689c6b8104856b945a7fbfd5e0664","ft^3/s","245",-80.3030555555556,36.515
"2f90f697-b9a8-45f2-9643-eebd6a38015d","Approved","2025-06-06T16:03:52.306465+00:00","USGS-02068500","00060",,"00003","2021-04-24","ea3689c6b8104856b945a7fbfd5e0664","ft^3/s","256",-80.3030555555556,36.515
"649d428e-7513-405f-b144-19f71083ba76","Approved","2025-06-06T16:03:52.306465+00:00","USGS-02068500","00060",,"00003","2021-04-25","ea3689c6b8104856b945a7fbfd5e0664","ft^3/s","266",-80.3030555555556,36.515
"8e99c0a5-a505-4221-b66f-98fddea431ee","Approved","2025-06-06T16:03:52.306465+00:00","USGS-02068500","00060",,"00003","2021-04-26","ea3689c6b8104856b945a7fbfd5e0664","ft^3/s","245",-80.3030555555556,36.515
"9acc5729-b692-40af-b9af-280bf225f80b","Approved","2025-06-06T16:03:52.306465+00:00","USGS-02068500","00060",,"00003","2021-04-27","ea3689c6b8104856b945a7fbfd5e0664","ft^3/s","236",-80.3030555555556,36.515
"da0fc03a-e98f-4484-bdbb-a3be9a1de1a8","Approved","2025-06-06T16:03:52.306465+00:00","USGS-02068500","00060",,"00003","2021-04-28","ea3689c6b8104856b945a7fbfd5e0664","ft^3/s","237",-80.3030555555556,36.515
"8f82fe61-77bf-4127-9d91-4bb2755063a8","Approved","2025-06-06T16:03:52.306465+00:00","USGS-02068500","00060",,"00003","2021-04-29","ea3689c6b8104856b945a7fbfd5e0664","ft^3/s","234",-80.3030555555556,36.515
"52ca3ee9-5b16-444b-bf51-1910b78dfd72","Approved","2025-06-06T16:03:52.306465+00:00","USGS-02068500","00060",,"00003","2021-04-30","ea3689c6b8104856b945a7fbfd5e0664","ft^3/s","223",-80.3030555555556,36.515
"5dc6bf5a-7fb5-4b61-9589-cf3e0b4cba89","Approved","2025-06-06T16:03:52.306465+00:00","USGS-02068500","00060",,"00003","2021-05-01","ea3689c6b8104856b945a7fbfd5e0664","ft^3/s","191",-80.3030555555556,36.515
"ae9c74f5-1ac5-47d9-81d0-41b2c40c2d46","Approved","2025-06-06T16:03:52.306465+00:00","USGS-02068500","00060",,"00003","2021-05-02","ea3689c6b8104856b945a7fbfd5e0664","ft^3/s","217",-80.3030555555556,36.515
"57ac5bbe-a6be-4d57-abae-db9d90a898a0","Approved","2025-06-06T16:03:52.306465+00:00","USGS-02068500","00060",,"00003","2021-05-03","ea3689c6b8104856b945a7fbfd5e0664","ft^3/s","302",-80.3030555555556,36.515
"49cc8836-d912-4b2b-afdc-949173351863","Approved","2025-06-06T16:03:52.306465+00:00","USGS-02068500","00060",,"00003","2021-05-04","ea3689c6b8104856b945a7fbfd5e0664","ft^3/s","249",-80.3030555555556,36.515
"3e0d539a-86bf-4ccc-b36a-13adc8f15ee0","Approved","2025-06-06T16:03:52.306465+00:00","USGS-02068500","00060",,"00003","2021-05-05","ea3689c6b8104856b945a7fbfd5e0664","ft^3/s","235",-80.3030555555556,36.515
"c08e0883-cd31-428c-958a-0ebc9256d01a","Approved","2025-06-06T16:03:52.306465+00:00","USGS-02068500","00060",,"00003","2021-05-06","ea3689c6b8104856b945a7fbfd5e0664","ft^3/s","230",-80.3030555555556,36.515
"98ffb0ff-eda2-4ef8-a32f-de979f218935","Approved","2025-06-06T16:03:52.306465+00:00","USGS-02068500","00060",,"00003","2021-05-07","ea3689c6b8104856b945a7fbfd5e0664","ft^3/s","203",-80.3030555555556,36.515
"6465b97c-b42d-45ca-af9a-fd90ae185c49","Approved","2025-06-06T16:03:52.306465+00:00","USGS-02068500","00060",,"00003","2021-05-08","ea3689c6b8104856b945a7fbfd5e0664","ft^3/s","209",-80.3030555555556,36.515
"af61c01b-c89e-496f-9fc0-888806b49b68","Approved","2025-06-06T16:03:52.306465+00:00","USGS-02068500","00060",,"00003","2021-05-09","ea3689c6b8104856b945a7fbfd5e0664","ft^3/s","219",-80.3030555555556,36.515
"298afcb7-e0f7-420c-9adf-b4485af7a32e","Approved","2025-06-06T16:03:52.306465+00:00","USGS-02068500","00060",,"00003","2021-05-10","ea3689c6b8104856b945a7fbfd5e0664","ft^3/s","217",-80.3030555555556,36.515
"7f4120ed-6e5f-4965-90ca-8ef0d2e442c3","Approved","2025-06-06T16:03:52.306465+00:00","USGS-02068500","00060",,"00003","2021-05-11","ea3689c6b8104856b945a7fbfd5e0664","ft^3/s","212",-80.3030555555556,36.515
"2a06d331-2fc4-4f7f-bef5-8691a23ca562","Approved","2025-06-06T16:03:52.306465+00:00","USGS-02068500","00060",,"00003","2021-05-12","ea3689c6b8104856b945a7fbfd5e0664","ft^3/s","213",-80.3030555555556,36.515
"c65925e6-5533-461c-9ba7-351cfdc44ed0","Approved","2025-06-06T16:03:52.306465+00:00","USGS-02068500","00060",,"00003","2021-05-13","ea3689c6b8104856b945a7fbfd5e0664","ft^3/s","201",-80.3030555555556,36.515
"96e6a80d-abcb-4238-8f3a-48a6106e29cc","Approved","2025-06-06T16:03:52.306465+00:00","USGS-02068500","00060",,"00003","2021-05-14","ea3689c6b8104856b945a7fbfd5e0664","ft^3/s","194",-80.3030555555556,36.515
"1399fda0-5fb9-49ab-ba73-9731c7cafa6a","Approved","2025-06-06T16:03:52.306465+00:00","USGS-02068500","00060",,"00003","2021-05-15","ea3689c6b8104856b945a7fbfd5e0664","ft^3/s","194",-80.3030555555556,36.515
"4ab02857-065b-4886-9c92-d65bf39e398e","Approved","2025-06-06T16:03:52.306465+00:00","USGS-02068500","00060",,"00003","2021-05-16","ea3689c6b8104856b945a7fbfd5e0664","ft^3/s","190",-80.3030555555556,36.515
"be279f0f-f754-43d0-84b3-79d591ff1552","Approved","2025-06-06T16:03:52.306465+00:00","USGS-02068500","00060",,"00003","2021-05-17","ea3689c6b8104856b945a7fbfd5e0664","ft^3/s","187",-80.3030555555556,36.515
"a30f31de-1ec3-401b-a343-90a1fe98a1a9","Approved","2025-06-06T16:03:52.306465+00:00","USGS-02068500","00060",,"00003","2021-05-18","ea3689c6b8104856b945a7fbfd5e0664","ft^3/s","179",-80.3030555555556,36.515
"1da68ea1-4e8a-44bc-ba5a-e7ee74fc4033","Approved","2025-06-06T16:03:52.306465+00:00","USGS-02068500","00060",,"00003","2021-05-19","ea3689c6b8104856b945a7fbfd5e0664","ft^3/s","162",-80.3030555555556,36.515
"e252b18c-c000-4135-9f78-95025541b084","Approved","2025-06-06T16:03:52.306465+00:00","USGS-02068500","00060",,"00003","2021-05-20","ea3689c6b8104856b945a7fbfd5e0664","ft^3/s","161",-80.3030555555556,36.515
"f50d4794-62f9-4b03-ab2d-d7f0585f76b3","Approved","2025-06-06T16:03:52.306465+00:00","USGS-02068500","00060",,"00003","2021-05-21","ea3689c6b8104856b945a7fbfd5e0664","ft^3/s","155",-80.3030555555556,36.515
"cc3c9283-3be4-449e-889c-2d28fa7e8fd4","Approved","2025-06-06T16:03:52.306465+00:00","USGS-02068500","00060",,"00003","2021-05-22","ea3689c6b8104856b945a7fbfd5e0664","ft^3/s","155",-80.3030555555556,36.515
"490bce2e-aada-4b8a-bc97-e22cc29283d8","Approved","2025-06-06T16:03:52.306465+00:00","USGS-02068500","00060",,"00003","2021-05-23","ea3689c6b8104856b945a7fbfd5e0664","ft^3/s","154",-80.3030555555556,36.515
"e86c4bd6-f927-4d75-aac1-c9f20ad3d9da","Approved","2025-06-06T16:03:52.306465+00:00","USGS-02068500","00060",,"00003","2021-05-24","ea3689c6b8104856b945a7fbfd5e0664","ft^3/s","153",-80.3030555555556,36.515
"55b4d3be-aea0-4903-b6f3-115819e2a123","Approved","2025-06-06T16:03:52.306465+00:00","USGS-02068500","00060",,"00003","2021-05-25","ea3689c6b8104856b945a7fbfd5e0664","ft^3/s","152",-80.3030555555556,36.515
"8ad6b470-4166-42fb-9eae-9e1abd073658","Approved","2025-06-06T16:03:52.306465+00:00","USGS-02068500","00060",,"00003","2021-05-26","ea3689c6b8104856b945a7fbfd5e0664","ft^3/s","206",-80.3030555555556,36.515
"b5297a50-6409-4ad1-8a02-0f7152b92caf","Approved","2025-06-06T16:03:52.306465+00:00","USGS-02068500","00060",,"00003","2021-05-27","ea3689c6b8104856b945a7fbfd5e0664","ft^3/s","157",-80.3030555555556,36.515
"6aa9aeab-2a77-4818-92ee-235f363da5fe","Approved","2025-06-06T16:03:52.306465+00:00","USGS-02068500","00060",,"00003","2021-05-28","ea3689c6b8104856b945a7fbfd5e0664","ft^3/s","156",-80.3030555555556,36.515
"41bbe304-1d5e-4080-8616-6d1fb2e0a522","Approved","2025-06-06T16:03:52.306465+00:00","USGS-02068500","00060",,"00003","2021-05-29","ea3689c6b8104856b945a7fbfd5e0664","ft^3/s","242",-80.3030555555556,36.515
"51b8f046-d3cc-46fb-8f16-426afdb90743","Approved","2025-06-06T16:03:52.306465+00:00","USGS-02068500","00060",,"00003","2021-05-30","ea3689c6b8104856b945a7fbfd5e0664","ft^3/s","190",-80.3030555555556,36.515
"5e38bd4a-5360-427a-860f-6faa41d9174f","Approved","2025-06-06T16:03:52.306465+00:00","USGS-02068500","00060",,"00003","2021-05-31","ea3689c6b8104856b945a7fbfd5e0664","ft^3/s","164",-80.3030555555556,36.515
"544b6d63-f3bd-4121-a8ad-10789c715fd9","Approved","2025-06-06T16:03:52.306465+00:00","USGS-02068500","00060",,"00003","2021-06-01","ea3689c6b8104856b945a7fbfd5e0664","ft^3/s","149",-80.3030555555556,36.515
"eda55ad3-ce57-480d-bc2f-a3bd5103c5af","Approved","2025-06-06T16:03:52.306465+00:00","USGS-02068500","00060",,"00003","2021-06-02","ea3689c6b8104856b945a7fbfd5e0664","ft^3/s","149",-80.3030555555556,36.515
"ee543916-1e7a-4e00-9d8e-5f4483e5fda4","Approved","2025-06-06T16:03:52.306465+00:00","USGS-02068500","00060",,"00003","2021-06-03","ea3689c6b8104856b945a7fbfd5e0664","ft^3/s","171",-80.3030555555556,36.515
"4d473537-32de-409e-8922-cae1fc80cc8c","Approved","2025-06-06T16:03:52.306465+00:00","USGS-02068500","00060",,"00003","2021-06-04","ea3689c6b8104856b945a7fbfd5e0664","ft^3/s","176",-80.3030555555556,36.515
"7b7bde16-0e87-4b0d-8f19-d23a51ed5f40","Approved","2025-06-06T16:03:52.306465+00:00","USGS-02068500","00060",,"00003","2021-06-05","ea3689c6b8104856b945a7fbfd5e0664","ft^3/s","146",-80.3030555555556,36.515
"e3f617df-5df0-45e3-8f3a-8224074c97eb","Approved","2025-06-06T16:03:52.306465+00:00","USGS-02068500","00060",,"00003","2021-06-06","ea3689c6b8104856b945a7fbfd5e0664","ft^3/s","142",-80.3030555555556,36.515
"70c8a1e3-9ac5-4e10-9f4e-6b8c1f9b13e3","Approved","2025-06-06T16:03:52.306465+00:00","USGS-02068500","00060",,"00003","2021-06-07","ea3689c6b8104856b945a7fbfd5e0664","ft^3/s","150",-80.3030555555556,36.515
"570dc957-dff9-4812-aa07-7dd75668ec5c","Approved","2025-06-06T16:03:52.306465+00:00","USGS-02068500","00060",,"00003","2021-06-08","ea3689c6b8104856b945a7fbfd5e0664","ft^3/s","158",-80.3030555555556,36.515
"60f3ddcf-df30-46d9-a8fd-ce9064956e9b","Approved","2025-06-06T16:03:52.306465+00:00","USGS-02068500","00060",,"00003","2021-06-09","ea3689c6b8104856b945a7fbfd5e0664","ft^3/s","144",-80.3030555555556,36.515
"e0dbe074-9971-4c60-a198-9897eddda218","Approved","2025-06-06T16:03:52.306465+00:00","USGS-02068500","00060",,"00003","2021-06-10","ea3689c6b8104856b945a7fbfd5e0664","ft^3/s","237",-80.3030555555556,36.515
"b07eca70-2d8f-4536-933c-a2b7c526205d","Approved","2025-06-06T16:03:52.306465+00:00","USGS-02068500","00060",,"00003","2021-06-11","ea3689c6b8104856b945a7fbfd5e0664","ft^3/s","190",-80.3030555555556,36.515
"e79fae2c-4d0c-4683-b5c2-fb5b1110c21a","Approved","2025-06-06T16:03:52.306465+00:00","USGS-02068500","00060",,"00003","2021-06-12","ea3689c6b8104856b945a7fbfd5e0664","ft^3/s","268",-80.3030555555556,36.515
"69241544-99f4-439a-957c-258a2998c4a2","Approved","2025-06-06T16:03:52.306465+00:00","USGS-02068500","00060",,"00003","2021-06-13","ea3689c6b8104856b945a7fbfd5e0664","ft^3/s","205",-80.3030555555556,36.515
"bfbcf827-4cc2-44d5-a36c-f0ecd6659b25","Approved","2025-06-06T16:03:52.306465+00:00","USGS-02068500","00060",,"00003","2021-06-14","ea3689c6b8104856b945a7fbfd5e0664","ft^3/s","189",-80.3030555555556,36.515
"164c611b-8c24-47cc-a292-47ecb3d237d4","Approved","2025-06-06T16:03:52.306465+00:00","USGS-02068500","00060",,"00003","2021-06-15","ea3689c6b8104856b945a7fbfd5e0664","ft^3/s","163",-80.3030555555556,36.515
"ff4d8b32-d678-4eb8-aad4-6a8d01ffa15e","Approved","2025-06-06T16:03:52.306465+00:00","USGS-02068500","00060",,"00003","2021-06-16","ea3689c6b8104856b945a7fbfd5e0664","ft^3/s","157",-80.3030555555556,36.515
"d55477a1-40cf-4ca6-a39b-47721439b536","Approved","2025-06-06T16:03:52.306465+00:00","USGS-02068500","00060",,"00003","2021-06-17","ea3689c6b8104856b945a7fbfd5e0664","ft^3/s","151",-80.3030555555556,36.515
"5152b2a5-1108-4f50-9de3-3c77b17eb6a8","Approved","2025-06-06T16:03:52.306465+00:00","USGS-02068500","00060",,"00003","2021-06-18","ea3689c6b8104856b945a7fbfd5e0664","ft^3/s","157",-80.3030555555556,36.515
"438cb409-0989-4173-bb7a-e56d49f88208","Approved","2025-06-06T16:03:52.306465+00:00","USGS-02068500","00060",,"00003","2021-06-19","ea3689c6b8104856b945a7fbfd5e0664","ft^3/s","136",-80.3030555555556,36.515
"9c5d1d16-0fc0-4ba9-b18e-deeb17f5792e","Approved","2025-06-06T16:03:52.306465+00:00","USGS-02068500","00060",,"00003","2021-06-20","ea3689c6b8104856b945a7fbfd5e0664","ft^3/s","134",-80.3030555555556,36.515
"8afba91b-d14f-4145-aa8c-631223a0be28","Approved","2025-06-06T16:03:52.306465+00:00","USGS-02068500","00060",,"00003","2021-06-21","ea3689c6b8104856b945a7fbfd5e0664","ft^3/s","140",-80.3030555555556,36.515
"690de894-24bd-4d56-bc0d-0960d2c928a7","Approved","2025-06-06T16:03:52.306465+00:00","USGS-02068500","00060",,"00003","2021-06-22","ea3689c6b8104856b945a7fbfd5e0664","ft^3/s","172",-80.3030555555556,36.515
"634fc53d-54c8-44e6-83d0-112e2dec88e3","Approved","2025-06-06T16:03:52.306465+00:00","USGS-02068500","00060",,"00003","2021-06-23","ea3689c6b8104856b945a7fbfd5e0664","ft^3/s","161",-80.3030555555556,36.515
"0d7e87fa-d087-4038-9661-2da720ee58eb","Approved","2025-06-06T16:03:52.306465+00:00","USGS-02068500","00060",,"00003","2021-06-24","ea3689c6b8104856b945a7fbfd5e0664","ft^3/s","154",-80.3030555555556,36.515
"fd190f21-a84d-4fc7-8ec3-1b6951f55c6a","Approved","2025-06-06T16:03:52.306465+00:00","USGS-02068500","00060",,"00003","2021-06-25","ea3689c6b8104856b945a7fbfd5e0664","ft^3/s","150",-80.3030555555556,36.515
"e0122596-61cb-46a3-b599-e29e74da8f41","Approved","2025-06-06T16:03:52.306465+00:00","USGS-02068500","00060",,"00003","2021-06-26","ea3689c6b8104856b945a7fbfd5e0664","ft^3/s","124",-80.3030555555556,36.515
"c3ad39c5-d8f4-4234-a80e-834ca33a1309","Approved","2025-06-06T16:03:52.306465+00:00","USGS-02068500","00060",,"00003","2021-06-27","ea3689c6b8104856b945a7fbfd5e0664","ft^3/s","117",-80.3030555555556,36.515
"c85ccdb0-420b-4cdf-9751-65caa3362fc5","Approved","2025-06-06T16:03:52.306465+00:00","USGS-02068500","00060",,"00003","2021-06-28","ea3689c6b8104856b945a7fbfd5e0664","ft^3/s","119",-80.3030555555556,36.515
"9625b30d-6b80-4ec2-a716-21f32f97894e","Approved","2025-06-06T16:03:52.306465+00:00","USGS-02068500","00060",,"00003","2021-06-29","ea3689c6b8104856b945a7fbfd5e0664","ft^3/s","152",-80.3030555555556,36.515
"d3302c4d-e350-4868-ab86-96ee8597f834","Approved","2025-06-06T16:03:52.306465+00:00","USGS-02068500","00060",,"00003","2021-06-30","ea3689c6b8104856b945a7fbfd5e0664","ft^3/s","155",-80.3030555555556,36.515
"96cd9e69-7970-4bb8-a51d-ad4285a5386d","Approved","2025-06-06T16:03:52.306465+00:00","USGS-02068500","00060",,"00003","2021-07-01","ea3689c6b8104856b945a7fbfd5e0664","ft^3/s","147",-80.3030555555556,36.515
"233def9f-5fc5-45ac-99bd-e66da4ba570c","Approved","2025-06-06T16:03:52.306465+00:00","USGS-02068500","00060",,"00003","2021-07-02","ea3689c6b8104856b945a7fbfd5e0664","ft^3/s","267",-80.3030555555556,36.515
"ff39b12f-22dc-4509-a77e-9c2d97ea86a6","Approved","2025-06-06T16:03:52.306465+00:00","USGS-02068500","00060",,"00003","2021-07-03","ea3689c6b8104856b945a7fbfd5e0664","ft^3/s","146",-80.3030555555556,36.515
"9ca914d2-dd4f-4b16-b218-0ecb07acc848","Approved","2025-06-06T16:03:52.306465+00:00","USGS-02068500","00060",,"00003","2021-07-04","ea3689c6b8104856b945a7fbfd5e0664","ft^3/s","136",-80.3030555555556,36.515
"78e83a75-489d-4e7c-a45d-2a6ad6063b3c","Approved","2025-06-06T16:03:52.306465+00:00","USGS-02068500","00060",,"00003","2021-07-05","ea3689c6b8104856b945a7fbfd5e0664","ft^3/s","126",-80.3030555555556,36.515
"53282f96-b74e-45a0-9120-699184a623c4","Approved","2025-06-06T16:03:52.306465+00:00","USGS-02068500","00060",,"00003","2021-07-06","ea3689c6b8104856b945a7fbfd5e0664","ft^3/s","120",-80.3030555555556,36.515
"da9c68d4-5deb-437b-8960-b6b9b4ac361a","Approved","2025-06-06T16:03:52.306465+00:00","USGS-02068500","00060",,"00003","2021-07-07","ea3689c6b8104856b945a7fbfd5e0664","ft^3/s","145",-80.3030555555556,36.515
"50742fde-88d3-45d9-8351-bfa79deafc6c","Approved","2025-06-06T16:03:52.306465+00:00","USGS-02068500","00060",,"00003","2021-07-08","ea3689c6b8104856b945a7fbfd5e0664","ft^3/s","147",-80.3030555555556,36.515
"2edeaedd-73ed-4c22-bd2b-6548bd690a85","Approved","2025-06-06T16:03:52.306465+00:00","USGS-02068500","00060",,"00003","2021-07-09","ea3689c6b8104856b945a7fbfd5e0664","ft^3/s","117",-80.3030555555556,36.515
"3dd3e765-ea78-48f8-81aa-2ae4342fb0ea","Approved","2025-06-06T16:03:52.306465+00:00","USGS-02068500","00060",,"00003","2021-07-10","ea3689c6b8104856b945a7fbfd5e0664","ft^3/s","111",-80.3030555555556,36.515
"88c35894-047d-4f31-aa4f-61ff2a9f9095","Approved","2025-06-06T16:03:52.306465+00:00","USGS-02068500","00060",,"00003","2021-07-11","ea3689c6b8104856b945a7fbfd5e0664","ft^3/s","119",-80.3030555555556,36.515
"ba198e0a-1c0f-44e6-83e5-c92629486241","Approved","2025-06-06T16:03:52.306465+00:00","USGS-02068500","00060",,"00003","2021-07-12","ea3689c6b8104856b945a7fbfd5e0664","ft^3/s","116",-80.3030555555556,36.515
"8b73a3f0-ecb0-4560-9fc2-a4df7435eabd","Approved","2025-06-06T16:03:52.306465+00:00","USGS-02068500","00060",,"00003","2021-07-13","ea3689c6b8104856b945a7fbfd5e0664","ft^3/s","110",-80.3030555555556,36.515
"ef51783f-007c-4a9f-9e20-0c426d0b57f2","Approved","2025-06-06T16:03:52.306465+00:00","USGS-02068500","00060",,"00003","2021-07-14","ea3689c6b8104856b945a7fbfd5e0664","ft^3/s","107",-80.3030555555556,36.515
"294a69ce-8cf7-4dea-8283-317c8c5aefc4","Approved","2025-06-06T16:03:52.306465+00:00","USGS-02068500","00060",,"00003","2021-07-15","ea3689c6b8104856b945a7fbfd5e0664","ft^3/s","116",-80.3030555555556,36.515
"12f09abc-2a55-4dec-aeac-074fdeaf5bba","Approved","2025-06-06T16:03:52.306465+00:00","USGS-02068500","00060",,"00003","2021-07-16","ea3689c6b8104856b945a7fbfd5e0664","ft^3/s","102",-80.3030555555556,36.515
"39eb01d5-dff4-4a45-a558-caefde6e3027","Approved","2025-06-06T16:03:52.306465+00:00","USGS-02068500","00060",,"00003","2021-07-17","ea3689c6b8104856b945a7fbfd5e0664","ft^3/s","119",-80.3030555555556,36.515
"b8e04695-2dd2-4cb5-b2bf-a2684ba4c14d","Approved","2025-06-06T16:03:52.306465+00:00","USGS-02068500","00060",,"00003","2021-07-18","ea3689c6b8104856b945a7fbfd5e0664","ft^3/s","174",-80.3030555555556,36.515
"6767464a-baac-4f97-afee-cb72d38db8f7","Approved","2025-06-06T16:03:52.306465+00:00","USGS-02068500","00060",,"00003","2021-07-19","ea3689c6b8104856b945a7fbfd5e0664","ft^3/s","137",-80.3030555555556,36.515
"f20e9db7-2795-4b5e-b5f7-e747a672a304","Approved","2025-06-06T16:03:52.306465+00:00","USGS-02068500","00060",,"00003","2021-07-20","ea3689c6b8104856b945a7fbfd5e0664","ft^3/s","116",-80.3030555555556,36.515
"93403790-a0fb-4873-8faa-ab13df562ed7","Approved","2025-06-06T16:03:52.306465+00:00","USGS-02068500","00060",,"00003","2021-07-21","ea3689c6b8104856b945a7fbfd5e0664","ft^3/s","109",-80.3030555555556,36.515
"7dfbccd6-c3ce-42b3-b640-67f19e238d30","Approved","2025-06-06T16:03:52.306465+00:00","USGS-02068500","00060",,"00003","2021-07-22","ea3689c6b8104856b945a7fbfd5e0664","ft^3/s","101",-80.3030555555556,36.515
"fcfca26e-97d0-4b9a-9302-7f5cd1daaa2b","Approved","2025-06-06T16:03:52.306465+00:00","USGS-02068500","00060",,"00003","2021-07-23","ea3689c6b8104856b945a7fbfd5e0664","ft^3/s","102",-80.3030555555556,36.515
"0fe2d307-0a16-44c3-a0ae-00d71e437292","Approved","2025-06-06T16:03:52.306465+00:00","USGS-02068500","00060",,"00003","2021-07-24","ea3689c6b8104856b945a7fbfd5e0664","ft^3/s","102",-80.3030555555556,36.515
"9d10896e-b6fe-4e00-b171-a4041e78b4c0","Approved","2025-06-06T16:03:52.306465+00:00","USGS-02068500","00060",,"00003","2021-07-25","ea3689c6b8104856b945a7fbfd5e0664","ft^3/s","119",-80.3030555555556,36.515
"1232b103-8673-4bd3-9138-23ebc4cafc4c","Approved","2025-06-06T16:03:52.306465+00:00","USGS-02068500","00060",,"00003","2021-07-26","ea3689c6b8104856b945a7fbfd5e0664","ft^3/s","291",-80.3030555555556,36.515
"c0ce95ed-2ca3-4c8b-8e1c-c4d527d97275","Approved","2025-06-06T16:03:52.306465+00:00","USGS-02068500","00060",,"00003","2021-07-27","ea3689c6b8104856b945a7fbfd5e0664","ft^3/s","209",-80.3030555555556,36.515
"013d010f-a425-47dc-a5eb-545460f5b388","Approved","2025-06-06T16:03:52.306465+00:00","USGS-02068500","00060",,"00003","2021-07-28","ea3689c6b8104856b945a7fbfd5e0664","ft^3/s","160",-80.3030555555556,36.515
"8394a8db-f77e-4013-9d8f-adc9d2784e67","Approved","2025-06-06T16:03:52.306465+00:00","USGS-02068500","00060",,"00003","2021-07-29","ea3689c6b8104856b945a7fbfd5e0664","ft^3/s","153",-80.3030555555556,36.515
"0d140ad1-9667-4bf3-937b-9a0e43fd3a57","Approved","2025-06-06T16:03:52.306465+00:00","USGS-02068500","00060",,"00003","2021-07-30","ea3689c6b8104856b945a7fbfd5e0664","ft^3/s","111",-80.3030555555556,36.515
"0a25da95-4a50-4ab9-876b-9aaba32c0f68","Approved","2025-06-06T16:03:52.306465+00:00","USGS-02068500","00060",,"00003","2021-07-31","ea3689c6b8104856b945a7fbfd5e0664","ft^3/s","107",-80.3030555555556,36.515
"01dd0723-ed32-44cf-bee9-f06f5d53fd05","Approved","2025-06-06T16:03:52.306465+00:00","USGS-02068500","00060",,"00003","2021-08-01","ea3689c6b8104856b945a7fbfd5e0664","ft^3/s","104",-80.3030555555556,36.515
"556969e2-1b46-4948-b01f-29ff9ccb70d8","Approved","2025-06-06T16:03:52.306465+00:00","USGS-02068500","00060",,"00003","2021-08-02","ea3689c6b8104856b945a7fbfd5e0664","ft^3/s","104",-80.3030555555556,36.515
"bc17af05-9bcf-41aa-8ed8-5730af44b332","Approved","2025-06-06T16:03:52.306465+00:00","USGS-02068500","00060",,"00003","2021-08-03","ea3689c6b8104856b945a7fbfd5e0664","ft^3/s","100",-80.3030555555556,36.515
"a4b0b636-2b37-4c98-98d4-3bc50a3b5106","Approved","2025-06-06T16:03:52.306465+00:00","USGS-02068500","00060",,"00003","2021-08-04","ea3689c6b8104856b945a7fbfd5e0664","ft^3/s","97.8",-80.3030555555556,36.515
"fd3b32dd-ea52-4d36-ad39-75447c6a4e94","Approved","2025-06-06T16:03:52.306465+00:00","USGS-02068500","00060",,"00003","2021-08-05","ea3689c6b8104856b945a7fbfd5e0664","ft^3/s","92.8",-80.3030555555556,36.515
"b706f7d4-563c-4576-92e0-87bc40853feb","Approved","2025-06-06T16:03:52.306465+00:00","USGS-02068500","00060",,"00003","2021-08-06","ea3689c6b8104856b945a7fbfd5e0664","ft^3/s","86.3",-80.3030555555556,36.515
"a033ed85-1af6-451c-a2e9-74ffd46a07d7","Approved","2025-06-06T16:03:52.306465+00:00","USGS-02068500","00060",,"00003","2021-08-07","ea3689c6b8104856b945a7fbfd5e0664","ft^3/s","90.1",-80.3030555555556,36.515
"735bcaa9-d260-47b5-b7f3-5fa255d6524a","Approved","2025-06-06T16:03:52.306465+00:00","USGS-02068500","00060",,"00003","2021-08-08","ea3689c6b8104856b945a7fbfd5e0664","ft^3/s","96.4",-80.3030555555556,36.515
"0b50480e-45b1-41f6-bec9-ff473d102ab4","Approved","2025-06-06T16:03:52.306465+00:00","USGS-02068500","00060",,"00003","2021-08-09","ea3689c6b8104856b945a7fbfd5e0664","ft^3/s","90.8",-80.3030555555556,36.515
"61fe26fe-7f1c-44ef-9441-72dd78fd998f","Approved","2025-06-06T16:03:52.306465+00:00","USGS-02068500","00060",,"00003","2021-08-10","ea3689c6b8104856b945a7fbfd5e0664","ft^3/s","107",-80.3030555555556,36.515
"4f89f173-82e1-451b-a04f-87f56f137d59","Approved","2025-06-06T16:03:52.306465+00:00","USGS-02068500","00060",,"00003","2021-08-11","ea3689c6b8104856b945a7fbfd5e0664","ft^3/s","131",-80.3030555555556,36.515
"2eb2b71d-292a-4d55-a8fe-811d30ba0621","Approved","2025-06-06T16:03:52.306465+00:00","USGS-02068500","00060",,"00003","2021-08-12","ea3689c6b8104856b945a7fbfd5e0664","ft^3/s","160",-80.3030555555556,36.515
"09bf9ebc-1024-4f79-b6c0-80102e10601a","Approved","2025-06-06T16:03:52.306465+00:00","USGS-02068500","00060",,"00003","2021-08-13","ea3689c6b8104856b945a7fbfd5e0664","ft^3/s","161",-80.3030555555556,36.515
"5bbf91dd-988a-4b96-bd1f-b4d93989d2ec","Approved","2025-06-06T16:03:52.306465+00:00","USGS-02068500","00060",,"00003","2021-08-14","ea3689c6b8104856b945a7fbfd5e0664","ft^3/s","166",-80.3030555555556,36.515
"c7492ec4-e592-40cd-bcb6-41c806f0aee3","Approved","2025-06-06T16:03:52.306465+00:00","USGS-02068500","00060",,"00003","2021-08-15","ea3689c6b8104856b945a7fbfd5e0664","ft^3/s","155",-80.3030555555556,36.515
"765af47c-8a3e-48f2-9218-c77e453e351f","Approved","2025-06-06T16:03:52.306465+00:00","USGS-02068500","00060",,"00003","2021-08-16","ea3689c6b8104856b945a7fbfd5e0664","ft^3/s","230",-80.3030555555556,36.515
"d91fa2c5-7b45-4399-bb8b-9de464372386","Approved","2025-06-06T16:03:52.306465+00:00","USGS-02068500","00060",,"00003","2021-08-17","ea3689c6b8104856b945a7fbfd5e0664","ft^3/s","358",-80.3030555555556,36.515
"54289403-93fd-4506-9b0a-ede7c9e193e8","Approved","2025-06-06T16:03:52.306465+00:00","USGS-02068500","00060",,"00003","2021-08-18","ea3689c6b8104856b945a7fbfd5e0664","ft^3/s","608",-80.3030555555556,36.515
"7d0cd458-fe1e-422c-881c-26e8fdf32ddf","Approved","2025-06-06T16:03:52.306465+00:00","USGS-02068500","00060",,"00003","2021-08-19","ea3689c6b8104856b945a7fbfd5e0664","ft^3/s","200",-80.3030555555556,36.515
"487c0592-0efe-4ab9-bdd2-72a39cf132f0","Approved","2025-06-06T16:03:52.306465+00:00","USGS-02068500","00060",,"00003","2021-08-20","ea3689c6b8104856b945a7fbfd5e0664","ft^3/s","192",-80.3030555555556,36.515
"6f9eb31f-de3f-4bef-8801-5c416a6e4c1d","Approved","2025-06-06T16:03:52.306465+00:00","USGS-02068500","00060",,"00003","2021-08-21","ea3689c6b8104856b945a7fbfd5e0664","ft^3/s","213",-80.3030555555556,36.515
"1482799b-9129-4398-bf43-3e1fa455efe9","Approved","2025-06-06T16:03:52.306465+00:00","USGS-02068500","00060",,"00003","2021-08-22","ea3689c6b8104856b945a7fbfd5e0664","ft^3/s","201",-80.3030555555556,36.515
"13255bd9-7f8d-4f88-8cca-7706487c1b73","Approved","2025-06-06T16:03:52.306465+00:00","USGS-02068500","00060",,"00003","2021-08-23","ea3689c6b8104856b945a7fbfd5e0664","ft^3/s","156",-80.3030555555556,36.515
"3727ee14-45b6-44cb-b90b-2825ec688bb1","Approved","2025-06-06T16:03:52.306465+00:00","USGS-02068500","00060",,"00003","2021-08-24","ea3689c6b8104856b945a7fbfd5e0664","ft^3/s","177",-80.3030555555556,36.515
"86447a12-757e-4dab-8d8d-b40d45167925","Approved","2025-06-06T16:03:52.306465+00:00","USGS-02068500","00060",,"00003","2021-08-25","ea3689c6b8104856b945a7fbfd5e0664","ft^3/s","172",-80.3030555555556,36.515
"f760d24b-7528-4abf-b98c-8b9cc3499b67","Approved","2025-06-06T16:03:52.306465+00:00","USGS-02068500","00060",,"00003","2021-08-26","ea3689c6b8104856b945a7fbfd5e0664","ft^3/s","179",-80.3030555555556,36.515
"7fff9117-0021-4e90-ad0c-ac6ef8be8e25","Approved","2025-06-06T16:03:52.306465+00:00","USGS-02068500","00060",,"00003","2021-08-27","ea3689c6b8104856b945a7fbfd5e0664","ft^3/s","148",-80.3030555555556,36.515
"9310869b-b055-4b24-b062-458634730623","Approved","2025-06-06T16:03:52.306465+00:00","USGS-02068500","00060",,"00003","2021-08-28","ea3689c6b8104856b945a7fbfd5e0664","ft^3/s","130",-80.3030555555556,36.515
"64f07b4b-5a5b-4391-a2d6-77d93bb6c852","Approved","2025-06-06T16:03:52.306465+00:00","USGS-02068500","00060",,"00003","2021-08-29","ea3689c6b8104856b945a7fbfd5e0664","ft^3/s","110",-80.3030555555556,36.515
"d66d0f32-3390-414e-8ee0-0e0c1200cbeb","Approved","2025-06-06T16:03:52.306465+00:00","USGS-02068500","00060",,"00003","2021-08-30","ea3689c6b8104856b945a7fbfd5e0664","ft^3/s","112",-80.3030555555556,36.515
"bb826636-55f8-4fff-a434-c9e4720539fe","Approved","2025-06-06T16:03:52.306465+00:00","USGS-02068500","00060",,"00003","2021-08-31","ea3689c6b8104856b945a7fbfd5e0664","ft^3/s","116",-80.3030555555556,36.515
"276f95f7-dcfa-44d9-9853-be0115ecb49e","Approved","2025-06-06T16:03:52.306465+00:00","USGS-02068500","00060",,"00003","2021-09-01","ea3689c6b8104856b945a7fbfd5e0664","ft^3/s","329",-80.3030555555556,36.515
"adcce152-02d1-4da3-8691-13146c3d7bd6","Approved","2025-06-06T16:03:52.306465+00:00","USGS-02068500","00060",,"00003","2021-09-02","ea3689c6b8104856b945a7fbfd5e0664","ft^3/s","222",-80.3030555555556,36.515
"1e75f5f5-9f92-4bdd-840e-89b3eb618350","Approved","2025-06-06T16:03:52.306465+00:00","USGS-02068500","00060",,"00003","2021-09-03","ea3689c6b8104856b945a7fbfd5e0664","ft^3/s","172",-80.3030555555556,36.515
"c4e66217-ff4e-43e5-b58f-43442fdfc904","Approved","2025-06-06T16:03:52.306465+00:00","USGS-02068500","00060",,"00003","2021-09-04","ea3689c6b8104856b945a7fbfd5e0664","ft^3/s","130",-80.3030555555556,36.515
"1ffe5a93-80d6-4c2a-b09e-a358d517c038","Approved","2025-06-06T16:03:52.306465+00:00","USGS-02068500","00060",,"00003","2021-09-05","ea3689c6b8104856b945a7fbfd5e0664","ft^3/s","123",-80.3030555555556,36.515
"a35c4d52-8d0d-41bd-9997-10df42b283d3","Approved","2025-06-06T16:03:52.306465+00:00","USGS-02068500","00060",,"00003","2021-09-06","ea3689c6b8104856b945a7fbfd5e0664","ft^3/s","140",-80.3030555555556,36.515
"47c25732-e3e8-4ce0-b885-1377bf1cdc6d","Approved","2025-06-06T16:03:52.306465+00:00","USGS-02068500","00060",,"00003","2021-09-07","ea3689c6b8104856b945a7fbfd5e0664","ft^3/s","137",-80.3030555555556,36.515
"e5f620b0-d561-457e-a67c-b24e6ecd6d5c","Approved","2025-06-06T16:03:52.306465+00:00","USGS-02068500","00060",,"00003","2021-09-08","ea3689c6b8104856b945a7fbfd5e0664","ft^3/s","137",-80.3030555555556,36.515
"df24517f-7aab-46a7-883e-9c071ae45c6c","Approved","2025-06-06T16:03:52.306465+00:00","USGS-02068500","00060",,"00003","2021-09-09","ea3689c6b8104856b945a7fbfd5e0664","ft^3/s","128",-80.3030555555556,36.515
"b051afe1-58c8-490a-8b56-902438a6f3c5","Approved","2025-06-06T16:03:52.306465+00:00","USGS-02068500","00060",,"00003","2021-09-10","ea3689c6b8104856b945a7fbfd5e0664","ft^3/s","119",-80.3030555555556,36.515
"e7080512-0f34-4d5b-97e1-cf85987721cb","Approved","2025-06-06T16:03:52.306465+00:00","USGS-02068500","00060",,"00003","2021-09-11","ea3689c6b8104856b945a7fbfd5e0664","ft^3/s","116",-80.3030555555556,36.515
"ba609d00-fb02-4dbb-8ce9-5f5ef466f017","Approved","2025-06-06T16:03:52.306465+00:00","USGS-02068500","00060",,"00003","2021-09-12","ea3689c6b8104856b945a7fbfd5e0664","ft^3/s","118",-80.3030555555556,36.515
"3a3751b9-a4e5-42fd-a4a4-8bbd183b2468","Approved","2025-06-06T16:03:52.306465+00:00","USGS-02068500","00060",,"00003","2021-09-13","ea3689c6b8104856b945a7fbfd5e0664","ft^3/s","119",-80.3030555555556,36.515
"992e0da0-9921-4a89-acd3-037535711586","Approved","2025-06-06T16:03:52.306465+00:00","USGS-02068500","00060",,"00003","2021-09-14","ea3689c6b8104856b945a7fbfd5e0664","ft^3/s","119",-80.3030555555556,36.515
"14dd60a5-09c9-4198-b841-bc53995c768c","Approved","2025-06-06T16:03:52.306465+00:00","USGS-02068500","00060",,"00003","2021-09-15","ea3689c6b8104856b945a7fbfd5e0664","ft^3/s","114",-80.3030555555556,36.515
"7bc3c42c-3978-471c-a227-58106e34a261","Approved","2025-06-06T16:03:52.306465+00:00","USGS-02068500","00060",,"00003","2021-09-16","ea3689c6b8104856b945a7fbfd5e0664","ft^3/s","116",-80.3030555555556,36.515
"ca96edcc-36d0-44ea-a50d-f0ab9c216e81","Approved","2025-06-06T16:03:52.306465+00:00","USGS-02068500","00060",,"00003","2021-09-17","ea3689c6b8104856b945a7fbfd5e0664","ft^3/s","128",-80.3030555555556,36.515
"767bc878-2e62-4cb5-bac0-716abc2879aa","Approved","2025-06-06T16:03:52.306465+00:00","USGS-02068500","00060",,"00003","2021-09-18","ea3689c6b8104856b945a7fbfd5e0664","ft^3/s","119",-80.3030555555556,36.515
"4588a851-8992-45d1-bd0d-5c888b559de9","Approved","2025-06-06T16:03:52.306465+00:00","USGS-02068500","00060",,"00003","2021-09-19","ea3689c6b8104856b945a7fbfd5e0664","ft^3/s","119",-80.3030555555556,36.515
"717c95de-205c-4e5b-bcc1-30b09adac3ce","Approved","2025-06-06T16:03:52.306465+00:00","USGS-02068500","00060",,"00003","2021-09-20","ea3689c6b8104856b945a7fbfd5e0664","ft^3/s","118",-80.3030555555556,36.515
"43c0733c-8b01-422f-8587-31c31050c8d0","Approved","2025-06-06T16:03:52.306465+00:00","USGS-02068500","00060",,"00003","2021-09-21","ea3689c6b8104856b945a7fbfd5e0664","ft^3/s","490",-80.3030555555556,36.515
"42ff64fc-2713-4746-83e5-0b042f75d385","Approved","2025-06-06T16:03:52.306465+00:00","USGS-02068500","00060",,"00003","2021-09-22","ea3689c6b8104856b945a7fbfd5e0664","ft^3/s","2240",-80.3030555555556,36.515
"f6cde790-08c4-468b-ac8f-084d776aafa8","Approved","2025-06-06T16:03:52.306465+00:00","USGS-02068500","00060",,"00003","2021-09-23","ea3689c6b8104856b945a7fbfd5e0664","ft^3/s","747",-80.3030555555556,36.515
"f4de7d5a-3cfd-402c-a788-96f368adfa96","Approved","2025-06-06T16:03:52.306465+00:00","USGS-02068500","00060",,"00003","2021-09-24","ea3689c6b8104856b945a7fbfd5e0664","ft^3/s","334",-80.3030555555556,36.515
"842ec999-3f90-450a-8470-360d0f845d7e","Approved","2025-06-06T16:03:52.306465+00:00","USGS-02068500","00060",,"00003","2021-09-25","ea3689c6b8104856b945a7fbfd5e0664","ft^3/s","263",-80.3030555555556,36.515
"e3632cff-6e4c-4457-846c-2bde291f4548","Approved","2025-06-06T16:03:52.306465+00:00","USGS-02068500","00060",,"00003","2021-09-26","ea3689c6b8104856b945a7fbfd5e0664","ft^3/s","212",-80.3030555555556,36.515
"7e6ba3a3-84b4-4588-8aa6-ccf529b982d0","Approved","2025-06-06T16:03:52.306465+00:00","USGS-02068500","00060",,"00003","2021-09-27","ea3689c6b8104856b945a7fbfd5e0664","ft^3/s","161",-80.3030555555556,36.515
"981690cb-9e52-4a2b-bfbd-c7cdfee2ac40","Approved","2025-06-06T16:03:52.306465+00:00","USGS-02068500","00060",,"00003","2021-09-28","ea3689c6b8104856b945a7fbfd5e0664","ft^3/s","150",-80.3030555555556,36.515
"80ac116f-b6e3-4917-8abf-06ffeff62411","Approved","2025-06-06T16:03:52.306465+00:00","USGS-02068500","00060",,"00003","2021-09-29","ea3689c6b8104856b945a7fbfd5e0664","ft^3/s","143",-80.3030555555556,36.515
"b71a58b6-7d3f-48f1-aeeb-d4ad9b5acd9c","Approved","2025-06-06T16:03:52.306465+00:00","USGS-02068500","00060",,"00003","2021-09-30","ea3689c6b8104856b945a7fbfd5e0664","ft^3/s","137",-80.3030555555556,36.515
"3d4f8c65-ef9e-4204-a8ab-ec935535f59e","Approved","2025-06-06T16:03:52.306465+00:00","USGS-02068500","00060",,"00003","2021-10-01","ea3689c6b8104856b945a7fbfd5e0664","ft^3/s","132",-80.3030555555556,36.515
"3e1760ec-c139-4305-a47f-0431253d7eb0","Approved","2025-06-06T16:03:52.306465+00:00","USGS-02068500","00060",,"00003","2021-10-02","ea3689c6b8104856b945a7fbfd5e0664","ft^3/s","143",-80.3030555555556,36.515
"64a4540f-6b97-4402-8754-42aa151caa29","Approved","2025-06-06T16:03:52.306465+00:00","USGS-02068500","00060",,"00003","2021-10-03","ea3689c6b8104856b945a7fbfd5e0664","ft^3/s","167",-80.3030555555556,36.515
"5b37fad6-871f-4654-bce7-f1156609e408","Approved","2025-06-06T16:03:52.306465+00:00","USGS-02068500","00060",,"00003","2021-10-04","ea3689c6b8104856b945a7fbfd5e0664","ft^3/s","149",-80.3030555555556,36.515
"497fa768-5807-4658-9170-ab152421727d","Approved","2025-06-06T16:03:52.306465+00:00","USGS-02068500","00060",,"00003","2021-10-05","ea3689c6b8104856b945a7fbfd5e0664","ft^3/s","148",-80.3030555555556,36.515
"16ca5538-057a-42a4-adab-10df60f1da4b","Approved","2025-06-06T16:03:52.306465+00:00","USGS-02068500","00060",,"00003","2021-10-06","ea3689c6b8104856b945a7fbfd5e0664","ft^3/s","137",-80.3030555555556,36.515
"7c9796bf-f220-4c88-abe4-4564a03b50ab","Approved","2025-06-06T16:03:52.306465+00:00","USGS-02068500","00060",,"00003","2021-10-07","ea3689c6b8104856b945a7fbfd5e0664","ft^3/s","138",-80.3030555555556,36.515
"ce4f2e7f-91f1-4d22-a561-a360da31e074","Approved","2025-06-06T16:03:52.306465+00:00","USGS-02068500","00060",,"00003","2021-10-08","ea3689c6b8104856b945a7fbfd5e0664","ft^3/s","137",-80.3030555555556,36.515
"08c21db1-4aa7-4626-ba0f-78c31aaaf922","Approved","2025-06-06T16:03:52.306465+00:00","USGS-02068500","00060",,"00003","2021-10-09","ea3689c6b8104856b945a7fbfd5e0664","ft^3/s","150",-80.3030555555556,36.515
"4194fc41-f697-4dd8-838e-6e314ffffd30","Approved","2025-06-06T16:03:52.306465+00:00","USGS-02068500","00060",,"00003","2021-10-10","ea3689c6b8104856b945a7fbfd5e0664","ft^3/s","155",-80.3030555555556,36.515
"2538f24c-d7b5-49fa-9f67-f01174d47fc3","Approved","2025-06-06T16:03:52.306465+00:00","USGS-02068500","00060",,"00003","2021-10-11","ea3689c6b8104856b945a7fbfd5e0664","ft^3/s","124",-80.3030555555556,36.515
"f0c006dd-cbbe-4008-96cd-4f3551fe200c","Approved","2025-06-06T16:03:52.306465+00:00","USGS-02068500","00060",,"00003","2021-10-12","ea3689c6b8104856b945a7fbfd5e0664","ft^3/s","120",-80.3030555555556,36.515
"d58b1a0f-b590-47a2-af3e-3b1b14c79e86","Approved","2025-06-06T16:03:52.306465+00:00","USGS-02068500","00060",,"00003","2021-10-13","ea3689c6b8104856b945a7fbfd5e0664","ft^3/s","120",-80.3030555555556,36.515
"f5c9a826-a5cc-4ccf-9319-ea89480171f8","Approved","2025-06-06T16:03:52.306465+00:00","USGS-02068500","00060",,"00003","2021-10-14","ea3689c6b8104856b945a7fbfd5e0664","ft^3/s","124",-80.3030555555556,36.515
"883f068a-f29f-4de6-a378-85413382f9f5","Approved","2025-06-06T16:03:52.306465+00:00","USGS-02068500","00060",,"00003","2021-10-15","ea3689c6b8104856b945a7fbfd5e0664","ft^3/s","116",-80.3030555555556,36.515
"4c880d6b-4e42-4c1b-90be-862b1e06cefd","Approved","2025-06-06T16:03:52.306465+00:00","USGS-02068500","00060",,"00003","2021-10-16","ea3689c6b8104856b945a7fbfd5e0664","ft^3/s","116",-80.3030555555556,36.515
"98cf1dc1-76be-4484-a651-276a975ca42e","Approved","2025-06-06T16:03:52.306465+00:00","USGS-02068500","00060",,"00003","2021-10-17","ea3689c6b8104856b945a7fbfd5e0664","ft^3/s","115",-80.3030555555556,36.515
"18667e67-ffd5-4c72-b2b5-29505830de39","Approved","2025-06-06T16:03:52.306465+00:00","USGS-02068500","00060",,"00003","2021-10-18","ea3689c6b8104856b945a7fbfd5e0664","ft^3/s","115",-80.3030555555556,36.515
"d44bf474-d026-4247-a86a-22a07d57722a","Approved","2025-06-06T16:03:52.306465+00:00","USGS-02068500","00060",,"00003","2021-10-19","ea3689c6b8104856b945a7fbfd5e0664","ft^3/s","114",-80.3030555555556,36.515
"f3afcf58-ed69-4244-8e29-ce14d265e2dd","Approved","2025-06-06T16:03:52.306465+00:00","USGS-02068500","00060",,"00003","2021-10-20","ea3689c6b8104856b945a7fbfd5e0664","ft^3/s","110",-80.3030555555556,36.515
"dfb05fcd-4ddb-4415-9af8-34bcfa40bb07","Approved","2025-06-06T16:03:52.306465+00:00","USGS-02068500","00060",,"00003","2021-10-21","ea3689c6b8104856b945a7fbfd5e0664","ft^3/s","107",-80.3030555555556,36.515
"dcc29535-7f72-4b5e-af5e-c5982b3b2297","Approved","2025-06-06T16:03:52.306465+00:00","USGS-02068500","00060",,"00003","2021-10-22","ea3689c6b8104856b945a7fbfd5e0664","ft^3/s","105",-80.3030555555556,36.515
"bb1718ad-c2a4-4ab7-be56-4dbcb397f65a","Approved","2025-06-06T16:03:52.306465+00:00","USGS-02068500","00060",,"00003","2021-10-23","ea3689c6b8104856b945a7fbfd5e0664","ft^3/s","101",-80.3030555555556,36.515
"98945cc4-d95f-4154-adb5-07ed731eea9d","Approved","2025-06-06T16:03:52.306465+00:00","USGS-02068500","00060",,"00003","2021-10-24","ea3689c6b8104856b945a7fbfd5e0664","ft^3/s","103",-80.3030555555556,36.515
"29413789-70f4-4745-a786-613c86e77262","Approved","2025-06-06T16:03:52.306465+00:00","USGS-02068500","00060",,"00003","2021-10-25","ea3689c6b8104856b945a7fbfd5e0664","ft^3/s","116",-80.3030555555556,36.515
"73109fa0-4aff-4cca-aea0-1a35351d50ab","Approved","2025-06-06T16:03:52.306465+00:00","USGS-02068500","00060",,"00003","2021-10-26","ea3689c6b8104856b945a7fbfd5e0664","ft^3/s","111",-80.3030555555556,36.515
"5ea4df77-c2a4-48ec-bd9d-990f4cffadd2","Approved","2025-06-06T16:03:52.306465+00:00","USGS-02068500","00060",,"00003","2021-10-27","ea3689c6b8104856b945a7fbfd5e0664","ft^3/s","100",-80.3030555555556,36.515
"9878dc1d-ef10-4e68-a433-4177d98dbb7a","Approved","2025-06-06T16:03:52.306465+00:00","USGS-02068500","00060",,"00003","2021-10-28","ea3689c6b8104856b945a7fbfd5e0664","ft^3/s","105",-80.3030555555556,36.515
"cdf0b0bb-21e2-421f-be97-cc288b43a1cf","Approved","2025-06-06T16:03:52.306465+00:00","USGS-02068500","00060",,"00003","2021-10-29","ea3689c6b8104856b945a7fbfd5e0664","ft^3/s","181",-80.3030555555556,36.515
"92283464-ae2c-41a2-837d-918479715094","Approved","2025-06-06T16:03:52.306465+00:00","USGS-02068500","00060",,"00003","2021-10-30","ea3689c6b8104856b945a7fbfd5e0664","ft^3/s","132",-80.3030555555556,36.515
"fee13753-e796-490e-aff0-7af11e961fc3","Approved","2025-06-06T16:03:52.306465+00:00","USGS-02068500","00060",,"00003","2021-10-31","ea3689c6b8104856b945a7fbfd5e0664","ft^3/s","115",-80.3030555555556,36.515
"48ff20ee-a0d9-4dc3-8016-35e77dc397e8","Approved","2025-06-06T16:03:52.306465+00:00","USGS-02068500","00060",,"00003","2021-11-01","ea3689c6b8104856b945a7fbfd5e0664","ft^3/s","110",-80.3030555555556,36.515
"080c3b1c-4ed6-4cb3-b7d8-043088a454b2","Approved","2025-06-06T16:03:52.306465+00:00","USGS-02068500","00060",,"00003","2021-11-02","ea3689c6b8104856b945a7fbfd5e0664","ft^3/s","109",-80.3030555555556,36.515
"b57a9bef-289d-43e0-badf-dcff4abd0d9e","Approved","2025-06-06T16:03:52.306465+00:00","USGS-02068500","00060",,"00003","2021-11-03","ea3689c6b8104856b945a7fbfd5e0664","ft^3/s","108",-80.3030555555556,36.515
"abe78c47-1147-48fa-8823-ea72556dcd1d","Approved","2025-06-06T16:03:52.306465+00:00","USGS-02068500","00060",,"00003","2021-11-04","ea3689c6b8104856b945a7fbfd5e0664","ft^3/s","103",-80.3030555555556,36.515
"ccf58b02-bd6d-4dc8-b694-057540399680","Approved","2025-06-06T16:03:52.306465+00:00","USGS-02068500","00060",,"00003","2021-11-05","ea3689c6b8104856b945a7fbfd5e0664","ft^3/s","103",-80.3030555555556,36.515
"0fb0d98f-34d1-4472-a841-555e0154acb8","Approved","2025-06-06T16:03:52.306465+00:00","USGS-02068500","00060",,"00003","2021-11-06","ea3689c6b8104856b945a7fbfd5e0664","ft^3/s","103",-80.3030555555556,36.515
"756a77ff-d55f-47ce-8757-531ee17dd82f","Approved","2025-06-06T16:03:52.306465+00:00","USGS-02068500","00060",,"00003","2021-11-07","ea3689c6b8104856b945a7fbfd5e0664","ft^3/s","103",-80.3030555555556,36.515
"04b441ea-ddad-4de3-9394-a1dc667743fd","Approved","2025-06-06T16:03:52.306465+00:00","USGS-02068500","00060",,"00003","2021-11-08","ea3689c6b8104856b945a7fbfd5e0664","ft^3/s","102",-80.3030555555556,36.515
"321f4484-7e39-4c7b-9862-a57b90c40cde","Approved","2025-06-06T16:03:52.306465+00:00","USGS-02068500","00060",,"00003","2021-11-09","ea3689c6b8104856b945a7fbfd5e0664","ft^3/s","99.3",-80.3030555555556,36.515
"1c8a4dc3-4699-44cd-8cda-05487a4b7f92","Approved","2025-06-06T16:03:52.306465+00:00","USGS-02068500","00060",,"00003","2021-11-10","ea3689c6b8104856b945a7fbfd5e0664","ft^3/s","99.9",-80.3030555555556,36.515
"a541146d-d412-4c9e-af95-7555a6dd62f7","Approved","2025-06-06T16:03:52.306465+00:00","USGS-02068500","00060",,"00003","2021-11-11","ea3689c6b8104856b945a7fbfd5e0664","ft^3/s","99.7",-80.3030555555556,36.515
"77b1766f-cad0-429f-a81f-4596db8af31e","Approved","2025-06-06T16:03:52.306465+00:00","USGS-02068500","00060",,"00003","2021-11-12","ea3689c6b8104856b945a7fbfd5e0664","ft^3/s","123",-80.3030555555556,36.515
"43ae00c4-bc02-4e4b-a5bb-0a0c5d2f12a5","Approved","2025-06-06T16:03:52.306465+00:00","USGS-02068500","00060",,"00003","2021-11-13","ea3689c6b8104856b945a7fbfd5e0664","ft^3/s","105",-80.3030555555556,36.515
"37ed805a-b1c1-4138-9cd1-7255472e23d7","Approved","2025-06-06T16:03:52.306465+00:00","USGS-02068500","00060",,"00003","2021-11-14","ea3689c6b8104856b945a7fbfd5e0664","ft^3/s","101",-80.3030555555556,36.515
"53925dec-c5f1-47d6-af13-42b20927ccd9","Approved","2025-06-06T16:03:52.306465+00:00","USGS-02068500","00060",,"00003","2021-11-15","ea3689c6b8104856b945a7fbfd5e0664","ft^3/s","101",-80.3030555555556,36.515
"2c04628e-5ef3-40f4-993a-1730f32e36ea","Approved","2025-06-06T16:03:52.306465+00:00","USGS-02068500","00060",,"00003","2021-11-16","ea3689c6b8104856b945a7fbfd5e0664","ft^3/s","98.7",-80.3030555555556,36.515
"c84dd17f-dc2d-4a0d-b6a8-b7bda70adf13","Approved","2025-06-06T16:03:52.306465+00:00","USGS-02068500","00060",,"00003","2021-11-17","ea3689c6b8104856b945a7fbfd5e0664","ft^3/s","98.9",-80.3030555555556,36.515
"f298ef2d-20ef-47e2-bd58-952aac2a5677","Approved","2025-06-06T16:03:52.306465+00:00","USGS-02068500","00060",,"00003","2021-11-18","ea3689c6b8104856b945a7fbfd5e0664","ft^3/s","99.2",-80.3030555555556,36.515
"e1e3f2fe-01cc-426d-921e-4c1d7af9c017","Approved","2025-06-06T16:03:52.306465+00:00","USGS-02068500","00060",,"00003","2021-11-19","ea3689c6b8104856b945a7fbfd5e0664","ft^3/s","97.0",-80.3030555555556,36.515
"286fbdfb-f8a4-4c58-8ca0-f0cd7544ddef","Approved","2025-06-06T16:03:52.306465+00:00","USGS-02068500","00060",,"00003","2021-11-20","ea3689c6b8104856b945a7fbfd5e0664","ft^3/s","81.1",-80.3030555555556,36.515
"262129de-b211-4cbf-8540-935e7c1e2e6b","Approved","2025-06-06T16:03:52.306465+00:00","USGS-02068500","00060",,"00003","2021-11-21","ea3689c6b8104856b945a7fbfd5e0664","ft^3/s","82.4",-80.3030555555556,36.515
"1e234c93-966f-4bcf-b066-70b9fa15333e","Approved","2025-06-06T16:03:52.306465+00:00","USGS-02068500","00060",,"00003","2021-11-22","ea3689c6b8104856b945a7fbfd5e0664","ft^3/s","83.9",-80.3030555555556,36.515
"6b164e95-f0f0-456b-9873-5e330a7e89ac","Approved","2025-06-06T16:03:52.306465+00:00","USGS-02068500","00060",,"00003","2021-11-23","ea3689c6b8104856b945a7fbfd5e0664","ft^3/s","82.9",-80.3030555555556,36.515
"0369d807-cb3e-4f7a-bcda-c31282537a27","Approved","2025-06-06T16:03:52.306465+00:00","USGS-02068500","00060",,"00003","2021-11-24","ea3689c6b8104856b945a7fbfd5e0664","ft^3/s","81.9",-80.3030555555556,36.515
"dad01df2-6330-4553-964b-88bba194dd20","Approved","2025-06-06T16:03:52.306465+00:00","USGS-02068500","00060",,"00003","2021-11-25","ea3689c6b8104856b945a7fbfd5e0664","ft^3/s","84.8",-80.3030555555556,36.515
"c5bbf958-2cc2-466d-8b15-a05ab415ba38","Approved","2025-06-06T16:03:52.306465+00:00","USGS-02068500","00060",,"00003","2021-11-26","ea3689c6b8104856b945a7fbfd5e0664","ft^3/s","87.8",-80.3030555555556,36.515
"ebc18111-19f8-4e4e-9fa5-d28901cdba53","Approved","2025-06-06T16:03:52.306465+00:00","USGS-02068500","00060",,"00003","2021-11-27","ea3689c6b8104856b945a7fbfd5e0664","ft^3/s","86.2",-80.3030555555556,36.515
"aa2067f2-e0ca-4557-aee0-74df47e133d9","Approved","2025-06-06T16:03:52.306465+00:00","USGS-02068500","00060",,"00003","2021-11-28","ea3689c6b8104856b945a7fbfd5e0664","ft^3/s","85.3",-80.3030555555556,36.515
"c8454f55-078c-4f02-acdb-712e48e7550e","Approved","2025-06-06T16:03:52.306465+00:00","USGS-02068500","00060",,"00003","2021-11-29","ea3689c6b8104856b945a7fbfd5e0664","ft^3/s","85.1",-80.3030555555556,36.515
"894257fe-25b9-4423-8386-a8191ba1be8d","Approved","2025-06-06T16:03:52.306465+00:00","USGS-02068500","00060",,"00003","2021-11-30","ea3689c6b8104856b945a7fbfd5e0664","ft^3/s","85.0",-80.3030555555556,36.515
"2a3a1cdf-0883-43e8-b0eb-61b5c9a5fe56","Approved","2025-06-06T16:03:52.306465+00:00","USGS-02068500","00060",,"00003","2021-12-01","ea3689c6b8104856b945a7fbfd5e0664","ft^3/s","84.4",-80.3030555555556,36.515
"22a710a4-5d83-4c54-98a6-53fe846b3f36","Approved","2025-06-06T16:03:52.306465+00:00","USGS-02068500","00060",,"00003","2021-12-02","ea3689c6b8104856b945a7fbfd5e0664","ft^3/s","80.4",-80.3030555555556,36.515
"0f98ff7d-d4b2-43a9-9439-7d57ae07ed20","Approved","2025-06-06T16:03:52.306465+00:00","USGS-02068500","00060",,"00003","2021-12-03","ea3689c6b8104856b945a7fbfd5e0664","ft^3/s","72.3",-80.3030555555556,36.515
"97d01631-68e5-4f80-af9d-31467ff253c4","Approved","2025-06-06T16:03:52.306465+00:00","USGS-02068500","00060",,"00003","2021-12-04","ea3689c6b8104856b945a7fbfd5e0664","ft^3/s","71.9",-80.3030555555556,36.515
"b5819197-3779-43e9-88f6-294a061650fd","Approved","2025-06-06T16:03:52.306465+00:00","USGS-02068500","00060",,"00003","2021-12-05","ea3689c6b8104856b945a7fbfd5e0664","ft^3/s","70.2",-80.3030555555556,36.515
"c4b6333c-2695-4e85-a7df-e37e72f7add8","Approved","2025-06-06T16:03:52.306465+00:00","USGS-02068500","00060",,"00003","2021-12-06","ea3689c6b8104856b945a7fbfd5e0664","ft^3/s","70.2",-80.3030555555556,36.515
"9a520a1c-b959-41c8-821b-1482fdd8e61b","Approved","2025-06-06T16:03:52.306465+00:00","USGS-02068500","00060",,"00003","2021-12-07","ea3689c6b8104856b945a7fbfd5e0664","ft^3/s","68.8",-80.3030555555556,36.515
"4712c32a-e159-46e2-a64f-90367c00f495","Approved","2025-06-06T16:03:52.306465+00:00","USGS-02068500","00060",,"00003","2021-12-08","ea3689c6b8104856b945a7fbfd5e0664","ft^3/s","70.0",-80.3030555555556,36.515
"f9d0ea1f-f869-4b0b-9a1e-7a6e8f8fd751","Approved","2025-06-06T16:03:52.306465+00:00","USGS-02068500","00060",,"00003","2021-12-09","ea3689c6b8104856b945a7fbfd5e0664","ft^3/s","70.2",-80.3030555555556,36.515
"e649d409-d5ac-467a-946f-fae2f58b74d3","Approved","2025-06-06T16:03:52.306465+00:00","USGS-02068500","00060",,"00003","2021-12-10","ea3689c6b8104856b945a7fbfd5e0664","ft^3/s","70.2",-80.3030555555556,36.515
"baa52e3d-5b1d-4bd7-8faa-72ddaadde21a","Approved","2025-06-06T16:03:52.306465+00:00","USGS-02068500","00060",,"00003","2021-12-11","ea3689c6b8104856b945a7fbfd5e0664","ft^3/s","80.3",-80.3030555555556,36.515
"ea4bf90a-30f2-4983-9ddb-ccf9555694d1","Approved","2025-06-06T16:03:52.306465+00:00","USGS-02068500","00060",,"00003","2021-12-12","ea3689c6b8104856b945a7fbfd5e0664","ft^3/s","91.0",-80.3030555555556,36.515
"c8a1fc93-8280-453c-b248-3d17fce95a52","Approved","2025-06-06T16:03:52.306465+00:00","USGS-02068500","00060",,"00003","2021-12-13","ea3689c6b8104856b945a7fbfd5e0664","ft^3/s","73.5",-80.3030555555556,36.515
"48770935-b22c-4954-9937-c5646e4b52ac","Approved","2025-06-06T16:03:52.306465+00:00","USGS-02068500","00060",,"00003","2021-12-14","ea3689c6b8104856b945a7fbfd5e0664","ft^3/s","72.2",-80.3030555555556,36.515
"fd5e001a-bf83-444c-bfde-60deb06ddcc2","Approved","2025-06-06T16:03:52.306465+00:00","USGS-02068500","00060",,"00003","2021-12-15","ea3689c6b8104856b945a7fbfd5e0664","ft^3/s","70.6",-80.3030555555556,36.515
"b85de660-c147-4147-a8d0-53fb9d080189","Approved","2025-06-06T16:03:52.306465+00:00","USGS-02068500","00060",,"00003","2021-12-16","ea3689c6b8104856b945a7fbfd5e0664","ft^3/s","69.2",-80.3030555555556,36.515
"28664ec3-8549-45a2-8b95-a95930695d27","Approved","2025-06-06T16:03:52.306465+00:00","USGS-02068500","00060",,"00003","2021-12-17","ea3689c6b8104856b945a7fbfd5e0664","ft^3/s","72.0",-80.3030555555556,36.515
"7c796c3f-d20a-47cb-9bd8-f7af64381235","Approved","2025-06-06T16:03:52.306465+00:00","USGS-02068500","00060",,"00003","2021-12-18","ea3689c6b8104856b945a7fbfd5e0664","ft^3/s","73.6",-80.3030555555556,36.515
"16f5443f-5191-497c-9372-337590bb5b87","Approved","2025-06-06T16:03:52.306465+00:00","USGS-02068500","00060",,"00003","2021-12-19","ea3689c6b8104856b945a7fbfd5e0664","ft^3/s","72.2",-80.3030555555556,36.515
"017be2a3-8f5f-4cde-bb00-b1a75a77af70","Approved","2025-06-06T16:03:52.306465+00:00","USGS-02068500","00060",,"00003","2021-12-20","ea3689c6b8104856b945a7fbfd5e0664","ft^3/s","80.5",-80.3030555555556,36.515
"fa178f7b-d83f-4907-b360-695c8195c5d3","Approved","2025-06-06T16:03:52.306465+00:00","USGS-02068500","00060",,"00003","2021-12-21","ea3689c6b8104856b945a7fbfd5e0664","ft^3/s","77.0",-80.3030555555556,36.515
"1df62c4b-d3ae-4c95-9b33-8c422b6979dd","Approved","2025-06-06T16:03:52.306465+00:00","USGS-02068500","00060",,"00003","2021-12-22","ea3689c6b8104856b945a7fbfd5e0664","ft^3/s","75.2",-80.3030555555556,36.515
"d9e4cca3-8360-4d9f-a83b-9657a6abe5c5","Approved","2025-06-06T16:03:52.306465+00:00","USGS-02068500","00060",,"00003","2021-12-23","ea3689c6b8104856b945a7fbfd5e0664","ft^3/s","72.2",-80.3030555555556,36.515
"15301e3e-fa50-4d3e-bf18-7b83df48e5a0","Approved","2025-06-06T16:03:52.306465+00:00","USGS-02068500","00060",,"00003","2021-12-24","ea3689c6b8104856b945a7fbfd5e0664","ft^3/s","72.2",-80.3030555555556,36.515
"575a238d-674e-4e00-92c3-cfe1693e2e30","Approved","2025-06-06T16:03:52.306465+00:00","USGS-02068500","00060",,"00003","2021-12-25","ea3689c6b8104856b945a7fbfd5e0664","ft^3/s","72.2",-80.3030555555556,36.515
"4658727a-1255-4ee2-be96-134159a59e18","Approved","2025-06-06T16:03:52.306465+00:00","USGS-02068500","00060",,"00003","2021-12-26","ea3689c6b8104856b945a7fbfd5e0664","ft^3/s","72.2",-80.3030555555556,36.515
"bc4cc87e-931d-4336-a6de-721ba2496917","Approved","2025-06-06T16:03:52.306465+00:00","USGS-02068500","00060",,"00003","2021-12-27","ea3689c6b8104856b945a7fbfd5e0664","ft^3/s","71.7",-80.3030555555556,36.515
"d8840b74-f7c5-4ee7-8ee3-235d032446fa","Approved","2025-06-06T16:03:52.306465+00:00","USGS-02068500","00060",,"00003","2021-12-28","ea3689c6b8104856b945a7fbfd5e0664","ft^3/s","68.9",-80.3030555555556,36.515
"8a3f2cfd-5103-45bf-9176-da34824287c4","Approved","2025-06-06T16:03:52.306465+00:00","USGS-02068500","00060",,"00003","2021-12-29","ea3689c6b8104856b945a7fbfd5e0664","ft^3/s","70.6",-80.3030555555556,36.515
"10ce8fb9-5c4f-43f8-b2a0-faa66d310021","Approved","2025-06-06T16:03:52.306465+00:00","USGS-02068500","00060",,"00003","2021-12-30","ea3689c6b8104856b945a7fbfd5e0664","ft^3/s","77.9",-80.3030555555556,36.515
"5c7265bd-7792-4e8f-a486-9646a6267ac4","Approved","2025-06-06T16:03:52.306465+00:00","USGS-02068500","00060",,"00003","2021-12-31","ea3689c6b8104856b945a7fbfd5e0664","ft^3/s","75.6",-80.3030555555556,36.515
"6188ebaa-0d17-4c89-a0ff-88df8345769f","Approved","2025-06-06T16:03:52.306465+00:00","USGS-02068500","00060",,"00003","2022-01-01","ea3689c6b8104856b945a7fbfd5e0664","ft^3/s","73.0",-80.3030555555556,36.515
"85eb9988-bd77-4957-b674-711aa18cabfe","Approved","2025-06-06T16:03:52.306465+00:00","USGS-02068500","00060",,"00003","2022-01-02","ea3689c6b8104856b945a7fbfd5e0664","ft^3/s","130",-80.3030555555556,36.515
"bfbfe735-f5ff-4ff7-865c-d3189c6969f9","Approved","2025-06-06T16:03:52.306465+00:00","USGS-02068500","00060",,"00003","2022-01-03","ea3689c6b8104856b945a7fbfd5e0664","ft^3/s","270",-80.3030555555556,36.515
"835199c5-31c1-44a6-81c7-94e59e1ee37a","Approved","2025-06-06T16:03:52.306465+00:00","USGS-02068500","00060",,"00003","2022-01-04","ea3689c6b8104856b945a7fbfd5e0664","ft^3/s","186",-80.3030555555556,36.515
"2478c33a-8bc7-4691-9bc3-5ed6c34d8ac5","Approved","2025-06-06T16:03:52.306465+00:00","USGS-02068500","00060",,"00003","2022-01-05","ea3689c6b8104856b945a7fbfd5e0664","ft^3/s","140",-80.3030555555556,36.515
"b08f3df4-958d-484b-a31a-65e84931ff77","Approved","2025-06-06T16:03:52.306465+00:00","USGS-02068500","00060",,"00003","2022-01-06","ea3689c6b8104856b945a7fbfd5e0664","ft^3/s","111",-80.3030555555556,36.515
"0d02f6a2-c952-46ac-8c79-b6fdafbbad7d","Approved","2025-06-06T16:03:52.306465+00:00","USGS-02068500","00060",,"00003","2022-01-07","ea3689c6b8104856b945a7fbfd5e0664","ft^3/s","106",-80.3030555555556,36.515
"9fa0a643-3d5a-4a3d-9d6f-5c4ae77e89a0","Approved","2025-06-06T16:03:52.306465+00:00","USGS-02068500","00060",,"00003","2022-01-08","ea3689c6b8104856b945a7fbfd5e0664","ft^3/s","97.9",-80.3030555555556,36.515
"6bf54b92-3907-4bdf-ade0-6b4a72bd8bb2","Approved","2025-06-06T16:03:52.306465+00:00","USGS-02068500","00060",,"00003","2022-01-09","ea3689c6b8104856b945a7fbfd5e0664","ft^3/s","107",-80.3030555555556,36.515
"ed6b65b0-5f9e-4ff2-916c-e0c867807f68","Approved","2025-06-06T16:03:52.306465+00:00","USGS-02068500","00060",,"00003","2022-01-10","ea3689c6b8104856b945a7fbfd5e0664","ft^3/s","132",-80.3030555555556,36.515
"1e2229bf-de38-4323-9a86-4479dc20601e","Approved","2025-06-06T16:03:52.306465+00:00","USGS-02068500","00060",,"00003","2022-01-11","ea3689c6b8104856b945a7fbfd5e0664","ft^3/s","106",-80.3030555555556,36.515
"bb6729e4-5b46-4d03-8ee9-c3bb8b4bfc9e","Approved","2025-06-06T16:03:52.306465+00:00","USGS-02068500","00060",,"00003","2022-01-12","ea3689c6b8104856b945a7fbfd5e0664","ft^3/s","101",-80.3030555555556,36.515
"bdc79d89-5e3f-4d14-a002-1846b9f0bf68","Approved","2025-06-06T16:03:52.306465+00:00","USGS-02068500","00060",,"00003","2022-01-13","ea3689c6b8104856b945a7fbfd5e0664","ft^3/s","97.5",-80.3030555555556,36.515
"2ac45589-7733-44f0-9a8c-e424420f7cd5","Approved","2025-06-06T16:03:52.306465+00:00","USGS-02068500","00060",,"00003","2022-01-14","ea3689c6b8104856b945a7fbfd5e0664","ft^3/s","97.5",-80.3030555555556,36.515
"b303a986-3a24-424f-9a6c-a665ff95073b","Approved","2025-06-06T16:03:52.306465+00:00","USGS-02068500","00060",,"00003","2022-01-15","ea3689c6b8104856b945a7fbfd5e0664","ft^3/s","95.4",-80.3030555555556,36.515
"f6b9f02d-665e-4772-9181-d4cc6e6f406c","Approved","2025-06-06T16:03:52.306465+00:00","USGS-02068500","00060",,"00003","2022-01-16","ea3689c6b8104856b945a7fbfd5e0664","ft^3/s","102",-80.3030555555556,36.515
"032e31ef-b9c8-4a2d-a624-1eeff87e0385","Approved","2025-06-06T16:03:52.306465+00:00","USGS-02068500","00060",,"00003","2022-01-17","ea3689c6b8104856b945a7fbfd5e0664","ft^3/s","135",-80.3030555555556,36.515
"19ddd106-6468-405f-8066-c95a7b285209","Approved","2025-06-06T16:03:52.306465+00:00","USGS-02068500","00060",,"00003","2022-01-18","ea3689c6b8104856b945a7fbfd5e0664","ft^3/s","89.7",-80.3030555555556,36.515
"3577968d-536e-4c24-8f77-ded0a9745465","Approved","2025-06-06T16:03:52.306465+00:00","USGS-02068500","00060",,"00003","2022-01-19","ea3689c6b8104856b945a7fbfd5e0664","ft^3/s","86.0",-80.3030555555556,36.515
"653e48e3-5e4d-4deb-9ca4-bcf8ebb5e6a0","Approved","2025-06-06T16:03:52.306465+00:00","USGS-02068500","00060",,"00003","2022-01-20","ea3689c6b8104856b945a7fbfd5e0664","ft^3/s","96.1",-80.3030555555556,36.515
"65275779-321d-4639-b028-4136ac85974a","Approved","2025-06-06T16:03:52.306465+00:00","USGS-02068500","00060",,"00003","2022-01-21","ea3689c6b8104856b945a7fbfd5e0664","ft^3/s","133",-80.3030555555556,36.515
"f754764f-d8e3-4861-8cd0-0dea9b3ac2f8","Approved","2025-06-06T16:03:52.306465+00:00","USGS-02068500","00060",,"00003","2022-01-22","ea3689c6b8104856b945a7fbfd5e0664","ft^3/s","95.1",-80.3030555555556,36.515
"f8279d9b-a934-49dc-b7e2-757a2896bdb1","Approved","2025-06-06T16:03:52.306465+00:00","USGS-02068500","00060",,"00003","2022-01-23","ea3689c6b8104856b945a7fbfd5e0664","ft^3/s","96.4",-80.3030555555556,36.515
"eb7b5afd-306a-4fce-9838-e4b62d356759","Approved","2025-06-06T16:03:52.306465+00:00","USGS-02068500","00060",,"00003","2022-01-24","ea3689c6b8104856b945a7fbfd5e0664","ft^3/s","89.8",-80.3030555555556,36.515
"1d6a0bfe-02cf-41a9-9908-83c9bc930a87","Approved","2025-06-06T16:03:52.306465+00:00","USGS-02068500","00060",,"00003","2022-01-25","ea3689c6b8104856b945a7fbfd5e0664","ft^3/s","100",-80.3030555555556,36.515
"e310f18f-459d-4173-af2a-287360b5d5bf","Approved","2025-06-06T16:03:52.306465+00:00","USGS-02068500","00060",,"00003","2022-01-26","ea3689c6b8104856b945a7fbfd5e0664","ft^3/s","96.5",-80.3030555555556,36.515
"74460e48-5ca5-47ec-b4ac-decd16fa5cd9","Approved","2025-06-06T16:03:52.306465+00:00","USGS-02068500","00060",,"00003","2022-01-27","ea3689c6b8104856b945a7fbfd5e0664","ft^3/s","93.7",-80.3030555555556,36.515
"a10d612d-fcad-46bc-9fdd-c8fb8c0fe2e2","Approved","2025-06-06T16:03:52.306465+00:00","USGS-02068500","00060",,"00003","2022-01-28","ea3689c6b8104856b945a7fbfd5e0664","ft^3/s","88.3",-80.3030555555556,36.515
"bb2f2f73-e5b6-42d6-a585-eb9d263cffa1","Approved","2025-06-06T16:03:52.306465+00:00","USGS-02068500","00060",,"00003","2022-01-29","ea3689c6b8104856b945a7fbfd5e0664","ft^3/s","96.4",-80.3030555555556,36.515
"0d252c01-8730-46bb-9b77-8071f57dab32","Approved","2025-06-06T16:03:52.306465+00:00","USGS-02068500","00060",,"00003","2022-01-30","ea3689c6b8104856b945a7fbfd5e0664","ft^3/s","85.3",-80.3030555555556,36.515
"fbeeaa81-4a77-4a46-8947-5d8f2a452d88","Approved","2025-06-06T16:03:52.306465+00:00","USGS-02068500","00060",,"00003","2022-01-31","ea3689c6b8104856b945a7fbfd5e0664","ft^3/s","103",-80.3030555555556,36.515
"f89130eb-aba9-4d64-a0f4-6a60b5492502","Approved","2025-06-06T16:03:52.306465+00:00","USGS-02068500","00060",,"00003","2022-02-01","ea3689c6b8104856b945a7fbfd5e0664","ft^3/s","89.4",-80.3030555555556,36.515
"3b6873b6-abf1-459c-a0a3-0d878be043c3","Approved","2025-06-06T16:03:52.306465+00:00","USGS-02068500","00060",,"00003","2022-02-02","ea3689c6b8104856b945a7fbfd5e0664","ft^3/s","86.5",-80.3030555555556,36.515
"52ff24a7-3ead-4efd-91a5-91bf594e2938","Approved","2025-06-06T16:03:52.306465+00:00","USGS-02068500","00060",,"00003","2022-02-03","ea3689c6b8104856b945a7fbfd5e0664","ft^3/s","343",-80.3030555555556,36.515
"7cdb9565-5fa0-4137-b536-293ebb1c453a","Approved","2025-06-06T16:03:52.306465+00:00","USGS-02068500","00060",,"00003","2022-02-04","ea3689c6b8104856b945a7fbfd5e0664","ft^3/s","1430",-80.3030555555556,36.515
"1c4d3853-0125-4b22-b7b2-d1a6301085a8","Approved","2025-06-06T16:03:52.306465+00:00","USGS-02068500","00060",,"00003","2022-02-05","ea3689c6b8104856b945a7fbfd5e0664","ft^3/s","670",-80.3030555555556,36.515
"632dbd4f-bd87-4b92-9f49-dbe65b0b0836","Approved","2025-06-06T16:03:52.306465+00:00","USGS-02068500","00060",,"00003","2022-02-06","ea3689c6b8104856b945a7fbfd5e0664","ft^3/s","385",-80.3030555555556,36.515
"71c495e3-0dbf-4760-975b-fd6395f0d17c","Approved","2025-06-06T16:03:52.306465+00:00","USGS-02068500","00060",,"00003","2022-02-07","ea3689c6b8104856b945a7fbfd5e0664","ft^3/s","272",-80.3030555555556,36.515
"60964cef-77dc-491d-bcf3-02cf437c689c","Approved","2025-06-06T16:03:52.306465+00:00","USGS-02068500","00060",,"00003","2022-02-08","ea3689c6b8104856b945a7fbfd5e0664","ft^3/s","223",-80.3030555555556,36.515
"292cf475-f114-47a0-9bf2-2b622086b273","Approved","2025-06-06T16:03:52.306465+00:00","USGS-02068500","00060",,"00003","2022-02-09","ea3689c6b8104856b945a7fbfd5e0664","ft^3/s","203",-80.3030555555556,36.515
"943ef0b5-85b2-4010-8e2e-043cdedeb1aa","Approved","2025-06-06T16:03:52.306465+00:00","USGS-02068500","00060",,"00003","2022-02-10","ea3689c6b8104856b945a7fbfd5e0664","ft^3/s","193",-80.3030555555556,36.515
"87e8d5dc-b99d-4422-b6c8-eec98d8bdbe7","Approved","2025-06-06T16:03:52.306465+00:00","USGS-02068500","00060",,"00003","2022-02-11","ea3689c6b8104856b945a7fbfd5e0664","ft^3/s","182",-80.3030555555556,36.515
"1490c2cf-6699-4f7f-94d3-346bc74039cd","Approved","2025-06-06T16:03:52.306465+00:00","USGS-02068500","00060",,"00003","2022-02-12","ea3689c6b8104856b945a7fbfd5e0664","ft^3/s","182",-80.3030555555556,36.515
"9bbcd26b-46f7-433c-8478-e9151f376a71","Approved","2025-06-06T16:03:52.306465+00:00","USGS-02068500","00060",,"00003","2022-02-13","ea3689c6b8104856b945a7fbfd5e0664","ft^3/s","180",-80.3030555555556,36.515
"db4f73e4-798b-48bf-a9f9-1cdd2630649d","Approved","2025-06-06T16:03:52.306465+00:00","USGS-02068500","00060",,"00003","2022-02-14","ea3689c6b8104856b945a7fbfd5e0664","ft^3/s","167",-80.3030555555556,36.515
"c27cb2d7-0b86-415b-bbea-c165ed3d7308","Approved","2025-06-06T16:03:52.306465+00:00","USGS-02068500","00060",,"00003","2022-02-15","ea3689c6b8104856b945a7fbfd5e0664","ft^3/s","168",-80.3030555555556,36.515
"09ee80bf-735b-47a5-b559-22a2bb335486","Approved","2025-06-06T16:03:52.306465+00:00","USGS-02068500","00060",,"00003","2022-02-16","ea3689c6b8104856b945a7fbfd5e0664","ft^3/s","175",-80.3030555555556,36.515
"e3eb593a-6dc1-4c03-b5ab-0c3e779b7f00","Approved","2025-06-06T16:03:52.306465+00:00","USGS-02068500","00060",,"00003","2022-02-17","ea3689c6b8104856b945a7fbfd5e0664","ft^3/s","182",-80.3030555555556,36.515
"51696274-cd0b-4076-ac81-5ef98a8f7ddf","Approved","2025-06-06T16:03:52.306465+00:00","USGS-02068500","00060",,"00003","2022-02-18","ea3689c6b8104856b945a7fbfd5e0664","ft^3/s","288",-80.3030555555556,36.515
"4a5230de-32ad-4349-b816-8f5d8b2b2a73","Approved","2025-06-06T16:03:52.306465+00:00","USGS-02068500","00060",,"00003","2022-02-19","ea3689c6b8104856b945a7fbfd5e0664","ft^3/s","202",-80.3030555555556,36.515
"53530915-b270-4325-bcbf-a6f242e6ec2d","Approved","2025-06-06T16:03:52.306465+00:00","USGS-02068500","00060",,"00003","2022-02-20","ea3689c6b8104856b945a7fbfd5e0664","ft^3/s","187",-80.3030555555556,36.515
"e156c835-3d0d-46b3-8187-a2d16383fa57","Approved","2025-06-06T16:03:52.306465+00:00","USGS-02068500","00060",,"00003","2022-02-21","ea3689c6b8104856b945a7fbfd5e0664","ft^3/s","175",-80.3030555555556,36.515
"a421b0b9-8ca6-4812-9f33-3987ee5357aa","Approved","2025-06-06T16:03:52.306465+00:00","USGS-02068500","00060",,"00003","2022-02-22","ea3689c6b8104856b945a7fbfd5e0664","ft^3/s","177",-80.3030555555556,36.515
"681fac0b-9866-49bf-8acc-ff12c3a37b69","Approved","2025-06-06T16:03:52.306465+00:00","USGS-02068500","00060",,"00003","2022-02-23","ea3689c6b8104856b945a7fbfd5e0664","ft^3/s","265",-80.3030555555556,36.515
"b5399758-c21a-4fa3-b2a5-ad4ce28f75ef","Approved","2025-06-06T16:03:52.306465+00:00","USGS-02068500","00060",,"00003","2022-02-24","ea3689c6b8104856b945a7fbfd5e0664","ft^3/s","562",-80.3030555555556,36.515
"3d01f57e-0ca5-403d-97e6-3f755631726f","Approved","2025-06-06T16:03:52.306465+00:00","USGS-02068500","00060",,"00003","2022-02-25","ea3689c6b8104856b945a7fbfd5e0664","ft^3/s","472",-80.3030555555556,36.515
"e53a36eb-eb03-493d-8c56-fb984c4c5b96","Approved","2025-06-06T16:03:52.306465+00:00","USGS-02068500","00060",,"00003","2022-02-26","ea3689c6b8104856b945a7fbfd5e0664","ft^3/s","325",-80.3030555555556,36.515
"f6bf97c0-463f-48f9-83f7-bab882ded91c","Approved","2025-06-06T16:03:52.306465+00:00","USGS-02068500","00060",,"00003","2022-02-27","ea3689c6b8104856b945a7fbfd5e0664","ft^3/s","285",-80.3030555555556,36.515
"c1d77a2f-c1cf-4b9f-8ce2-87eb7e470217","Approved","2025-06-06T16:03:52.306465+00:00","USGS-02068500","00060",,"00003","2022-02-28","ea3689c6b8104856b945a7fbfd5e0664","ft^3/s","218",-80.3030555555556,36.515
"49664e55-c29c-4a2c-b84f-0972871a20ca","Approved","2025-06-06T16:03:52.306465+00:00","USGS-02068500","00060",,"00003","2022-03-01","ea3689c6b8104856b945a7fbfd5e0664","ft^3/s","207",-80.3030555555556,36.515
"3c8f07cc-694e-43cd-996b-d6fd675baa09","Approved","2025-06-06T16:03:52.306465+00:00","USGS-02068500","00060",,"00003","2022-03-02","ea3689c6b8104856b945a7fbfd5e0664","ft^3/s","196",-80.3030555555556,36.515
"f3853c35-0b4b-4862-9b45-4af46d1be2cf","Approved","2025-06-06T16:03:52.306465+00:00","USGS-02068500","00060",,"00003","2022-03-03","ea3689c6b8104856b945a7fbfd5e0664","ft^3/s","167",-80.3030555555556,36.515
"f6a57cc6-5d91-4817-8027-1290e365a612","Approved","2025-06-06T16:03:52.306465+00:00","USGS-02068500","00060",,"00003","2022-03-04","ea3689c6b8104856b945a7fbfd5e0664","ft^3/s","162",-80.3030555555556,36.515
"5eda205d-3247-4b96-a9ab-b9daaae6d883","Approved","2025-06-06T16:03:52.306465+00:00","USGS-02068500","00060",,"00003","2022-03-05","ea3689c6b8104856b945a7fbfd5e0664","ft^3/s","162",-80.3030555555556,36.515
"5f7b45fb-0b5c-49da-8f8e-91f9463d544a","Approved","2025-06-06T16:03:52.306465+00:00","USGS-02068500","00060",,"00003","2022-03-06","ea3689c6b8104856b945a7fbfd5e0664","ft^3/s","162",-80.3030555555556,36.515
"7a48a7bb-9b80-4927-9b2d-2f99d9fb3d0d","Approved","2025-06-06T16:03:52.306465+00:00","USGS-02068500","00060",,"00003","2022-03-07","ea3689c6b8104856b945a7fbfd5e0664","ft^3/s","162",-80.3030555555556,36.515
"0e4e719e-4581-44bd-92bd-201d5733e212","Approved","2025-06-06T16:03:52.306465+00:00","USGS-02068500","00060",,"00003","2022-03-08","ea3689c6b8104856b945a7fbfd5e0664","ft^3/s","174",-80.3030555555556,36.515
"b7e0815e-c547-4bb8-ab6d-da491cf6ed5a","Approved","2025-06-06T16:03:52.306465+00:00","USGS-02068500","00060",,"00003","2022-03-09","ea3689c6b8104856b945a7fbfd5e0664","ft^3/s","213",-80.3030555555556,36.515
"21eb0d39-4e99-4f98-abba-bb4db7a61b14","Approved","2025-06-06T16:03:52.306465+00:00","USGS-02068500","00060",,"00003","2022-03-10","ea3689c6b8104856b945a7fbfd5e0664","ft^3/s","226",-80.3030555555556,36.515
"da8dfc68-c471-4bc0-a809-233048b6ceca","Approved","2025-06-06T16:03:52.306465+00:00","USGS-02068500","00060",,"00003","2022-03-11","ea3689c6b8104856b945a7fbfd5e0664","ft^3/s","201",-80.3030555555556,36.515
"99cc1d85-96a0-49c1-ab54-4391a09741fd","Approved","2025-06-06T16:03:52.306465+00:00","USGS-02068500","00060",,"00003","2022-03-12","ea3689c6b8104856b945a7fbfd5e0664","ft^3/s","222",-80.3030555555556,36.515
"530cd05c-b492-4122-9204-f6adc767c36b","Approved","2025-06-06T16:03:52.306465+00:00","USGS-02068500","00060",,"00003","2022-03-13","ea3689c6b8104856b945a7fbfd5e0664","ft^3/s","192",-80.3030555555556,36.515
"d517cdbc-f270-43ce-bd62-cca844c8850f","Approved","2025-06-06T16:03:52.306465+00:00","USGS-02068500","00060",,"00003","2022-03-14","ea3689c6b8104856b945a7fbfd5e0664","ft^3/s","223",-80.3030555555556,36.515
"9c82d17e-d071-4369-a9db-4f0896b6edcc","Approved","2025-06-06T16:03:52.306465+00:00","USGS-02068500","00060",,"00003","2022-03-15","ea3689c6b8104856b945a7fbfd5e0664","ft^3/s","212",-80.3030555555556,36.515
"5a32e3d8-f16f-44be-8a9e-bb0e92b5aac5","Approved","2025-06-06T16:03:52.306465+00:00","USGS-02068500","00060",,"00003","2022-03-16","ea3689c6b8104856b945a7fbfd5e0664","ft^3/s","181",-80.3030555555556,36.515
"39145b2d-035c-4c71-89b1-6ae984e0bc65","Approved","2025-06-06T16:03:52.306465+00:00","USGS-02068500","00060",,"00003","2022-03-17","ea3689c6b8104856b945a7fbfd5e0664","ft^3/s","183",-80.3030555555556,36.515
"00eb385c-174d-445a-b167-26183d98d447","Approved","2025-06-06T16:03:52.306465+00:00","USGS-02068500","00060",,"00003","2022-03-18","ea3689c6b8104856b945a7fbfd5e0664","ft^3/s","171",-80.3030555555556,36.515
"bb42f031-9abb-4134-91d7-ee47c4d43c1f","Approved","2025-06-06T16:03:52.306465+00:00","USGS-02068500","00060",,"00003","2022-03-19","ea3689c6b8104856b945a7fbfd5e0664","ft^3/s","171",-80.3030555555556,36.515
"c21a1f96-fb52-4e58-8f58-0fee1b4aa344","Approved","2025-06-06T16:03:52.306465+00:00","USGS-02068500","00060",,"00003","2022-03-20","ea3689c6b8104856b945a7fbfd5e0664","ft^3/s","173",-80.3030555555556,36.515
"1178cd90-7510-4a8b-8020-49aad0c2e729","Approved","2025-06-06T16:03:52.306465+00:00","USGS-02068500","00060",,"00003","2022-03-21","ea3689c6b8104856b945a7fbfd5e0664","ft^3/s","170",-80.3030555555556,36.515
"63ace813-d3cf-48c9-ab4c-cc8bdb4b3728","Approved","2025-06-06T16:03:52.306465+00:00","USGS-02068500","00060",,"00003","2022-03-22","ea3689c6b8104856b945a7fbfd5e0664","ft^3/s","169",-80.3030555555556,36.515
"32c39c2f-f6e4-4558-872a-8b328af18c2d","Approved","2025-06-06T16:03:52.306465+00:00","USGS-02068500","00060",,"00003","2022-03-23","ea3689c6b8104856b945a7fbfd5e0664","ft^3/s","456",-80.3030555555556,36.515
"ca690798-a76a-4caf-963f-91fcdc6b00f8","Approved","2025-06-06T16:03:52.306465+00:00","USGS-02068500","00060",,"00003","2022-03-24","ea3689c6b8104856b945a7fbfd5e0664","ft^3/s","498",-80.3030555555556,36.515
"6341464c-254a-4831-84e4-52e8592e661b","Approved","2025-06-06T16:03:52.306465+00:00","USGS-02068500","00060",,"00003","2022-03-25","ea3689c6b8104856b945a7fbfd5e0664","ft^3/s","328",-80.3030555555556,36.515
"59f8920c-da08-4c67-8023-440376871cbd","Approved","2025-06-06T16:03:52.306465+00:00","USGS-02068500","00060",,"00003","2022-03-26","ea3689c6b8104856b945a7fbfd5e0664","ft^3/s","288",-80.3030555555556,36.515
"89bcc84e-0780-431b-a014-1817b9c6ae16","Approved","2025-06-06T16:03:52.306465+00:00","USGS-02068500","00060",,"00003","2022-03-27","ea3689c6b8104856b945a7fbfd5e0664","ft^3/s","268",-80.3030555555556,36.515
"d3b5ed0b-2897-4602-878a-0b83ab72d3fd","Approved","2025-06-06T16:03:52.306465+00:00","USGS-02068500","00060",,"00003","2022-03-28","ea3689c6b8104856b945a7fbfd5e0664","ft^3/s","255",-80.3030555555556,36.515
"784455d0-fddd-4944-a0bd-941cce966888","Approved","2025-06-06T16:03:52.306465+00:00","USGS-02068500","00060",,"00003","2022-03-29","ea3689c6b8104856b945a7fbfd5e0664","ft^3/s","246",-80.3030555555556,36.515
"793e3bee-f0bb-4995-80a3-245f54e61e86","Approved","2025-06-06T16:03:52.306465+00:00","USGS-02068500","00060",,"00003","2022-03-30","ea3689c6b8104856b945a7fbfd5e0664","ft^3/s","235",-80.3030555555556,36.515
"a63e7e98-6e86-4eb8-b602-2738338979c3","Approved","2025-06-06T16:03:52.306465+00:00","USGS-02068500","00060",,"00003","2022-03-31","ea3689c6b8104856b945a7fbfd5e0664","ft^3/s","239",-80.3030555555556,36.515
"95554900-4b82-4cfd-9447-ce09f32dad8c","Approved","2025-06-06T16:03:52.306465+00:00","USGS-02068500","00060",,"00003","2022-04-01","ea3689c6b8104856b945a7fbfd5e0664","ft^3/s","223",-80.3030555555556,36.515
"8d968602-b034-487a-9670-4e5194951fa4","Approved","2025-06-06T16:03:52.306465+00:00","USGS-02068500","00060",,"00003","2022-04-02","ea3689c6b8104856b945a7fbfd5e0664","ft^3/s","208",-80.3030555555556,36.515
"65955a84-c290-4737-bd3a-24808645b0ac","Approved","2025-06-06T16:03:52.306465+00:00","USGS-02068500","00060",,"00003","2022-04-03","ea3689c6b8104856b945a7fbfd5e0664","ft^3/s","206",-80.3030555555556,36.515
"76555bf1-0955-44bd-bea3-79bf30de3224","Approved","2025-06-06T16:03:52.306465+00:00","USGS-02068500","00060",,"00003","2022-04-04","ea3689c6b8104856b945a7fbfd5e0664","ft^3/s","201",-80.3030555555556,36.515
"7da6eacf-2d3c-4071-b939-c4783086c097","Approved","2025-06-06T16:03:52.306465+00:00","USGS-02068500","00060",,"00003","2022-04-05","ea3689c6b8104856b945a7fbfd5e0664","ft^3/s","209",-80.3030555555556,36.515
"ec0aa98d-1168-4501-9c80-40e101dcd976","Approved","2025-06-06T16:03:52.306465+00:00","USGS-02068500","00060",,"00003","2022-04-06","ea3689c6b8104856b945a7fbfd5e0664","ft^3/s","351",-80.3030555555556,36.515
"a6ca7c8c-d8ee-46be-adfc-04d8de0bca4e","Approved","2025-06-06T16:03:52.306465+00:00","USGS-02068500","00060",,"00003","2022-04-07","ea3689c6b8104856b945a7fbfd5e0664","ft^3/s","250",-80.3030555555556,36.515
"92f99a60-97ed-4413-863c-13f8460cea52","Approved","2025-06-06T16:03:52.306465+00:00","USGS-02068500","00060",,"00003","2022-04-08","ea3689c6b8104856b945a7fbfd5e0664","ft^3/s","229",-80.3030555555556,36.515
"fd052934-d4bd-4be3-a484-2bbbf039be2e","Approved","2025-06-06T16:03:52.306465+00:00","USGS-02068500","00060",,"00003","2022-04-09","ea3689c6b8104856b945a7fbfd5e0664","ft^3/s","219",-80.3030555555556,36.515
"a301ab21-47a3-46cc-99b6-97831ba8a367","Approved","2025-06-06T16:03:52.306465+00:00","USGS-02068500","00060",,"00003","2022-04-10","ea3689c6b8104856b945a7fbfd5e0664","ft^3/s","210",-80.3030555555556,36.515
"5d3f68bf-8fb5-42a8-ad9a-a7c865ad905b","Approved","2025-06-06T16:03:52.306465+00:00","USGS-02068500","00060",,"00003","2022-04-11","ea3689c6b8104856b945a7fbfd5e0664","ft^3/s","206",-80.3030555555556,36.515
"b7a75c53-9130-42bf-ba8e-50f0951da538","Approved","2025-06-06T16:03:52.306465+00:00","USGS-02068500","00060",,"00003","2022-04-12","ea3689c6b8104856b945a7fbfd5e0664","ft^3/s","201",-80.3030555555556,36.515
"3f4906e5-ef23-417b-87f6-493aee699737","Approved","2025-06-06T16:03:52.306465+00:00","USGS-02068500","00060",,"00003","2022-04-13","ea3689c6b8104856b945a7fbfd5e0664","ft^3/s","195",-80.3030555555556,36.515
"22c44d89-a29f-465c-bcae-5692905b3321","Approved","2025-06-06T16:03:52.306465+00:00","USGS-02068500","00060",,"00003","2022-04-14","ea3689c6b8104856b945a7fbfd5e0664","ft^3/s","195",-80.3030555555556,36.515
"066e7aee-3c81-4a7b-b147-c6b79a7666e3","Approved","2025-06-06T16:03:52.306465+00:00","USGS-02068500","00060",,"00003","2022-04-15","ea3689c6b8104856b945a7fbfd5e0664","ft^3/s","191",-80.3030555555556,36.515
"bdb67547-ddb1-434f-abe6-6760f0623161","Approved","2025-06-06T16:03:52.306465+00:00","USGS-02068500","00060",,"00003","2022-04-16","ea3689c6b8104856b945a7fbfd5e0664","ft^3/s","180",-80.3030555555556,36.515
"a37dda93-d656-4611-b2f2-c33a540cc864","Approved","2025-06-06T16:03:52.306465+00:00","USGS-02068500","00060",,"00003","2022-04-17","ea3689c6b8104856b945a7fbfd5e0664","ft^3/s","178",-80.3030555555556,36.515
"27e13d3f-f740-4c15-9cce-126ae2a68b35","Approved","2025-06-06T16:03:52.306465+00:00","USGS-02068500","00060",,"00003","2022-04-18","ea3689c6b8104856b945a7fbfd5e0664","ft^3/s","306",-80.3030555555556,36.515
"c67b95fc-5766-4345-8c09-ef9546edd979","Approved","2025-06-06T16:03:52.306465+00:00","USGS-02068500","00060",,"00003","2022-04-19","ea3689c6b8104856b945a7fbfd5e0664","ft^3/s","238",-80.3030555555556,36.515
"49b29773-b31c-4d4e-8935-151d29512c71","Approved","2025-06-06T16:03:52.306465+00:00","USGS-02068500","00060",,"00003","2022-04-20","ea3689c6b8104856b945a7fbfd5e0664","ft^3/s","201",-80.3030555555556,36.515
"a3e27a07-964f-4c2f-bc24-6d69553a1236","Approved","2025-06-06T16:03:52.306465+00:00","USGS-02068500","00060",,"00003","2022-04-21","ea3689c6b8104856b945a7fbfd5e0664","ft^3/s","192",-80.3030555555556,36.515
"7b515625-8d33-4e45-9a90-98a344d391d3","Approved","2025-06-06T16:03:52.306465+00:00","USGS-02068500","00060",,"00003","2022-04-22","ea3689c6b8104856b945a7fbfd5e0664","ft^3/s","188",-80.3030555555556,36.515
"9dd08fa4-870c-44cd-b062-32b90ff04109","Approved","2025-06-06T16:03:52.306465+00:00","USGS-02068500","00060",,"00003","2022-04-23","ea3689c6b8104856b945a7fbfd5e0664","ft^3/s","184",-80.3030555555556,36.515
"05adc7f1-0c7c-412e-88f2-5b3755198f4b","Approved","2025-06-06T16:03:52.306465+00:00","USGS-02068500","00060",,"00003","2022-04-24","ea3689c6b8104856b945a7fbfd5e0664","ft^3/s","178",-80.3030555555556,36.515
"f4b5dcac-3239-4f83-a225-081127f33ea0","Approved","2025-06-06T16:03:52.306465+00:00","USGS-02068500","00060",,"00003","2022-04-25","ea3689c6b8104856b945a7fbfd5e0664","ft^3/s","128",-80.3030555555556,36.515
"83144563-2885-41fd-a642-1d21f524e832","Approved","2025-06-06T16:03:52.306465+00:00","USGS-02068500","00060",,"00003","2022-04-26","ea3689c6b8104856b945a7fbfd5e0664","ft^3/s","139",-80.3030555555556,36.515
"15ccb235-9540-49ba-94eb-723da7af26d2","Approved","2025-06-06T16:03:52.306465+00:00","USGS-02068500","00060",,"00003","2022-04-27","ea3689c6b8104856b945a7fbfd5e0664","ft^3/s","129",-80.3030555555556,36.515
"e083f595-5b52-4db4-a584-0ca38f1ff0ea","Approved","2025-06-06T16:03:52.306465+00:00","USGS-02068500","00060",,"00003","2022-04-28","ea3689c6b8104856b945a7fbfd5e0664","ft^3/s","218",-80.3030555555556,36.515
"1abd09e0-0e3f-44d2-b00e-c68940978872","Approved","2025-06-06T16:03:52.306465+00:00","USGS-02068500","00060",,"00003","2022-04-29","ea3689c6b8104856b945a7fbfd5e0664","ft^3/s","217",-80.3030555555556,36.515
"103a1fcd-e87c-4ace-bbb1-9101d18560a0","Approved","2025-06-06T16:03:52.306465+00:00","USGS-02068500","00060",,"00003","2022-04-30","ea3689c6b8104856b945a7fbfd5e0664","ft^3/s","174",-80.3030555555556,36.515
"1b143db4-0d15-4908-a857-9a5047c45c9a","Approved","2025-06-06T16:03:52.306465+00:00","USGS-02068500","00060",,"00003","2022-05-01","ea3689c6b8104856b945a7fbfd5e0664","ft^3/s","174",-80.3030555555556,36.515
"f04fdc15-1831-45da-a658-36c580babafd","Approved","2025-06-06T16:03:52.306465+00:00","USGS-02068500","00060",,"00003","2022-05-02","ea3689c6b8104856b945a7fbfd5e0664","ft^3/s","158",-80.3030555555556,36.515
"a0a5031c-056a-446a-814f-4fca1502fe14","Approved","2025-06-06T16:03:52.306465+00:00","USGS-02068500","00060",,"00003","2022-05-03","ea3689c6b8104856b945a7fbfd5e0664","ft^3/s","150",-80.3030555555556,36.515
"55fb2e6b-4509-491f-b36e-b0b0cd647cb3","Approved","2025-06-06T16:03:52.306465+00:00","USGS-02068500","00060",,"00003","2022-05-04","ea3689c6b8104856b945a7fbfd5e0664","ft^3/s","144",-80.3030555555556,36.515
"01d76209-12d7-4e1d-b214-1cf76cba0be5","Approved","2025-06-06T16:03:52.306465+00:00","USGS-02068500","00060",,"00003","2022-05-05","ea3689c6b8104856b945a7fbfd5e0664","ft^3/s","142",-80.3030555555556,36.515
"fdce3788-f9db-4173-a37c-a5093e8e8ac4","Approved","2025-06-06T16:03:52.306465+00:00","USGS-02068500","00060",,"00003","2022-05-06","ea3689c6b8104856b945a7fbfd5e0664","ft^3/s","145",-80.3030555555556,36.515
"51c236eb-498c-42df-96db-45e252a65540","Approved","2025-06-06T16:03:52.306465+00:00","USGS-02068500","00060",,"00003","2022-05-07","ea3689c6b8104856b945a7fbfd5e0664","ft^3/s","195",-80.3030555555556,36.515
"c61c907a-3d27-44ba-b72e-25401307e807","Approved","2025-06-06T16:03:52.306465+00:00","USGS-02068500","00060",,"00003","2022-05-08","ea3689c6b8104856b945a7fbfd5e0664","ft^3/s","176",-80.3030555555556,36.515
"23569893-2432-4fa7-b892-9880085d9033","Approved","2025-06-06T16:03:52.306465+00:00","USGS-02068500","00060",,"00003","2022-05-09","ea3689c6b8104856b945a7fbfd5e0664","ft^3/s","154",-80.3030555555556,36.515
"3b91a540-97c3-48a1-8d82-7eee02d572a3","Approved","2025-06-06T16:03:52.306465+00:00","USGS-02068500","00060",,"00003","2022-05-10","ea3689c6b8104856b945a7fbfd5e0664","ft^3/s","155",-80.3030555555556,36.515
"978d8cbe-b6cb-472f-85ab-e6db1c88794c","Approved","2025-06-06T16:03:52.306465+00:00","USGS-02068500","00060",,"00003","2022-05-11","ea3689c6b8104856b945a7fbfd5e0664","ft^3/s","150",-80.3030555555556,36.515
"7db8d794-842b-4a88-979c-76a2792bcd5b","Approved","2025-06-06T16:03:52.306465+00:00","USGS-02068500","00060",,"00003","2022-05-12","ea3689c6b8104856b945a7fbfd5e0664","ft^3/s","113",-80.3030555555556,36.515
"178df9c0-5203-4d0d-886a-1438740d8c9e","Approved","2025-06-06T16:03:52.306465+00:00","USGS-02068500","00060",,"00003","2022-05-13","ea3689c6b8104856b945a7fbfd5e0664","ft^3/s","104",-80.3030555555556,36.515
"f0b12d60-d180-4dc2-99e5-99195e3be93c","Approved","2025-06-06T16:03:52.306465+00:00","USGS-02068500","00060",,"00003","2022-05-14","ea3689c6b8104856b945a7fbfd5e0664","ft^3/s","127",-80.3030555555556,36.515
"5488f217-326b-4f08-b954-0c7aa08bc759","Approved","2025-06-06T16:03:52.306465+00:00","USGS-02068500","00060",,"00003","2022-05-15","ea3689c6b8104856b945a7fbfd5e0664","ft^3/s","185",-80.3030555555556,36.515
"30e9f395-3371-4233-9119-0be87657d618","Approved","2025-06-06T16:03:52.306465+00:00","USGS-02068500","00060",,"00003","2022-05-16","ea3689c6b8104856b945a7fbfd5e0664","ft^3/s","192",-80.3030555555556,36.515
"200848d3-f768-478f-9df2-46bda75b5945","Approved","2025-06-06T16:03:52.306465+00:00","USGS-02068500","00060",,"00003","2022-05-17","ea3689c6b8104856b945a7fbfd5e0664","ft^3/s","171",-80.3030555555556,36.515
"7753b1bf-2838-4394-8e3b-7fe88bf38f44","Approved","2025-06-06T16:03:52.306465+00:00","USGS-02068500","00060",,"00003","2022-05-18","ea3689c6b8104856b945a7fbfd5e0664","ft^3/s","161",-80.3030555555556,36.515
"18678ea3-3625-4441-9103-70c1b1e0f51a","Approved","2025-06-06T16:03:52.306465+00:00","USGS-02068500","00060",,"00003","2022-05-19","ea3689c6b8104856b945a7fbfd5e0664","ft^3/s","159",-80.3030555555556,36.515
"42dd43fd-b2e8-4a1b-90a8-b2c88bd766eb","Approved","2025-06-06T16:03:52.306465+00:00","USGS-02068500","00060",,"00003","2022-05-20","ea3689c6b8104856b945a7fbfd5e0664","ft^3/s","153",-80.3030555555556,36.515
"5f6455e4-2649-4ed0-8c36-cb8595a06bfe","Approved","2025-06-06T16:03:52.306465+00:00","USGS-02068500","00060",,"00003","2022-05-21","ea3689c6b8104856b945a7fbfd5e0664","ft^3/s","109",-80.3030555555556,36.515
"b7721fe2-7a56-435d-9521-2195de6b382a","Approved","2025-06-06T16:03:52.306465+00:00","USGS-02068500","00060",,"00003","2022-05-22","ea3689c6b8104856b945a7fbfd5e0664","ft^3/s","164",-80.3030555555556,36.515
"6e8c125e-82cd-4a07-9ca0-2417184dc628","Approved","2025-06-06T16:03:52.306465+00:00","USGS-02068500","00060",,"00003","2022-05-23","ea3689c6b8104856b945a7fbfd5e0664","ft^3/s","225",-80.3030555555556,36.515
"e50234cf-4a9d-4804-8f57-5f2b3d8d851e","Approved","2025-06-06T16:03:52.306465+00:00","USGS-02068500","00060",,"00003","2022-05-24","ea3689c6b8104856b945a7fbfd5e0664","ft^3/s","443",-80.3030555555556,36.515
"49f36a38-3245-4435-8c3c-5d3d2c004452","Approved","2025-06-06T16:03:52.306465+00:00","USGS-02068500","00060",,"00003","2022-05-25","ea3689c6b8104856b945a7fbfd5e0664","ft^3/s","233",-80.3030555555556,36.515
"8d37c658-ffe7-4a0d-b17f-24c95ed7a7c9","Approved","2025-06-06T16:03:52.306465+00:00","USGS-02068500","00060",,"00003","2022-05-26","ea3689c6b8104856b945a7fbfd5e0664","ft^3/s","206",-80.3030555555556,36.515
"aad09045-b919-49e6-a348-3da2cf946e50","Approved","2025-06-06T16:03:52.306465+00:00","USGS-02068500","00060",,"00003","2022-05-27","ea3689c6b8104856b945a7fbfd5e0664","ft^3/s","1500",-80.3030555555556,36.515
"01c33165-6212-4669-8b6e-66e41f08d386","Approved","2025-06-06T16:03:52.306465+00:00","USGS-02068500","00060",,"00003","2022-05-28","ea3689c6b8104856b945a7fbfd5e0664","ft^3/s","583",-80.3030555555556,36.515
"76e6fbb8-3e9b-40b1-9788-5adc2c53aed4","Approved","2025-06-06T16:03:52.306465+00:00","USGS-02068500","00060",,"00003","2022-05-29","ea3689c6b8104856b945a7fbfd5e0664","ft^3/s","364",-80.3030555555556,36.515
"9e2a6896-865d-45ad-9642-90a1703f4972","Approved","2025-06-06T16:03:52.306465+00:00","USGS-02068500","00060",,"00003","2022-05-30","ea3689c6b8104856b945a7fbfd5e0664","ft^3/s","260",-80.3030555555556,36.515
"e2c0476d-9794-4647-9c5a-62c7684b57f5","Approved","2025-06-06T16:03:52.306465+00:00","USGS-02068500","00060",,"00003","2022-05-31","ea3689c6b8104856b945a7fbfd5e0664","ft^3/s","181",-80.3030555555556,36.515
"87682aaf-6e82-4b71-8edc-40bbce8a2ad3","Approved","2025-06-06T16:03:52.306465+00:00","USGS-02068500","00060",,"00003","2022-06-01","ea3689c6b8104856b945a7fbfd5e0664","ft^3/s","161",-80.3030555555556,36.515
"4bbfd875-cf31-47fa-954f-127a812ba9db","Approved","2025-06-06T16:03:52.306465+00:00","USGS-02068500","00060",,"00003","2022-06-02","ea3689c6b8104856b945a7fbfd5e0664","ft^3/s","167",-80.3030555555556,36.515
"5690fc79-cd6d-4fd9-946c-ebfa94aee941","Approved","2025-06-06T16:03:52.306465+00:00","USGS-02068500","00060",,"00003","2022-06-03","ea3689c6b8104856b945a7fbfd5e0664","ft^3/s","179",-80.3030555555556,36.515
"d79b7a3f-4755-414f-b2d4-881491b51f2a","Approved","2025-06-06T16:03:52.306465+00:00","USGS-02068500","00060",,"00003","2022-06-04","ea3689c6b8104856b945a7fbfd5e0664","ft^3/s","200",-80.3030555555556,36.515
"8fd89de3-23a7-4069-a709-eba7caf5c7a5","Approved","2025-06-06T16:03:52.306465+00:00","USGS-02068500","00060",,"00003","2022-06-05","ea3689c6b8104856b945a7fbfd5e0664","ft^3/s","198",-80.3030555555556,36.515
"677b4b4c-59f2-459a-bdb5-b631d9a33443","Approved","2025-06-06T16:03:52.306465+00:00","USGS-02068500","00060",,"00003","2022-06-06","ea3689c6b8104856b945a7fbfd5e0664","ft^3/s","155",-80.3030555555556,36.515
"a8582b59-2141-47d7-b041-ba1e9c3b0b1d","Approved","2025-06-06T16:03:52.306465+00:00","USGS-02068500","00060",,"00003","2022-06-07","ea3689c6b8104856b945a7fbfd5e0664","ft^3/s","127",-80.3030555555556,36.515
"0d9e90d1-1e3a-47c6-b4f2-1e0188dd0c9f","Approved","2025-06-06T16:03:52.306465+00:00","USGS-02068500","00060",,"00003","2022-06-08","ea3689c6b8104856b945a7fbfd5e0664","ft^3/s","128",-80.3030555555556,36.515
"dcb6fd4e-ce02-41ed-b3bc-3305aefa9bb7","Approved","2025-06-06T16:03:52.306465+00:00","USGS-02068500","00060",,"00003","2022-06-09","ea3689c6b8104856b945a7fbfd5e0664","ft^3/s","143",-80.3030555555556,36.515
"800e2b0b-d7fe-47d9-b5e2-1fafbbd3ce59","Approved","2025-06-06T16:03:52.306465+00:00","USGS-02068500","00060",,"00003","2022-06-10","ea3689c6b8104856b945a7fbfd5e0664","ft^3/s","158",-80.3030555555556,36.515
"f96eba0f-2dea-43d7-808a-131572190ab9","Approved","2025-06-06T16:03:52.306465+00:00","USGS-02068500","00060",,"00003","2022-06-11","ea3689c6b8104856b945a7fbfd5e0664","ft^3/s","172",-80.3030555555556,36.515
"8ebf059a-6be9-41ff-ba82-6b7268fab139","Approved","2025-06-06T16:03:52.306465+00:00","USGS-02068500","00060",,"00003","2022-06-12","ea3689c6b8104856b945a7fbfd5e0664","ft^3/s","172",-80.3030555555556,36.515
"44db6bef-f20c-4c91-a9df-98f0ff8a66ff","Approved","2025-06-06T16:03:52.306465+00:00","USGS-02068500","00060",,"00003","2022-06-13","ea3689c6b8104856b945a7fbfd5e0664","ft^3/s","160",-80.3030555555556,36.515
"ef257691-1ca0-4039-b5ae-2a1c9b10a728","Approved","2025-06-06T16:03:52.306465+00:00","USGS-02068500","00060",,"00003","2022-06-14","ea3689c6b8104856b945a7fbfd5e0664","ft^3/s","137",-80.3030555555556,36.515
"511ab10c-a0a5-495c-a7db-eb6819b763c5","Approved","2025-06-06T16:03:52.306465+00:00","USGS-02068500","00060",,"00003","2022-06-15","ea3689c6b8104856b945a7fbfd5e0664","ft^3/s","113",-80.3030555555556,36.515
"2332c251-6555-45fc-bdc2-a09f3a268fb3","Approved","2025-06-06T16:03:52.306465+00:00","USGS-02068500","00060",,"00003","2022-06-16","ea3689c6b8104856b945a7fbfd5e0664","ft^3/s","158",-80.3030555555556,36.515
"25e210fb-6941-49e3-8a7e-720245c9f51b","Approved","2025-06-06T16:03:52.306465+00:00","USGS-02068500","00060",,"00003","2022-06-17","ea3689c6b8104856b945a7fbfd5e0664","ft^3/s","173",-80.3030555555556,36.515
"74490c6a-dc81-4ddf-b3ec-be3a485f6b0c","Approved","2025-06-06T16:03:52.306465+00:00","USGS-02068500","00060",,"00003","2022-06-18","ea3689c6b8104856b945a7fbfd5e0664","ft^3/s","104",-80.3030555555556,36.515
"69f767a6-7137-42d5-9e50-a87b8f6f6f8c","Approved","2025-06-06T16:03:52.306465+00:00","USGS-02068500","00060",,"00003","2022-06-19","ea3689c6b8104856b945a7fbfd5e0664","ft^3/s","104",-80.3030555555556,36.515
"6b11b33d-1a42-479e-a622-0302643d4fa5","Approved","2025-06-06T16:03:52.306465+00:00","USGS-02068500","00060",,"00003","2022-06-20","ea3689c6b8104856b945a7fbfd5e0664","ft^3/s","111",-80.3030555555556,36.515
"3e48de04-790e-4818-9bbb-bba7b0793b15","Approved","2025-06-06T16:03:52.306465+00:00","USGS-02068500","00060",,"00003","2022-06-21","ea3689c6b8104856b945a7fbfd5e0664","ft^3/s","104",-80.3030555555556,36.515
"2468bc54-73b9-4a1b-ae9d-a40d62c51839","Approved","2025-06-06T16:03:52.306465+00:00","USGS-02068500","00060",,"00003","2022-06-22","ea3689c6b8104856b945a7fbfd5e0664","ft^3/s","107",-80.3030555555556,36.515
"a75a6b25-94df-46e7-84da-d89e57b5f1be","Approved","2025-06-06T16:03:52.306465+00:00","USGS-02068500","00060",,"00003","2022-06-23","ea3689c6b8104856b945a7fbfd5e0664","ft^3/s","105",-80.3030555555556,36.515
"372c6971-9f25-4007-9d92-f0d750d7f16a","Approved","2025-06-06T16:03:52.306465+00:00","USGS-02068500","00060",,"00003","2022-06-24","ea3689c6b8104856b945a7fbfd5e0664","ft^3/s","106",-80.3030555555556,36.515
"bb4335df-cbe1-4027-a7e5-def34481d510","Approved","2025-06-06T16:03:52.306465+00:00","USGS-02068500","00060",,"00003","2022-06-25","ea3689c6b8104856b945a7fbfd5e0664","ft^3/s","102",-80.3030555555556,36.515
"1db129f1-83b1-4d17-83b1-f252dfda0cc3","Approved","2025-06-06T16:03:52.306465+00:00","USGS-02068500","00060",,"00003","2022-06-26","ea3689c6b8104856b945a7fbfd5e0664","ft^3/s","105",-80.3030555555556,36.515
"285194dd-06f9-4fd2-aae8-561071c6e6aa","Approved","2025-06-06T16:03:52.306465+00:00","USGS-02068500","00060",,"00003","2022-06-27","ea3689c6b8104856b945a7fbfd5e0664","ft^3/s","116",-80.3030555555556,36.515
"0162b43f-720a-4700-ad98-c9c36335771b","Approved","2025-06-06T16:03:52.306465+00:00","USGS-02068500","00060",,"00003","2022-06-28","ea3689c6b8104856b945a7fbfd5e0664","ft^3/s","112",-80.3030555555556,36.515
"23f4aa14-1696-4352-9970-1dcda18330b5","Approved","2025-06-06T16:03:52.306465+00:00","USGS-02068500","00060",,"00003","2022-06-29","ea3689c6b8104856b945a7fbfd5e0664","ft^3/s","108",-80.3030555555556,36.515
"601ccf65-29d3-41c1-94e4-41313d90ca40","Approved","2025-06-06T16:03:52.306465+00:00","USGS-02068500","00060",,"00003","2022-06-30","ea3689c6b8104856b945a7fbfd5e0664","ft^3/s","151",-80.3030555555556,36.515
"6cd9ff87-217d-41fc-b9ba-5f27100d7626","Approved","2025-06-06T16:03:52.306465+00:00","USGS-02068500","00060",,"00003","2022-07-01","ea3689c6b8104856b945a7fbfd5e0664","ft^3/s","116",-80.3030555555556,36.515
"7734d76b-9566-4604-a4a4-961afeaa536d","Approved","2025-06-06T16:03:52.306465+00:00","USGS-02068500","00060",,"00003","2022-07-02","ea3689c6b8104856b945a7fbfd5e0664","ft^3/s","132",-80.3030555555556,36.515
"da03125b-16db-452f-9925-d34b35ddd621","Approved","2025-06-06T16:03:52.306465+00:00","USGS-02068500","00060",,"00003","2022-07-03","ea3689c6b8104856b945a7fbfd5e0664","ft^3/s","202",-80.3030555555556,36.515
"3c689ab5-2b30-4654-ade1-71a8333b2833","Approved","2025-06-06T16:03:52.306465+00:00","USGS-02068500","00060",,"00003","2022-07-04","ea3689c6b8104856b945a7fbfd5e0664","ft^3/s","129",-80.3030555555556,36.515
"a2519cc1-dd16-46fd-b196-35136b25d1a5","Approved","2025-06-06T16:03:52.306465+00:00","USGS-02068500","00060",,"00003","2022-07-05","ea3689c6b8104856b945a7fbfd5e0664","ft^3/s","111",-80.3030555555556,36.515
"705440ed-3f2b-4ae8-b9a8-5cf7c5d7b476","Approved","2025-06-06T16:03:52.306465+00:00","USGS-02068500","00060",,"00003","2022-07-06","ea3689c6b8104856b945a7fbfd5e0664","ft^3/s","132",-80.3030555555556,36.515
"811fa4d4-f74c-4b48-b954-636ab523b248","Approved","2025-06-06T16:03:52.306465+00:00","USGS-02068500","00060",,"00003","2022-07-07","ea3689c6b8104856b945a7fbfd5e0664","ft^3/s","114",-80.3030555555556,36.515
"390c5941-2f9d-4a04-a855-4186aabe9c0a","Approved","2025-06-06T16:03:52.306465+00:00","USGS-02068500","00060",,"00003","2022-07-08","ea3689c6b8104856b945a7fbfd5e0664","ft^3/s","147",-80.3030555555556,36.515
"3d692477-2264-4602-91ba-290478052985","Approved","2025-06-06T16:03:52.306465+00:00","USGS-02068500","00060",,"00003","2022-07-09","ea3689c6b8104856b945a7fbfd5e0664","ft^3/s","196",-80.3030555555556,36.515
"468fac38-0698-40ce-8d30-384745f00f42","Approved","2025-06-06T16:03:52.306465+00:00","USGS-02068500","00060",,"00003","2022-07-10","ea3689c6b8104856b945a7fbfd5e0664","ft^3/s","242",-80.3030555555556,36.515
"8969be88-58c0-45e3-91bf-c40ac018d169","Approved","2025-06-06T16:03:52.306465+00:00","USGS-02068500","00060",,"00003","2022-07-11","ea3689c6b8104856b945a7fbfd5e0664","ft^3/s","188",-80.3030555555556,36.515
"c5ae9f0e-1b59-4a5d-897e-68f3537cae0d","Approved","2025-06-06T16:03:52.306465+00:00","USGS-02068500","00060",,"00003","2022-07-12","ea3689c6b8104856b945a7fbfd5e0664","ft^3/s","131",-80.3030555555556,36.515
"1a19a5d6-8785-477d-b85a-7e0e2fc604bd","Approved","2025-06-06T16:03:52.306465+00:00","USGS-02068500","00060",,"00003","2022-07-13","ea3689c6b8104856b945a7fbfd5e0664","ft^3/s","153",-80.3030555555556,36.515
"9c6017a6-ad4d-40b4-bd27-0e3eed3b44a1","Approved","2025-06-06T16:03:52.306465+00:00","USGS-02068500","00060",,"00003","2022-07-14","ea3689c6b8104856b945a7fbfd5e0664","ft^3/s","215",-80.3030555555556,36.515
"c83c2a4c-329a-4c77-98c8-78cfb3f4ecbf","Approved","2025-06-06T16:03:52.306465+00:00","USGS-02068500","00060",,"00003","2022-07-15","ea3689c6b8104856b945a7fbfd5e0664","ft^3/s","159",-80.3030555555556,36.515
"1788ffce-f17e-4261-8d9e-8774639efc8d","Approved","2025-06-06T16:03:52.306465+00:00","USGS-02068500","00060",,"00003","2022-07-16","ea3689c6b8104856b945a7fbfd5e0664","ft^3/s","155",-80.3030555555556,36.515
"da598dfc-6ba3-4e5c-83e2-0ce13d863aef","Approved","2025-06-06T16:03:52.306465+00:00","USGS-02068500","00060",,"00003","2022-07-17","ea3689c6b8104856b945a7fbfd5e0664","ft^3/s","146",-80.3030555555556,36.515
"d95917f6-25ba-418c-baf9-7ba21c1b1a76","Approved","2025-06-06T16:03:52.306465+00:00","USGS-02068500","00060",,"00003","2022-07-18","ea3689c6b8104856b945a7fbfd5e0664","ft^3/s","136",-80.3030555555556,36.515
"c42abf97-1838-4a24-ac65-82ba8350819d","Approved","2025-06-06T16:03:52.306465+00:00","USGS-02068500","00060",,"00003","2022-07-19","ea3689c6b8104856b945a7fbfd5e0664","ft^3/s","185",-80.3030555555556,36.515
"d525979c-b0a6-4c62-a488-ea9046992765","Approved","2025-06-06T16:03:52.306465+00:00","USGS-02068500","00060",,"00003","2022-07-20","ea3689c6b8104856b945a7fbfd5e0664","ft^3/s","168",-80.3030555555556,36.515
"c9000d61-8e1c-443f-9b0c-c991e16718af","Approved","2025-06-06T16:03:52.306465+00:00","USGS-02068500","00060",,"00003","2022-07-21","ea3689c6b8104856b945a7fbfd5e0664","ft^3/s","183",-80.3030555555556,36.515
"991d335d-dad9-41a6-9b3a-0cf702bca1c6","Approved","2025-06-06T16:03:52.306465+00:00","USGS-02068500","00060",,"00003","2022-07-22","ea3689c6b8104856b945a7fbfd5e0664","ft^3/s","177",-80.3030555555556,36.515
"60c3c850-a2be-49ff-965b-a44927576491","Approved","2025-06-06T16:03:52.306465+00:00","USGS-02068500","00060",,"00003","2022-07-23","ea3689c6b8104856b945a7fbfd5e0664","ft^3/s","152",-80.3030555555556,36.515
"719c0632-4dd8-4b8f-a50a-83954340782b","Approved","2025-06-06T16:03:52.306465+00:00","USGS-02068500","00060",,"00003","2022-07-24","ea3689c6b8104856b945a7fbfd5e0664","ft^3/s","125",-80.3030555555556,36.515
"d6eeed99-911e-4cd4-bc49-3fa1a5adc3ba","Approved","2025-06-06T16:03:52.306465+00:00","USGS-02068500","00060","['ESTIMATED']","00003","2022-07-25","ea3689c6b8104856b945a7fbfd5e0664","ft^3/s","287",-80.3030555555556,36.515
"eb66e48d-45bd-4016-8071-f8d046e4c1bb","Approved","2025-06-06T16:03:52.306465+00:00","USGS-02068500","00060","['ESTIMATED']","00003","2022-07-26","ea3689c6b8104856b945a7fbfd5e0664","ft^3/s","298",-80.3030555555556,36.515
"cb2b5f0d-f9cd-41a7-b696-b673779376e2","Approved","2025-08-04T14:48:22.567546+00:00","USGS-02068500","00060",,"00003","2022-07-27","ea3689c6b8104856b945a7fbfd5e0664","ft^3/s","260",-80.3030555555556,36.515
"a8b2f98f-26e1-449b-bf39-48795646cc62","Approved","2025-06-06T16:03:52.306465+00:00","USGS-02068500","00060",,"00003","2022-07-28","ea3689c6b8104856b945a7fbfd5e0664","ft^3/s","236",-80.3030555555556,36.515
"c1c29b5f-8d77-4e0f-9210-3a87e70f9733","Approved","2025-06-06T16:03:52.306465+00:00","USGS-02068500","00060",,"00003","2022-07-29","ea3689c6b8104856b945a7fbfd5e0664","ft^3/s","183",-80.3030555555556,36.515
"89eb06ac-b585-4eec-abaa-4a6451200b17","Approved","2025-06-06T16:03:52.306465+00:00","USGS-02068500","00060",,"00003","2022-07-30","ea3689c6b8104856b945a7fbfd5e0664","ft^3/s","141",-80.3030555555556,36.515
"57f565a8-789c-490c-99f7-c7e4b4306c77","Approved","2025-06-06T16:03:52.306465+00:00","USGS-02068500","00060",,"00003","2022-07-31","ea3689c6b8104856b945a7fbfd5e0664","ft^3/s","120",-80.3030555555556,36.515
"f7e0b5fa-1ca9-4d82-b8e0-810517f926c3","Approved","2025-06-06T16:03:52.306465+00:00","USGS-02068500","00060",,"00003","2022-08-01","ea3689c6b8104856b945a7fbfd5e0664","ft^3/s","191",-80.3030555555556,36.515
"b768ea89-86f6-433d-ac23-11f0b46415df","Approved","2025-06-06T16:03:52.306465+00:00","USGS-02068500","00060",,"00003","2022-08-02","ea3689c6b8104856b945a7fbfd5e0664","ft^3/s","152",-80.3030555555556,36.515
"cab61ea1-38a3-4a6b-b834-de7fd749458a","Approved","2025-06-06T16:03:52.306465+00:00","USGS-02068500","00060",,"00003","2022-08-03","ea3689c6b8104856b945a7fbfd5e0664","ft^3/s","125",-80.3030555555556,36.515
"3e0994cf-9096-438a-8718-748f033f2e80","Approved","2025-06-06T16:03:52.306465+00:00","USGS-02068500","00060",,"00003","2022-08-04","ea3689c6b8104856b945a7fbfd5e0664","ft^3/s","133",-80.3030555555556,36.515
"c9db3331-465c-4445-a1db-b1be5b3dd6dc","Approved","2025-06-06T16:03:52.306465+00:00","USGS-02068500","00060",,"00003","2022-08-05","ea3689c6b8104856b945a7fbfd5e0664","ft^3/s","116",-80.3030555555556,36.515
"5044e1a1-a61d-4acf-bfed-43f428769041","Approved","2025-06-06T16:03:52.306465+00:00","USGS-02068500","00060",,"00003","2022-08-06","ea3689c6b8104856b945a7fbfd5e0664","ft^3/s","200",-80.3030555555556,36.515
"d9104525-fd71-4536-be99-69a8aacb2076","Approved","2025-06-06T16:03:52.306465+00:00","USGS-02068500","00060",,"00003","2022-08-07","ea3689c6b8104856b945a7fbfd5e0664","ft^3/s","143",-80.3030555555556,36.515
"287f2b70-5799-4936-a7dc-5ff28946a2f8","Approved","2025-06-06T16:03:52.306465+00:00","USGS-02068500","00060",,"00003","2022-08-08","ea3689c6b8104856b945a7fbfd5e0664","ft^3/s","134",-80.3030555555556,36.515
"125f652b-5893-4a42-8e32-124e92d23ffb","Approved","2025-06-06T16:03:52.306465+00:00","USGS-02068500","00060",,"00003","2022-08-09","ea3689c6b8104856b945a7fbfd5e0664","ft^3/s","150",-80.3030555555556,36.515
"1556447f-73fe-419b-9430-d44350ab0e06","Approved","2025-06-06T16:03:52.306465+00:00","USGS-02068500","00060",,"00003","2022-08-10","ea3689c6b8104856b945a7fbfd5e0664","ft^3/s","144",-80.3030555555556,36.515
"817a9c8c-80e8-461e-874f-3ce4e558fa1b","Approved","2025-06-06T16:03:52.306465+00:00","USGS-02068500","00060",,"00003","2022-08-11","ea3689c6b8104856b945a7fbfd5e0664","ft^3/s","162",-80.3030555555556,36.515
"9064d55c-4c5e-475d-89ce-4454ebbc38d1","Approved","2025-06-06T16:03:52.306465+00:00","USGS-02068500","00060",,"00003","2022-08-12","ea3689c6b8104856b945a7fbfd5e0664","ft^3/s","150",-80.3030555555556,36.515
"f20815cf-e33b-4eb8-ade0-fab0083a3a64","Approved","2025-06-06T16:03:52.306465+00:00","USGS-02068500","00060",,"00003","2022-08-13","ea3689c6b8104856b945a7fbfd5e0664","ft^3/s","133",-80.3030555555556,36.515
"de6a2fbc-2c6c-431c-9973-8201a78e430e","Approved","2025-06-06T16:03:52.306465+00:00","USGS-02068500","00060",,"00003","2022-08-14","ea3689c6b8104856b945a7fbfd5e0664","ft^3/s","125",-80.3030555555556,36.515
"0c634f60-fa60-4ed7-88d1-1120c8314a26","Approved","2025-06-06T16:03:52.306465+00:00","USGS-02068500","00060",,"00003","2022-08-15","ea3689c6b8104856b945a7fbfd5e0664","ft^3/s","150",-80.3030555555556,36.515
"b3d19db7-ca43-4a9a-b70f-7ba0131f129c","Approved","2025-06-06T16:03:52.306465+00:00","USGS-02068500","00060",,"00003","2022-08-16","ea3689c6b8104856b945a7fbfd5e0664","ft^3/s","163",-80.3030555555556,36.515
"4d942e8a-c340-4e4d-a8d4-55ad3b880caa","Approved","2025-06-06T16:03:52.306465+00:00","USGS-02068500","00060",,"00003","2022-08-17","ea3689c6b8104856b945a7fbfd5e0664","ft^3/s","143",-80.3030555555556,36.515
"69322eed-1f7d-4574-a0be-7c8ca8735444","Approved","2025-06-06T16:03:52.306465+00:00","USGS-02068500","00060",,"00003","2022-08-18","ea3689c6b8104856b945a7fbfd5e0664","ft^3/s","143",-80.3030555555556,36.515
"d604c69b-91cc-484a-822a-6cc2dc4a3c5f","Approved","2025-06-06T16:03:52.306465+00:00","USGS-02068500","00060",,"00003","2022-08-19","ea3689c6b8104856b945a7fbfd5e0664","ft^3/s","139",-80.3030555555556,36.515
"a4f02ece-fb8a-45ad-8b3f-58c946636130","Approved","2025-06-06T16:03:52.306465+00:00","USGS-02068500","00060",,"00003","2022-08-20","ea3689c6b8104856b945a7fbfd5e0664","ft^3/s","104",-80.3030555555556,36.515
"8ffb0f83-fb9d-4b21-b2c5-c0c3462805ac","Approved","2025-06-06T16:03:52.306465+00:00","USGS-02068500","00060",,"00003","2022-08-21","ea3689c6b8104856b945a7fbfd5e0664","ft^3/s","103",-80.3030555555556,36.515
"840df271-a94d-4abc-9a2e-3fd5f8685075","Approved","2025-06-06T16:03:52.306465+00:00","USGS-02068500","00060",,"00003","2022-08-22","ea3689c6b8104856b945a7fbfd5e0664","ft^3/s","481",-80.3030555555556,36.515
"077d52ed-f87f-4a18-90e2-51f5e107048a","Approved","2025-06-06T16:03:52.306465+00:00","USGS-02068500","00060",,"00003","2022-08-23","ea3689c6b8104856b945a7fbfd5e0664","ft^3/s","256",-80.3030555555556,36.515
"b2aa4a85-d961-4b09-8eae-a58c063db620","Approved","2025-06-06T16:03:52.306465+00:00","USGS-02068500","00060",,"00003","2022-08-24","ea3689c6b8104856b945a7fbfd5e0664","ft^3/s","200",-80.3030555555556,36.515
"077f025d-2b49-4ab5-84de-dc1d56d1e828","Approved","2025-06-06T16:03:52.306465+00:00","USGS-02068500","00060",,"00003","2022-08-25","ea3689c6b8104856b945a7fbfd5e0664","ft^3/s","194",-80.3030555555556,36.515
"90b96ec9-4b05-4336-97d3-10954b1439c1","Approved","2025-06-06T16:03:52.306465+00:00","USGS-02068500","00060",,"00003","2022-08-26","ea3689c6b8104856b945a7fbfd5e0664","ft^3/s","183",-80.3030555555556,36.515
"b28253a4-2b01-4538-bf88-f0461399a210","Approved","2025-06-06T16:03:52.306465+00:00","USGS-02068500","00060",,"00003","2022-08-27","ea3689c6b8104856b945a7fbfd5e0664","ft^3/s","160",-80.3030555555556,36.515
"f49e131b-32eb-4188-bc08-8572cf244d38","Approved","2025-06-06T16:03:52.306465+00:00","USGS-02068500","00060",,"00003","2022-08-28","ea3689c6b8104856b945a7fbfd5e0664","ft^3/s","130",-80.3030555555556,36.515
"53d10c19-19b6-48a5-a3a0-f425fb817d4d","Approved","2025-06-06T16:03:52.306465+00:00","USGS-02068500","00060",,"00003","2022-08-29","ea3689c6b8104856b945a7fbfd5e0664","ft^3/s","146",-80.3030555555556,36.515
"c717711b-68a1-43fa-862b-3fb327ab8de5","Approved","2025-06-06T16:03:52.306465+00:00","USGS-02068500","00060",,"00003","2022-08-30","ea3689c6b8104856b945a7fbfd5e0664","ft^3/s","259",-80.3030555555556,36.515
"c1087389-1fe5-45e1-8bd6-790a5b269b58","Approved","2025-06-06T16:03:52.306465+00:00","USGS-02068500","00060",,"00003","2022-08-31","ea3689c6b8104856b945a7fbfd5e0664","ft^3/s","199",-80.3030555555556,36.515
"836f738d-9c17-4951-86be-f6c5b257de61","Approved","2025-06-06T16:03:52.306465+00:00","USGS-02068500","00060",,"00003","2022-09-01","ea3689c6b8104856b945a7fbfd5e0664","ft^3/s","148",-80.3030555555556,36.515
"308a2ee4-159f-4a87-8bf8-6ff8975fc737","Approved","2025-06-06T16:03:52.306465+00:00","USGS-02068500","00060",,"00003","2022-09-02","ea3689c6b8104856b945a7fbfd5e0664","ft^3/s","131",-80.3030555555556,36.515
"b4e7901a-e489-4e5d-988e-a9dab3d952dc","Approved","2025-06-06T16:03:52.306465+00:00","USGS-02068500","00060",,"00003","2022-09-03","ea3689c6b8104856b945a7fbfd5e0664","ft^3/s","115",-80.3030555555556,36.515
"7f38128f-8e07-4d75-aaf9-857b080e5d2c","Approved","2025-06-06T16:03:52.306465+00:00","USGS-02068500","00060",,"00003","2022-09-04","ea3689c6b8104856b945a7fbfd5e0664","ft^3/s","119",-80.3030555555556,36.515
"485ca45d-1d15-4514-9a8c-386d9d821f23","Approved","2025-06-06T16:03:52.306465+00:00","USGS-02068500","00060",,"00003","2022-09-05","ea3689c6b8104856b945a7fbfd5e0664","ft^3/s","427",-80.3030555555556,36.515
"a2961d6f-b35e-470d-a0a7-d0a4d237fb8f","Approved","2025-06-06T16:03:52.306465+00:00","USGS-02068500","00060",,"00003","2022-09-06","ea3689c6b8104856b945a7fbfd5e0664","ft^3/s","345",-80.3030555555556,36.515
"70557d42-48da-4c02-8f65-50ee9164920d","Approved","2025-06-06T16:03:52.306465+00:00","USGS-02068500","00060",,"00003","2022-09-07","ea3689c6b8104856b945a7fbfd5e0664","ft^3/s","292",-80.3030555555556,36.515
"a0a9721c-7a80-4493-a1c1-ef5c8fa2ee8b","Approved","2025-06-06T16:03:52.306465+00:00","USGS-02068500","00060",,"00003","2022-09-08","ea3689c6b8104856b945a7fbfd5e0664","ft^3/s","215",-80.3030555555556,36.515
"7e1bac47-9fc8-4504-aab2-9fda35338020","Approved","2025-06-06T16:03:52.306465+00:00","USGS-02068500","00060",,"00003","2022-09-09","ea3689c6b8104856b945a7fbfd5e0664","ft^3/s","213",-80.3030555555556,36.515
"8c6eb072-3610-42d7-9c9f-c0d18e7bdb44","Approved","2025-06-06T16:03:52.306465+00:00","USGS-02068500","00060",,"00003","2022-09-10","ea3689c6b8104856b945a7fbfd5e0664","ft^3/s","266",-80.3030555555556,36.515
"3947726d-fdc6-450c-a88f-f6edf5aaaa66","Approved","2025-06-06T16:03:52.306465+00:00","USGS-02068500","00060",,"00003","2022-09-11","ea3689c6b8104856b945a7fbfd5e0664","ft^3/s","358",-80.3030555555556,36.515
"e1c26e7b-d4c0-4f1f-9cf4-00153626d645","Approved","2025-06-06T16:03:52.306465+00:00","USGS-02068500","00060",,"00003","2022-09-12","ea3689c6b8104856b945a7fbfd5e0664","ft^3/s","274",-80.3030555555556,36.515
"344262d7-1288-497d-a31c-70880892cb76","Approved","2025-06-06T16:03:52.306465+00:00","USGS-02068500","00060",,"00003","2022-09-13","ea3689c6b8104856b945a7fbfd5e0664","ft^3/s","178",-80.3030555555556,36.515
"b317e933-4baa-4783-a110-dcc5542c7ea5","Approved","2025-06-06T16:03:52.306465+00:00","USGS-02068500","00060",,"00003","2022-09-14","ea3689c6b8104856b945a7fbfd5e0664","ft^3/s","160",-80.3030555555556,36.515
"0459adb3-9ee0-4fe0-85d2-577ff4af4bcd","Approved","2025-06-06T16:03:52.306465+00:00","USGS-02068500","00060",,"00003","2022-09-15","ea3689c6b8104856b945a7fbfd5e0664","ft^3/s","149",-80.3030555555556,36.515
"331045e7-0b69-420f-9bc4-99c8822885b1","Approved","2025-06-06T16:03:52.306465+00:00","USGS-02068500","00060",,"00003","2022-09-16","ea3689c6b8104856b945a7fbfd5e0664","ft^3/s","141",-80.3030555555556,36.515
"5f21bec0-e706-4afc-b6e2-57145be0de53","Approved","2025-06-06T16:03:52.306465+00:00","USGS-02068500","00060",,"00003","2022-09-17","ea3689c6b8104856b945a7fbfd5e0664","ft^3/s","148",-80.3030555555556,36.515
"b389e5f6-1551-44f3-a67f-3a4abe24410c","Approved","2025-06-06T16:03:52.306465+00:00","USGS-02068500","00060",,"00003","2022-09-18","ea3689c6b8104856b945a7fbfd5e0664","ft^3/s","172",-80.3030555555556,36.515
"6a79707c-a744-4ac4-882c-d2f53b11ae42","Approved","2025-06-06T16:03:52.306465+00:00","USGS-02068500","00060",,"00003","2022-09-19","ea3689c6b8104856b945a7fbfd5e0664","ft^3/s","130",-80.3030555555556,36.515
"e19e92c2-b4da-4f42-93e5-86ffbb16a1bd","Approved","2025-06-06T16:03:52.306465+00:00","USGS-02068500","00060",,"00003","2022-09-20","ea3689c6b8104856b945a7fbfd5e0664","ft^3/s","114",-80.3030555555556,36.515
"4e66489a-3bbd-4f30-ac55-0076f957eb48","Approved","2025-06-06T16:03:52.306465+00:00","USGS-02068500","00060",,"00003","2022-09-21","ea3689c6b8104856b945a7fbfd5e0664","ft^3/s","104",-80.3030555555556,36.515
"097d4ed4-e215-485c-9922-3e6002c0d968","Approved","2025-06-06T16:03:52.306465+00:00","USGS-02068500","00060",,"00003","2022-09-22","ea3689c6b8104856b945a7fbfd5e0664","ft^3/s","116",-80.3030555555556,36.515
"0faa3332-a598-4cac-9890-1d12054d42de","Approved","2025-06-06T16:03:52.306465+00:00","USGS-02068500","00060",,"00003","2022-09-23","ea3689c6b8104856b945a7fbfd5e0664","ft^3/s","108",-80.3030555555556,36.515
"991085e9-6b2f-4b80-8b3f-738640e1c641","Approved","2025-06-06T16:03:52.306465+00:00","USGS-02068500","00060",,"00003","2022-09-24","ea3689c6b8104856b945a7fbfd5e0664","ft^3/s","119",-80.3030555555556,36.515
"3dc05a1b-7af2-4c56-90b2-13b8e220aef9","Approved","2025-06-06T16:03:52.306465+00:00","USGS-02068500","00060",,"00003","2022-09-25","ea3689c6b8104856b945a7fbfd5e0664","ft^3/s","144",-80.3030555555556,36.515
"653bae13-81fe-4928-8489-835f0e4f28b4","Approved","2025-06-06T16:03:52.306465+00:00","USGS-02068500","00060",,"00003","2022-09-26","ea3689c6b8104856b945a7fbfd5e0664","ft^3/s","113",-80.3030555555556,36.515
"e8fccc78-533b-46fc-bd96-3e05bd251312","Approved","2025-06-06T16:03:52.306465+00:00","USGS-02068500","00060",,"00003","2022-09-27","ea3689c6b8104856b945a7fbfd5e0664","ft^3/s","107",-80.3030555555556,36.515
"4ef93f16-552b-4e5b-8843-dd0987fa7330","Approved","2025-06-06T16:03:52.306465+00:00","USGS-02068500","00060",,"00003","2022-09-28","ea3689c6b8104856b945a7fbfd5e0664","ft^3/s","152",-80.3030555555556,36.515
"582f819b-659c-4466-8ad3-860925d095b3","Approved","2025-06-06T16:03:52.306465+00:00","USGS-02068500","00060",,"00003","2022-09-29","ea3689c6b8104856b945a7fbfd5e0664","ft^3/s","180",-80.3030555555556,36.515
"cd3c1420-75bf-43d1-86ff-7fe24d8de9d7","Approved","2025-06-06T16:03:52.306465+00:00","USGS-02068500","00060",,"00003","2022-09-30","ea3689c6b8104856b945a7fbfd5e0664","ft^3/s","146",-80.3030555555556,36.515
"d31810b0-262f-40f7-a529-12e8b469de1c","Approved","2025-06-06T16:03:52.306465+00:00","USGS-02068500","00060",,"00003","2022-10-01","ea3689c6b8104856b945a7fbfd5e0664","ft^3/s","175",-80.3030555555556,36.515
"a6d093b5-8ecf-45fc-bb73-a5dbc640456b","Approved","2025-06-06T16:03:52.306465+00:00","USGS-02068500","00060",,"00003","2022-10-02","ea3689c6b8104856b945a7fbfd5e0664","ft^3/s","129",-80.3030555555556,36.515
"bf920bea-5bd6-4c31-b293-1159ae42b583","Approved","2025-06-06T16:03:52.306465+00:00","USGS-02068500","00060",,"00003","2022-10-03","ea3689c6b8104856b945a7fbfd5e0664","ft^3/s","118",-80.3030555555556,36.515
"8dfb5bdf-5012-4e5b-b39f-e559c9c37adf","Approved","2025-06-06T16:03:52.306465+00:00","USGS-02068500","00060",,"00003","2022-10-04","ea3689c6b8104856b945a7fbfd5e0664","ft^3/s","113",-80.3030555555556,36.515
"a481f684-e01a-432d-b7e3-c3e8b50d7457","Approved","2025-06-06T16:03:52.306465+00:00","USGS-02068500","00060",,"00003","2022-10-05","ea3689c6b8104856b945a7fbfd5e0664","ft^3/s","111",-80.3030555555556,36.515
"406e67b0-c72f-44bc-837a-64bafd3f69e0","Approved","2025-06-06T16:03:52.306465+00:00","USGS-02068500","00060",,"00003","2022-10-06","ea3689c6b8104856b945a7fbfd5e0664","ft^3/s","109",-80.3030555555556,36.515
"b5878e6f-aa1c-424d-9227-01d3bc50121a","Approved","2025-06-06T16:03:52.306465+00:00","USGS-02068500","00060",,"00003","2022-10-07","ea3689c6b8104856b945a7fbfd5e0664","ft^3/s","114",-80.3030555555556,36.515
"0b29d92a-3d54-4fc9-96cf-04dc883c6633","Approved","2025-06-06T16:03:52.306465+00:00","USGS-02068500","00060",,"00003","2022-10-08","ea3689c6b8104856b945a7fbfd5e0664","ft^3/s","197",-80.3030555555556,36.515
"53f9a83d-9594-4358-b2ca-aa3360b0dd83","Approved","2025-06-06T16:03:52.306465+00:00","USGS-02068500","00060",,"00003","2022-10-09","ea3689c6b8104856b945a7fbfd5e0664","ft^3/s","197",-80.3030555555556,36.515
"270d71e7-1098-4d16-8cac-f79fa3143021","Approved","2025-06-06T16:03:52.306465+00:00","USGS-02068500","00060",,"00003","2022-10-10","ea3689c6b8104856b945a7fbfd5e0664","ft^3/s","159",-80.3030555555556,36.515
"1f4822a1-51ca-4f2a-ba4f-e425abf01c23","Approved","2025-06-06T16:03:52.306465+00:00","USGS-02068500","00060",,"00003","2022-10-11","ea3689c6b8104856b945a7fbfd5e0664","ft^3/s","97.5",-80.3030555555556,36.515
"173df6fd-81ff-4d8b-931e-c1d9b1cc764e","Approved","2025-06-06T16:03:52.306465+00:00","USGS-02068500","00060",,"00003","2022-10-12","ea3689c6b8104856b945a7fbfd5e0664","ft^3/s","89.3",-80.3030555555556,36.515
"094c7dc3-1f6f-4742-b9fe-81721e786fd5","Approved","2025-06-06T16:03:52.306465+00:00","USGS-02068500","00060",,"00003","2022-10-13","ea3689c6b8104856b945a7fbfd5e0664","ft^3/s","158",-80.3030555555556,36.515
"832cde24-e8e4-472b-a9a9-02a730c33db5","Approved","2025-06-06T16:03:52.306465+00:00","USGS-02068500","00060",,"00003","2022-10-14","ea3689c6b8104856b945a7fbfd5e0664","ft^3/s","126",-80.3030555555556,36.515
"980ae1fa-6142-4dec-be09-2561a96ead60","Approved","2025-06-06T16:03:52.306465+00:00","USGS-02068500","00060",,"00003","2022-10-15","ea3689c6b8104856b945a7fbfd5e0664","ft^3/s","119",-80.3030555555556,36.515
"e40e73d4-10b2-4343-8853-584ac57d9ab4","Approved","2025-06-06T16:03:52.306465+00:00","USGS-02068500","00060",,"00003","2022-10-16","ea3689c6b8104856b945a7fbfd5e0664","ft^3/s","154",-80.3030555555556,36.515
"a19fc224-5e96-4bd7-a1e9-03b8b7708b03","Approved","2025-06-06T16:03:52.306465+00:00","USGS-02068500","00060",,"00003","2022-10-17","ea3689c6b8104856b945a7fbfd5e0664","ft^3/s","130",-80.3030555555556,36.515
"85e632ef-143f-4559-8f91-98b80806aafe","Approved","2025-06-06T16:03:52.306465+00:00","USGS-02068500","00060",,"00003","2022-10-18","ea3689c6b8104856b945a7fbfd5e0664","ft^3/s","112",-80.3030555555556,36.515
"8448ad6c-69b6-4dcd-b714-c3c229fbd016","Approved","2025-06-06T16:03:52.306465+00:00","USGS-02068500","00060",,"00003","2022-10-19","ea3689c6b8104856b945a7fbfd5e0664","ft^3/s","111",-80.3030555555556,36.515
"79866aad-1bbb-4f06-bb12-e4966c6cb07c","Approved","2025-06-06T16:03:52.306465+00:00","USGS-02068500","00060",,"00003","2022-10-20","ea3689c6b8104856b945a7fbfd5e0664","ft^3/s","205",-80.3030555555556,36.515
"4a19d7c8-f0e8-484b-a80c-6515140b5c58","Approved","2025-06-06T16:03:52.306465+00:00","USGS-02068500","00060",,"00003","2022-10-21","ea3689c6b8104856b945a7fbfd5e0664","ft^3/s","175",-80.3030555555556,36.515
"e4b8fe63-1998-4823-9ac5-5c18f8b6b729","Approved","2025-06-06T16:03:52.306465+00:00","USGS-02068500","00060",,"00003","2022-10-22","ea3689c6b8104856b945a7fbfd5e0664","ft^3/s","100",-80.3030555555556,36.515
"abf6ef07-5ddc-4a69-b8d6-f140331e76b1","Approved","2025-06-06T16:03:52.306465+00:00","USGS-02068500","00060",,"00003","2022-10-23","ea3689c6b8104856b945a7fbfd5e0664","ft^3/s","85.3",-80.3030555555556,36.515
"a87b7382-ad66-4ded-aa00-43ba029c3436","Approved","2025-06-06T16:03:52.306465+00:00","USGS-02068500","00060",,"00003","2022-10-24","ea3689c6b8104856b945a7fbfd5e0664","ft^3/s","86.5",-80.3030555555556,36.515
"348e898d-438f-44e4-b74a-90540e93c336","Approved","2025-06-06T16:03:52.306465+00:00","USGS-02068500","00060",,"00003","2022-10-25","ea3689c6b8104856b945a7fbfd5e0664","ft^3/s","86.5",-80.3030555555556,36.515
"b30cc572-7804-4bde-8ead-afa8cd0260dc","Approved","2025-06-06T16:03:52.306465+00:00","USGS-02068500","00060",,"00003","2022-10-26","ea3689c6b8104856b945a7fbfd5e0664","ft^3/s","88.3",-80.3030555555556,36.515
"3a8d83dc-8749-4621-823b-0fe95ebb3773","Approved","2025-06-06T16:03:52.306465+00:00","USGS-02068500","00060",,"00003","2022-10-27","ea3689c6b8104856b945a7fbfd5e0664","ft^3/s","88.6",-80.3030555555556,36.515
"e2ff7d22-5d03-4392-98e6-3dcb8ec2436b","Approved","2025-06-06T16:03:52.306465+00:00","USGS-02068500","00060",,"00003","2022-10-28","ea3689c6b8104856b945a7fbfd5e0664","ft^3/s","88.4",-80.3030555555556,36.515
"8eae8791-ff1c-4341-bc2a-1a2a9601f5b0","Approved","2025-06-06T16:03:52.306465+00:00","USGS-02068500","00060",,"00003","2022-10-29","ea3689c6b8104856b945a7fbfd5e0664","ft^3/s","89.6",-80.3030555555556,36.515
"66908e76-f0c1-4230-a542-3428c575e6af","Approved","2025-06-06T16:03:52.306465+00:00","USGS-02068500","00060",,"00003","2022-10-30","ea3689c6b8104856b945a7fbfd5e0664","ft^3/s","88.8",-80.3030555555556,36.515
"86d0fd54-5a75-467a-86ff-34245872343b","Approved","2025-06-06T16:03:52.306465+00:00","USGS-02068500","00060",,"00003","2022-10-31","ea3689c6b8104856b945a7fbfd5e0664","ft^3/s","99.7",-80.3030555555556,36.515
"53055b43-b537-443c-adf5-892bf31ead3d","Approved","2025-06-06T16:03:52.306465+00:00","USGS-02068500","00060",,"00003","2022-11-01","ea3689c6b8104856b945a7fbfd5e0664","ft^3/s","104",-80.3030555555556,36.515
"6aff260c-39e3-433c-9126-6cd74275447e","Approved","2025-06-06T16:03:52.306465+00:00","USGS-02068500","00060",,"00003","2022-11-02","ea3689c6b8104856b945a7fbfd5e0664","ft^3/s","110",-80.3030555555556,36.515
"52ba4e32-847c-44c3-9712-4ad05f6f940b","Approved","2025-06-06T16:03:52.306465+00:00","USGS-02068500","00060",,"00003","2022-11-03","ea3689c6b8104856b945a7fbfd5e0664","ft^3/s","104",-80.3030555555556,36.515
"ba2943b0-e605-4f3b-94f3-33d8ee82aa4e","Approved","2025-06-06T16:03:52.306465+00:00","USGS-02068500","00060",,"00003","2022-11-04","ea3689c6b8104856b945a7fbfd5e0664","ft^3/s","104",-80.3030555555556,36.515
"9acdfe12-4b13-45aa-9d5d-9fb41eac0cf6","Approved","2025-06-06T16:03:52.306465+00:00","USGS-02068500","00060",,"00003","2022-11-05","ea3689c6b8104856b945a7fbfd5e0664","ft^3/s","107",-80.3030555555556,36.515
"a50749b4-2182-4f7e-90fd-8dcc6bbb2001","Approved","2025-06-06T16:03:52.306465+00:00","USGS-02068500","00060",,"00003","2022-11-06","ea3689c6b8104856b945a7fbfd5e0664","ft^3/s","399",-80.3030555555556,36.515
"3fc87d51-c48d-4269-bc20-07e68f321fde","Approved","2025-06-06T16:03:52.306465+00:00","USGS-02068500","00060",,"00003","2022-11-07","ea3689c6b8104856b945a7fbfd5e0664","ft^3/s","378",-80.3030555555556,36.515
"970d003b-500c-42d6-9dd5-acb3e823c164","Approved","2025-06-06T16:03:52.306465+00:00","USGS-02068500","00060",,"00003","2022-11-08","ea3689c6b8104856b945a7fbfd5e0664","ft^3/s","253",-80.3030555555556,36.515
"f83a8483-e1c7-42ed-9967-f40a47a4b5b9","Approved","2025-06-06T16:03:52.306465+00:00","USGS-02068500","00060",,"00003","2022-11-09","ea3689c6b8104856b945a7fbfd5e0664","ft^3/s","218",-80.3030555555556,36.515
"78ddab3f-14c1-488d-bd3d-e833fa3c6392","Approved","2025-06-06T16:03:52.306465+00:00","USGS-02068500","00060",,"00003","2022-11-10","ea3689c6b8104856b945a7fbfd5e0664","ft^3/s","213",-80.3030555555556,36.515
"6f7d3853-df61-4574-bb0e-850712493f18","Approved","2025-06-06T16:03:52.306465+00:00","USGS-02068500","00060",,"00003","2022-11-11","ea3689c6b8104856b945a7fbfd5e0664","ft^3/s","378",-80.3030555555556,36.515
"72a604c3-9798-479e-b4d2-8f8b9203a8a5","Approved","2025-06-06T16:03:52.306465+00:00","USGS-02068500","00060",,"00003","2022-11-12","ea3689c6b8104856b945a7fbfd5e0664","ft^3/s","547",-80.3030555555556,36.515
"88b9f901-91cb-497a-87db-04c19718ad08","Approved","2025-06-06T16:03:52.306465+00:00","USGS-02068500","00060",,"00003","2022-11-13","ea3689c6b8104856b945a7fbfd5e0664","ft^3/s","361",-80.3030555555556,36.515
"a5b8779c-85c8-4e83-aa19-41942da80338","Approved","2025-06-06T16:03:52.306465+00:00","USGS-02068500","00060",,"00003","2022-11-14","ea3689c6b8104856b945a7fbfd5e0664","ft^3/s","283",-80.3030555555556,36.515
"93137ad1-7a9d-4152-9a4d-1091005cc52e","Approved","2025-06-06T16:03:52.306465+00:00","USGS-02068500","00060",,"00003","2022-11-15","ea3689c6b8104856b945a7fbfd5e0664","ft^3/s","293",-80.3030555555556,36.515
"92ff9992-4266-4275-a2e1-c2bf40d5fc02","Approved","2025-06-06T16:03:52.306465+00:00","USGS-02068500","00060",,"00003","2022-11-16","ea3689c6b8104856b945a7fbfd5e0664","ft^3/s","364",-80.3030555555556,36.515
"16b2335c-68c6-4d00-845e-b7f772e33cc1","Approved","2025-06-06T16:03:52.306465+00:00","USGS-02068500","00060",,"00003","2022-11-17","ea3689c6b8104856b945a7fbfd5e0664","ft^3/s","328",-80.3030555555556,36.515
"80baff7e-9dbb-435c-832a-3c4ba4cbc548","Approved","2025-06-06T16:03:52.306465+00:00","USGS-02068500","00060",,"00003","2022-11-18","ea3689c6b8104856b945a7fbfd5e0664","ft^3/s","313",-80.3030555555556,36.515
"10b09f8a-4f30-418c-8a78-c199f1d8dfc6","Approved","2025-06-06T16:03:52.306465+00:00","USGS-02068500","00060",,"00003","2022-11-19","ea3689c6b8104856b945a7fbfd5e0664","ft^3/s","287",-80.3030555555556,36.515
"8bd5852b-b065-4d72-96cd-76b59c5c7386","Approved","2025-06-06T16:03:52.306465+00:00","USGS-02068500","00060",,"00003","2022-11-20","ea3689c6b8104856b945a7fbfd5e0664","ft^3/s","230",-80.3030555555556,36.515
"d1fe613d-b60d-4746-bfd6-addd06ae953e","Approved","2025-06-06T16:03:52.306465+00:00","USGS-02068500","00060",,"00003","2022-11-21","ea3689c6b8104856b945a7fbfd5e0664","ft^3/s","223",-80.3030555555556,36.515
"b34d9d60-6345-48a1-8980-da81e980af1d","Approved","2025-06-06T16:03:52.306465+00:00","USGS-02068500","00060",,"00003","2022-11-22","ea3689c6b8104856b945a7fbfd5e0664","ft^3/s","177",-80.3030555555556,36.515
"47e15b66-b401-44f4-bc3d-3910ec86e130","Approved","2025-06-06T16:03:52.306465+00:00","USGS-02068500","00060",,"00003","2022-11-23","ea3689c6b8104856b945a7fbfd5e0664","ft^3/s","169",-80.3030555555556,36.515
"091fd828-34db-4fe6-a66d-de8f49203ca6","Approved","2025-06-06T16:03:52.306465+00:00","USGS-02068500","00060",,"00003","2022-11-24","ea3689c6b8104856b945a7fbfd5e0664","ft^3/s","165",-80.3030555555556,36.515
"ef04862b-759f-40ed-9f40-70d8b8db6222","Approved","2025-06-06T16:03:52.306465+00:00","USGS-02068500","00060",,"00003","2022-11-25","ea3689c6b8104856b945a7fbfd5e0664","ft^3/s","165",-80.3030555555556,36.515
"a4d4ae5a-5f1a-4a34-96d5-6253957aacda","Approved","2025-06-06T16:03:52.306465+00:00","USGS-02068500","00060",,"00003","2022-11-26","ea3689c6b8104856b945a7fbfd5e0664","ft^3/s","165",-80.3030555555556,36.515
"86d4c962-245e-4e26-a2ad-41b2fa1a73cc","Approved","2025-06-06T16:03:52.306465+00:00","USGS-02068500","00060",,"00003","2022-11-27","ea3689c6b8104856b945a7fbfd5e0664","ft^3/s","172",-80.3030555555556,36.515
"534a64c6-e41c-4a71-ab29-2fa8918f5884","Approved","2025-06-06T16:03:52.306465+00:00","USGS-02068500","00060",,"00003","2022-11-28","ea3689c6b8104856b945a7fbfd5e0664","ft^3/s","164",-80.3030555555556,36.515
"ae01b8c5-0d1e-4d91-9be1-d70f3a5f6cf2","Approved","2025-06-06T16:03:52.306465+00:00","USGS-02068500","00060",,"00003","2022-11-29","ea3689c6b8104856b945a7fbfd5e0664","ft^3/s","108",-80.3030555555556,36.515
"57b65618-6392-4051-b166-25ec334c8d48","Approved","2025-06-06T16:03:52.306465+00:00","USGS-02068500","00060",,"00003","2022-11-30","ea3689c6b8104856b945a7fbfd5e0664","ft^3/s","181",-80.3030555555556,36.515
"ef8ae6fe-5077-4695-9e31-7cc904d229cd","Approved","2025-06-06T16:03:52.306465+00:00","USGS-02068500","00060",,"00003","2022-12-01","ea3689c6b8104856b945a7fbfd5e0664","ft^3/s","195",-80.3030555555556,36.515
"8188f36f-89dd-4fae-9ccc-a9187dd74472","Approved","2025-06-06T16:03:52.306465+00:00","USGS-02068500","00060",,"00003","2022-12-02","ea3689c6b8104856b945a7fbfd5e0664","ft^3/s","173",-80.3030555555556,36.515
"bb0e7f79-5a9e-4ad2-be2a-aa77e9b04a0b","Approved","2025-06-06T16:03:52.306465+00:00","USGS-02068500","00060",,"00003","2022-12-03","ea3689c6b8104856b945a7fbfd5e0664","ft^3/s","186",-80.3030555555556,36.515
"ec2f59ae-e050-4cbc-bdcd-7dc24ece2d48","Approved","2025-06-06T16:03:52.306465+00:00","USGS-02068500","00060",,"00003","2022-12-04","ea3689c6b8104856b945a7fbfd5e0664","ft^3/s","179",-80.3030555555556,36.515
"1a344d79-c023-441d-83d3-ab973b9ed03c","Approved","2025-06-06T16:03:52.306465+00:00","USGS-02068500","00060",,"00003","2022-12-05","ea3689c6b8104856b945a7fbfd5e0664","ft^3/s","174",-80.3030555555556,36.515
"7e1f0933-831e-4b2e-86db-d4a0c8ada236","Approved","2025-06-06T16:03:52.306465+00:00","USGS-02068500","00060",,"00003","2022-12-06","ea3689c6b8104856b945a7fbfd5e0664","ft^3/s","176",-80.3030555555556,36.515
"7cf5b29f-9ef5-48c8-8a03-336720d57dc1","Approved","2025-06-06T16:03:52.306465+00:00","USGS-02068500","00060",,"00003","2022-12-07","ea3689c6b8104856b945a7fbfd5e0664","ft^3/s","179",-80.3030555555556,36.515
"a5ba81a4-0b2a-473a-b17d-d001f21af4ed","Approved","2025-06-06T16:03:52.306465+00:00","USGS-02068500","00060",,"00003","2022-12-08","ea3689c6b8104856b945a7fbfd5e0664","ft^3/s","176",-80.3030555555556,36.515
"37693e1f-77f7-4dec-b84e-76339f682c30","Approved","2025-06-06T16:03:52.306465+00:00","USGS-02068500","00060",,"00003","2022-12-09","ea3689c6b8104856b945a7fbfd5e0664","ft^3/s","199",-80.3030555555556,36.515
"db417b90-9398-444d-941d-f92c6ddcd1e4","Approved","2025-06-06T16:03:52.306465+00:00","USGS-02068500","00060",,"00003","2022-12-10","ea3689c6b8104856b945a7fbfd5e0664","ft^3/s","185",-80.3030555555556,36.515
"0ef4bc0d-5f08-41a4-b4a7-49cfe7a43a2d","Approved","2025-06-06T16:03:52.306465+00:00","USGS-02068500","00060",,"00003","2022-12-11","ea3689c6b8104856b945a7fbfd5e0664","ft^3/s","178",-80.3030555555556,36.515
"1e3fe379-666c-4378-ba1f-0b38b03f2201","Approved","2025-06-06T16:03:52.306465+00:00","USGS-02068500","00060",,"00003","2022-12-12","ea3689c6b8104856b945a7fbfd5e0664","ft^3/s","173",-80.3030555555556,36.515
"ca2561ca-c3d9-410c-a584-187520d6c373","Approved","2025-06-06T16:03:52.306465+00:00","USGS-02068500","00060",,"00003","2022-12-13","ea3689c6b8104856b945a7fbfd5e0664","ft^3/s","165",-80.3030555555556,36.515
"776e498e-6a44-4878-83fa-8bce52ac40df","Approved","2025-06-06T16:03:52.306465+00:00","USGS-02068500","00060",,"00003","2022-12-14","ea3689c6b8104856b945a7fbfd5e0664","ft^3/s","167",-80.3030555555556,36.515
"c93097ac-f4a7-4cd1-8059-bcadc4f737d6","Approved","2025-06-06T16:03:52.306465+00:00","USGS-02068500","00060",,"00003","2022-12-15","ea3689c6b8104856b945a7fbfd5e0664","ft^3/s","407",-80.3030555555556,36.515
"e97f9044-7b87-48bd-acd3-754f629c6631","Approved","2025-06-06T16:03:52.306465+00:00","USGS-02068500","00060",,"00003","2022-12-16","ea3689c6b8104856b945a7fbfd5e0664","ft^3/s","297",-80.3030555555556,36.515
"c4550ad9-2b8e-41c9-9d92-ac5bf5bfb122","Approved","2025-06-06T16:03:52.306465+00:00","USGS-02068500","00060",,"00003","2022-12-17","ea3689c6b8104856b945a7fbfd5e0664","ft^3/s","235",-80.3030555555556,36.515
"3fce3ed1-0862-491d-ac6f-54db6b402c63","Approved","2025-06-06T16:03:52.306465+00:00","USGS-02068500","00060",,"00003","2022-12-18","ea3689c6b8104856b945a7fbfd5e0664","ft^3/s","217",-80.3030555555556,36.515
"c1fb3563-1f85-41fe-8931-30742a67204a","Approved","2025-06-06T16:03:52.306465+00:00","USGS-02068500","00060",,"00003","2022-12-19","ea3689c6b8104856b945a7fbfd5e0664","ft^3/s","206",-80.3030555555556,36.515
"dc40b701-dcb2-4a33-bf0c-d566079519c2","Approved","2025-06-06T16:03:52.306465+00:00","USGS-02068500","00060",,"00003","2022-12-20","ea3689c6b8104856b945a7fbfd5e0664","ft^3/s","199",-80.3030555555556,36.515
"84587c27-adf1-474f-b466-9945080b8e68","Approved","2025-06-06T16:03:52.306465+00:00","USGS-02068500","00060",,"00003","2022-12-21","ea3689c6b8104856b945a7fbfd5e0664","ft^3/s","194",-80.3030555555556,36.515
"6ac6ab9f-5a16-41dc-af92-264c7dc90330","Approved","2025-06-06T16:03:52.306465+00:00","USGS-02068500","00060",,"00003","2022-12-22","ea3689c6b8104856b945a7fbfd5e0664","ft^3/s","447",-80.3030555555556,36.515
"6e87b59c-e531-4e44-8fd8-bea131d04412","Approved","2025-06-06T16:03:52.306465+00:00","USGS-02068500","00060",,"00003","2022-12-23","ea3689c6b8104856b945a7fbfd5e0664","ft^3/s","369",-80.3030555555556,36.515
"dbc8d910-cc88-4c77-a1e8-4cb321b82ac9","Approved","2025-06-06T16:03:52.306465+00:00","USGS-02068500","00060",,"00003","2022-12-24","ea3689c6b8104856b945a7fbfd5e0664","ft^3/s","294",-80.3030555555556,36.515
"24d74ce9-63cb-4656-95de-87aab480d1bb","Approved","2025-06-06T16:03:52.306465+00:00","USGS-02068500","00060",,"00003","2022-12-25","ea3689c6b8104856b945a7fbfd5e0664","ft^3/s","279",-80.3030555555556,36.515
"004316ce-d59c-4002-ab31-9d9c8ba22d0f","Approved","2025-06-06T16:03:52.306465+00:00","USGS-02068500","00060",,"00003","2022-12-26","ea3689c6b8104856b945a7fbfd5e0664","ft^3/s","267",-80.3030555555556,36.515
"ca06234a-6d07-4aa7-a3a2-cf5f56fd8a16","Approved","2025-06-06T16:03:52.306465+00:00","USGS-02068500","00060",,"00003","2022-12-27","ea3689c6b8104856b945a7fbfd5e0664","ft^3/s","236",-80.3030555555556,36.515
"71c16e5b-72fd-47a8-b4b8-89101383775a","Approved","2025-06-06T16:03:52.306465+00:00","USGS-02068500","00060",,"00003","2022-12-28","ea3689c6b8104856b945a7fbfd5e0664","ft^3/s","218",-80.3030555555556,36.515
"70852e82-f453-4ce5-983b-7541233043cd","Approved","2025-06-06T16:03:52.306465+00:00","USGS-02068500","00060",,"00003","2022-12-29","ea3689c6b8104856b945a7fbfd5e0664","ft^3/s","212",-80.3030555555556,36.515
"f4ea0797-06d2-4121-b5ba-95b90186c974","Approved","2025-06-06T16:03:52.306465+00:00","USGS-02068500","00060",,"00003","2022-12-30","ea3689c6b8104856b945a7fbfd5e0664","ft^3/s","222",-80.3030555555556,36.515
"ba5caee9-d4ed-4fa5-9663-761d07570dee","Approved","2025-06-06T16:03:52.306465+00:00","USGS-02068500","00060",,"00003","2022-12-31","ea3689c6b8104856b945a7fbfd5e0664","ft^3/s","240",-80.3030555555556,36.515
"d60999ed-e173-4fc0-a368-efe9edd4a030","Approved","2025-06-06T16:03:52.306465+00:00","USGS-02068500","00060",,"00003","2023-01-01","ea3689c6b8104856b945a7fbfd5e0664","ft^3/s","256",-80.3030555555556,36.515
"148d6b62-2319-4c33-81e4-7842012ee4da","Approved","2025-06-06T16:03:52.306465+00:00","USGS-02068500","00060",,"00003","2023-01-02","ea3689c6b8104856b945a7fbfd5e0664","ft^3/s","225",-80.3030555555556,36.515
"35fff630-66dc-4b4a-9955-45eefc764c1a","Approved","2025-06-06T16:03:52.306465+00:00","USGS-02068500","00060",,"00003","2023-01-03","ea3689c6b8104856b945a7fbfd5e0664","ft^3/s","235",-80.3030555555556,36.515
"77122573-c6f0-40ca-9655-2250989daf2e","Approved","2025-06-06T16:03:52.306465+00:00","USGS-02068500","00060",,"00003","2023-01-04","ea3689c6b8104856b945a7fbfd5e0664","ft^3/s","289",-80.3030555555556,36.515
"0b8965c4-6b26-4c8c-8e7e-89a8b64b26cc","Approved","2025-06-06T16:03:52.306465+00:00","USGS-02068500","00060",,"00003","2023-01-05","ea3689c6b8104856b945a7fbfd5e0664","ft^3/s","267",-80.3030555555556,36.515
"6afa2a46-db1e-4648-9a07-a051b625d1bb","Approved","2025-06-06T16:03:52.306465+00:00","USGS-02068500","00060",,"00003","2023-01-06","ea3689c6b8104856b945a7fbfd5e0664","ft^3/s","238",-80.3030555555556,36.515
"3d4dd8e7-1584-46de-90b7-a1b0ed122106","Approved","2025-06-06T16:03:52.306465+00:00","USGS-02068500","00060",,"00003","2023-01-07","ea3689c6b8104856b945a7fbfd5e0664","ft^3/s","229",-80.3030555555556,36.515
"7644fd99-1be0-4cc1-a295-ea71d09af469","Approved","2025-06-06T16:03:52.306465+00:00","USGS-02068500","00060",,"00003","2023-01-08","ea3689c6b8104856b945a7fbfd5e0664","ft^3/s","230",-80.3030555555556,36.515
"60254de3-5507-45bb-9ffb-047467f458c0","Approved","2025-06-06T16:03:52.306465+00:00","USGS-02068500","00060",,"00003","2023-01-09","ea3689c6b8104856b945a7fbfd5e0664","ft^3/s","267",-80.3030555555556,36.515
"281ce85b-2c46-44ba-9180-eff47e0ef2ff","Approved","2025-06-06T16:03:52.306465+00:00","USGS-02068500","00060",,"00003","2023-01-10","ea3689c6b8104856b945a7fbfd5e0664","ft^3/s","248",-80.3030555555556,36.515
"749462e2-18a3-4c73-bb67-5e35ca684bed","Approved","2025-06-06T16:03:52.306465+00:00","USGS-02068500","00060",,"00003","2023-01-11","ea3689c6b8104856b945a7fbfd5e0664","ft^3/s","221",-80.3030555555556,36.515
"5d306538-392f-482d-8588-8ee554d01275","Approved","2025-06-06T16:03:52.306465+00:00","USGS-02068500","00060",,"00003","2023-01-12","ea3689c6b8104856b945a7fbfd5e0664","ft^3/s","243",-80.3030555555556,36.515
"6b0fe3e0-55e9-4634-b0a1-cd950564e9c8","Approved","2025-06-06T16:03:52.306465+00:00","USGS-02068500","00060",,"00003","2023-01-13","ea3689c6b8104856b945a7fbfd5e0664","ft^3/s","455",-80.3030555555556,36.515
"85ac8963-d715-4f83-8d09-a8a6097fa188","Approved","2025-06-06T16:03:52.306465+00:00","USGS-02068500","00060",,"00003","2023-01-14","ea3689c6b8104856b945a7fbfd5e0664","ft^3/s","317",-80.3030555555556,36.515
"25c24cbd-502c-4b03-8d72-69a7811d0022","Approved","2025-06-06T16:03:52.306465+00:00","USGS-02068500","00060",,"00003","2023-01-15","ea3689c6b8104856b945a7fbfd5e0664","ft^3/s","259",-80.3030555555556,36.515
"08537d39-84c9-42be-affd-f923ea4612d8","Approved","2025-06-06T16:03:52.306465+00:00","USGS-02068500","00060",,"00003","2023-01-16","ea3689c6b8104856b945a7fbfd5e0664","ft^3/s","244",-80.3030555555556,36.515
"0eb10d9d-e1a5-4a37-9272-b297805a5d93","Approved","2025-06-06T16:03:52.306465+00:00","USGS-02068500","00060",,"00003","2023-01-17","ea3689c6b8104856b945a7fbfd5e0664","ft^3/s","239",-80.3030555555556,36.515
"4596691e-7855-4f07-8da1-ce57adfca2ba","Approved","2025-06-06T16:03:52.306465+00:00","USGS-02068500","00060",,"00003","2023-01-18","ea3689c6b8104856b945a7fbfd5e0664","ft^3/s","231",-80.3030555555556,36.515
"854a5057-9b17-4c0b-b3bf-cb3a2cc79f83","Approved","2025-06-06T16:03:52.306465+00:00","USGS-02068500","00060",,"00003","2023-01-19","ea3689c6b8104856b945a7fbfd5e0664","ft^3/s","230",-80.3030555555556,36.515
"ddee5c8c-cc80-40a9-bb22-3d9adfdddb03","Approved","2025-06-06T16:03:52.306465+00:00","USGS-02068500","00060",,"00003","2023-01-20","ea3689c6b8104856b945a7fbfd5e0664","ft^3/s","223",-80.3030555555556,36.515
"d3ee0aad-efc6-4bbf-afcb-9e5ff3790e2a","Approved","2025-06-06T16:03:52.306465+00:00","USGS-02068500","00060",,"00003","2023-01-21","ea3689c6b8104856b945a7fbfd5e0664","ft^3/s","215",-80.3030555555556,36.515
"cfd8492f-d8e6-4ea5-b82a-f070dbe164cf","Approved","2025-06-06T16:03:52.306465+00:00","USGS-02068500","00060",,"00003","2023-01-22","ea3689c6b8104856b945a7fbfd5e0664","ft^3/s","219",-80.3030555555556,36.515
"3f2ae2a3-83d8-4cd3-960a-80a07253bb5e","Approved","2025-06-06T16:03:52.306465+00:00","USGS-02068500","00060",,"00003","2023-01-23","ea3689c6b8104856b945a7fbfd5e0664","ft^3/s","222",-80.3030555555556,36.515
"6bffb29c-c7f5-410e-a47d-df99cf47f255","Approved","2025-06-06T16:03:52.306465+00:00","USGS-02068500","00060",,"00003","2023-01-24","ea3689c6b8104856b945a7fbfd5e0664","ft^3/s","213",-80.3030555555556,36.515
"781cc16d-9cb9-4cbe-ac55-1316831b7a19","Approved","2025-06-06T16:03:52.306465+00:00","USGS-02068500","00060",,"00003","2023-01-25","ea3689c6b8104856b945a7fbfd5e0664","ft^3/s","323",-80.3030555555556,36.515
"174a4d37-683d-417b-a2ee-2e1e782bee43","Approved","2025-06-06T16:03:52.306465+00:00","USGS-02068500","00060",,"00003","2023-01-26","ea3689c6b8104856b945a7fbfd5e0664","ft^3/s","308",-80.3030555555556,36.515
"49a50e38-0613-4301-8550-46b2956de9eb","Approved","2025-06-06T16:03:52.306465+00:00","USGS-02068500","00060",,"00003","2023-01-27","ea3689c6b8104856b945a7fbfd5e0664","ft^3/s","253",-80.3030555555556,36.515
"1db98246-6651-4cdf-a70c-8c936c857174","Approved","2025-06-06T16:03:52.306465+00:00","USGS-02068500","00060",,"00003","2023-01-28","ea3689c6b8104856b945a7fbfd5e0664","ft^3/s","238",-80.3030555555556,36.515
"9f7dc26d-ad31-4b24-8d78-f1cf837df505","Approved","2025-06-06T16:03:52.306465+00:00","USGS-02068500","00060",,"00003","2023-01-29","ea3689c6b8104856b945a7fbfd5e0664","ft^3/s","240",-80.3030555555556,36.515
"0d5e0ed1-247f-4da1-a316-af1a7cf15f9a","Approved","2025-06-06T16:03:52.306465+00:00","USGS-02068500","00060",,"00003","2023-01-30","ea3689c6b8104856b945a7fbfd5e0664","ft^3/s","234",-80.3030555555556,36.515
"8ac2cf39-62f1-40c4-98eb-dccc9c24bbdf","Approved","2025-06-06T16:03:52.306465+00:00","USGS-02068500","00060",,"00003","2023-01-31","ea3689c6b8104856b945a7fbfd5e0664","ft^3/s","225",-80.3030555555556,36.515
"4c9cc402-531c-42bf-8a3d-2a59903e4def","Approved","2025-06-06T16:03:52.306465+00:00","USGS-02068500","00060",,"00003","2023-02-01","ea3689c6b8104856b945a7fbfd5e0664","ft^3/s","251",-80.3030555555556,36.515
"b4cb350f-ef87-4a60-9e99-24c8d5e6e06d","Approved","2025-06-06T16:03:52.306465+00:00","USGS-02068500","00060",,"00003","2023-02-02","ea3689c6b8104856b945a7fbfd5e0664","ft^3/s","249",-80.3030555555556,36.515
"0bfbb602-dec3-40b2-b62d-c7860de5cf1d","Approved","2025-06-06T16:03:52.306465+00:00","USGS-02068500","00060",,"00003","2023-02-03","ea3689c6b8104856b945a7fbfd5e0664","ft^3/s","226",-80.3030555555556,36.515
"e4ef9120-e3ce-4a70-b94c-e23790b76fda","Approved","2025-06-06T16:03:52.306465+00:00","USGS-02068500","00060",,"00003","2023-02-04","ea3689c6b8104856b945a7fbfd5e0664","ft^3/s","206",-80.3030555555556,36.515
"84ca1fb6-a574-46d6-8195-d3c90de94a9a","Approved","2025-06-06T16:03:52.306465+00:00","USGS-02068500","00060",,"00003","2023-02-05","ea3689c6b8104856b945a7fbfd5e0664","ft^3/s","196",-80.3030555555556,36.515
"fd1691f5-2b18-465b-972f-e10382a4c53c","Approved","2025-06-06T16:03:52.306465+00:00","USGS-02068500","00060",,"00003","2023-02-06","ea3689c6b8104856b945a7fbfd5e0664","ft^3/s","198",-80.3030555555556,36.515
"81fed39a-2a18-4edb-a84f-e59185f486cb","Approved","2025-06-06T16:03:52.306465+00:00","USGS-02068500","00060",,"00003","2023-02-07","ea3689c6b8104856b945a7fbfd5e0664","ft^3/s","196",-80.3030555555556,36.515
"3b24d2d7-9488-40b6-9c63-828a1b990cfb","Approved","2025-06-06T16:03:52.306465+00:00","USGS-02068500","00060",,"00003","2023-02-08","ea3689c6b8104856b945a7fbfd5e0664","ft^3/s","201",-80.3030555555556,36.515
"a716082d-b28c-4682-823e-10f8f28669e5","Approved","2025-06-06T16:03:52.306465+00:00","USGS-02068500","00060",,"00003","2023-02-09","ea3689c6b8104856b945a7fbfd5e0664","ft^3/s","203",-80.3030555555556,36.515
"3f93fb15-c62d-4fbe-8b73-1e84f2f1f4d8","Approved","2025-06-06T16:03:52.306465+00:00","USGS-02068500","00060",,"00003","2023-02-10","ea3689c6b8104856b945a7fbfd5e0664","ft^3/s","165",-80.3030555555556,36.515
"ff2e120a-0c90-4d68-bbda-b004e6025aae","Approved","2025-06-06T16:03:52.306465+00:00","USGS-02068500","00060",,"00003","2023-02-11","ea3689c6b8104856b945a7fbfd5e0664","ft^3/s","162",-80.3030555555556,36.515
"5090750c-908a-47ae-985c-e0097bf5d335","Approved","2025-06-06T16:03:52.306465+00:00","USGS-02068500","00060",,"00003","2023-02-12","ea3689c6b8104856b945a7fbfd5e0664","ft^3/s","551",-80.3030555555556,36.515
"d9adca3c-b337-4fa2-ba64-467fcb84bcb2","Approved","2025-06-06T16:03:52.306465+00:00","USGS-02068500","00060",,"00003","2023-02-13","ea3689c6b8104856b945a7fbfd5e0664","ft^3/s","670",-80.3030555555556,36.515
"83bd0fe0-c4dc-4bf9-bbf5-3b8a518c3b75","Approved","2025-06-06T16:03:52.306465+00:00","USGS-02068500","00060",,"00003","2023-02-14","ea3689c6b8104856b945a7fbfd5e0664","ft^3/s","395",-80.3030555555556,36.515
"7cd8aab2-df06-4f76-bb70-eb6e3951c71c","Approved","2025-06-06T16:03:52.306465+00:00","USGS-02068500","00060",,"00003","2023-02-15","ea3689c6b8104856b945a7fbfd5e0664","ft^3/s","331",-80.3030555555556,36.515
"06a69f93-98b2-485d-bc6f-2c1659794846","Approved","2025-06-06T16:03:52.306465+00:00","USGS-02068500","00060",,"00003","2023-02-16","ea3689c6b8104856b945a7fbfd5e0664","ft^3/s","306",-80.3030555555556,36.515
"50fc2ccb-2a1e-453d-b9a8-00271450c8b0","Approved","2025-06-06T16:03:52.306465+00:00","USGS-02068500","00060",,"00003","2023-02-17","ea3689c6b8104856b945a7fbfd5e0664","ft^3/s","468",-80.3030555555556,36.515
"2a6c18ae-d5ea-43ec-8b63-3dfef190840e","Approved","2025-06-06T16:03:52.306465+00:00","USGS-02068500","00060",,"00003","2023-02-18","ea3689c6b8104856b945a7fbfd5e0664","ft^3/s","390",-80.3030555555556,36.515
"4a049b51-5f3f-45a9-99fe-17ea681a3d2d","Approved","2025-06-06T16:03:52.306465+00:00","USGS-02068500","00060",,"00003","2023-02-19","ea3689c6b8104856b945a7fbfd5e0664","ft^3/s","340",-80.3030555555556,36.515
"26fef5a9-3383-4fb2-a37d-642132677f3a","Approved","2025-06-06T16:03:52.306465+00:00","USGS-02068500","00060",,"00003","2023-02-20","ea3689c6b8104856b945a7fbfd5e0664","ft^3/s","310",-80.3030555555556,36.515
"cc4af9da-0cd4-46d4-8821-43410dcaca6e","Approved","2025-06-06T16:03:52.306465+00:00","USGS-02068500","00060",,"00003","2023-02-21","ea3689c6b8104856b945a7fbfd5e0664","ft^3/s","293",-80.3030555555556,36.515
"4905ef39-0f32-49de-a282-40765dd1213b","Approved","2025-06-06T16:03:52.306465+00:00","USGS-02068500","00060",,"00003","2023-02-22","ea3689c6b8104856b945a7fbfd5e0664","ft^3/s","284",-80.3030555555556,36.515
"a8b40337-0927-4535-bdcf-33aeb13a6516","Approved","2025-06-06T16:03:52.306465+00:00","USGS-02068500","00060",,"00003","2023-02-23","ea3689c6b8104856b945a7fbfd5e0664","ft^3/s","274",-80.3030555555556,36.515
"dbf1d753-1812-4db7-80b1-cb6a51efa25a","Approved","2025-06-06T16:03:52.306465+00:00","USGS-02068500","00060",,"00003","2023-02-24","ea3689c6b8104856b945a7fbfd5e0664","ft^3/s","264",-80.3030555555556,36.515
"925653f2-e7eb-441a-96cf-d3407c2cf511","Approved","2025-06-06T16:03:52.306465+00:00","USGS-02068500","00060",,"00003","2023-02-25","ea3689c6b8104856b945a7fbfd5e0664","ft^3/s","263",-80.3030555555556,36.515
"d256349c-ba89-48d8-9657-6ee82e98a6d2","Approved","2025-06-06T16:03:52.306465+00:00","USGS-02068500","00060",,"00003","2023-02-26","ea3689c6b8104856b945a7fbfd5e0664","ft^3/s","260",-80.3030555555556,36.515
"61670161-df23-4c48-b558-ac1af1fc7cb9","Approved","2025-06-06T16:03:52.306465+00:00","USGS-02068500","00060",,"00003","2023-02-27","ea3689c6b8104856b945a7fbfd5e0664","ft^3/s","259",-80.3030555555556,36.515
"d9654e7b-2df1-4655-9bcb-49bc079c5c73","Approved","2025-06-06T16:03:52.306465+00:00","USGS-02068500","00060",,"00003","2023-02-28","ea3689c6b8104856b945a7fbfd5e0664","ft^3/s","260",-80.3030555555556,36.515
"f0e45137-ef98-4616-93c9-e05f075b3ef4","Approved","2025-06-06T16:03:52.306465+00:00","USGS-02068500","00060",,"00003","2023-03-01","ea3689c6b8104856b945a7fbfd5e0664","ft^3/s","228",-80.3030555555556,36.515
"44d93085-9de8-4ed9-91f8-c06aa42eae1d","Approved","2025-06-06T16:03:52.306465+00:00","USGS-02068500","00060",,"00003","2023-03-02","ea3689c6b8104856b945a7fbfd5e0664","ft^3/s","246",-80.3030555555556,36.515
"a0eb8d60-a11f-4504-8c45-a70bc0a13e58","Approved","2025-06-06T16:03:52.306465+00:00","USGS-02068500","00060",,"00003","2023-03-03","ea3689c6b8104856b945a7fbfd5e0664","ft^3/s","300",-80.3030555555556,36.515
"fa10450e-7c6d-40f3-9ba5-786fad758e76","Approved","2025-06-06T16:03:52.306465+00:00","USGS-02068500","00060",,"00003","2023-03-04","ea3689c6b8104856b945a7fbfd5e0664","ft^3/s","553",-80.3030555555556,36.515
"8b677c98-5db3-49a6-aa33-a1315d1bf5ff","Approved","2025-06-06T16:03:52.306465+00:00","USGS-02068500","00060",,"00003","2023-03-05","ea3689c6b8104856b945a7fbfd5e0664","ft^3/s","309",-80.3030555555556,36.515
"317867b6-cf64-44dd-8cc6-4947d7a0d234","Approved","2025-06-06T16:03:52.306465+00:00","USGS-02068500","00060",,"00003","2023-03-06","ea3689c6b8104856b945a7fbfd5e0664","ft^3/s","278",-80.3030555555556,36.515
"d180fa63-d10b-408b-8573-d5d2339f6fe6","Approved","2025-06-06T16:03:52.306465+00:00","USGS-02068500","00060",,"00003","2023-03-07","ea3689c6b8104856b945a7fbfd5e0664","ft^3/s","261",-80.3030555555556,36.515
"d8fa72a6-1d0e-47e9-a556-c2ec15b3a0f0","Approved","2025-06-06T16:03:52.306465+00:00","USGS-02068500","00060",,"00003","2023-03-08","ea3689c6b8104856b945a7fbfd5e0664","ft^3/s","239",-80.3030555555556,36.515
"5fe46c4c-5944-4b49-920d-ddf49168737f","Approved","2025-06-06T16:03:52.306465+00:00","USGS-02068500","00060",,"00003","2023-03-09","ea3689c6b8104856b945a7fbfd5e0664","ft^3/s","231",-80.3030555555556,36.515
"81f5c091-ef41-4c42-9ba4-8c01dbba45ab","Approved","2025-06-06T16:03:52.306465+00:00","USGS-02068500","00060",,"00003","2023-03-10","ea3689c6b8104856b945a7fbfd5e0664","ft^3/s","237",-80.3030555555556,36.515
"b0e9d151-0816-4a1e-a317-19e72e579fa8","Approved","2025-06-06T16:03:52.306465+00:00","USGS-02068500","00060",,"00003","2023-03-11","ea3689c6b8104856b945a7fbfd5e0664","ft^3/s","231",-80.3030555555556,36.515
"a5476f9f-f686-478b-a7d1-047ea3101712","Approved","2025-06-06T16:03:52.306465+00:00","USGS-02068500","00060",,"00003","2023-03-12","ea3689c6b8104856b945a7fbfd5e0664","ft^3/s","235",-80.3030555555556,36.515
"0d7d2d39-5d77-4e65-b7b0-e8ced1c6af52","Approved","2025-06-06T16:03:52.306465+00:00","USGS-02068500","00060",,"00003","2023-03-13","ea3689c6b8104856b945a7fbfd5e0664","ft^3/s","232",-80.3030555555556,36.515
"38254eb4-75c3-426e-8cc1-a48ceb6bcc5a","Approved","2025-06-06T16:03:52.306465+00:00","USGS-02068500","00060",,"00003","2023-03-14","ea3689c6b8104856b945a7fbfd5e0664","ft^3/s","227",-80.3030555555556,36.515
"9b5c7943-35ec-4976-87c3-f55d2b8f98dd","Approved","2025-06-06T16:03:52.306465+00:00","USGS-02068500","00060",,"00003","2023-03-15","ea3689c6b8104856b945a7fbfd5e0664","ft^3/s","217",-80.3030555555556,36.515
"9cf05de5-624c-40f8-a24d-c61cf26cbd43","Approved","2025-06-06T16:03:52.306465+00:00","USGS-02068500","00060",,"00003","2023-03-16","ea3689c6b8104856b945a7fbfd5e0664","ft^3/s","215",-80.3030555555556,36.515
"ae8a9ba6-5531-4111-9c99-a9b7ffc906b6","Approved","2025-06-06T16:03:52.306465+00:00","USGS-02068500","00060",,"00003","2023-03-17","ea3689c6b8104856b945a7fbfd5e0664","ft^3/s","217",-80.3030555555556,36.515
"1e0cae14-2d83-4444-baad-b48029561cf5","Approved","2025-06-06T16:03:52.306465+00:00","USGS-02068500","00060",,"00003","2023-03-18","ea3689c6b8104856b945a7fbfd5e0664","ft^3/s","218",-80.3030555555556,36.515
"f55997bb-b736-4ade-acbe-4e6ff3a5dfb1","Approved","2025-06-06T16:03:52.306465+00:00","USGS-02068500","00060",,"00003","2023-03-19","ea3689c6b8104856b945a7fbfd5e0664","ft^3/s","212",-80.3030555555556,36.515
"6fafc990-4cd4-430c-8fe0-5e3b6a3580f8","Approved","2025-06-06T16:03:52.306465+00:00","USGS-02068500","00060",,"00003","2023-03-20","ea3689c6b8104856b945a7fbfd5e0664","ft^3/s","211",-80.3030555555556,36.515
"b41c752a-4a28-46a1-83e1-c203549015d4","Approved","2025-06-06T16:03:52.306465+00:00","USGS-02068500","00060",,"00003","2023-03-21","ea3689c6b8104856b945a7fbfd5e0664","ft^3/s","200",-80.3030555555556,36.515
"f1c06201-0648-4737-96d1-c03b07f33625","Approved","2025-06-06T16:03:52.306465+00:00","USGS-02068500","00060",,"00003","2023-03-22","ea3689c6b8104856b945a7fbfd5e0664","ft^3/s","184",-80.3030555555556,36.515
"60c13717-9f84-4510-8e8c-f13208bff71d","Approved","2025-06-06T16:03:52.306465+00:00","USGS-02068500","00060",,"00003","2023-03-23","ea3689c6b8104856b945a7fbfd5e0664","ft^3/s","187",-80.3030555555556,36.515
"2ebf7e4f-bd84-4208-9604-818397b4b242","Approved","2025-06-06T16:03:52.306465+00:00","USGS-02068500","00060",,"00003","2023-03-24","ea3689c6b8104856b945a7fbfd5e0664","ft^3/s","185",-80.3030555555556,36.515
"8fabbd80-fc7b-4764-9bfa-10dc70b2fa1b","Approved","2025-06-06T16:03:52.306465+00:00","USGS-02068500","00060",,"00003","2023-03-25","ea3689c6b8104856b945a7fbfd5e0664","ft^3/s","193",-80.3030555555556,36.515
"a1afa2af-4fb2-49e6-ba7e-b14b96d51458","Approved","2025-06-06T16:03:52.306465+00:00","USGS-02068500","00060",,"00003","2023-03-26","ea3689c6b8104856b945a7fbfd5e0664","ft^3/s","186",-80.3030555555556,36.515
"7d5cdf39-3d96-4c4c-a0e7-ee0688ce7573","Approved","2025-06-06T16:03:52.306465+00:00","USGS-02068500","00060",,"00003","2023-03-27","ea3689c6b8104856b945a7fbfd5e0664","ft^3/s","183",-80.3030555555556,36.515
"8fa83862-c88a-4638-8a04-04f76ba903ca","Approved","2025-06-06T16:03:52.306465+00:00","USGS-02068500","00060",,"00003","2023-03-28","ea3689c6b8104856b945a7fbfd5e0664","ft^3/s","179",-80.3030555555556,36.515
"63de95bc-9d0a-4cde-abcb-bda38d361da2","Approved","2025-06-06T16:03:52.306465+00:00","USGS-02068500","00060",,"00003","2023-03-29","ea3689c6b8104856b945a7fbfd5e0664","ft^3/s","171",-80.3030555555556,36.515
"6e9d4145-282a-424c-962c-19cecea57031","Approved","2025-06-06T16:03:52.306465+00:00","USGS-02068500","00060",,"00003","2023-03-30","ea3689c6b8104856b945a7fbfd5e0664","ft^3/s","164",-80.3030555555556,36.515
"768bac24-55f6-4e9f-84d2-046296786eee","Approved","2025-06-06T16:03:52.306465+00:00","USGS-02068500","00060",,"00003","2023-03-31","ea3689c6b8104856b945a7fbfd5e0664","ft^3/s","168",-80.3030555555556,36.515
"f7a9c313-2578-4720-afa9-ce925afa9e6f","Approved","2025-06-06T16:03:52.306465+00:00","USGS-02068500","00060",,"00003","2023-04-01","ea3689c6b8104856b945a7fbfd5e0664","ft^3/s","222",-80.3030555555556,36.515
"9f58a31b-7485-44f0-ad86-972d8aa2660d","Approved","2025-06-06T16:03:52.306465+00:00","USGS-02068500","00060",,"00003","2023-04-02","ea3689c6b8104856b945a7fbfd5e0664","ft^3/s","207",-80.3030555555556,36.515
"1574044a-a594-4de9-9043-500c58c96bd4","Approved","2025-06-06T16:03:52.306465+00:00","USGS-02068500","00060",,"00003","2023-04-03","ea3689c6b8104856b945a7fbfd5e0664","ft^3/s","188",-80.3030555555556,36.515
"0c0917a7-3251-4529-933d-cd5c8b120b89","Approved","2025-06-06T16:03:52.306465+00:00","USGS-02068500","00060",,"00003","2023-04-04","ea3689c6b8104856b945a7fbfd5e0664","ft^3/s","184",-80.3030555555556,36.515
"34d8cc71-bbdf-446b-8160-c9fbffee394c","Approved","2025-06-06T16:03:52.306465+00:00","USGS-02068500","00060",,"00003","2023-04-05","ea3689c6b8104856b945a7fbfd5e0664","ft^3/s","181",-80.3030555555556,36.515
"2c1f9eb0-d218-4d08-820d-a8c0d54a3367","Approved","2025-06-06T16:03:52.306465+00:00","USGS-02068500","00060",,"00003","2023-04-06","ea3689c6b8104856b945a7fbfd5e0664","ft^3/s","201",-80.3030555555556,36.515
"552aa1bc-74b4-44a4-8bc9-6acf9c861ea0","Approved","2025-06-06T16:03:52.306465+00:00","USGS-02068500","00060",,"00003","2023-04-07","ea3689c6b8104856b945a7fbfd5e0664","ft^3/s","243",-80.3030555555556,36.515
"1ee6917b-23a9-4ec8-9159-8d6d3c15be22","Approved","2025-06-06T16:03:52.306465+00:00","USGS-02068500","00060",,"00003","2023-04-08","ea3689c6b8104856b945a7fbfd5e0664","ft^3/s","254",-80.3030555555556,36.515
"54f319c7-5abe-4c0a-92ba-999e75fe546f","Approved","2025-06-06T16:03:52.306465+00:00","USGS-02068500","00060",,"00003","2023-04-09","ea3689c6b8104856b945a7fbfd5e0664","ft^3/s","218",-80.3030555555556,36.515
"342af302-4a22-4003-8ea2-34870f942d4e","Approved","2025-06-06T16:03:52.306465+00:00","USGS-02068500","00060",,"00003","2023-04-10","ea3689c6b8104856b945a7fbfd5e0664","ft^3/s","199",-80.3030555555556,36.515
"8e1654ec-7114-4cb0-9f02-d33265506f8e","Approved","2025-06-06T16:03:52.306465+00:00","USGS-02068500","00060",,"00003","2023-04-11","ea3689c6b8104856b945a7fbfd5e0664","ft^3/s","190",-80.3030555555556,36.515
"3f62dafa-c337-47d0-8f55-733e2034fcd2","Approved","2025-06-06T16:03:52.306465+00:00","USGS-02068500","00060",,"00003","2023-04-12","ea3689c6b8104856b945a7fbfd5e0664","ft^3/s","156",-80.3030555555556,36.515
"c6d65f43-0ac9-4a58-8768-b12ee7bd5567","Approved","2025-06-06T16:03:52.306465+00:00","USGS-02068500","00060",,"00003","2023-04-13","ea3689c6b8104856b945a7fbfd5e0664","ft^3/s","151",-80.3030555555556,36.515
"4c023eb0-c0b5-4f4a-955f-610a7f693094","Approved","2025-06-06T16:03:52.306465+00:00","USGS-02068500","00060",,"00003","2023-04-14","ea3689c6b8104856b945a7fbfd5e0664","ft^3/s","197",-80.3030555555556,36.515
"b9063407-8fe9-43cd-84a6-9009c014aacb","Approved","2025-06-06T16:03:52.306465+00:00","USGS-02068500","00060",,"00003","2023-04-15","ea3689c6b8104856b945a7fbfd5e0664","ft^3/s","187",-80.3030555555556,36.515
"6c8c1dd8-854e-4b8c-acd7-2961962f6bb8","Approved","2025-06-06T16:03:52.306465+00:00","USGS-02068500","00060",,"00003","2023-04-16","ea3689c6b8104856b945a7fbfd5e0664","ft^3/s","171",-80.3030555555556,36.515
"d1ea33cf-4083-4519-8972-f411ebe4a08a","Approved","2025-06-06T16:03:52.306465+00:00","USGS-02068500","00060",,"00003","2023-04-17","ea3689c6b8104856b945a7fbfd5e0664","ft^3/s","245",-80.3030555555556,36.515
"4ba26249-4f04-444d-9950-5ea6a582924d","Approved","2025-06-06T16:03:52.306465+00:00","USGS-02068500","00060",,"00003","2023-04-18","ea3689c6b8104856b945a7fbfd5e0664","ft^3/s","205",-80.3030555555556,36.515
"c26bb152-a6fb-4e5d-97f4-f95a3c46f0e3","Approved","2025-06-06T16:03:52.306465+00:00","USGS-02068500","00060",,"00003","2023-04-19","ea3689c6b8104856b945a7fbfd5e0664","ft^3/s","163",-80.3030555555556,36.515
"fdd90a84-65bd-4b93-8f84-9582cb3577f7","Approved","2025-06-06T16:03:52.306465+00:00","USGS-02068500","00060",,"00003","2023-04-20","ea3689c6b8104856b945a7fbfd5e0664","ft^3/s","156",-80.3030555555556,36.515
"4f6aba68-afd6-46e3-83ef-c255084766c1","Approved","2025-06-06T16:03:52.306465+00:00","USGS-02068500","00060",,"00003","2023-04-21","ea3689c6b8104856b945a7fbfd5e0664","ft^3/s","183",-80.3030555555556,36.515
"d4836a4e-45d4-45a0-af15-b25eb9e4fb87","Approved","2025-06-06T16:03:52.306465+00:00","USGS-02068500","00060",,"00003","2023-04-22","ea3689c6b8104856b945a7fbfd5e0664","ft^3/s","217",-80.3030555555556,36.515
"74020ef5-4e40-499a-834b-88687ca2ac39","Approved","2025-06-06T16:03:52.306465+00:00","USGS-02068500","00060",,"00003","2023-04-23","ea3689c6b8104856b945a7fbfd5e0664","ft^3/s","198",-80.3030555555556,36.515
"2c6e6c82-7e9c-4df6-805d-dbe5bcdeb46b","Approved","2025-06-06T16:03:52.306465+00:00","USGS-02068500","00060",,"00003","2023-04-24","ea3689c6b8104856b945a7fbfd5e0664","ft^3/s","186",-80.3030555555556,36.515
"3283613a-2ec0-4791-a916-75f572a13ce3","Approved","2025-06-06T16:03:52.306465+00:00","USGS-02068500","00060",,"00003","2023-04-25","ea3689c6b8104856b945a7fbfd5e0664","ft^3/s","182",-80.3030555555556,36.515
"55494015-36e6-446b-af7c-b490a653b707","Approved","2025-06-06T16:03:52.306465+00:00","USGS-02068500","00060",,"00003","2023-04-26","ea3689c6b8104856b945a7fbfd5e0664","ft^3/s","179",-80.3030555555556,36.515
"2c5fbfd5-8560-4228-b7d3-2af8398cc027","Approved","2025-06-06T16:03:52.306465+00:00","USGS-02068500","00060",,"00003","2023-04-27","ea3689c6b8104856b945a7fbfd5e0664","ft^3/s","181",-80.3030555555556,36.515
"4ed19ca9-b632-4a7f-b243-d90ae5e20767","Approved","2025-06-06T16:03:52.306465+00:00","USGS-02068500","00060",,"00003","2023-04-28","ea3689c6b8104856b945a7fbfd5e0664","ft^3/s","1160",-80.3030555555556,36.515
"ec3f3314-e380-412d-95a3-d78e4145c0fe","Approved","2025-06-06T16:03:52.306465+00:00","USGS-02068500","00060",,"00003","2023-04-29","ea3689c6b8104856b945a7fbfd5e0664","ft^3/s","490",-80.3030555555556,36.515
"9394463f-10ad-4259-9a08-af8ae93cbf06","Approved","2025-06-06T16:03:52.306465+00:00","USGS-02068500","00060",,"00003","2023-04-30","ea3689c6b8104856b945a7fbfd5e0664","ft^3/s","395",-80.3030555555556,36.515
"e27f9e77-5085-46c5-ac9c-5152c709ca80","Approved","2025-06-06T16:03:52.306465+00:00","USGS-02068500","00060",,"00003","2023-05-01","ea3689c6b8104856b945a7fbfd5e0664","ft^3/s","313",-80.3030555555556,36.515
"b5633c65-be6c-41b9-aa93-566f626f892c","Approved","2025-06-06T16:03:52.306465+00:00","USGS-02068500","00060",,"00003","2023-05-02","ea3689c6b8104856b945a7fbfd5e0664","ft^3/s","291",-80.3030555555556,36.515
"ffeca240-d3a9-41ba-959c-042af4199f47","Approved","2025-06-06T16:03:52.306465+00:00","USGS-02068500","00060",,"00003","2023-05-03","ea3689c6b8104856b945a7fbfd5e0664","ft^3/s","277",-80.3030555555556,36.515
"95dc6f7a-b7a5-4ade-8bbf-4cc9a5295785","Approved","2025-06-06T16:03:52.306465+00:00","USGS-02068500","00060",,"00003","2023-05-04","ea3689c6b8104856b945a7fbfd5e0664","ft^3/s","265",-80.3030555555556,36.515
"49e8621a-b502-41a9-b1bf-700221fefb76","Approved","2025-06-06T16:03:52.306465+00:00","USGS-02068500","00060",,"00003","2023-05-05","ea3689c6b8104856b945a7fbfd5e0664","ft^3/s","258",-80.3030555555556,36.515
"c2d17bff-3b67-429c-8a19-534864e4dd9c","Approved","2025-06-06T16:03:52.306465+00:00","USGS-02068500","00060",,"00003","2023-05-06","ea3689c6b8104856b945a7fbfd5e0664","ft^3/s","250",-80.3030555555556,36.515
"57747fc4-08fe-47d9-9bf4-1709a8dab82e","Approved","2025-06-06T16:03:52.306465+00:00","USGS-02068500","00060",,"00003","2023-05-07","ea3689c6b8104856b945a7fbfd5e0664","ft^3/s","239",-80.3030555555556,36.515
"b9986fb8-e7e6-426a-913c-bd4f5bdee768","Approved","2025-06-06T16:03:52.306465+00:00","USGS-02068500","00060",,"00003","2023-05-08","ea3689c6b8104856b945a7fbfd5e0664","ft^3/s","226",-80.3030555555556,36.515
"af8e5d47-707b-4b84-9557-fa2cef416b27","Approved","2025-06-06T16:03:52.306465+00:00","USGS-02068500","00060",,"00003","2023-05-09","ea3689c6b8104856b945a7fbfd5e0664","ft^3/s","214",-80.3030555555556,36.515
"d64e4685-3f8e-45a2-ba0f-4791755ee15b","Approved","2025-06-06T16:03:52.306465+00:00","USGS-02068500","00060",,"00003","2023-05-10","ea3689c6b8104856b945a7fbfd5e0664","ft^3/s","199",-80.3030555555556,36.515
"30815a02-19e3-44c8-b293-5bf2af27d90f","Approved","2025-06-06T16:03:52.306465+00:00","USGS-02068500","00060",,"00003","2023-05-11","ea3689c6b8104856b945a7fbfd5e0664","ft^3/s","195",-80.3030555555556,36.515
"66435b22-543d-4a28-bc59-5b2f27add626","Approved","2025-06-06T16:03:52.306465+00:00","USGS-02068500","00060",,"00003","2023-05-12","ea3689c6b8104856b945a7fbfd5e0664","ft^3/s","183",-80.3030555555556,36.515
"7b8e6331-9cd9-477b-94dd-16a572c6c33a","Approved","2025-06-06T16:03:52.306465+00:00","USGS-02068500","00060",,"00003","2023-05-13","ea3689c6b8104856b945a7fbfd5e0664","ft^3/s","192",-80.3030555555556,36.515
"d4a319e8-2d86-400e-8357-03a4cb3efd25","Approved","2025-06-06T16:03:52.306465+00:00","USGS-02068500","00060",,"00003","2023-05-14","ea3689c6b8104856b945a7fbfd5e0664","ft^3/s","197",-80.3030555555556,36.515
"e116cbfc-595b-43b8-aaf7-2c764b4574aa","Approved","2025-06-06T16:03:52.306465+00:00","USGS-02068500","00060",,"00003","2023-05-15","ea3689c6b8104856b945a7fbfd5e0664","ft^3/s","157",-80.3030555555556,36.515
"8bf32028-8ff2-4962-a5ee-d0966f08a06f","Approved","2025-06-06T16:03:52.306465+00:00","USGS-02068500","00060",,"00003","2023-05-16","ea3689c6b8104856b945a7fbfd5e0664","ft^3/s","159",-80.3030555555556,36.515
"64bf0815-2fcb-4077-a8bf-559b4b1ff377","Approved","2025-06-06T16:03:52.306465+00:00","USGS-02068500","00060",,"00003","2023-05-17","ea3689c6b8104856b945a7fbfd5e0664","ft^3/s","227",-80.3030555555556,36.515
"622f1bb4-a01f-4738-9eae-9e8c7815f4ad","Approved","2025-06-06T16:03:52.306465+00:00","USGS-02068500","00060",,"00003","2023-05-18","ea3689c6b8104856b945a7fbfd5e0664","ft^3/s","190",-80.3030555555556,36.515
"1defe16d-8f83-4ceb-bd24-db79acc2100f","Approved","2025-06-06T16:03:52.306465+00:00","USGS-02068500","00060",,"00003","2023-05-19","ea3689c6b8104856b945a7fbfd5e0664","ft^3/s","183",-80.3030555555556,36.515
"e5125c24-7d3f-4494-9c16-dafd5e47c115","Approved","2025-06-06T16:03:52.306465+00:00","USGS-02068500","00060",,"00003","2023-05-20","ea3689c6b8104856b945a7fbfd5e0664","ft^3/s","174",-80.3030555555556,36.515
"a38cb6ca-0f74-4f6c-a5a4-53b91a46d044","Approved","2025-06-06T16:03:52.306465+00:00","USGS-02068500","00060",,"00003","2023-05-21","ea3689c6b8104856b945a7fbfd5e0664","ft^3/s","141",-80.3030555555556,36.515
"69f2603f-7683-4a4c-ae1c-7d09c73b8c56","Approved","2025-06-06T16:03:52.306465+00:00","USGS-02068500","00060",,"00003","2023-05-22","ea3689c6b8104856b945a7fbfd5e0664","ft^3/s","137",-80.3030555555556,36.515
"bd85ae27-1d41-4825-992e-178b2b909d5e","Approved","2025-06-06T16:03:52.306465+00:00","USGS-02068500","00060",,"00003","2023-05-23","ea3689c6b8104856b945a7fbfd5e0664","ft^3/s","136",-80.3030555555556,36.515
"042cdb89-a114-4e5e-9dd2-b7dc2cccc6d0","Approved","2025-06-06T16:03:52.306465+00:00","USGS-02068500","00060",,"00003","2023-05-24","ea3689c6b8104856b945a7fbfd5e0664","ft^3/s","136",-80.3030555555556,36.515
"2d6625c4-89f6-418d-b811-97aa07def20b","Approved","2025-06-06T16:03:52.306465+00:00","USGS-02068500","00060",,"00003","2023-05-25","ea3689c6b8104856b945a7fbfd5e0664","ft^3/s","139",-80.3030555555556,36.515
"fd05cb64-5c50-4d93-8f34-88cb7e4b9c4e","Approved","2025-06-06T16:03:52.306465+00:00","USGS-02068500","00060",,"00003","2023-05-26","ea3689c6b8104856b945a7fbfd5e0664","ft^3/s","140",-80.3030555555556,36.515
"f68beb41-d52b-481d-8519-0f063804a511","Approved","2025-06-06T16:03:52.306465+00:00","USGS-02068500","00060",,"00003","2023-05-27","ea3689c6b8104856b945a7fbfd5e0664","ft^3/s","144",-80.3030555555556,36.515
"51049856-0cb4-430e-93f5-728f70e633c0","Approved","2025-06-06T16:03:52.306465+00:00","USGS-02068500","00060",,"00003","2023-05-28","ea3689c6b8104856b945a7fbfd5e0664","ft^3/s","157",-80.3030555555556,36.515
"7dddbde2-7803-4584-af70-41be9debac6f","Approved","2025-06-06T16:03:52.306465+00:00","USGS-02068500","00060",,"00003","2023-05-29","ea3689c6b8104856b945a7fbfd5e0664","ft^3/s","360",-80.3030555555556,36.515
"8b44eae2-829f-4352-86c1-64d604ed428d","Approved","2025-06-06T16:03:52.306465+00:00","USGS-02068500","00060",,"00003","2023-05-30","ea3689c6b8104856b945a7fbfd5e0664","ft^3/s","272",-80.3030555555556,36.515
"8997eedc-bef2-4fcd-97d7-9fa8b777d8fb","Approved","2025-06-06T16:03:52.306465+00:00","USGS-02068500","00060",,"00003","2023-05-31","ea3689c6b8104856b945a7fbfd5e0664","ft^3/s","244",-80.3030555555556,36.515
"63f0866a-14fa-42cd-b1fc-7e692c8c8234","Approved","2025-06-06T16:03:52.306465+00:00","USGS-02068500","00060",,"00003","2023-06-01","ea3689c6b8104856b945a7fbfd5e0664","ft^3/s","238",-80.3030555555556,36.515
"515ef6b3-38b3-4a67-9f82-e03d2d804232","Approved","2025-06-06T16:03:52.306465+00:00","USGS-02068500","00060",,"00003","2023-06-02","ea3689c6b8104856b945a7fbfd5e0664","ft^3/s","228",-80.3030555555556,36.515
"b2c3cf82-eb42-4676-b54b-ee18730484bf","Approved","2025-06-06T16:03:52.306465+00:00","USGS-02068500","00060",,"00003","2023-06-03","ea3689c6b8104856b945a7fbfd5e0664","ft^3/s","222",-80.3030555555556,36.515
"7a9a2e90-da69-425b-93ce-6ecdb347dbb5","Approved","2025-06-06T16:03:52.306465+00:00","USGS-02068500","00060",,"00003","2023-06-04","ea3689c6b8104856b945a7fbfd5e0664","ft^3/s","218",-80.3030555555556,36.515
"fa4ab1bd-3f93-4987-a47f-21c8bf09a5f9","Approved","2025-06-06T16:03:52.306465+00:00","USGS-02068500","00060",,"00003","2023-06-05","ea3689c6b8104856b945a7fbfd5e0664","ft^3/s","218",-80.3030555555556,36.515
"4c806610-2403-4cf2-b791-2b7975d37e0b","Approved","2025-06-06T16:03:52.306465+00:00","USGS-02068500","00060",,"00003","2023-06-06","ea3689c6b8104856b945a7fbfd5e0664","ft^3/s","206",-80.3030555555556,36.515
"de65b9e3-20d4-4f3b-9f8e-ef84c58619fa","Approved","2025-06-06T16:03:52.306465+00:00","USGS-02068500","00060",,"00003","2023-06-07","ea3689c6b8104856b945a7fbfd5e0664","ft^3/s","174",-80.3030555555556,36.515
"c7939b31-6b72-43f3-8f31-5cb53daf1041","Approved","2025-06-06T16:03:52.306465+00:00","USGS-02068500","00060",,"00003","2023-06-08","ea3689c6b8104856b945a7fbfd5e0664","ft^3/s","178",-80.3030555555556,36.515
"d67badfa-b1f9-47bf-9fae-6318861ce912","Approved","2025-06-06T16:03:52.306465+00:00","USGS-02068500","00060",,"00003","2023-06-09","ea3689c6b8104856b945a7fbfd5e0664","ft^3/s","173",-80.3030555555556,36.515
"11c69ff3-fdb7-4bb8-a8f0-dafabd7df250","Approved","2025-06-06T16:03:52.306465+00:00","USGS-02068500","00060",,"00003","2023-06-10","ea3689c6b8104856b945a7fbfd5e0664","ft^3/s","169",-80.3030555555556,36.515
"317a5802-0ca9-44a1-8e24-2da0c91c7319","Approved","2025-06-06T16:03:52.306465+00:00","USGS-02068500","00060",,"00003","2023-06-11","ea3689c6b8104856b945a7fbfd5e0664","ft^3/s","171",-80.3030555555556,36.515
"4d663c6b-9b0f-422d-a586-515f5385ff64","Approved","2025-06-06T16:03:52.306465+00:00","USGS-02068500","00060",,"00003","2023-06-12","ea3689c6b8104856b945a7fbfd5e0664","ft^3/s","184",-80.3030555555556,36.515
"a319f655-e005-4789-b3ad-402520f97fc9","Approved","2025-06-06T16:03:52.306465+00:00","USGS-02068500","00060",,"00003","2023-06-13","ea3689c6b8104856b945a7fbfd5e0664","ft^3/s","171",-80.3030555555556,36.515
"f1e74810-a16a-4644-851f-f72f3bfef357","Approved","2025-06-06T16:03:52.306465+00:00","USGS-02068500","00060",,"00003","2023-06-14","ea3689c6b8104856b945a7fbfd5e0664","ft^3/s","165",-80.3030555555556,36.515
"9d554f2d-e21a-496e-a7fc-b5b7b93aec4c","Approved","2025-06-06T16:03:52.306465+00:00","USGS-02068500","00060",,"00003","2023-06-15","ea3689c6b8104856b945a7fbfd5e0664","ft^3/s","159",-80.3030555555556,36.515
"e0f3eeff-01f6-4525-96d8-d3dca7544978","Approved","2025-06-06T16:03:52.306465+00:00","USGS-02068500","00060",,"00003","2023-06-16","ea3689c6b8104856b945a7fbfd5e0664","ft^3/s","148",-80.3030555555556,36.515
"44e42e3b-4a24-4a08-a992-c27b614168d2","Approved","2025-06-06T16:03:52.306465+00:00","USGS-02068500","00060",,"00003","2023-06-17","ea3689c6b8104856b945a7fbfd5e0664","ft^3/s","117",-80.3030555555556,36.515
"55f19423-9378-4edf-bbd5-a8aee55f519b","Approved","2025-06-06T16:03:52.306465+00:00","USGS-02068500","00060",,"00003","2023-06-18","ea3689c6b8104856b945a7fbfd5e0664","ft^3/s","116",-80.3030555555556,36.515
"71a66b5d-e125-4a33-8ef8-751e9813d430","Approved","2025-06-06T16:03:52.306465+00:00","USGS-02068500","00060",,"00003","2023-06-19","ea3689c6b8104856b945a7fbfd5e0664","ft^3/s","205",-80.3030555555556,36.515
"c3923a78-4d66-44ab-9324-2ddc143592df","Approved","2025-06-06T16:03:52.306465+00:00","USGS-02068500","00060",,"00003","2023-06-20","ea3689c6b8104856b945a7fbfd5e0664","ft^3/s","435",-80.3030555555556,36.515
"c93fc836-4a0b-4c96-8cfa-9fc3394586f5","Approved","2025-06-06T16:03:52.306465+00:00","USGS-02068500","00060",,"00003","2023-06-21","ea3689c6b8104856b945a7fbfd5e0664","ft^3/s","303",-80.3030555555556,36.515
"11042a3a-88a5-4175-ba00-3a38bb90721a","Approved","2025-06-06T16:03:52.306465+00:00","USGS-02068500","00060",,"00003","2023-06-22","ea3689c6b8104856b945a7fbfd5e0664","ft^3/s","295",-80.3030555555556,36.515
"baa02947-4908-4bc8-9735-75f5f7603d4f","Approved","2025-06-06T16:03:52.306465+00:00","USGS-02068500","00060",,"00003","2023-06-23","ea3689c6b8104856b945a7fbfd5e0664","ft^3/s","274",-80.3030555555556,36.515
"e3e97f4b-f5b8-46ac-89e6-c84797b7f110","Approved","2025-06-06T16:03:52.306465+00:00","USGS-02068500","00060",,"00003","2023-06-24","ea3689c6b8104856b945a7fbfd5e0664","ft^3/s","239",-80.3030555555556,36.515
"fe86754e-cf13-4e2d-ae49-24f5312ea21e","Approved","2025-06-06T16:03:52.306465+00:00","USGS-02068500","00060",,"00003","2023-06-25","ea3689c6b8104856b945a7fbfd5e0664","ft^3/s","226",-80.3030555555556,36.515
"46564eb9-f980-4b86-9265-e2c02211b0a7","Approved","2025-06-06T16:03:52.306465+00:00","USGS-02068500","00060",,"00003","2023-06-26","ea3689c6b8104856b945a7fbfd5e0664","ft^3/s","219",-80.3030555555556,36.515
"d9e991c7-c0c0-4d90-b623-9cf47c42711e","Approved","2025-06-06T16:03:52.306465+00:00","USGS-02068500","00060",,"00003","2023-06-27","ea3689c6b8104856b945a7fbfd5e0664","ft^3/s","196",-80.3030555555556,36.515
"f7f1b8f7-d9fa-403d-b45a-298d9b108b86","Approved","2025-06-06T16:03:52.306465+00:00","USGS-02068500","00060",,"00003","2023-06-28","ea3689c6b8104856b945a7fbfd5e0664","ft^3/s","156",-80.3030555555556,36.515
"ac58c4c8-93fd-4efb-8092-2327a9a1711c","Approved","2025-06-06T16:03:52.306465+00:00","USGS-02068500","00060",,"00003","2023-06-29","ea3689c6b8104856b945a7fbfd5e0664","ft^3/s","147",-80.3030555555556,36.515
"aab934c0-b38e-437f-8b48-cbfd05859e12","Approved","2025-06-06T16:03:52.306465+00:00","USGS-02068500","00060",,"00003","2023-06-30","ea3689c6b8104856b945a7fbfd5e0664","ft^3/s","146",-80.3030555555556,36.515
"b7b6b701-3304-4a9e-80af-f27d9d6c82ef","Approved","2025-06-06T16:03:52.306465+00:00","USGS-02068500","00060",,"00003","2023-07-01","ea3689c6b8104856b945a7fbfd5e0664","ft^3/s","154",-80.3030555555556,36.515
"5fc35fba-7dee-4a5e-a759-dc92073f4622","Approved","2025-06-06T16:03:52.306465+00:00","USGS-02068500","00060",,"00003","2023-07-02","ea3689c6b8104856b945a7fbfd5e0664","ft^3/s","162",-80.3030555555556,36.515
"71fec30a-2150-47a4-a0c5-56b86de95769","Approved","2025-06-06T16:03:52.306465+00:00","USGS-02068500","00060",,"00003","2023-07-03","ea3689c6b8104856b945a7fbfd5e0664","ft^3/s","146",-80.3030555555556,36.515
"4a44aa1f-b5da-458b-8e90-5513d81ae835","Approved","2025-06-06T16:03:52.306465+00:00","USGS-02068500","00060",,"00003","2023-07-04","ea3689c6b8104856b945a7fbfd5e0664","ft^3/s","132",-80.3030555555556,36.515
"248e0c96-d4d9-4cb7-b8ad-539dbbc319f8","Approved","2025-06-06T16:03:52.306465+00:00","USGS-02068500","00060",,"00003","2023-07-05","ea3689c6b8104856b945a7fbfd5e0664","ft^3/s","128",-80.3030555555556,36.515
"dfc09dcb-77fd-465b-b2d8-179f03a06689","Approved","2025-06-06T16:03:52.306465+00:00","USGS-02068500","00060",,"00003","2023-07-06","ea3689c6b8104856b945a7fbfd5e0664","ft^3/s","112",-80.3030555555556,36.515
"f52189a6-9dd1-4796-ad18-efb39e40cdb9","Approved","2025-06-06T16:03:52.306465+00:00","USGS-02068500","00060",,"00003","2023-07-07","ea3689c6b8104856b945a7fbfd5e0664","ft^3/s","116",-80.3030555555556,36.515
"c25de97e-2202-4716-8f76-4460b7fd54c5","Approved","2025-06-06T16:03:52.306465+00:00","USGS-02068500","00060",,"00003","2023-07-08","ea3689c6b8104856b945a7fbfd5e0664","ft^3/s","131",-80.3030555555556,36.515
"2edcb16f-2f59-4ea4-8da6-4e5673c77740","Approved","2025-06-06T16:03:52.306465+00:00","USGS-02068500","00060",,"00003","2023-07-09","ea3689c6b8104856b945a7fbfd5e0664","ft^3/s","161",-80.3030555555556,36.515
"11944eba-29da-46a9-9906-341a92cb9115","Approved","2025-06-06T16:03:52.306465+00:00","USGS-02068500","00060",,"00003","2023-07-10","ea3689c6b8104856b945a7fbfd5e0664","ft^3/s","171",-80.3030555555556,36.515
"d1b8fd1c-c603-48d2-8564-72d6ed4d0f4f","Approved","2025-06-06T16:03:52.306465+00:00","USGS-02068500","00060",,"00003","2023-07-11","ea3689c6b8104856b945a7fbfd5e0664","ft^3/s","109",-80.3030555555556,36.515
"fbaffbbf-dc9c-4e1f-bf3b-33ef312f4837","Approved","2025-06-06T16:03:52.306465+00:00","USGS-02068500","00060",,"00003","2023-07-12","ea3689c6b8104856b945a7fbfd5e0664","ft^3/s","108",-80.3030555555556,36.515
"9e91766d-763a-408a-bf78-05ee784d0c8e","Approved","2025-06-06T16:03:52.306465+00:00","USGS-02068500","00060",,"00003","2023-07-13","ea3689c6b8104856b945a7fbfd5e0664","ft^3/s","107",-80.3030555555556,36.515
"3779a600-65d8-4068-ba2a-8c433811e038","Approved","2025-06-06T16:03:52.306465+00:00","USGS-02068500","00060",,"00003","2023-07-14","ea3689c6b8104856b945a7fbfd5e0664","ft^3/s","114",-80.3030555555556,36.515
"3a6bdfa2-9251-4d28-8b12-31df036227d3","Approved","2025-06-06T16:03:52.306465+00:00","USGS-02068500","00060",,"00003","2023-07-15","ea3689c6b8104856b945a7fbfd5e0664","ft^3/s","139",-80.3030555555556,36.515
"c295b125-2df6-4019-a746-32e028791a26","Approved","2025-06-06T16:03:52.306465+00:00","USGS-02068500","00060",,"00003","2023-07-16","ea3689c6b8104856b945a7fbfd5e0664","ft^3/s","210",-80.3030555555556,36.515
"e9363553-d36f-43fb-a3c5-538f4443777d","Approved","2025-06-06T16:03:52.306465+00:00","USGS-02068500","00060",,"00003","2023-07-17","ea3689c6b8104856b945a7fbfd5e0664","ft^3/s","116",-80.3030555555556,36.515
"af7a1a92-e851-46d6-86bf-45200a5b808b","Approved","2025-06-06T16:03:52.306465+00:00","USGS-02068500","00060",,"00003","2023-07-18","ea3689c6b8104856b945a7fbfd5e0664","ft^3/s","112",-80.3030555555556,36.515
"7b5474b2-79bc-460c-aa8f-4e724a2a2a5c","Approved","2025-06-06T16:03:52.306465+00:00","USGS-02068500","00060",,"00003","2023-07-19","ea3689c6b8104856b945a7fbfd5e0664","ft^3/s","106",-80.3030555555556,36.515
"82ac0b73-a5b7-48d4-abb3-02d421c03ded","Approved","2025-06-06T16:03:52.306465+00:00","USGS-02068500","00060",,"00003","2023-07-20","ea3689c6b8104856b945a7fbfd5e0664","ft^3/s","106",-80.3030555555556,36.515
"f9b99a6e-eb3d-4d0c-9b8b-eb0f9c69341a","Approved","2025-06-06T16:03:52.306465+00:00","USGS-02068500","00060",,"00003","2023-07-21","ea3689c6b8104856b945a7fbfd5e0664","ft^3/s","107",-80.3030555555556,36.515
"49c83ff0-e9fd-441e-bee4-12565e5fabf2","Approved","2025-06-06T16:03:52.306465+00:00","USGS-02068500","00060",,"00003","2023-07-22","ea3689c6b8104856b945a7fbfd5e0664","ft^3/s","125",-80.3030555555556,36.515
"4bfa6eaf-ae5e-4c1c-ad2d-3e116c970099","Approved","2025-06-06T16:03:52.306465+00:00","USGS-02068500","00060",,"00003","2023-07-23","ea3689c6b8104856b945a7fbfd5e0664","ft^3/s","156",-80.3030555555556,36.515
"8754ae72-d1c3-4860-b608-06f976b8b49a","Approved","2025-06-06T16:03:52.306465+00:00","USGS-02068500","00060",,"00003","2023-07-24","ea3689c6b8104856b945a7fbfd5e0664","ft^3/s","131",-80.3030555555556,36.515
"fbcfd766-db36-49d6-bd0a-1fd662f30164","Approved","2025-06-06T16:03:52.306465+00:00","USGS-02068500","00060",,"00003","2023-07-25","ea3689c6b8104856b945a7fbfd5e0664","ft^3/s","108",-80.3030555555556,36.515
"3f158f80-8d96-47d2-aaf7-ed4a53279522","Approved","2025-06-06T16:03:52.306465+00:00","USGS-02068500","00060",,"00003","2023-07-26","ea3689c6b8104856b945a7fbfd5e0664","ft^3/s","96.2",-80.3030555555556,36.515
"b6c29ee9-f519-4475-a662-ac7f5a58e3b5","Approved","2025-06-06T16:03:52.306465+00:00","USGS-02068500","00060",,"00003","2023-07-27","ea3689c6b8104856b945a7fbfd5e0664","ft^3/s","109",-80.3030555555556,36.515
"e1892cee-09d0-4bc3-85f1-c8f9281cb207","Approved","2025-06-06T16:03:52.306465+00:00","USGS-02068500","00060",,"00003","2023-07-28","ea3689c6b8104856b945a7fbfd5e0664","ft^3/s","105",-80.3030555555556,36.515
"0e52cc75-9d0d-4497-b65b-ec27dec392a6","Approved","2025-06-06T16:03:52.306465+00:00","USGS-02068500","00060",,"00003","2023-07-29","ea3689c6b8104856b945a7fbfd5e0664","ft^3/s","121",-80.3030555555556,36.515
"8960a952-291a-479c-95a5-c6ea1e5d6288","Approved","2025-06-06T16:03:52.306465+00:00","USGS-02068500","00060",,"00003","2023-07-30","ea3689c6b8104856b945a7fbfd5e0664","ft^3/s","100",-80.3030555555556,36.515
"46defc3f-5ced-46a9-8868-66ce4bb7177f","Approved","2025-06-06T16:03:52.306465+00:00","USGS-02068500","00060",,"00003","2023-07-31","ea3689c6b8104856b945a7fbfd5e0664","ft^3/s","94.1",-80.3030555555556,36.515
"e2e2a694-dfd8-4fba-9f9e-40dbbf96afdd","Approved","2025-06-06T16:03:52.306465+00:00","USGS-02068500","00060",,"00003","2023-08-01","ea3689c6b8104856b945a7fbfd5e0664","ft^3/s","92.5",-80.3030555555556,36.515
"466339de-2eb3-49bb-9189-85dbf411f47e","Approved","2025-06-06T16:03:52.306465+00:00","USGS-02068500","00060",,"00003","2023-08-02","ea3689c6b8104856b945a7fbfd5e0664","ft^3/s","88.9",-80.3030555555556,36.515
"4cea974e-3ee5-4cd9-ba9f-1c220f3522b6","Approved","2025-06-06T16:03:52.306465+00:00","USGS-02068500","00060",,"00003","2023-08-03","ea3689c6b8104856b945a7fbfd5e0664","ft^3/s","203",-80.3030555555556,36.515
"8580fed3-31e7-4cf8-a95c-4314f5ce8cc3","Approved","2025-06-06T16:03:52.306465+00:00","USGS-02068500","00060",,"00003","2023-08-04","ea3689c6b8104856b945a7fbfd5e0664","ft^3/s","381",-80.3030555555556,36.515
"472b4ded-6ef9-4141-b533-8e5850e25c4b","Approved","2025-06-06T16:03:52.306465+00:00","USGS-02068500","00060",,"00003","2023-08-05","ea3689c6b8104856b945a7fbfd5e0664","ft^3/s","190",-80.3030555555556,36.515
"ddc6cbc6-4b90-4c1f-871e-098ecbf11604","Approved","2025-06-06T16:03:52.306465+00:00","USGS-02068500","00060","['ESTIMATED']","00003","2023-08-06","ea3689c6b8104856b945a7fbfd5e0664","ft^3/s","315",-80.3030555555556,36.515
"61676953-eb3a-482f-9c2a-92f83cd56f9d","Approved","2025-06-06T16:03:52.306465+00:00","USGS-02068500","00060","['ESTIMATED']","00003","2023-08-07","ea3689c6b8104856b945a7fbfd5e0664","ft^3/s","329",-80.3030555555556,36.515
"27461607-6e9a-495f-b8fc-fac49407a1e9","Approved","2025-08-04T14:48:22.567546+00:00","USGS-02068500","00060",,"00003","2023-08-08","ea3689c6b8104856b945a7fbfd5e0664","ft^3/s","215",-80.3030555555556,36.515
"e5b8e507-8f30-40bd-a905-c5d4951b230a","Approved","2025-06-06T16:03:52.306465+00:00","USGS-02068500","00060",,"00003","2023-08-09","ea3689c6b8104856b945a7fbfd5e0664","ft^3/s","167",-80.3030555555556,36.515
"277df0cc-9e77-4e17-98cc-d3cdb0cd65ca","Approved","2025-06-06T16:03:52.306465+00:00","USGS-02068500","00060",,"00003","2023-08-10","ea3689c6b8104856b945a7fbfd5e0664","ft^3/s","157",-80.3030555555556,36.515
"3f2e850e-75af-4e30-85b8-ec7784826d1a","Approved","2025-06-06T16:03:52.306465+00:00","USGS-02068500","00060",,"00003","2023-08-11","ea3689c6b8104856b945a7fbfd5e0664","ft^3/s","143",-80.3030555555556,36.515
"2d269575-631f-490b-8df9-864709b17b70","Approved","2025-06-06T16:03:52.306465+00:00","USGS-02068500","00060",,"00003","2023-08-12","ea3689c6b8104856b945a7fbfd5e0664","ft^3/s","135",-80.3030555555556,36.515
"9e12594e-cbac-4f39-9d61-ab7196b169c8","Approved","2025-06-06T16:03:52.306465+00:00","USGS-02068500","00060",,"00003","2023-08-13","ea3689c6b8104856b945a7fbfd5e0664","ft^3/s","138",-80.3030555555556,36.515
"d21fed01-3596-42b8-bcdc-e8ed63252291","Approved","2025-06-06T16:03:52.306465+00:00","USGS-02068500","00060",,"00003","2023-08-14","ea3689c6b8104856b945a7fbfd5e0664","ft^3/s","108",-80.3030555555556,36.515
"42d77437-be4a-4743-9991-16502c2bf24c","Approved","2025-06-06T16:03:52.306465+00:00","USGS-02068500","00060",,"00003","2023-08-15","ea3689c6b8104856b945a7fbfd5e0664","ft^3/s","102",-80.3030555555556,36.515
"6b0d628e-cc34-4e0e-804c-e39d56259c41","Approved","2025-06-06T16:03:52.306465+00:00","USGS-02068500","00060",,"00003","2023-08-16","ea3689c6b8104856b945a7fbfd5e0664","ft^3/s","96.6",-80.3030555555556,36.515
"45f312a6-92f3-4f64-b6fd-281e9284bd5f","Approved","2025-06-06T16:03:52.306465+00:00","USGS-02068500","00060",,"00003","2023-08-17","ea3689c6b8104856b945a7fbfd5e0664","ft^3/s","92.2",-80.3030555555556,36.515
"165e8a1d-f317-4d5a-89e0-59c45b655f7e","Approved","2025-06-06T16:03:52.306465+00:00","USGS-02068500","00060",,"00003","2023-08-18","ea3689c6b8104856b945a7fbfd5e0664","ft^3/s","89.6",-80.3030555555556,36.515
"80e4c682-e2c8-42de-a3e1-026ae4a4e731","Approved","2025-06-06T16:03:52.306465+00:00","USGS-02068500","00060",,"00003","2023-08-19","ea3689c6b8104856b945a7fbfd5e0664","ft^3/s","94.9",-80.3030555555556,36.515
"ffa63b84-14cf-4e8a-8242-92f20cfbeb65","Approved","2025-06-06T16:03:52.306465+00:00","USGS-02068500","00060",,"00003","2023-08-20","ea3689c6b8104856b945a7fbfd5e0664","ft^3/s","126",-80.3030555555556,36.515
"a78bc392-239a-450d-9288-dadc5f6967b3","Approved","2025-06-06T16:03:52.306465+00:00","USGS-02068500","00060",,"00003","2023-08-21","ea3689c6b8104856b945a7fbfd5e0664","ft^3/s","85.1",-80.3030555555556,36.515
"e9433c7e-f726-4c11-89e5-6b1146990637","Approved","2025-06-06T16:03:52.306465+00:00","USGS-02068500","00060",,"00003","2023-08-22","ea3689c6b8104856b945a7fbfd5e0664","ft^3/s","82.7",-80.3030555555556,36.515
"cee87544-e316-4492-a19c-23325312a56a","Approved","2025-06-06T16:03:52.306465+00:00","USGS-02068500","00060",,"00003","2023-08-23","ea3689c6b8104856b945a7fbfd5e0664","ft^3/s","80.0",-80.3030555555556,36.515
"87baf889-e5f7-45c5-b5a2-119d16e93ef8","Approved","2025-06-06T16:03:52.306465+00:00","USGS-02068500","00060",,"00003","2023-08-24","ea3689c6b8104856b945a7fbfd5e0664","ft^3/s","78.0",-80.3030555555556,36.515
"a70ea07c-8d04-416d-9534-ee2bcc424673","Approved","2025-06-06T16:03:52.306465+00:00","USGS-02068500","00060",,"00003","2023-08-25","ea3689c6b8104856b945a7fbfd5e0664","ft^3/s","95.5",-80.3030555555556,36.515
"57dfbe17-9195-47d6-b8a6-de7103f7cea5","Approved","2025-06-06T16:03:52.306465+00:00","USGS-02068500","00060",,"00003","2023-08-26","ea3689c6b8104856b945a7fbfd5e0664","ft^3/s","106",-80.3030555555556,36.515
"bcf4c871-a4a3-44d4-a36e-261d7d619293","Approved","2025-06-06T16:03:52.306465+00:00","USGS-02068500","00060",,"00003","2023-08-27","ea3689c6b8104856b945a7fbfd5e0664","ft^3/s","85.1",-80.3030555555556,36.515
"fee17890-e307-40ed-8a07-d15301cb9421","Approved","2025-06-06T16:03:52.306465+00:00","USGS-02068500","00060",,"00003","2023-08-28","ea3689c6b8104856b945a7fbfd5e0664","ft^3/s","2040",-80.3030555555556,36.515
"eea420ff-84bd-4083-8089-4f3c93c51e78","Approved","2025-06-06T16:03:52.306465+00:00","USGS-02068500","00060",,"00003","2023-08-29","ea3689c6b8104856b945a7fbfd5e0664","ft^3/s","349",-80.3030555555556,36.515
"34d4ca8d-285e-4e27-add8-aab060929446","Approved","2025-06-06T16:03:52.306465+00:00","USGS-02068500","00060",,"00003","2023-08-30","ea3689c6b8104856b945a7fbfd5e0664","ft^3/s","226",-80.3030555555556,36.515
"7373415d-c1de-46db-875c-1ab5b102388c","Approved","2025-06-06T16:03:52.306465+00:00","USGS-02068500","00060",,"00003","2023-08-31","ea3689c6b8104856b945a7fbfd5e0664","ft^3/s","183",-80.3030555555556,36.515
"99d3b1b3-ad51-4def-83d6-0994d50e72d1","Approved","2025-06-06T16:03:52.306465+00:00","USGS-02068500","00060",,"00003","2023-09-01","ea3689c6b8104856b945a7fbfd5e0664","ft^3/s","157",-80.3030555555556,36.515
"bda82280-14ec-454d-94df-f527c49497a9","Approved","2025-06-06T16:03:52.306465+00:00","USGS-02068500","00060",,"00003","2023-09-02","ea3689c6b8104856b945a7fbfd5e0664","ft^3/s","127",-80.3030555555556,36.515
"04c403da-6dae-4468-ad73-1a353f80b68c","Approved","2025-06-06T16:03:52.306465+00:00","USGS-02068500","00060",,"00003","2023-09-03","ea3689c6b8104856b945a7fbfd5e0664","ft^3/s","114",-80.3030555555556,36.515
"bba8e1e3-6611-407d-a8ac-829c47abc7f1","Approved","2025-06-06T16:03:52.306465+00:00","USGS-02068500","00060",,"00003","2023-09-04","ea3689c6b8104856b945a7fbfd5e0664","ft^3/s","109",-80.3030555555556,36.515
"71a3dcc4-eb1f-4183-b510-476efe97f9a9","Approved","2025-06-06T16:03:52.306465+00:00","USGS-02068500","00060",,"00003","2023-09-05","ea3689c6b8104856b945a7fbfd5e0664","ft^3/s","102",-80.3030555555556,36.515
"0a8316fa-43eb-4e3e-887d-8c5c270c8b2d","Approved","2025-06-06T16:03:52.306465+00:00","USGS-02068500","00060",,"00003","2023-09-06","ea3689c6b8104856b945a7fbfd5e0664","ft^3/s","125",-80.3030555555556,36.515
"6bd432d7-405e-4b0b-a2e4-fc76d7311c34","Approved","2025-06-06T16:03:52.306465+00:00","USGS-02068500","00060",,"00003","2023-09-07","ea3689c6b8104856b945a7fbfd5e0664","ft^3/s","128",-80.3030555555556,36.515
"988913c1-9992-4c08-94cf-e24b847c8624","Approved","2025-06-06T16:03:52.306465+00:00","USGS-02068500","00060",,"00003","2023-09-08","ea3689c6b8104856b945a7fbfd5e0664","ft^3/s","114",-80.3030555555556,36.515
"1ffa0119-b392-4440-92b1-6f1428a41e8a","Approved","2025-06-06T16:03:52.306465+00:00","USGS-02068500","00060",,"00003","2023-09-09","ea3689c6b8104856b945a7fbfd5e0664","ft^3/s","97.7",-80.3030555555556,36.515
"4910014b-c5d3-44ac-b420-cb81f6cae5b9","Approved","2025-06-06T16:03:52.306465+00:00","USGS-02068500","00060",,"00003","2023-09-10","ea3689c6b8104856b945a7fbfd5e0664","ft^3/s","119",-80.3030555555556,36.515
"d6005935-c8ed-49c1-9982-469aa128ae9b","Approved","2025-06-06T16:03:52.306465+00:00","USGS-02068500","00060",,"00003","2023-09-11","ea3689c6b8104856b945a7fbfd5e0664","ft^3/s","133",-80.3030555555556,36.515
"c7007497-1bce-4aed-9b74-3e75e34ed55b","Approved","2025-06-06T16:03:52.306465+00:00","USGS-02068500","00060",,"00003","2023-09-12","ea3689c6b8104856b945a7fbfd5e0664","ft^3/s","116",-80.3030555555556,36.515
"9821345b-e63e-4828-b863-c19cd18162d5","Approved","2025-06-06T16:03:52.306465+00:00","USGS-02068500","00060",,"00003","2023-09-13","ea3689c6b8104856b945a7fbfd5e0664","ft^3/s","146",-80.3030555555556,36.515
"30872934-1077-4ded-bd37-beb022e24c45","Approved","2025-06-06T16:03:52.306465+00:00","USGS-02068500","00060",,"00003","2023-09-14","ea3689c6b8104856b945a7fbfd5e0664","ft^3/s","120",-80.3030555555556,36.515
"ec74398c-356c-425b-bdef-e1864921063d","Approved","2025-06-06T16:03:52.306465+00:00","USGS-02068500","00060",,"00003","2023-09-15","ea3689c6b8104856b945a7fbfd5e0664","ft^3/s","114",-80.3030555555556,36.515
"76710ce6-0326-4e6b-84c0-df2a41383d36","Approved","2025-06-06T16:03:52.306465+00:00","USGS-02068500","00060",,"00003","2023-09-16","ea3689c6b8104856b945a7fbfd5e0664","ft^3/s","111",-80.3030555555556,36.515
"45521ed2-bea1-44c5-b89c-dade983126e1","Approved","2025-06-06T16:03:52.306465+00:00","USGS-02068500","00060",,"00003","2023-09-17","ea3689c6b8104856b945a7fbfd5e0664","ft^3/s","149",-80.3030555555556,36.515
"6da69aa8-ea21-468a-b29e-a0386ca5253d","Approved","2025-06-06T16:03:52.306465+00:00","USGS-02068500","00060",,"00003","2023-09-18","ea3689c6b8104856b945a7fbfd5e0664","ft^3/s","158",-80.3030555555556,36.515
"96136ef3-8d47-45f8-8fc1-edbba01511f8","Approved","2025-06-06T16:03:52.306465+00:00","USGS-02068500","00060",,"00003","2023-09-19","ea3689c6b8104856b945a7fbfd5e0664","ft^3/s","124",-80.3030555555556,36.515
"aff72345-df2e-4349-987a-1c7547a9a1c2","Approved","2025-06-06T16:03:52.306465+00:00","USGS-02068500","00060",,"00003","2023-09-20","ea3689c6b8104856b945a7fbfd5e0664","ft^3/s","111",-80.3030555555556,36.515
"025eac44-ffe8-45a3-a87d-f5bf040f222f","Approved","2025-06-06T16:03:52.306465+00:00","USGS-02068500","00060",,"00003","2023-09-21","ea3689c6b8104856b945a7fbfd5e0664","ft^3/s","109",-80.3030555555556,36.515
"287e1e5a-f791-4ada-9e15-f359de5ff6e8","Approved","2025-06-06T16:03:52.306465+00:00","USGS-02068500","00060",,"00003","2023-09-22","ea3689c6b8104856b945a7fbfd5e0664","ft^3/s","109",-80.3030555555556,36.515
"2beedf7e-f0a7-4487-8de1-621feb70f36f","Approved","2025-06-06T16:03:52.306465+00:00","USGS-02068500","00060",,"00003","2023-09-23","ea3689c6b8104856b945a7fbfd5e0664","ft^3/s","111",-80.3030555555556,36.515
"e8ed941a-063c-4e16-8ed5-b27bddd63054","Approved","2025-06-06T16:03:52.306465+00:00","USGS-02068500","00060",,"00003","2023-09-24","ea3689c6b8104856b945a7fbfd5e0664","ft^3/s","111",-80.3030555555556,36.515
"f7b58523-a549-474b-a360-171e5d842b7b","Approved","2025-06-06T16:03:52.306465+00:00","USGS-02068500","00060",,"00003","2023-09-25","ea3689c6b8104856b945a7fbfd5e0664","ft^3/s","109",-80.3030555555556,36.515
"1e65d00a-f778-4af9-b27d-cb2209526275","Approved","2025-06-06T16:03:52.306465+00:00","USGS-02068500","00060",,"00003","2023-09-26","ea3689c6b8104856b945a7fbfd5e0664","ft^3/s","109",-80.3030555555556,36.515
"d57b63cf-7758-44b0-a110-f30c9fdca5ce","Approved","2025-06-06T16:03:52.306465+00:00","USGS-02068500","00060",,"00003","2023-09-27","ea3689c6b8104856b945a7fbfd5e0664","ft^3/s","104",-80.3030555555556,36.515
"c6a89239-dfff-49d0-ad1c-effdcf7218b7","Approved","2025-06-06T16:03:52.306465+00:00","USGS-02068500","00060",,"00003","2023-09-28","ea3689c6b8104856b945a7fbfd5e0664","ft^3/s","104",-80.3030555555556,36.515
"bb7cbe2f-bdec-483a-b8ce-b6f679cdcf7f","Approved","2025-06-06T16:03:52.306465+00:00","USGS-02068500","00060",,"00003","2023-09-29","ea3689c6b8104856b945a7fbfd5e0664","ft^3/s","97.5",-80.3030555555556,36.515
"e208705d-c696-4a01-8a95-c71b35539845","Approved","2025-06-06T16:03:52.306465+00:00","USGS-02068500","00060",,"00003","2023-09-30","ea3689c6b8104856b945a7fbfd5e0664","ft^3/s","97.5",-80.3030555555556,36.515
"e71b0791-b4d4-4f3d-9741-f48546ef7c3f","Approved","2025-06-06T16:03:52.306465+00:00","USGS-02068500","00060",,"00003","2023-10-01","ea3689c6b8104856b945a7fbfd5e0664","ft^3/s","97.5",-80.3030555555556,36.515
"7d73afea-8b06-4375-ab8e-0855db591b88","Approved","2025-06-06T16:03:52.306465+00:00","USGS-02068500","00060",,"00003","2023-10-02","ea3689c6b8104856b945a7fbfd5e0664","ft^3/s","97.5",-80.3030555555556,36.515
"d336e40d-c730-4724-b6ae-919bf2de909b","Approved","2025-06-06T16:03:52.306465+00:00","USGS-02068500","00060",,"00003","2023-10-03","ea3689c6b8104856b945a7fbfd5e0664","ft^3/s","93.2",-80.3030555555556,36.515
"6a16870d-cb7a-46e6-bcba-f9e2ac538f9a","Approved","2025-06-06T16:03:52.306465+00:00","USGS-02068500","00060",,"00003","2023-10-04","ea3689c6b8104856b945a7fbfd5e0664","ft^3/s","87.9",-80.3030555555556,36.515
"4c867c69-0546-41f2-87ca-34c79044a4e9","Approved","2025-06-06T16:03:52.306465+00:00","USGS-02068500","00060",,"00003","2023-10-05","ea3689c6b8104856b945a7fbfd5e0664","ft^3/s","90.0",-80.3030555555556,36.515
"5abfd476-b919-452b-b772-f4253cd1da4b","Approved","2025-06-06T16:03:52.306465+00:00","USGS-02068500","00060",,"00003","2023-10-06","ea3689c6b8104856b945a7fbfd5e0664","ft^3/s","87.1",-80.3030555555556,36.515
"0ea24a41-9e2d-4982-b999-7f002f6c0b9e","Approved","2025-06-06T16:03:52.306465+00:00","USGS-02068500","00060",,"00003","2023-10-07","ea3689c6b8104856b945a7fbfd5e0664","ft^3/s","87.8",-80.3030555555556,36.515
"d6139ecf-08e2-4bfe-b06d-39888b564636","Approved","2025-06-06T16:03:52.306465+00:00","USGS-02068500","00060",,"00003","2023-10-08","ea3689c6b8104856b945a7fbfd5e0664","ft^3/s","82.1",-80.3030555555556,36.515
"d7e38986-4553-449c-bcd1-29cca66ad2f6","Approved","2025-06-06T16:03:52.306465+00:00","USGS-02068500","00060",,"00003","2023-10-09","ea3689c6b8104856b945a7fbfd5e0664","ft^3/s","84.4",-80.3030555555556,36.515
"3df473ff-42a2-42f0-844a-b364ce881d7d","Approved","2025-06-06T16:03:52.306465+00:00","USGS-02068500","00060",,"00003","2023-10-10","ea3689c6b8104856b945a7fbfd5e0664","ft^3/s","87.5",-80.3030555555556,36.515
"65608f2c-c675-4498-bfb9-2c506c91c788","Approved","2025-06-06T16:03:52.306465+00:00","USGS-02068500","00060",,"00003","2023-10-11","ea3689c6b8104856b945a7fbfd5e0664","ft^3/s","85.3",-80.3030555555556,36.515
"6a419385-e7dd-4985-a169-151b18d24ef4","Approved","2025-06-06T16:03:52.306465+00:00","USGS-02068500","00060",,"00003","2023-10-12","ea3689c6b8104856b945a7fbfd5e0664","ft^3/s","83.9",-80.3030555555556,36.515
"4872e367-3dff-4a46-bb89-9a2e02b3ab29","Approved","2025-06-06T16:03:52.306465+00:00","USGS-02068500","00060",,"00003","2023-10-13","ea3689c6b8104856b945a7fbfd5e0664","ft^3/s","81.7",-80.3030555555556,36.515
"e0a2713e-8ac6-4fad-8a57-2c9b20263526","Approved","2025-06-06T16:03:52.306465+00:00","USGS-02068500","00060",,"00003","2023-10-14","ea3689c6b8104856b945a7fbfd5e0664","ft^3/s","103",-80.3030555555556,36.515
"fd135ea8-4fb6-4e24-be91-9e71907c491b","Approved","2025-06-06T16:03:52.306465+00:00","USGS-02068500","00060",,"00003","2023-10-15","ea3689c6b8104856b945a7fbfd5e0664","ft^3/s","94.3",-80.3030555555556,36.515
"4b74b95a-8ee8-4696-954b-4f682d3896d7","Approved","2025-06-06T16:03:52.306465+00:00","USGS-02068500","00060",,"00003","2023-10-16","ea3689c6b8104856b945a7fbfd5e0664","ft^3/s","85.1",-80.3030555555556,36.515
"d94cc552-cad9-4196-a592-20bc08a7ed6a","Approved","2025-06-06T16:03:52.306465+00:00","USGS-02068500","00060",,"00003","2023-10-17","ea3689c6b8104856b945a7fbfd5e0664","ft^3/s","83.6",-80.3030555555556,36.515
"a2e1b2b5-dd77-49b0-bac0-f16264891762","Approved","2025-06-06T16:03:52.306465+00:00","USGS-02068500","00060",,"00003","2023-10-18","ea3689c6b8104856b945a7fbfd5e0664","ft^3/s","84.5",-80.3030555555556,36.515
"70fe2a08-65d3-4ab1-937e-43085a8e2dc4","Approved","2025-06-06T16:03:52.306465+00:00","USGS-02068500","00060",,"00003","2023-10-19","ea3689c6b8104856b945a7fbfd5e0664","ft^3/s","84.4",-80.3030555555556,36.515
"85a48f42-a99b-43c1-bf2a-c2759184a7fa","Approved","2025-06-06T16:03:52.306465+00:00","USGS-02068500","00060",,"00003","2023-10-20","ea3689c6b8104856b945a7fbfd5e0664","ft^3/s","88.3",-80.3030555555556,36.515
"94431928-7aea-4ba5-b221-31206f763252","Approved","2025-06-06T16:03:52.306465+00:00","USGS-02068500","00060",,"00003","2023-10-21","ea3689c6b8104856b945a7fbfd5e0664","ft^3/s","89.6",-80.3030555555556,36.515
"97ac5df8-afa3-435e-b07e-67e0a31880e0","Approved","2025-06-06T16:03:52.306465+00:00","USGS-02068500","00060",,"00003","2023-10-22","ea3689c6b8104856b945a7fbfd5e0664","ft^3/s","83.9",-80.3030555555556,36.515
"e0dec8ed-73c8-4868-a259-34a6591961f5","Approved","2025-06-06T16:03:52.306465+00:00","USGS-02068500","00060",,"00003","2023-10-23","ea3689c6b8104856b945a7fbfd5e0664","ft^3/s","80.7",-80.3030555555556,36.515
"4b5787dd-1353-4448-b087-f4a24421c3de","Approved","2025-06-06T16:03:52.306465+00:00","USGS-02068500","00060",,"00003","2023-10-24","ea3689c6b8104856b945a7fbfd5e0664","ft^3/s","80.7",-80.3030555555556,36.515
"63a642eb-aa43-45d4-8a86-93b8a24815c7","Approved","2025-06-06T16:03:52.306465+00:00","USGS-02068500","00060",,"00003","2023-10-25","ea3689c6b8104856b945a7fbfd5e0664","ft^3/s","74.7",-80.3030555555556,36.515
"1063f825-dd81-428b-94e4-38a246d8cece","Approved","2025-06-06T16:03:52.306465+00:00","USGS-02068500","00060",,"00003","2023-10-26","ea3689c6b8104856b945a7fbfd5e0664","ft^3/s","74.2",-80.3030555555556,36.515
"1eb64597-c40c-49c8-a697-f428ce875601","Approved","2025-06-06T16:03:52.306465+00:00","USGS-02068500","00060",,"00003","2023-10-27","ea3689c6b8104856b945a7fbfd5e0664","ft^3/s","74.2",-80.3030555555556,36.515
"318c12c0-ee9c-4a7b-9bda-32515267700d","Approved","2025-06-06T16:03:52.306465+00:00","USGS-02068500","00060",,"00003","2023-10-28","ea3689c6b8104856b945a7fbfd5e0664","ft^3/s","74.2",-80.3030555555556,36.515
"672e925a-2411-4de8-b3fe-6e986e68f985","Approved","2025-06-06T16:03:52.306465+00:00","USGS-02068500","00060",,"00003","2023-10-29","ea3689c6b8104856b945a7fbfd5e0664","ft^3/s","74.3",-80.3030555555556,36.515
"544b9d1f-1e88-4daa-ac21-172c90172c61","Approved","2025-06-06T16:03:52.306465+00:00","USGS-02068500","00060",,"00003","2023-10-30","ea3689c6b8104856b945a7fbfd5e0664","ft^3/s","74.2",-80.3030555555556,36.515
"606fa5b1-76ff-4182-95b1-68a3f25536e7","Approved","2025-06-06T16:03:52.306465+00:00","USGS-02068500","00060",,"00003","2023-10-31","ea3689c6b8104856b945a7fbfd5e0664","ft^3/s","74.2",-80.3030555555556,36.515
"7e721a8e-7afe-42e1-bc92-f6e445437598","Approved","2025-06-06T16:03:52.306465+00:00","USGS-02068500","00060",,"00003","2023-11-01","ea3689c6b8104856b945a7fbfd5e0664","ft^3/s","74.2",-80.3030555555556,36.515
"dc448471-6370-47d7-89cb-9b7db621e578","Approved","2025-06-06T16:03:52.306465+00:00","USGS-02068500","00060",,"00003","2023-11-02","ea3689c6b8104856b945a7fbfd5e0664","ft^3/s","74.5",-80.3030555555556,36.515
"7c095a3f-bbe4-4fd7-9b52-896e289e7fa0","Approved","2025-06-06T16:03:52.306465+00:00","USGS-02068500","00060",,"00003","2023-11-03","ea3689c6b8104856b945a7fbfd5e0664","ft^3/s","74.5",-80.3030555555556,36.515
"858aea87-a7b8-48c3-a1e3-a3998393b0a5","Approved","2025-06-06T16:03:52.306465+00:00","USGS-02068500","00060",,"00003","2023-11-04","ea3689c6b8104856b945a7fbfd5e0664","ft^3/s","74.4",-80.3030555555556,36.515
"8772c96b-672a-4c4b-ae46-a2b94f41716b","Approved","2025-06-06T16:03:52.306465+00:00","USGS-02068500","00060",,"00003","2023-11-05","ea3689c6b8104856b945a7fbfd5e0664","ft^3/s","73.5",-80.3030555555556,36.515
"f0f04106-e6cc-4ef0-aa7a-ff2b0ce1a7eb","Approved","2025-06-06T16:03:52.306465+00:00","USGS-02068500","00060",,"00003","2023-11-06","ea3689c6b8104856b945a7fbfd5e0664","ft^3/s","75.7",-80.3030555555556,36.515
"9344e8f1-b2b4-4cbf-ad41-7796f206ae1c","Approved","2025-06-06T16:03:52.306465+00:00","USGS-02068500","00060",,"00003","2023-11-07","ea3689c6b8104856b945a7fbfd5e0664","ft^3/s","69.2",-80.3030555555556,36.515
"4f9d7edb-fae2-40ef-aeb2-2166d62fbcd1","Approved","2025-06-06T16:03:52.306465+00:00","USGS-02068500","00060",,"00003","2023-11-08","ea3689c6b8104856b945a7fbfd5e0664","ft^3/s","69.6",-80.3030555555556,36.515
"a414a5e2-f77e-4b1f-8fe7-372d487fa77b","Approved","2025-06-06T16:03:52.306465+00:00","USGS-02068500","00060",,"00003","2023-11-09","ea3689c6b8104856b945a7fbfd5e0664","ft^3/s","70.5",-80.3030555555556,36.515
"3a1bbd0f-df00-4f28-ad7e-0d0174111a77","Approved","2025-06-06T16:03:52.306465+00:00","USGS-02068500","00060",,"00003","2023-11-10","ea3689c6b8104856b945a7fbfd5e0664","ft^3/s","70.8",-80.3030555555556,36.515
"43ab0cdc-20ac-40be-bed0-55d67af2d0ef","Approved","2025-06-06T16:03:52.306465+00:00","USGS-02068500","00060",,"00003","2023-11-11","ea3689c6b8104856b945a7fbfd5e0664","ft^3/s","72.0",-80.3030555555556,36.515
"9240cc88-ab9c-438c-80d0-7c343e7bb982","Approved","2025-06-06T16:03:52.306465+00:00","USGS-02068500","00060",,"00003","2023-11-12","ea3689c6b8104856b945a7fbfd5e0664","ft^3/s","71.7",-80.3030555555556,36.515
"a1447f29-a0f7-4a64-a097-973702fe61c1","Approved","2025-06-06T16:03:52.306465+00:00","USGS-02068500","00060",,"00003","2023-11-13","ea3689c6b8104856b945a7fbfd5e0664","ft^3/s","72.1",-80.3030555555556,36.515
"89c79a22-84ab-452b-8321-2e7bef4f4887","Approved","2025-06-06T16:03:52.306465+00:00","USGS-02068500","00060",,"00003","2023-11-14","ea3689c6b8104856b945a7fbfd5e0664","ft^3/s","71.7",-80.3030555555556,36.515
"2f030a97-bec1-4939-b2ca-b5d2fa354d1e","Approved","2025-06-06T16:03:52.306465+00:00","USGS-02068500","00060",,"00003","2023-11-15","ea3689c6b8104856b945a7fbfd5e0664","ft^3/s","69.6",-80.3030555555556,36.515
"74696396-639b-4011-a239-1c41262a2dda","Approved","2025-06-06T16:03:52.306465+00:00","USGS-02068500","00060",,"00003","2023-11-16","ea3689c6b8104856b945a7fbfd5e0664","ft^3/s","67.0",-80.3030555555556,36.515
"18f4c12f-e3b1-4902-bf64-b02916cc55b4","Approved","2025-06-06T16:03:52.306465+00:00","USGS-02068500","00060",,"00003","2023-11-17","ea3689c6b8104856b945a7fbfd5e0664","ft^3/s","68.3",-80.3030555555556,36.515
"e3de479c-5c0d-4457-8135-862b5bed8ca7","Approved","2025-06-06T16:03:52.306465+00:00","USGS-02068500","00060",,"00003","2023-11-18","ea3689c6b8104856b945a7fbfd5e0664","ft^3/s","68.5",-80.3030555555556,36.515
"214f4b1a-bddc-4898-bbed-171d9e139f93","Approved","2025-06-06T16:03:52.306465+00:00","USGS-02068500","00060",,"00003","2023-11-19","ea3689c6b8104856b945a7fbfd5e0664","ft^3/s","68.8",-80.3030555555556,36.515
"b7e94b91-3481-4b85-bb33-34e7797edbb6","Approved","2025-06-06T16:03:52.306465+00:00","USGS-02068500","00060",,"00003","2023-11-20","ea3689c6b8104856b945a7fbfd5e0664","ft^3/s","68.3",-80.3030555555556,36.515
"b2ef7e74-0e47-489d-bba5-e5e86df5f0f6","Approved","2025-06-06T16:03:52.306465+00:00","USGS-02068500","00060",,"00003","2023-11-21","ea3689c6b8104856b945a7fbfd5e0664","ft^3/s","106",-80.3030555555556,36.515
"eabf3f24-c2ee-4ffb-b5ba-d571f0849864","Approved","2025-06-06T16:03:52.306465+00:00","USGS-02068500","00060",,"00003","2023-11-22","ea3689c6b8104856b945a7fbfd5e0664","ft^3/s","198",-80.3030555555556,36.515
"c0b7dd16-5523-41c1-8e50-c2503ab7490b","Approved","2025-06-06T16:03:52.306465+00:00","USGS-02068500","00060",,"00003","2023-11-23","ea3689c6b8104856b945a7fbfd5e0664","ft^3/s","89.6",-80.3030555555556,36.515
"4d859cfa-e708-404a-8e92-8c2abc22470c","Approved","2025-06-06T16:03:52.306465+00:00","USGS-02068500","00060",,"00003","2023-11-24","ea3689c6b8104856b945a7fbfd5e0664","ft^3/s","84.6",-80.3030555555556,36.515
"94799460-44b9-482d-be8b-37d1e9a2c21d","Approved","2025-06-06T16:03:52.306465+00:00","USGS-02068500","00060",,"00003","2023-11-25","ea3689c6b8104856b945a7fbfd5e0664","ft^3/s","82.5",-80.3030555555556,36.515
"8e8e3c96-d66c-4c6b-ad6b-7c5328783367","Approved","2025-06-06T16:03:52.306465+00:00","USGS-02068500","00060",,"00003","2023-11-26","ea3689c6b8104856b945a7fbfd5e0664","ft^3/s","76.7",-80.3030555555556,36.515
"19c723d5-30a2-490e-89f0-0609faf7b105","Approved","2025-06-06T16:03:52.306465+00:00","USGS-02068500","00060",,"00003","2023-11-27","ea3689c6b8104856b945a7fbfd5e0664","ft^3/s","75.8",-80.3030555555556,36.515
"87e07a85-dc72-4868-8a35-59a309739836","Approved","2025-06-06T16:03:52.306465+00:00","USGS-02068500","00060",,"00003","2023-11-28","ea3689c6b8104856b945a7fbfd5e0664","ft^3/s","73.1",-80.3030555555556,36.515
"80c3995c-f8d6-4860-9716-3c40bb5cc16e","Approved","2025-06-06T16:03:52.306465+00:00","USGS-02068500","00060",,"00003","2023-11-29","ea3689c6b8104856b945a7fbfd5e0664","ft^3/s","72.1",-80.3030555555556,36.515
"832ffaf4-6125-4f30-a96f-5f67b529b3b4","Approved","2025-06-06T16:03:52.306465+00:00","USGS-02068500","00060",,"00003","2023-11-30","ea3689c6b8104856b945a7fbfd5e0664","ft^3/s","72.3",-80.3030555555556,36.515
"5bdda23b-9757-4887-995f-c0d45ff7e77d","Approved","2025-06-06T16:03:52.306465+00:00","USGS-02068500","00060",,"00003","2023-12-01","ea3689c6b8104856b945a7fbfd5e0664","ft^3/s","73.0",-80.3030555555556,36.515
"eaff8e4b-e1c7-4d54-a308-8f1b486dbf4c","Approved","2025-06-06T16:03:52.306465+00:00","USGS-02068500","00060",,"00003","2023-12-02","ea3689c6b8104856b945a7fbfd5e0664","ft^3/s","76.5",-80.3030555555556,36.515
"eb37e672-4ec5-4ed2-a605-58dc2445a2c9","Approved","2025-06-06T16:03:52.306465+00:00","USGS-02068500","00060",,"00003","2023-12-03","ea3689c6b8104856b945a7fbfd5e0664","ft^3/s","96.4",-80.3030555555556,36.515
"f528712c-0a3e-4d7c-8ad3-cc6246e5c623","Approved","2025-06-06T16:03:52.306465+00:00","USGS-02068500","00060",,"00003","2023-12-04","ea3689c6b8104856b945a7fbfd5e0664","ft^3/s","90.6",-80.3030555555556,36.515
"7b94d97c-b1f8-4691-b352-d18d815397c8","Approved","2025-06-06T16:03:52.306465+00:00","USGS-02068500","00060",,"00003","2023-12-05","ea3689c6b8104856b945a7fbfd5e0664","ft^3/s","84.3",-80.3030555555556,36.515
"b4206871-fbc0-4d00-b875-130fe416dafc","Approved","2025-06-06T16:03:52.306465+00:00","USGS-02068500","00060",,"00003","2023-12-06","ea3689c6b8104856b945a7fbfd5e0664","ft^3/s","79.8",-80.3030555555556,36.515
"052b0170-4a2f-484c-b853-cae2b691ee15","Approved","2025-06-06T16:03:52.306465+00:00","USGS-02068500","00060",,"00003","2023-12-07","ea3689c6b8104856b945a7fbfd5e0664","ft^3/s","101",-80.3030555555556,36.515
"1f07e038-714a-42a8-8990-7cbffe96d431","Approved","2025-06-06T16:03:52.306465+00:00","USGS-02068500","00060",,"00003","2023-12-08","ea3689c6b8104856b945a7fbfd5e0664","ft^3/s","77.9",-80.3030555555556,36.515
"c99df2e2-8a22-4a90-a970-22915ecf8d05","Approved","2025-06-06T16:03:52.306465+00:00","USGS-02068500","00060",,"00003","2023-12-09","ea3689c6b8104856b945a7fbfd5e0664","ft^3/s","78.3",-80.3030555555556,36.515
"aa23c3f0-fba0-40c8-81cf-7582c2bff21c","Approved","2025-06-06T16:03:52.306465+00:00","USGS-02068500","00060",,"00003","2023-12-10","ea3689c6b8104856b945a7fbfd5e0664","ft^3/s","198",-80.3030555555556,36.515
"15ce836a-6abe-48cd-9962-3de91cc1e7fc","Approved","2025-06-06T16:03:52.306465+00:00","USGS-02068500","00060",,"00003","2023-12-11","ea3689c6b8104856b945a7fbfd5e0664","ft^3/s","254",-80.3030555555556,36.515
"18c18c64-5232-41af-88ac-5ba9cc63c0f4","Approved","2025-06-06T16:03:52.306465+00:00","USGS-02068500","00060",,"00003","2023-12-12","ea3689c6b8104856b945a7fbfd5e0664","ft^3/s","166",-80.3030555555556,36.515
"fc9b8549-e640-4032-9e2f-7161b9100e91","Approved","2025-06-06T16:03:52.306465+00:00","USGS-02068500","00060",,"00003","2023-12-13","ea3689c6b8104856b945a7fbfd5e0664","ft^3/s","147",-80.3030555555556,36.515
"ed89b867-084e-4dfd-a484-145128f25013","Approved","2025-06-06T16:03:52.306465+00:00","USGS-02068500","00060",,"00003","2023-12-14","ea3689c6b8104856b945a7fbfd5e0664","ft^3/s","118",-80.3030555555556,36.515
"0327fbbb-43f3-4ac1-b8ca-062f36e905f4","Approved","2025-06-06T16:03:52.306465+00:00","USGS-02068500","00060",,"00003","2023-12-15","ea3689c6b8104856b945a7fbfd5e0664","ft^3/s","114",-80.3030555555556,36.515
"2119caf4-bd64-4ac6-bd5d-a0ef0e0604fd","Approved","2025-06-06T16:03:52.306465+00:00","USGS-02068500","00060",,"00003","2023-12-16","ea3689c6b8104856b945a7fbfd5e0664","ft^3/s","111",-80.3030555555556,36.515
"d75f1ce3-ed7b-4d4b-9364-463eabd2c359","Approved","2025-06-06T16:03:52.306465+00:00","USGS-02068500","00060",,"00003","2023-12-17","ea3689c6b8104856b945a7fbfd5e0664","ft^3/s","129",-80.3030555555556,36.515
"a27a2030-3ec6-49f3-ac22-bf7c95398761","Approved","2025-06-06T16:03:52.306465+00:00","USGS-02068500","00060",,"00003","2023-12-18","ea3689c6b8104856b945a7fbfd5e0664","ft^3/s","182",-80.3030555555556,36.515
"5ff05514-c9c7-4236-be1b-76755dfcf725","Approved","2025-06-06T16:03:52.306465+00:00","USGS-02068500","00060",,"00003","2023-12-19","ea3689c6b8104856b945a7fbfd5e0664","ft^3/s","131",-80.3030555555556,36.515
"baa01df0-be65-4791-9977-2bb9b4f1b2d1","Approved","2025-06-06T16:03:52.306465+00:00","USGS-02068500","00060",,"00003","2023-12-20","ea3689c6b8104856b945a7fbfd5e0664","ft^3/s","121",-80.3030555555556,36.515
"a90e201d-90ca-47eb-86c0-259dcde19511","Approved","2025-06-06T16:03:52.306465+00:00","USGS-02068500","00060",,"00003","2023-12-21","ea3689c6b8104856b945a7fbfd5e0664","ft^3/s","114",-80.3030555555556,36.515
"65bac47c-8367-4848-a4c5-761a2ffc397e","Approved","2025-06-06T16:03:52.306465+00:00","USGS-02068500","00060",,"00003","2023-12-22","ea3689c6b8104856b945a7fbfd5e0664","ft^3/s","109",-80.3030555555556,36.515
"8fc87964-bfed-41bc-bc75-04419d8a156a","Approved","2025-06-06T16:03:52.306465+00:00","USGS-02068500","00060",,"00003","2023-12-23","ea3689c6b8104856b945a7fbfd5e0664","ft^3/s","105",-80.3030555555556,36.515
"30f7ca13-f587-4ba8-910f-3785a4b61b7e","Approved","2025-06-06T16:03:52.306465+00:00","USGS-02068500","00060",,"00003","2023-12-24","ea3689c6b8104856b945a7fbfd5e0664","ft^3/s","105",-80.3030555555556,36.515
"b8f1ccf2-6f43-411a-9222-5142263677fb","Approved","2025-06-06T16:03:52.306465+00:00","USGS-02068500","00060",,"00003","2023-12-25","ea3689c6b8104856b945a7fbfd5e0664","ft^3/s","104",-80.3030555555556,36.515
"f705c18a-9365-47bb-9e50-59e163a459e1","Approved","2025-06-06T16:03:52.306465+00:00","USGS-02068500","00060",,"00003","2023-12-26","ea3689c6b8104856b945a7fbfd5e0664","ft^3/s","281",-80.3030555555556,36.515
"8f850691-459b-4117-90a2-3cdff16c7011","Approved","2025-06-06T16:03:52.306465+00:00","USGS-02068500","00060",,"00003","2023-12-27","ea3689c6b8104856b945a7fbfd5e0664","ft^3/s","757",-80.3030555555556,36.515
"b6df0a0c-a52b-4d87-ada3-0fb937101515","Approved","2025-06-06T16:03:52.306465+00:00","USGS-02068500","00060",,"00003","2023-12-28","ea3689c6b8104856b945a7fbfd5e0664","ft^3/s","371",-80.3030555555556,36.515
"abaa4157-7497-4ab3-801a-0bab2ac48b4a","Approved","2025-06-06T16:03:52.306465+00:00","USGS-02068500","00060",,"00003","2023-12-29","ea3689c6b8104856b945a7fbfd5e0664","ft^3/s","273",-80.3030555555556,36.515
"28b12cb7-81c3-478d-a947-1d495af066eb","Approved","2025-06-06T16:03:52.306465+00:00","USGS-02068500","00060",,"00003","2023-12-30","ea3689c6b8104856b945a7fbfd5e0664","ft^3/s","228",-80.3030555555556,36.515
"bd68fe5d-da7c-43c1-8b51-796dfdb55b65","Approved","2025-06-06T16:03:52.306465+00:00","USGS-02068500","00060",,"00003","2023-12-31","ea3689c6b8104856b945a7fbfd5e0664","ft^3/s","197",-80.3030555555556,36.515
"36416d79-71ea-4b55-ba05-c37cb288389f","Approved","2025-03-11T14:05:54.794122+00:00","USGS-02097517","00060",,"00003","2021-01-01","bb416b35c4db4910bf01a85891f6b6a6","ft^3/s","78.7",-79.0197222222222,35.8933333333333
"3172dc6d-1c1c-41d1-9038-9cb3ab2d6dbf","Approved","2025-03-11T14:05:54.794122+00:00","USGS-02097517","00060",,"00003","2021-01-02","bb416b35c4db4910bf01a85891f6b6a6","ft^3/s","239",-79.0197222222222,35.8933333333333
"7bbcfd37-079c-4d39-9f9b-f53ad963dcc6","Approved","2025-03-11T14:05:54.794122+00:00","USGS-02097517","00060",,"00003","2021-01-03","bb416b35c4db4910bf01a85891f6b6a6","ft^3/s","755",-79.0197222222222,35.8933333333333
"034605d7-9945-407c-83ad-d8c4b0eb34f5","Approved","2025-03-11T14:05:54.794122+00:00","USGS-02097517","00060",,"00003","2021-01-04","bb416b35c4db4910bf01a85891f6b6a6","ft^3/s","181",-79.0197222222222,35.8933333333333
"b89c5b2c-d96a-48e1-8c2f-10f53b0f4fa3","Approved","2025-03-11T14:05:54.794122+00:00","USGS-02097517","00060",,"00003","2021-01-05","bb416b35c4db4910bf01a85891f6b6a6","ft^3/s","106",-79.0197222222222,35.8933333333333
"93a13dbb-f471-4e39-8ce8-0894712d8faf","Approved","2025-03-11T14:05:54.794122+00:00","USGS-02097517","00060",,"00003","2021-01-06","bb416b35c4db4910bf01a85891f6b6a6","ft^3/s","74.2",-79.0197222222222,35.8933333333333
"77dd853c-549d-4ee0-9f11-67bc7ddb7637","Approved","2025-03-11T14:05:54.794122+00:00","USGS-02097517","00060",,"00003","2021-01-07","bb416b35c4db4910bf01a85891f6b6a6","ft^3/s","58.8",-79.0197222222222,35.8933333333333
"06d6b9da-4daf-46b1-ba38-f603115805aa","Approved","2025-03-11T14:05:54.794122+00:00","USGS-02097517","00060",,"00003","2021-01-08","bb416b35c4db4910bf01a85891f6b6a6","ft^3/s","70.8",-79.0197222222222,35.8933333333333
"8f092fa9-b456-4d1f-a668-3122c9a9d3ca","Approved","2025-03-11T14:05:54.794122+00:00","USGS-02097517","00060",,"00003","2021-01-09","bb416b35c4db4910bf01a85891f6b6a6","ft^3/s","83.5",-79.0197222222222,35.8933333333333
"fbfdc53a-1637-4a1d-aca0-88361d040d02","Approved","2025-03-11T14:05:54.794122+00:00","USGS-02097517","00060",,"00003","2021-01-10","bb416b35c4db4910bf01a85891f6b6a6","ft^3/s","58.8",-79.0197222222222,35.8933333333333
"2a17a091-0a91-45b6-aca4-c7bf831a2ded","Approved","2025-03-11T14:05:54.794122+00:00","USGS-02097517","00060",,"00003","2021-01-11","bb416b35c4db4910bf01a85891f6b6a6","ft^3/s","47.2",-79.0197222222222,35.8933333333333
"5c3d89d1-8a84-47a1-859f-e57c77b315db","Approved","2025-03-11T14:05:54.794122+00:00","USGS-02097517","00060",,"00003","2021-01-12","bb416b35c4db4910bf01a85891f6b6a6","ft^3/s","43.8",-79.0197222222222,35.8933333333333
"1ac51bef-3cc7-4549-bf80-0a183ab4bb3d","Approved","2025-03-11T14:05:54.794122+00:00","USGS-02097517","00060",,"00003","2021-01-13","bb416b35c4db4910bf01a85891f6b6a6","ft^3/s","38.1",-79.0197222222222,35.8933333333333
"2ac71e26-8668-4754-b123-b26fe38fa1c6","Approved","2025-03-11T14:05:54.794122+00:00","USGS-02097517","00060",,"00003","2021-01-14","bb416b35c4db4910bf01a85891f6b6a6","ft^3/s","33.9",-79.0197222222222,35.8933333333333
"d4a47365-bdaf-422d-b421-a456c23055a1","Approved","2025-03-11T14:05:54.794122+00:00","USGS-02097517","00060",,"00003","2021-01-15","bb416b35c4db4910bf01a85891f6b6a6","ft^3/s","35.8",-79.0197222222222,35.8933333333333
"599d32f5-48ad-42b3-8c41-f2e1e6c4dcb4","Approved","2025-03-11T14:05:54.794122+00:00","USGS-02097517","00060",,"00003","2021-01-16","bb416b35c4db4910bf01a85891f6b6a6","ft^3/s","38.7",-79.0197222222222,35.8933333333333
"99e5993b-8a87-4940-8022-85e5f7e825df","Approved","2025-03-11T14:05:54.794122+00:00","USGS-02097517","00060",,"00003","2021-01-17","bb416b35c4db4910bf01a85891f6b6a6","ft^3/s","32.7",-79.0197222222222,35.8933333333333
"241483a0-1342-4c41-9df6-964c841b267a","Approved","2025-03-11T14:05:54.794122+00:00","USGS-02097517","00060",,"00003","2021-01-18","bb416b35c4db4910bf01a85891f6b6a6","ft^3/s","29.4",-79.0197222222222,35.8933333333333
"dafc6e5b-6fb8-4000-9d84-41e9640bb9bf","Approved","2025-03-11T14:05:54.794122+00:00","USGS-02097517","00060",,"00003","2021-01-19","bb416b35c4db4910bf01a85891f6b6a6","ft^3/s","28.3",-79.0197222222222,35.8933333333333
"fd13fb4e-2b75-48c5-89db-46c88477c03d","Approved","2025-03-11T14:05:54.794122+00:00","USGS-02097517","00060",,"00003","2021-01-20","bb416b35c4db4910bf01a85891f6b6a6","ft^3/s","25.5",-79.0197222222222,35.8933333333333
"3e0c88e8-4892-402e-a404-7385279a1ed4","Approved","2025-03-11T14:05:54.794122+00:00","USGS-02097517","00060",,"00003","2021-01-21","bb416b35c4db4910bf01a85891f6b6a6","ft^3/s","23.8",-79.0197222222222,35.8933333333333
"1b764845-3dcf-42a9-a800-b552acec8dee","Approved","2025-03-11T14:05:54.794122+00:00","USGS-02097517","00060",,"00003","2021-01-22","bb416b35c4db4910bf01a85891f6b6a6","ft^3/s","23.2",-79.0197222222222,35.8933333333333
"2e600533-d892-4c7c-8c28-548ede20b359","Approved","2025-03-11T14:05:54.794122+00:00","USGS-02097517","00060",,"00003","2021-01-23","bb416b35c4db4910bf01a85891f6b6a6","ft^3/s","21.0",-79.0197222222222,35.8933333333333
"5472c31e-a267-4dcf-b9ba-903a410d26df","Approved","2025-03-11T14:05:54.794122+00:00","USGS-02097517","00060",,"00003","2021-01-24","bb416b35c4db4910bf01a85891f6b6a6","ft^3/s","18.5",-79.0197222222222,35.8933333333333
"5d884111-6024-461f-8677-f8fe0d741b7b","Approved","2025-03-11T14:05:54.794122+00:00","USGS-02097517","00060",,"00003","2021-01-25","bb416b35c4db4910bf01a85891f6b6a6","ft^3/s","26.8",-79.0197222222222,35.8933333333333
"86e833da-9adf-4263-a9c6-e0c1497da1dc","Approved","2025-03-11T14:05:54.794122+00:00","USGS-02097517","00060",,"00003","2021-01-26","bb416b35c4db4910bf01a85891f6b6a6","ft^3/s","89.2",-79.0197222222222,35.8933333333333
"4202c6e7-665a-4464-9a24-999f626a05e1","Approved","2025-03-11T14:05:54.794122+00:00","USGS-02097517","00060",,"00003","2021-01-27","bb416b35c4db4910bf01a85891f6b6a6","ft^3/s","64.2",-79.0197222222222,35.8933333333333
"13d678da-196d-4f89-b85b-c3294d5d0452","Approved","2025-03-11T14:05:54.794122+00:00","USGS-02097517","00060",,"00003","2021-01-28","bb416b35c4db4910bf01a85891f6b6a6","ft^3/s","145",-79.0197222222222,35.8933333333333
"d82378f9-707d-46d4-875c-ea87a236a851","Approved","2025-03-11T14:05:54.794122+00:00","USGS-02097517","00060",,"00003","2021-01-29","bb416b35c4db4910bf01a85891f6b6a6","ft^3/s","89.5",-79.0197222222222,35.8933333333333
"27b546d0-5a05-4667-b6ff-8f8eb7410e2a","Approved","2025-03-11T14:05:54.794122+00:00","USGS-02097517","00060",,"00003","2021-01-30","bb416b35c4db4910bf01a85891f6b6a6","ft^3/s","57.0",-79.0197222222222,35.8933333333333
"b8123132-3e8b-45b2-9e25-8b1d455fb8cf","Approved","2025-03-11T14:05:54.794122+00:00","USGS-02097517","00060",,"00003","2021-01-31","bb416b35c4db4910bf01a85891f6b6a6","ft^3/s","311",-79.0197222222222,35.8933333333333
"04b9307f-a2b3-42cc-9f73-bd1547271e73","Approved","2025-03-11T14:05:54.794122+00:00","USGS-02097517","00060",,"00003","2021-02-01","bb416b35c4db4910bf01a85891f6b6a6","ft^3/s","217",-79.0197222222222,35.8933333333333
"5a352dd5-603e-4e9c-84dd-0415b330d689","Approved","2025-03-11T14:05:54.794122+00:00","USGS-02097517","00060",,"00003","2021-02-02","bb416b35c4db4910bf01a85891f6b6a6","ft^3/s","113",-79.0197222222222,35.8933333333333
"a72ec431-6d62-4306-8dbe-bec51a22a9a6","Approved","2025-03-11T14:05:54.794122+00:00","USGS-02097517","00060",,"00003","2021-02-03","bb416b35c4db4910bf01a85891f6b6a6","ft^3/s","85.3",-79.0197222222222,35.8933333333333
"eb1c75ae-5307-4106-9f3f-01f8ea5fe5f7","Approved","2025-03-11T14:05:54.794122+00:00","USGS-02097517","00060",,"00003","2021-02-04","bb416b35c4db4910bf01a85891f6b6a6","ft^3/s","66.8",-79.0197222222222,35.8933333333333
"ff04ed2a-a1c3-4e66-9958-628a4a682729","Approved","2025-03-11T14:05:54.794122+00:00","USGS-02097517","00060",,"00003","2021-02-05","bb416b35c4db4910bf01a85891f6b6a6","ft^3/s","65.5",-79.0197222222222,35.8933333333333
"fdd8e5ce-8968-4e9d-83c3-85f6bf03a611","Approved","2025-03-11T14:05:54.794122+00:00","USGS-02097517","00060",,"00003","2021-02-06","bb416b35c4db4910bf01a85891f6b6a6","ft^3/s","55.8",-79.0197222222222,35.8933333333333
"72ddbaea-d2cb-4421-a581-01490b50c343","Approved","2025-03-11T14:05:54.794122+00:00","USGS-02097517","00060",,"00003","2021-02-07","bb416b35c4db4910bf01a85891f6b6a6","ft^3/s","240",-79.0197222222222,35.8933333333333
"41241a52-5df0-446a-bd90-c71bcb2c80c5","Approved","2025-03-11T14:05:54.794122+00:00","USGS-02097517","00060",,"00003","2021-02-08","bb416b35c4db4910bf01a85891f6b6a6","ft^3/s","135",-79.0197222222222,35.8933333333333
"7874e730-bb56-4ca1-aa0b-037cd45ed534","Approved","2025-03-11T14:05:54.794122+00:00","USGS-02097517","00060",,"00003","2021-02-09","bb416b35c4db4910bf01a85891f6b6a6","ft^3/s","92.7",-79.0197222222222,35.8933333333333
"0906d720-9e57-470d-9fda-f98e54a0a3ec","Approved","2025-03-11T14:05:54.794122+00:00","USGS-02097517","00060",,"00003","2021-02-10","bb416b35c4db4910bf01a85891f6b6a6","ft^3/s","74.2",-79.0197222222222,35.8933333333333
"3db5555a-afef-4afc-995f-4259766a1166","Approved","2025-03-11T14:05:54.794122+00:00","USGS-02097517","00060",,"00003","2021-02-11","bb416b35c4db4910bf01a85891f6b6a6","ft^3/s","110",-79.0197222222222,35.8933333333333
"f4ae5970-e86b-43e4-a9a8-333c80075ca9","Approved","2025-03-11T14:05:54.794122+00:00","USGS-02097517","00060",,"00003","2021-02-12","bb416b35c4db4910bf01a85891f6b6a6","ft^3/s","214",-79.0197222222222,35.8933333333333
"36a62246-43ee-4443-bcaa-f13d464b9163","Approved","2025-03-11T14:05:54.794122+00:00","USGS-02097517","00060",,"00003","2021-02-13","bb416b35c4db4910bf01a85891f6b6a6","ft^3/s","307",-79.0197222222222,35.8933333333333
"419ca034-2037-41f8-a82a-57ea5e1d8b7c","Approved","2025-03-11T14:05:54.794122+00:00","USGS-02097517","00060",,"00003","2021-02-14","bb416b35c4db4910bf01a85891f6b6a6","ft^3/s","300",-79.0197222222222,35.8933333333333
"f73017ac-edbc-4093-91c7-8220b135bb69","Approved","2025-03-11T14:05:54.794122+00:00","USGS-02097517","00060",,"00003","2021-02-15","bb416b35c4db4910bf01a85891f6b6a6","ft^3/s","245",-79.0197222222222,35.8933333333333
"6ddfa2f8-a4b7-42ff-9a58-a5cb4d4852a3","Approved","2025-03-11T14:05:54.794122+00:00","USGS-02097517","00060",,"00003","2021-02-16","bb416b35c4db4910bf01a85891f6b6a6","ft^3/s","709",-79.0197222222222,35.8933333333333
"e4554c7d-ad64-4785-9dce-1e3e96648b49","Approved","2025-03-11T14:05:54.794122+00:00","USGS-02097517","00060",,"00003","2021-02-17","bb416b35c4db4910bf01a85891f6b6a6","ft^3/s","208",-79.0197222222222,35.8933333333333
"eb3b0604-432b-447f-9518-aded034f2802","Approved","2025-03-11T14:05:54.794122+00:00","USGS-02097517","00060",,"00003","2021-02-18","bb416b35c4db4910bf01a85891f6b6a6","ft^3/s","271",-79.0197222222222,35.8933333333333
"73f153c3-a12b-4a29-942e-a1f571e9845f","Approved","2025-03-11T14:05:54.794122+00:00","USGS-02097517","00060",,"00003","2021-02-19","bb416b35c4db4910bf01a85891f6b6a6","ft^3/s","313",-79.0197222222222,35.8933333333333
"d443bd14-e28b-476f-a7e6-c115ea2e6c83","Approved","2025-03-11T14:05:54.794122+00:00","USGS-02097517","00060",,"00003","2021-02-20","bb416b35c4db4910bf01a85891f6b6a6","ft^3/s","189",-79.0197222222222,35.8933333333333
"913ecaae-b7d7-4334-9fda-ce5dcc8a7c76","Approved","2025-03-11T14:05:54.794122+00:00","USGS-02097517","00060",,"00003","2021-02-21","bb416b35c4db4910bf01a85891f6b6a6","ft^3/s","140",-79.0197222222222,35.8933333333333
"b5c0296a-242e-466e-b6f3-d1ae6c4148c2","Approved","2025-03-11T14:05:54.794122+00:00","USGS-02097517","00060",,"00003","2021-02-22","bb416b35c4db4910bf01a85891f6b6a6","ft^3/s","148",-79.0197222222222,35.8933333333333
"f7d51455-fa8a-4fd4-92fb-029880b6c1dd","Approved","2025-03-11T14:05:54.794122+00:00","USGS-02097517","00060",,"00003","2021-02-23","bb416b35c4db4910bf01a85891f6b6a6","ft^3/s","153",-79.0197222222222,35.8933333333333
"192bc9ea-0f94-4857-9cc0-a683b59a6ac1","Approved","2025-03-11T14:05:54.794122+00:00","USGS-02097517","00060",,"00003","2021-02-24","bb416b35c4db4910bf01a85891f6b6a6","ft^3/s","120",-79.0197222222222,35.8933333333333
"ead33bde-94ec-4317-bd56-c9d464d90e12","Approved","2025-03-11T14:05:54.794122+00:00","USGS-02097517","00060",,"00003","2021-02-25","bb416b35c4db4910bf01a85891f6b6a6","ft^3/s","105",-79.0197222222222,35.8933333333333
"0c26386d-1bea-494e-9d0b-84359691f1b9","Approved","2025-03-11T14:05:54.794122+00:00","USGS-02097517","00060",,"00003","2021-02-26","bb416b35c4db4910bf01a85891f6b6a6","ft^3/s","106",-79.0197222222222,35.8933333333333
"f80a610f-7df7-4c8c-8679-ec78962ec8b4","Approved","2025-03-11T14:05:54.794122+00:00","USGS-02097517","00060",,"00003","2021-02-27","bb416b35c4db4910bf01a85891f6b6a6","ft^3/s","221",-79.0197222222222,35.8933333333333
"b5ec06d5-51a6-4e90-8f56-20b552458017","Approved","2025-03-11T14:05:54.794122+00:00","USGS-02097517","00060",,"00003","2021-02-28","bb416b35c4db4910bf01a85891f6b6a6","ft^3/s","144",-79.0197222222222,35.8933333333333
"89926377-20d5-4000-b197-947c12528407","Approved","2025-03-11T14:05:54.794122+00:00","USGS-02097517","00060",,"00003","2021-03-01","bb416b35c4db4910bf01a85891f6b6a6","ft^3/s","126",-79.0197222222222,35.8933333333333
"dee8fef3-386f-45b7-8660-ed285ae78969","Approved","2025-03-11T14:05:54.794122+00:00","USGS-02097517","00060",,"00003","2021-03-02","bb416b35c4db4910bf01a85891f6b6a6","ft^3/s","108",-79.0197222222222,35.8933333333333
"16735894-65cf-4ee5-b316-4d56e138427f","Approved","2025-03-11T14:05:54.794122+00:00","USGS-02097517","00060",,"00003","2021-03-03","bb416b35c4db4910bf01a85891f6b6a6","ft^3/s","95.2",-79.0197222222222,35.8933333333333
"d2c49fd6-9075-4a85-a0f9-732812663880","Approved","2025-03-11T14:05:54.794122+00:00","USGS-02097517","00060",,"00003","2021-03-04","bb416b35c4db4910bf01a85891f6b6a6","ft^3/s","88.2",-79.0197222222222,35.8933333333333
"8969fd75-bf92-4d22-aa4e-aba3ed3f8ff9","Approved","2025-03-11T14:05:54.794122+00:00","USGS-02097517","00060",,"00003","2021-03-05","bb416b35c4db4910bf01a85891f6b6a6","ft^3/s","78.2",-79.0197222222222,35.8933333333333
"ae6cac04-5a79-41cb-93e1-17f53450354f","Approved","2025-03-11T14:05:54.794122+00:00","USGS-02097517","00060",,"00003","2021-03-06","bb416b35c4db4910bf01a85891f6b6a6","ft^3/s","71.6",-79.0197222222222,35.8933333333333
"ddbb5db1-044b-4d8a-911d-efb4ea13f975","Approved","2025-03-11T14:05:54.794122+00:00","USGS-02097517","00060",,"00003","2021-03-07","bb416b35c4db4910bf01a85891f6b6a6","ft^3/s","65.6",-79.0197222222222,35.8933333333333
"61961fe2-68c3-4293-b5a1-7eb94826cfb7","Approved","2025-03-11T14:05:54.794122+00:00","USGS-02097517","00060",,"00003","2021-03-08","bb416b35c4db4910bf01a85891f6b6a6","ft^3/s","60.9",-79.0197222222222,35.8933333333333
"a1e25ac6-f9cc-4e42-845b-3ebd92eb7858","Approved","2025-03-11T14:05:54.794122+00:00","USGS-02097517","00060",,"00003","2021-03-09","bb416b35c4db4910bf01a85891f6b6a6","ft^3/s","57.7",-79.0197222222222,35.8933333333333
"f0c09768-6b06-446c-bea0-de327af35e87","Approved","2025-03-11T14:05:54.794122+00:00","USGS-02097517","00060",,"00003","2021-03-10","bb416b35c4db4910bf01a85891f6b6a6","ft^3/s","56.3",-79.0197222222222,35.8933333333333
"aa4e8409-0066-4012-a8c9-4261d7cab59d","Approved","2025-03-11T14:05:54.794122+00:00","USGS-02097517","00060",,"00003","2021-03-11","bb416b35c4db4910bf01a85891f6b6a6","ft^3/s","53.9",-79.0197222222222,35.8933333333333
"d1e3be1d-9fd7-411f-bcc5-00ea01603287","Approved","2025-03-11T14:05:54.794122+00:00","USGS-02097517","00060",,"00003","2021-03-12","bb416b35c4db4910bf01a85891f6b6a6","ft^3/s","50.7",-79.0197222222222,35.8933333333333
"d06ef444-8e5e-4d22-9bdb-524ef4663c97","Approved","2025-03-11T14:05:54.794122+00:00","USGS-02097517","00060",,"00003","2021-03-13","bb416b35c4db4910bf01a85891f6b6a6","ft^3/s","50.4",-79.0197222222222,35.8933333333333
"f81d6373-7e9b-482c-89f2-9c4a4048d891","Approved","2025-03-11T14:05:54.794122+00:00","USGS-02097517","00060",,"00003","2021-03-14","bb416b35c4db4910bf01a85891f6b6a6","ft^3/s","45.2",-79.0197222222222,35.8933333333333
"4d3f642b-6157-417b-8236-efa871a621f5","Approved","2025-03-11T14:05:54.794122+00:00","USGS-02097517","00060",,"00003","2021-03-15","bb416b35c4db4910bf01a85891f6b6a6","ft^3/s","41.9",-79.0197222222222,35.8933333333333
"514f8e6d-e1e5-460b-959f-c160e19492e6","Approved","2025-03-11T14:05:54.794122+00:00","USGS-02097517","00060",,"00003","2021-03-16","bb416b35c4db4910bf01a85891f6b6a6","ft^3/s","60.2",-79.0197222222222,35.8933333333333
"d8d8b542-d527-4515-9501-131093f70ed4","Approved","2025-03-11T14:05:54.794122+00:00","USGS-02097517","00060",,"00003","2021-03-17","bb416b35c4db4910bf01a85891f6b6a6","ft^3/s","58.7",-79.0197222222222,35.8933333333333
"843217c0-c3db-453f-b7aa-a9bd2beb38ee","Approved","2025-03-11T14:05:54.794122+00:00","USGS-02097517","00060",,"00003","2021-03-18","bb416b35c4db4910bf01a85891f6b6a6","ft^3/s","56.1",-79.0197222222222,35.8933333333333
"906a39d1-2655-4aad-8570-1fdeadffa4c3","Approved","2025-03-11T14:05:54.794122+00:00","USGS-02097517","00060",,"00003","2021-03-19","bb416b35c4db4910bf01a85891f6b6a6","ft^3/s","75.1",-79.0197222222222,35.8933333333333
"fb9a693f-03b6-402f-92cd-8474d68e6e39","Approved","2025-03-11T14:05:54.794122+00:00","USGS-02097517","00060",,"00003","2021-03-20","bb416b35c4db4910bf01a85891f6b6a6","ft^3/s","56.1",-79.0197222222222,35.8933333333333
"2a1b167e-e056-4c5d-bfb8-ed57143e24c5","Approved","2025-03-11T14:05:54.794122+00:00","USGS-02097517","00060",,"00003","2021-03-21","bb416b35c4db4910bf01a85891f6b6a6","ft^3/s","49.0",-79.0197222222222,35.8933333333333
"ecbbe45e-fb94-483d-afda-b53d6deebe7b","Approved","2025-03-11T14:05:54.794122+00:00","USGS-02097517","00060",,"00003","2021-03-22","bb416b35c4db4910bf01a85891f6b6a6","ft^3/s","48.4",-79.0197222222222,35.8933333333333
"a3b255b5-32ff-4b26-a7df-a26b0803a9a7","Approved","2025-03-11T14:05:54.794122+00:00","USGS-02097517","00060",,"00003","2021-03-23","bb416b35c4db4910bf01a85891f6b6a6","ft^3/s","45.6",-79.0197222222222,35.8933333333333
"f97ee3db-6f05-4174-b780-47f2a11b3b84","Approved","2025-03-11T14:05:54.794122+00:00","USGS-02097517","00060",,"00003","2021-03-24","bb416b35c4db4910bf01a85891f6b6a6","ft^3/s","45.9",-79.0197222222222,35.8933333333333
"61508d9b-f73d-4563-b9bd-08c6e834574c","Approved","2025-03-11T14:05:54.794122+00:00","USGS-02097517","00060",,"00003","2021-03-25","bb416b35c4db4910bf01a85891f6b6a6","ft^3/s","44.2",-79.0197222222222,35.8933333333333
"51bf241e-200a-44af-b9e8-25d07f2298a7","Approved","2025-03-11T14:05:54.794122+00:00","USGS-02097517","00060",,"00003","2021-03-26","bb416b35c4db4910bf01a85891f6b6a6","ft^3/s","91.4",-79.0197222222222,35.8933333333333
"05fef93e-21ee-423a-b171-d3d70d74a0cf","Approved","2025-03-11T14:05:54.794122+00:00","USGS-02097517","00060",,"00003","2021-03-27","bb416b35c4db4910bf01a85891f6b6a6","ft^3/s","149",-79.0197222222222,35.8933333333333
"2c618270-9b8f-4603-a4d1-f7a6b9092d7a","Approved","2025-03-11T14:05:54.794122+00:00","USGS-02097517","00060",,"00003","2021-03-28","bb416b35c4db4910bf01a85891f6b6a6","ft^3/s","211",-79.0197222222222,35.8933333333333
"19cce4a8-0fb6-4f2a-b296-94456a2ba533","Approved","2025-03-11T14:05:54.794122+00:00","USGS-02097517","00060",,"00003","2021-03-29","bb416b35c4db4910bf01a85891f6b6a6","ft^3/s","109",-79.0197222222222,35.8933333333333
"95bb9953-c02d-4e0b-8f57-60819277c682","Approved","2025-03-11T14:05:54.794122+00:00","USGS-02097517","00060",,"00003","2021-03-30","bb416b35c4db4910bf01a85891f6b6a6","ft^3/s","71.9",-79.0197222222222,35.8933333333333
"b4357daa-f1bf-4ae1-b8cc-cbc818ccc9fc","Approved","2025-03-11T14:05:54.794122+00:00","USGS-02097517","00060",,"00003","2021-03-31","bb416b35c4db4910bf01a85891f6b6a6","ft^3/s","88.8",-79.0197222222222,35.8933333333333
"3075bc33-6477-4944-8545-b67c978682af","Approved","2025-03-11T14:05:54.794122+00:00","USGS-02097517","00060",,"00003","2021-04-01","bb416b35c4db4910bf01a85891f6b6a6","ft^3/s","130",-79.0197222222222,35.8933333333333
"3383df04-e3e1-4420-853e-c30e8f36c137","Approved","2025-03-11T14:05:54.794122+00:00","USGS-02097517","00060",,"00003","2021-04-02","bb416b35c4db4910bf01a85891f6b6a6","ft^3/s","76.2",-79.0197222222222,35.8933333333333
"968f4c30-06ec-4858-a258-d75a2c7e37d0","Approved","2025-03-11T14:05:54.794122+00:00","USGS-02097517","00060",,"00003","2021-04-03","bb416b35c4db4910bf01a85891f6b6a6","ft^3/s","58.6",-79.0197222222222,35.8933333333333
"1315ed23-fdaa-45ea-bef5-63184880907a","Approved","2025-03-11T14:05:54.794122+00:00","USGS-02097517","00060",,"00003","2021-04-04","bb416b35c4db4910bf01a85891f6b6a6","ft^3/s","48.8",-79.0197222222222,35.8933333333333
"89641d15-5760-47b6-b202-f2632ef2c40c","Approved","2025-03-11T14:05:54.794122+00:00","USGS-02097517","00060",,"00003","2021-04-05","bb416b35c4db4910bf01a85891f6b6a6","ft^3/s","46.8",-79.0197222222222,35.8933333333333
"0527b4d4-4569-4e34-b0fb-f44b193651a5","Approved","2025-03-11T14:05:54.794122+00:00","USGS-02097517","00060",,"00003","2021-04-06","bb416b35c4db4910bf01a85891f6b6a6","ft^3/s","48.4",-79.0197222222222,35.8933333333333
"a849edf6-4098-4372-a06c-6234d72bd5f0","Approved","2025-10-20T13:00:03.268646+00:00","USGS-02097517","00060",,"00003","2021-04-07","bb416b35c4db4910bf01a85891f6b6a6","ft^3/s","41.4",-79.0197222222222,35.8933333333333
"5b00961c-f083-42eb-8ae4-8e4c35b3abc0","Approved","2025-03-11T14:05:54.794122+00:00","USGS-02097517","00060",,"00003","2021-04-08","bb416b35c4db4910bf01a85891f6b6a6","ft^3/s","40.7",-79.0197222222222,35.8933333333333
"2cfccfd1-06b2-4b76-ba8b-f552de2c58fe","Approved","2025-03-11T14:05:54.794122+00:00","USGS-02097517","00060",,"00003","2021-04-09","bb416b35c4db4910bf01a85891f6b6a6","ft^3/s","35.9",-79.0197222222222,35.8933333333333
"b6d26673-13c1-4a30-b32f-684fcb2deca3","Approved","2025-03-11T14:05:54.794122+00:00","USGS-02097517","00060",,"00003","2021-04-10","bb416b35c4db4910bf01a85891f6b6a6","ft^3/s","38.6",-79.0197222222222,35.8933333333333
"69d8231e-07c5-46f3-ba20-b42262fef9d6","Approved","2025-03-11T14:05:54.794122+00:00","USGS-02097517","00060",,"00003","2021-04-11","bb416b35c4db4910bf01a85891f6b6a6","ft^3/s","182",-79.0197222222222,35.8933333333333
"f86d9648-5bc9-43aa-8f6b-14f18c2c0ccb","Approved","2025-03-11T14:05:54.794122+00:00","USGS-02097517","00060",,"00003","2021-04-12","bb416b35c4db4910bf01a85891f6b6a6","ft^3/s","102",-79.0197222222222,35.8933333333333
"fb1101df-31f4-472d-88fd-c27da994d8cf","Approved","2025-03-11T14:05:54.794122+00:00","USGS-02097517","00060",,"00003","2021-04-13","bb416b35c4db4910bf01a85891f6b6a6","ft^3/s","73.2",-79.0197222222222,35.8933333333333
"7d93798a-8375-4a81-b93b-9b5b3be5c950","Approved","2025-03-11T14:05:54.794122+00:00","USGS-02097517","00060",,"00003","2021-04-14","bb416b35c4db4910bf01a85891f6b6a6","ft^3/s","54.4",-79.0197222222222,35.8933333333333
"80d37700-5a99-4197-8cd7-c480c197f98f","Approved","2025-03-11T14:05:54.794122+00:00","USGS-02097517","00060",,"00003","2021-04-15","bb416b35c4db4910bf01a85891f6b6a6","ft^3/s","59.1",-79.0197222222222,35.8933333333333
"d414288e-3664-4add-9d52-0b6c3d354629","Approved","2025-03-11T14:05:54.794122+00:00","USGS-02097517","00060",,"00003","2021-04-16","bb416b35c4db4910bf01a85891f6b6a6","ft^3/s","59.9",-79.0197222222222,35.8933333333333
"32f9cd84-6fe9-414f-a2b1-db37cc862de5","Approved","2025-03-11T14:05:54.794122+00:00","USGS-02097517","00060",,"00003","2021-04-17","bb416b35c4db4910bf01a85891f6b6a6","ft^3/s","57.1",-79.0197222222222,35.8933333333333
"e210aebe-96ff-49ed-a1be-23a7e3c1fb0b","Approved","2025-03-11T14:05:54.794122+00:00","USGS-02097517","00060",,"00003","2021-04-18","bb416b35c4db4910bf01a85891f6b6a6","ft^3/s","56.5",-79.0197222222222,35.8933333333333
"d6e9a73c-de19-462d-a99b-5317de9ef4ad","Approved","2025-03-11T14:05:54.794122+00:00","USGS-02097517","00060",,"00003","2021-04-19","bb416b35c4db4910bf01a85891f6b6a6","ft^3/s","55.8",-79.0197222222222,35.8933333333333
"6f117326-dd05-466d-a854-a0fa4df8fbd0","Approved","2025-03-11T14:05:54.794122+00:00","USGS-02097517","00060",,"00003","2021-04-20","bb416b35c4db4910bf01a85891f6b6a6","ft^3/s","52.3",-79.0197222222222,35.8933333333333
"280f63e5-3ea0-48d8-9c3c-d8fbd8bd9f52","Approved","2025-03-11T14:05:54.794122+00:00","USGS-02097517","00060",,"00003","2021-04-21","bb416b35c4db4910bf01a85891f6b6a6","ft^3/s","53.5",-79.0197222222222,35.8933333333333
"08d5ff0e-af30-43bf-b4be-0d33ef0f366a","Approved","2025-03-11T14:05:54.794122+00:00","USGS-02097517","00060",,"00003","2021-04-22","bb416b35c4db4910bf01a85891f6b6a6","ft^3/s","55.0",-79.0197222222222,35.8933333333333
"182d917e-47cd-4ba4-ad9b-a9cc0f68b6a0","Approved","2025-03-11T14:05:54.794122+00:00","USGS-02097517","00060",,"00003","2021-04-23","bb416b35c4db4910bf01a85891f6b6a6","ft^3/s","46.3",-79.0197222222222,35.8933333333333
"d3d07e90-7089-42dc-90fa-452c8e599eb8","Approved","2025-03-11T14:05:54.794122+00:00","USGS-02097517","00060",,"00003","2021-04-24","bb416b35c4db4910bf01a85891f6b6a6","ft^3/s","66.7",-79.0197222222222,35.8933333333333
"8e512ba5-7901-49e6-869d-5feeffc41ccb","Approved","2025-03-11T14:05:54.794122+00:00","USGS-02097517","00060",,"00003","2021-04-25","bb416b35c4db4910bf01a85891f6b6a6","ft^3/s","96.1",-79.0197222222222,35.8933333333333
"3b0863c3-432c-4846-a013-a5c71dbebf5e","Approved","2025-03-11T14:05:54.794122+00:00","USGS-02097517","00060",,"00003","2021-04-26","bb416b35c4db4910bf01a85891f6b6a6","ft^3/s","70.4",-79.0197222222222,35.8933333333333
"f155dd7f-c897-4a4c-be96-635c1e0640af","Approved","2025-03-11T14:05:54.794122+00:00","USGS-02097517","00060",,"00003","2021-04-27","bb416b35c4db4910bf01a85891f6b6a6","ft^3/s","55.0",-79.0197222222222,35.8933333333333
"42d09a53-efad-4275-a855-c0667a95aa7f","Approved","2025-03-11T14:05:54.794122+00:00","USGS-02097517","00060",,"00003","2021-04-28","bb416b35c4db4910bf01a85891f6b6a6","ft^3/s","42.2",-79.0197222222222,35.8933333333333
"4a0831e9-1294-4a4b-bd9b-834feecece04","Approved","2025-03-11T14:05:54.794122+00:00","USGS-02097517","00060",,"00003","2021-04-29","bb416b35c4db4910bf01a85891f6b6a6","ft^3/s","41.7",-79.0197222222222,35.8933333333333
"1b1d4d30-9ba2-485a-b089-183ab85847e5","Approved","2025-03-11T14:05:54.794122+00:00","USGS-02097517","00060",,"00003","2021-04-30","bb416b35c4db4910bf01a85891f6b6a6","ft^3/s","45.4",-79.0197222222222,35.8933333333333
"c70325aa-efc5-4621-bb43-c671fd4f32c3","Approved","2025-03-11T14:05:54.794122+00:00","USGS-02097517","00060",,"00003","2021-05-01","bb416b35c4db4910bf01a85891f6b6a6","ft^3/s","36.5",-79.0197222222222,35.8933333333333
"0f90425e-5c1a-4894-8ffc-43e7b8351692","Approved","2025-03-11T14:05:54.794122+00:00","USGS-02097517","00060",,"00003","2021-05-02","bb416b35c4db4910bf01a85891f6b6a6","ft^3/s","29.7",-79.0197222222222,35.8933333333333
"d1a53127-2fef-4b59-b1c8-7b44cdc0cf08","Approved","2025-03-11T14:05:54.794122+00:00","USGS-02097517","00060",,"00003","2021-05-03","bb416b35c4db4910bf01a85891f6b6a6","ft^3/s","40.8",-79.0197222222222,35.8933333333333
"8d89ad21-7e57-4413-bc1f-9c6d39826411","Approved","2025-03-11T14:05:54.794122+00:00","USGS-02097517","00060",,"00003","2021-05-04","bb416b35c4db4910bf01a85891f6b6a6","ft^3/s","60.3",-79.0197222222222,35.8933333333333
"ef24376e-639c-4ab9-b414-e5b99a76096f","Approved","2025-03-11T14:05:54.794122+00:00","USGS-02097517","00060",,"00003","2021-05-05","bb416b35c4db4910bf01a85891f6b6a6","ft^3/s","64.1",-79.0197222222222,35.8933333333333
"423c2f84-fc0c-44b3-9da7-020d54772bff","Approved","2025-03-11T14:05:54.794122+00:00","USGS-02097517","00060",,"00003","2021-05-06","bb416b35c4db4910bf01a85891f6b6a6","ft^3/s","37.8",-79.0197222222222,35.8933333333333
"a45f3056-e6de-41a3-aaeb-e32ea91ef70c","Approved","2025-03-11T14:05:54.794122+00:00","USGS-02097517","00060",,"00003","2021-05-07","bb416b35c4db4910bf01a85891f6b6a6","ft^3/s","49.9",-79.0197222222222,35.8933333333333
"2488daa9-c13e-4fe9-8746-89d7492c9a87","Approved","2025-03-11T14:05:54.794122+00:00","USGS-02097517","00060",,"00003","2021-05-08","bb416b35c4db4910bf01a85891f6b6a6","ft^3/s","48.8",-79.0197222222222,35.8933333333333
"683da133-6b0d-419f-afce-4a946db3bc1f","Approved","2025-03-11T14:05:54.794122+00:00","USGS-02097517","00060",,"00003","2021-05-09","bb416b35c4db4910bf01a85891f6b6a6","ft^3/s","33.1",-79.0197222222222,35.8933333333333
"aaa35163-8101-4142-947f-6fd3ddfcacc9","Approved","2025-03-11T14:05:54.794122+00:00","USGS-02097517","00060",,"00003","2021-05-10","bb416b35c4db4910bf01a85891f6b6a6","ft^3/s","55.5",-79.0197222222222,35.8933333333333
"246f05ab-529b-4e7b-96da-d52922fea790","Approved","2025-03-11T14:05:54.794122+00:00","USGS-02097517","00060",,"00003","2021-05-11","bb416b35c4db4910bf01a85891f6b6a6","ft^3/s","72.5",-79.0197222222222,35.8933333333333
"c6ae90a2-b2fd-49cc-8e5a-d1ba8c069331","Approved","2025-03-11T14:05:54.794122+00:00","USGS-02097517","00060",,"00003","2021-05-12","bb416b35c4db4910bf01a85891f6b6a6","ft^3/s","52.8",-79.0197222222222,35.8933333333333
"3dfe2530-1aa4-4f58-bcbc-c7d51295d7cd","Approved","2025-03-11T14:05:54.794122+00:00","USGS-02097517","00060",,"00003","2021-05-13","bb416b35c4db4910bf01a85891f6b6a6","ft^3/s","46.2",-79.0197222222222,35.8933333333333
"9844a218-6277-440a-bbaa-4ba887d6718d","Approved","2025-03-11T14:05:54.794122+00:00","USGS-02097517","00060",,"00003","2021-05-14","bb416b35c4db4910bf01a85891f6b6a6","ft^3/s","30.7",-79.0197222222222,35.8933333333333
"af755f4b-1c97-4d24-b68d-7b1c5f1c62ca","Approved","2025-03-11T14:05:54.794122+00:00","USGS-02097517","00060",,"00003","2021-05-15","bb416b35c4db4910bf01a85891f6b6a6","ft^3/s","27.0",-79.0197222222222,35.8933333333333
"f2ee2366-ff2f-4bcd-b48f-1ce26993a0f3","Approved","2025-03-11T14:05:54.794122+00:00","USGS-02097517","00060",,"00003","2021-05-16","bb416b35c4db4910bf01a85891f6b6a6","ft^3/s","26.5",-79.0197222222222,35.8933333333333
"dca9ee45-7595-43b9-8b19-695bfa54ea3b","Approved","2025-03-11T14:05:54.794122+00:00","USGS-02097517","00060",,"00003","2021-05-17","bb416b35c4db4910bf01a85891f6b6a6","ft^3/s","31.6",-79.0197222222222,35.8933333333333
"a0f5a1c4-513e-46d3-8546-1603bf7a26d2","Approved","2025-03-11T14:05:54.794122+00:00","USGS-02097517","00060",,"00003","2021-05-18","bb416b35c4db4910bf01a85891f6b6a6","ft^3/s","30.7",-79.0197222222222,35.8933333333333
"72f4d674-3a70-44d6-bf42-2da1b7c30ccf","Approved","2025-03-11T14:05:54.794122+00:00","USGS-02097517","00060",,"00003","2021-05-19","bb416b35c4db4910bf01a85891f6b6a6","ft^3/s","25.0",-79.0197222222222,35.8933333333333
"5a894d19-022d-4f91-b241-a7f4ccaa60c3","Approved","2025-03-11T14:05:54.794122+00:00","USGS-02097517","00060",,"00003","2021-05-20","bb416b35c4db4910bf01a85891f6b6a6","ft^3/s","20.3",-79.0197222222222,35.8933333333333
"5a1d21e2-4f9b-403e-bdc6-01c9d30908ce","Approved","2025-03-11T14:05:54.794122+00:00","USGS-02097517","00060",,"00003","2021-05-21","bb416b35c4db4910bf01a85891f6b6a6","ft^3/s","18.4",-79.0197222222222,35.8933333333333
"cc744685-2341-4d8c-826d-a2f913209b2f","Approved","2025-03-11T14:05:54.794122+00:00","USGS-02097517","00060",,"00003","2021-05-22","bb416b35c4db4910bf01a85891f6b6a6","ft^3/s","17.1",-79.0197222222222,35.8933333333333
"a5af9a74-8ca0-4bba-8787-b84c6fd7fd81","Approved","2025-03-11T14:05:54.794122+00:00","USGS-02097517","00060",,"00003","2021-05-23","bb416b35c4db4910bf01a85891f6b6a6","ft^3/s","16.4",-79.0197222222222,35.8933333333333
"da777d10-8c2a-4824-80c2-913d9a12a503","Approved","2025-03-11T14:05:54.794122+00:00","USGS-02097517","00060",,"00003","2021-05-24","bb416b35c4db4910bf01a85891f6b6a6","ft^3/s","17.3",-79.0197222222222,35.8933333333333
"b26646c0-afe0-46b4-b137-54ef0eecb0be","Approved","2025-03-11T14:05:54.794122+00:00","USGS-02097517","00060",,"00003","2021-05-25","bb416b35c4db4910bf01a85891f6b6a6","ft^3/s","15.4",-79.0197222222222,35.8933333333333
"bacf566d-ee21-4dda-be37-dd4a6e9e3e89","Approved","2025-03-11T14:05:54.794122+00:00","USGS-02097517","00060",,"00003","2021-05-26","bb416b35c4db4910bf01a85891f6b6a6","ft^3/s","15.0",-79.0197222222222,35.8933333333333
"cf2e9564-64fb-44e5-b4ef-34039b41f142","Approved","2025-03-11T14:05:54.794122+00:00","USGS-02097517","00060",,"00003","2021-05-27","bb416b35c4db4910bf01a85891f6b6a6","ft^3/s","14.8",-79.0197222222222,35.8933333333333
"d649fa32-62d3-4eef-af26-1871535e8d0c","Approved","2025-03-11T14:05:54.794122+00:00","USGS-02097517","00060",,"00003","2021-05-28","bb416b35c4db4910bf01a85891f6b6a6","ft^3/s","14.9",-79.0197222222222,35.8933333333333
"8a459ff5-0ff5-48f1-9969-4d982e73fd0f","Approved","2025-03-11T14:05:54.794122+00:00","USGS-02097517","00060",,"00003","2021-05-29","bb416b35c4db4910bf01a85891f6b6a6","ft^3/s","15.2",-79.0197222222222,35.8933333333333
"837a4616-e493-42c2-934e-14812fe677b2","Approved","2025-03-11T14:05:54.794122+00:00","USGS-02097517","00060",,"00003","2021-05-30","bb416b35c4db4910bf01a85891f6b6a6","ft^3/s","18.4",-79.0197222222222,35.8933333333333
"3bd16908-28fd-4420-b155-3e3ea87e2262","Approved","2025-03-11T14:05:54.794122+00:00","USGS-02097517","00060",,"00003","2021-05-31","bb416b35c4db4910bf01a85891f6b6a6","ft^3/s","16.9",-79.0197222222222,35.8933333333333
"4d697e35-6e05-479b-9dc3-7a724ba90098","Approved","2025-10-20T13:00:03.268646+00:00","USGS-02097517","00060",,"00003","2021-06-01","bb416b35c4db4910bf01a85891f6b6a6","ft^3/s","16.2",-79.0197222222222,35.8933333333333
"3e44aaec-a9a8-4ae7-8e99-165d80f68b78","Approved","2025-03-11T14:05:54.794122+00:00","USGS-02097517","00060",,"00003","2021-06-02","bb416b35c4db4910bf01a85891f6b6a6","ft^3/s","16.3",-79.0197222222222,35.8933333333333
"2b1ffd11-248c-4a39-8201-1d405ccd802f","Approved","2025-03-11T14:05:54.794122+00:00","USGS-02097517","00060",,"00003","2021-06-03","bb416b35c4db4910bf01a85891f6b6a6","ft^3/s","94.2",-79.0197222222222,35.8933333333333
"5354c82e-654c-4fad-ad08-fc23b7555cc9","Approved","2025-03-11T14:05:54.794122+00:00","USGS-02097517","00060",,"00003","2021-06-04","bb416b35c4db4910bf01a85891f6b6a6","ft^3/s","95.3",-79.0197222222222,35.8933333333333
"00ea0a3b-1884-46ed-8ac1-72cc22ea4ddd","Approved","2025-03-11T14:05:54.794122+00:00","USGS-02097517","00060",,"00003","2021-06-05","bb416b35c4db4910bf01a85891f6b6a6","ft^3/s","30.6",-79.0197222222222,35.8933333333333
"284e00b8-6e29-4a49-8811-33221154009d","Approved","2025-03-11T14:05:54.794122+00:00","USGS-02097517","00060",,"00003","2021-06-06","bb416b35c4db4910bf01a85891f6b6a6","ft^3/s","20.6",-79.0197222222222,35.8933333333333
"98af3aa0-8d59-4f63-b33c-178494f7b94c","Approved","2025-03-11T14:05:54.794122+00:00","USGS-02097517","00060",,"00003","2021-06-07","bb416b35c4db4910bf01a85891f6b6a6","ft^3/s","17.7",-79.0197222222222,35.8933333333333
"df580114-aa81-40f2-83f2-2389f64ab9e1","Approved","2025-03-11T14:05:54.794122+00:00","USGS-02097517","00060",,"00003","2021-06-08","bb416b35c4db4910bf01a85891f6b6a6","ft^3/s","21.3",-79.0197222222222,35.8933333333333
"ac53e433-4e5a-47e2-8dac-9a55eb3476a0","Approved","2025-03-11T14:05:54.794122+00:00","USGS-02097517","00060",,"00003","2021-06-09","bb416b35c4db4910bf01a85891f6b6a6","ft^3/s","18.9",-79.0197222222222,35.8933333333333
"05553fca-27f7-43bd-b1ca-5665afa1b323","Approved","2025-03-11T14:05:54.794122+00:00","USGS-02097517","00060",,"00003","2021-06-10","bb416b35c4db4910bf01a85891f6b6a6","ft^3/s","34.8",-79.0197222222222,35.8933333333333
"3a0cc78a-7163-42d0-82fc-5f5f5f3d5e5f","Approved","2025-03-11T14:05:54.794122+00:00","USGS-02097517","00060",,"00003","2021-06-11","bb416b35c4db4910bf01a85891f6b6a6","ft^3/s","89.0",-79.0197222222222,35.8933333333333
"46cc107b-46df-4e8d-ad66-998164c6089e","Approved","2025-03-11T14:05:54.794122+00:00","USGS-02097517","00060",,"00003","2021-06-12","bb416b35c4db4910bf01a85891f6b6a6","ft^3/s","51.2",-79.0197222222222,35.8933333333333
"97f0c9f6-21e4-4a10-9e3f-47580187c606","Approved","2025-03-11T14:05:54.794122+00:00","USGS-02097517","00060",,"00003","2021-06-13","bb416b35c4db4910bf01a85891f6b6a6","ft^3/s","21.4",-79.0197222222222,35.8933333333333
"c3d72013-9c52-4d4a-afb0-62562b598178","Approved","2025-03-11T14:05:54.794122+00:00","USGS-02097517","00060",,"00003","2021-06-14","bb416b35c4db4910bf01a85891f6b6a6","ft^3/s","17.7",-79.0197222222222,35.8933333333333
"264cc080-9a35-462f-b26d-80be2084d59b","Approved","2025-03-11T14:05:54.794122+00:00","USGS-02097517","00060",,"00003","2021-06-15","bb416b35c4db4910bf01a85891f6b6a6","ft^3/s","16.9",-79.0197222222222,35.8933333333333
"8be1c798-31ef-4f99-863c-89b5ec038cb4","Approved","2025-03-11T14:05:54.794122+00:00","USGS-02097517","00060",,"00003","2021-06-16","bb416b35c4db4910bf01a85891f6b6a6","ft^3/s","14.8",-79.0197222222222,35.8933333333333
"53bb8def-dbfa-4ea0-ba28-05338664dca4","Approved","2025-03-11T14:05:54.794122+00:00","USGS-02097517","00060",,"00003","2021-06-17","bb416b35c4db4910bf01a85891f6b6a6","ft^3/s","13.8",-79.0197222222222,35.8933333333333
"e29bf16e-edc0-459d-a85c-2c9cd9f35f98","Approved","2025-03-11T14:05:54.794122+00:00","USGS-02097517","00060",,"00003","2021-06-18","bb416b35c4db4910bf01a85891f6b6a6","ft^3/s","13.3",-79.0197222222222,35.8933333333333
"ee477bea-88d9-44f8-a4fa-38f3315c43ec","Approved","2025-03-11T14:05:54.794122+00:00","USGS-02097517","00060",,"00003","2021-06-19","bb416b35c4db4910bf01a85891f6b6a6","ft^3/s","11.2",-79.0197222222222,35.8933333333333
"130c1fd6-227f-4747-bbad-34f046bbb0f1","Approved","2025-03-11T14:05:54.794122+00:00","USGS-02097517","00060",,"00003","2021-06-20","bb416b35c4db4910bf01a85891f6b6a6","ft^3/s","39.3",-79.0197222222222,35.8933333333333
"dc86d6b7-bcd2-480a-bb6e-d417f4f00384","Approved","2025-03-11T14:05:54.794122+00:00","USGS-02097517","00060",,"00003","2021-06-21","bb416b35c4db4910bf01a85891f6b6a6","ft^3/s","21.8",-79.0197222222222,35.8933333333333
"d049dcbd-c166-44b8-b203-59720cdfd400","Approved","2025-03-11T14:05:54.794122+00:00","USGS-02097517","00060",,"00003","2021-06-22","bb416b35c4db4910bf01a85891f6b6a6","ft^3/s","91.7",-79.0197222222222,35.8933333333333
"719c8a8e-5980-454c-95f4-7ad8e121e009","Approved","2025-03-11T14:05:54.794122+00:00","USGS-02097517","00060",,"00003","2021-06-23","bb416b35c4db4910bf01a85891f6b6a6","ft^3/s","79.6",-79.0197222222222,35.8933333333333
"83a1515e-518e-46cc-af87-ef5e734a65b7","Approved","2025-03-11T14:05:54.794122+00:00","USGS-02097517","00060",,"00003","2021-06-24","bb416b35c4db4910bf01a85891f6b6a6","ft^3/s","25.0",-79.0197222222222,35.8933333333333
"4c1375fe-be23-450a-9f50-423393674ee9","Approved","2025-03-11T14:05:54.794122+00:00","USGS-02097517","00060",,"00003","2021-06-25","bb416b35c4db4910bf01a85891f6b6a6","ft^3/s","17.2",-79.0197222222222,35.8933333333333
"0329288b-0bdc-4a4a-a0d1-1297128c60de","Approved","2025-03-11T14:05:54.794122+00:00","USGS-02097517","00060",,"00003","2021-06-26","bb416b35c4db4910bf01a85891f6b6a6","ft^3/s","15.9",-79.0197222222222,35.8933333333333
"57012e9c-910f-43df-8f17-45dba59a300a","Approved","2025-03-11T14:05:54.794122+00:00","USGS-02097517","00060",,"00003","2021-06-27","bb416b35c4db4910bf01a85891f6b6a6","ft^3/s","15.8",-79.0197222222222,35.8933333333333
"8a4924b8-1046-4bc1-95cc-a7987b200660","Approved","2025-03-11T14:05:54.794122+00:00","USGS-02097517","00060",,"00003","2021-06-28","bb416b35c4db4910bf01a85891f6b6a6","ft^3/s","14.7",-79.0197222222222,35.8933333333333
"d9aacbec-8484-407c-9c5b-8ec65ccda16c","Approved","2025-03-11T14:05:54.794122+00:00","USGS-02097517","00060",,"00003","2021-06-29","bb416b35c4db4910bf01a85891f6b6a6","ft^3/s","12.2",-79.0197222222222,35.8933333333333
"b74c3ee3-7492-4b9f-ad48-fd38a2f35209","Approved","2025-03-11T14:05:54.794122+00:00","USGS-02097517","00060",,"00003","2021-06-30","bb416b35c4db4910bf01a85891f6b6a6","ft^3/s","12.2",-79.0197222222222,35.8933333333333
"cc39dcdf-3032-4cfc-a5d0-adba927d39ef","Approved","2025-03-11T14:05:54.794122+00:00","USGS-02097517","00060",,"00003","2021-07-01","bb416b35c4db4910bf01a85891f6b6a6","ft^3/s","11.7",-79.0197222222222,35.8933333333333
"170b7f30-f760-4207-ab47-2a71da3a25bf","Approved","2025-03-11T14:05:54.794122+00:00","USGS-02097517","00060",,"00003","2021-07-02","bb416b35c4db4910bf01a85891f6b6a6","ft^3/s","29.7",-79.0197222222222,35.8933333333333
"8d40302e-f038-4dcc-a24b-c9c56298e990","Approved","2025-03-11T14:05:54.794122+00:00","USGS-02097517","00060",,"00003","2021-07-03","bb416b35c4db4910bf01a85891f6b6a6","ft^3/s","118",-79.0197222222222,35.8933333333333
"680b7bb7-e101-4454-a313-5da2950bc535","Approved","2025-03-11T14:05:54.794122+00:00","USGS-02097517","00060",,"00003","2021-07-04","bb416b35c4db4910bf01a85891f6b6a6","ft^3/s","28.6",-79.0197222222222,35.8933333333333
"d3674a70-53cf-440f-bce8-f2dbb92bcc09","Approved","2025-03-11T14:05:54.794122+00:00","USGS-02097517","00060",,"00003","2021-07-05","bb416b35c4db4910bf01a85891f6b6a6","ft^3/s","15.6",-79.0197222222222,35.8933333333333
"5ea96808-31dd-4db1-b1ca-6b2bbaef6ca2","Approved","2025-03-11T14:05:54.794122+00:00","USGS-02097517","00060",,"00003","2021-07-06","bb416b35c4db4910bf01a85891f6b6a6","ft^3/s","13.3",-79.0197222222222,35.8933333333333
"e4fd573a-6dd7-45ad-b840-c27e8d738c0b","Approved","2025-03-11T14:05:54.794122+00:00","USGS-02097517","00060",,"00003","2021-07-07","bb416b35c4db4910bf01a85891f6b6a6","ft^3/s","12.6",-79.0197222222222,35.8933333333333
"537b69e7-789f-4db8-8226-7d8b13c6a70c","Approved","2025-03-11T14:05:54.794122+00:00","USGS-02097517","00060",,"00003","2021-07-08","bb416b35c4db4910bf01a85891f6b6a6","ft^3/s","194",-79.0197222222222,35.8933333333333
"16a23470-032d-4e0f-8832-42cc6560bd00","Approved","2025-03-11T14:05:54.794122+00:00","USGS-02097517","00060",,"00003","2021-07-09","bb416b35c4db4910bf01a85891f6b6a6","ft^3/s","208",-79.0197222222222,35.8933333333333
"0aefa7b5-e9f9-4b43-871c-87d59e38328c","Approved","2025-03-11T14:05:54.794122+00:00","USGS-02097517","00060",,"00003","2021-07-10","bb416b35c4db4910bf01a85891f6b6a6","ft^3/s","136",-79.0197222222222,35.8933333333333
"a96ce203-c81a-4838-8532-ac57f4e2d0a6","Approved","2025-03-11T14:05:54.794122+00:00","USGS-02097517","00060",,"00003","2021-07-11","bb416b35c4db4910bf01a85891f6b6a6","ft^3/s","42.4",-79.0197222222222,35.8933333333333
"76966595-dfb0-4f25-a163-68ff3107dd0c","Approved","2025-03-11T14:05:54.794122+00:00","USGS-02097517","00060",,"00003","2021-07-12","bb416b35c4db4910bf01a85891f6b6a6","ft^3/s","22.4",-79.0197222222222,35.8933333333333
"40ca91d8-6d6b-4c31-a685-a10815b3ad7c","Approved","2025-03-11T14:05:54.794122+00:00","USGS-02097517","00060",,"00003","2021-07-13","bb416b35c4db4910bf01a85891f6b6a6","ft^3/s","17.3",-79.0197222222222,35.8933333333333
"a11b74cf-d169-4fb3-9567-cbb6b77b9033","Approved","2025-03-11T14:05:54.794122+00:00","USGS-02097517","00060",,"00003","2021-07-14","bb416b35c4db4910bf01a85891f6b6a6","ft^3/s","15.7",-79.0197222222222,35.8933333333333
"ca742143-5ab5-47e4-9aed-b54950a29c8c","Approved","2025-03-11T14:05:54.794122+00:00","USGS-02097517","00060",,"00003","2021-07-15","bb416b35c4db4910bf01a85891f6b6a6","ft^3/s","16.6",-79.0197222222222,35.8933333333333
"7383296c-12b3-4168-b768-15cd2c909f9a","Approved","2025-03-11T14:05:54.794122+00:00","USGS-02097517","00060",,"00003","2021-07-16","bb416b35c4db4910bf01a85891f6b6a6","ft^3/s","14.1",-79.0197222222222,35.8933333333333
"8db42767-250e-4689-9c34-065581a958ac","Approved","2025-03-11T14:05:54.794122+00:00","USGS-02097517","00060",,"00003","2021-07-17","bb416b35c4db4910bf01a85891f6b6a6","ft^3/s","12.8",-79.0197222222222,35.8933333333333
"a15fa2c3-7a2d-4aaf-9f57-f79dac47df09","Approved","2025-03-11T14:05:54.794122+00:00","USGS-02097517","00060",,"00003","2021-07-18","bb416b35c4db4910bf01a85891f6b6a6","ft^3/s","15.7",-79.0197222222222,35.8933333333333
"8462c83d-1786-4af1-a5c0-b87c75882620","Approved","2025-03-11T14:05:54.794122+00:00","USGS-02097517","00060",,"00003","2021-07-19","bb416b35c4db4910bf01a85891f6b6a6","ft^3/s","230",-79.0197222222222,35.8933333333333
"ca12731b-b0c0-4542-a168-0a3e79149906","Approved","2025-03-11T14:05:54.794122+00:00","USGS-02097517","00060",,"00003","2021-07-20","bb416b35c4db4910bf01a85891f6b6a6","ft^3/s","127",-79.0197222222222,35.8933333333333
"82d21174-b13b-48b5-b178-cd7d5b8dbcad","Approved","2025-03-11T14:05:54.794122+00:00","USGS-02097517","00060",,"00003","2021-07-21","bb416b35c4db4910bf01a85891f6b6a6","ft^3/s","42.7",-79.0197222222222,35.8933333333333
"daecbf3f-2eb8-48ce-aec8-15ece41a8c52","Approved","2025-03-11T14:05:54.794122+00:00","USGS-02097517","00060",,"00003","2021-07-22","bb416b35c4db4910bf01a85891f6b6a6","ft^3/s","21.7",-79.0197222222222,35.8933333333333
"aaacf1cb-c4f7-41b0-8b0a-fb5f5bb68e25","Approved","2025-03-11T14:05:54.794122+00:00","USGS-02097517","00060",,"00003","2021-07-23","bb416b35c4db4910bf01a85891f6b6a6","ft^3/s","15.4",-79.0197222222222,35.8933333333333
"7465a4a4-62f5-4240-b8c5-23e58dba3746","Approved","2025-03-11T14:05:54.794122+00:00","USGS-02097517","00060",,"00003","2021-07-24","bb416b35c4db4910bf01a85891f6b6a6","ft^3/s","13.7",-79.0197222222222,35.8933333333333
"653e7875-38fc-4f93-af6c-d9bce44ef49b","Approved","2025-03-11T14:05:54.794122+00:00","USGS-02097517","00060",,"00003","2021-07-25","bb416b35c4db4910bf01a85891f6b6a6","ft^3/s","12.9",-79.0197222222222,35.8933333333333
"85c93e47-4efc-4af8-96f8-1eff1303c23b","Approved","2025-03-11T14:05:54.794122+00:00","USGS-02097517","00060",,"00003","2021-07-26","bb416b35c4db4910bf01a85891f6b6a6","ft^3/s","11.9",-79.0197222222222,35.8933333333333
"31c280c9-1aa4-4d05-99c5-77e0269cce56","Approved","2025-10-20T13:00:03.268646+00:00","USGS-02097517","00060",,"00003","2021-07-27","bb416b35c4db4910bf01a85891f6b6a6","ft^3/s","11.9",-79.0197222222222,35.8933333333333
"45e11ea6-4571-4f2e-8673-cedd6205b430","Approved","2025-03-11T14:05:54.794122+00:00","USGS-02097517","00060",,"00003","2021-07-28","bb416b35c4db4910bf01a85891f6b6a6","ft^3/s","12.0",-79.0197222222222,35.8933333333333
"91059b55-d2ab-47fa-9ba4-9f3b6a485853","Approved","2025-03-11T14:05:54.794122+00:00","USGS-02097517","00060",,"00003","2021-07-29","bb416b35c4db4910bf01a85891f6b6a6","ft^3/s","12.2",-79.0197222222222,35.8933333333333
"9f98a696-1989-4c3c-93e3-c58bff198fdb","Approved","2025-03-11T14:05:54.794122+00:00","USGS-02097517","00060",,"00003","2021-07-30","bb416b35c4db4910bf01a85891f6b6a6","ft^3/s","12.2",-79.0197222222222,35.8933333333333
"bfd1ff89-a922-43f4-9cb4-f8d55ccfe582","Approved","2025-03-11T14:05:54.794122+00:00","USGS-02097517","00060",,"00003","2021-07-31","bb416b35c4db4910bf01a85891f6b6a6","ft^3/s","11.8",-79.0197222222222,35.8933333333333
"03c3e19e-16b4-4215-b6ca-bb40a041aea1","Approved","2025-03-11T14:05:54.794122+00:00","USGS-02097517","00060",,"00003","2021-08-01","bb416b35c4db4910bf01a85891f6b6a6","ft^3/s","11.7",-79.0197222222222,35.8933333333333
"321d8e49-8304-4651-9fc4-42abcf040a99","Approved","2025-03-11T14:05:54.794122+00:00","USGS-02097517","00060",,"00003","2021-08-02","bb416b35c4db4910bf01a85891f6b6a6","ft^3/s","12.1",-79.0197222222222,35.8933333333333
"e0dd694f-56cc-471e-8175-402ae4129381","Approved","2025-03-11T14:05:54.794122+00:00","USGS-02097517","00060",,"00003","2021-08-03","bb416b35c4db4910bf01a85891f6b6a6","ft^3/s","12.0",-79.0197222222222,35.8933333333333
"f376a587-a60a-4fd3-8d42-16e059375f5b","Approved","2025-03-11T14:05:54.794122+00:00","USGS-02097517","00060","['ESTIMATED']","00003","2021-08-04","bb416b35c4db4910bf01a85891f6b6a6","ft^3/s","12.2",-79.0197222222222,35.8933333333333
"cb1c24f0-bf88-4849-badd-96b053c04316","Approved","2025-03-11T14:05:54.794122+00:00","USGS-02097517","00060","['ESTIMATED']","00003","2021-08-05","bb416b35c4db4910bf01a85891f6b6a6","ft^3/s","12.0",-79.0197222222222,35.8933333333333
"741710e0-e6c4-49dd-b4a3-30dc520f1a7f","Approved","2025-10-20T13:00:03.268646+00:00","USGS-02097517","00060",,"00003","2021-08-06","bb416b35c4db4910bf01a85891f6b6a6","ft^3/s","12.2",-79.0197222222222,35.8933333333333
"968beb65-3ec9-4373-98d4-721eaebf7099","Approved","2025-03-11T14:05:54.794122+00:00","USGS-02097517","00060",,"00003","2021-08-07","bb416b35c4db4910bf01a85891f6b6a6","ft^3/s","44.8",-79.0197222222222,35.8933333333333
"75813050-41aa-4736-bb82-7a680dbe4720","Approved","2025-03-11T14:05:54.794122+00:00","USGS-02097517","00060",,"00003","2021-08-08","bb416b35c4db4910bf01a85891f6b6a6","ft^3/s","14.2",-79.0197222222222,35.8933333333333
"32abe352-22c4-4b39-8da2-bc376428582e","Approved","2025-03-11T14:05:54.794122+00:00","USGS-02097517","00060",,"00003","2021-08-09","bb416b35c4db4910bf01a85891f6b6a6","ft^3/s","12.6",-79.0197222222222,35.8933333333333
"dc0df4ca-9fd7-4ea9-b998-2b07f2b077f1","Approved","2025-03-11T14:05:54.794122+00:00","USGS-02097517","00060",,"00003","2021-08-10","bb416b35c4db4910bf01a85891f6b6a6","ft^3/s","12.1",-79.0197222222222,35.8933333333333
"0866cf47-5a86-40a3-8c5f-e3b51e60edee","Approved","2025-03-11T14:05:54.794122+00:00","USGS-02097517","00060",,"00003","2021-08-11","bb416b35c4db4910bf01a85891f6b6a6","ft^3/s","12.1",-79.0197222222222,35.8933333333333
"77b69b4f-f236-4826-8761-00af10c28ef3","Approved","2025-03-11T14:05:54.794122+00:00","USGS-02097517","00060",,"00003","2021-08-12","bb416b35c4db4910bf01a85891f6b6a6","ft^3/s","11.9",-79.0197222222222,35.8933333333333
"211562e9-9312-484e-90c2-32db56784d7d","Approved","2025-03-11T14:05:54.794122+00:00","USGS-02097517","00060",,"00003","2021-08-13","bb416b35c4db4910bf01a85891f6b6a6","ft^3/s","12.3",-79.0197222222222,35.8933333333333
"63725dd2-fcf7-43cf-91f2-3b102abe4992","Approved","2025-03-11T14:05:54.794122+00:00","USGS-02097517","00060",,"00003","2021-08-14","bb416b35c4db4910bf01a85891f6b6a6","ft^3/s","13.0",-79.0197222222222,35.8933333333333
"ecb34a4e-4e4a-4445-99cd-f63627bd02c4","Approved","2025-03-11T14:05:54.794122+00:00","USGS-02097517","00060",,"00003","2021-08-15","bb416b35c4db4910bf01a85891f6b6a6","ft^3/s","12.9",-79.0197222222222,35.8933333333333
"607d761f-caf3-4206-831f-81f9f0b6adfe","Approved","2025-03-11T14:05:54.794122+00:00","USGS-02097517","00060",,"00003","2021-08-16","bb416b35c4db4910bf01a85891f6b6a6","ft^3/s","13.0",-79.0197222222222,35.8933333333333
"1cfff332-8eb7-4de7-b735-e61b3381097c","Approved","2025-03-11T14:05:54.794122+00:00","USGS-02097517","00060",,"00003","2021-08-17","bb416b35c4db4910bf01a85891f6b6a6","ft^3/s","15.0",-79.0197222222222,35.8933333333333
"04e477ca-d258-4ef5-9e00-18ccda654f9a","Approved","2025-03-11T14:05:54.794122+00:00","USGS-02097517","00060",,"00003","2021-08-18","bb416b35c4db4910bf01a85891f6b6a6","ft^3/s","16.6",-79.0197222222222,35.8933333333333
"5b4238ac-3af5-4716-b65c-3c1206fc46c7","Approved","2025-03-11T14:05:54.794122+00:00","USGS-02097517","00060",,"00003","2021-08-19","bb416b35c4db4910bf01a85891f6b6a6","ft^3/s","11.7",-79.0197222222222,35.8933333333333
"bcda71cc-44c7-4010-8851-d01477e81476","Approved","2025-03-11T14:05:54.794122+00:00","USGS-02097517","00060",,"00003","2021-08-20","bb416b35c4db4910bf01a85891f6b6a6","ft^3/s","11.4",-79.0197222222222,35.8933333333333
"8fa95bfe-6781-42d0-8352-7c2911044b47","Approved","2025-03-11T14:05:54.794122+00:00","USGS-02097517","00060",,"00003","2021-08-21","bb416b35c4db4910bf01a85891f6b6a6","ft^3/s","14.8",-79.0197222222222,35.8933333333333
"cb8cc7e7-c3d8-48e6-8d86-b56b5b50d52d","Approved","2025-03-11T14:05:54.794122+00:00","USGS-02097517","00060",,"00003","2021-08-22","bb416b35c4db4910bf01a85891f6b6a6","ft^3/s","11.5",-79.0197222222222,35.8933333333333
"844093cd-e9c1-44cd-9860-e14801a7bfc3","Approved","2025-03-11T14:05:54.794122+00:00","USGS-02097517","00060",,"00003","2021-08-23","bb416b35c4db4910bf01a85891f6b6a6","ft^3/s","10.6",-79.0197222222222,35.8933333333333
"142d2f6b-70b3-43a7-ac70-e63048d64c6f","Approved","2025-03-11T14:05:54.794122+00:00","USGS-02097517","00060",,"00003","2021-08-24","bb416b35c4db4910bf01a85891f6b6a6","ft^3/s","34.5",-79.0197222222222,35.8933333333333
"d132adc9-6e04-45f8-889a-8e5bcf140bd1","Approved","2025-03-11T14:05:54.794122+00:00","USGS-02097517","00060",,"00003","2021-08-25","bb416b35c4db4910bf01a85891f6b6a6","ft^3/s","22.3",-79.0197222222222,35.8933333333333
"1538d71c-bce9-427c-ab33-b0ac64552951","Approved","2025-03-11T14:05:54.794122+00:00","USGS-02097517","00060",,"00003","2021-08-26","bb416b35c4db4910bf01a85891f6b6a6","ft^3/s","11.2",-79.0197222222222,35.8933333333333
"a247cfde-4daa-4e04-89c5-62b177637a53","Approved","2025-03-11T14:05:54.794122+00:00","USGS-02097517","00060",,"00003","2021-08-27","bb416b35c4db4910bf01a85891f6b6a6","ft^3/s","10.4",-79.0197222222222,35.8933333333333
"115b300c-d41e-4ba7-835a-7791189e111b","Approved","2025-03-11T14:05:54.794122+00:00","USGS-02097517","00060",,"00003","2021-08-28","bb416b35c4db4910bf01a85891f6b6a6","ft^3/s","10.3",-79.0197222222222,35.8933333333333
"f676ad90-233d-4092-89e8-fe8cf6f2ad14","Approved","2025-03-11T14:05:54.794122+00:00","USGS-02097517","00060",,"00003","2021-08-29","bb416b35c4db4910bf01a85891f6b6a6","ft^3/s","10.3",-79.0197222222222,35.8933333333333
"2c8d820e-b00a-483d-9b47-91f7d7c952c4","Approved","2025-03-11T14:05:54.794122+00:00","USGS-02097517","00060",,"00003","2021-08-30","bb416b35c4db4910bf01a85891f6b6a6","ft^3/s","9.12",-79.0197222222222,35.8933333333333
"c6df40b3-3dfa-410e-bd40-ccb2bf240320","Approved","2025-03-11T14:05:54.794122+00:00","USGS-02097517","00060",,"00003","2021-08-31","bb416b35c4db4910bf01a85891f6b6a6","ft^3/s","8.96",-79.0197222222222,35.8933333333333
"bcac80d5-cd05-46b2-8a46-84a09d6cdf4c","Approved","2025-03-11T14:05:54.794122+00:00","USGS-02097517","00060",,"00003","2021-09-01","bb416b35c4db4910bf01a85891f6b6a6","ft^3/s","14.4",-79.0197222222222,35.8933333333333
"26eb464e-e55d-4e59-b4a3-45e76e4b6263","Approved","2025-03-11T14:05:54.794122+00:00","USGS-02097517","00060",,"00003","2021-09-02","bb416b35c4db4910bf01a85891f6b6a6","ft^3/s","23.9",-79.0197222222222,35.8933333333333
"327513f0-1022-4b00-8556-77fb95104c8d","Approved","2025-03-11T14:05:54.794122+00:00","USGS-02097517","00060",,"00003","2021-09-03","bb416b35c4db4910bf01a85891f6b6a6","ft^3/s","10.7",-79.0197222222222,35.8933333333333
"d2c3b563-4abc-4eff-a654-fa67c59b7428","Approved","2025-03-11T14:05:54.794122+00:00","USGS-02097517","00060",,"00003","2021-09-04","bb416b35c4db4910bf01a85891f6b6a6","ft^3/s","8.78",-79.0197222222222,35.8933333333333
"f84fd359-5235-40be-8f36-51b4336475f9","Approved","2025-03-11T14:05:54.794122+00:00","USGS-02097517","00060",,"00003","2021-09-05","bb416b35c4db4910bf01a85891f6b6a6","ft^3/s","8.53",-79.0197222222222,35.8933333333333
"709c1e3d-0b05-480f-bf5c-0dece454b05c","Approved","2025-03-11T14:05:54.794122+00:00","USGS-02097517","00060",,"00003","2021-09-06","bb416b35c4db4910bf01a85891f6b6a6","ft^3/s","9.61",-79.0197222222222,35.8933333333333
"52afc13a-a02e-43e5-be8a-833051c1b011","Approved","2025-03-11T14:05:54.794122+00:00","USGS-02097517","00060",,"00003","2021-09-07","bb416b35c4db4910bf01a85891f6b6a6","ft^3/s","9.89",-79.0197222222222,35.8933333333333
"6a370d9c-0d1c-44f9-907c-ecf115ea9fb6","Approved","2025-03-11T14:05:54.794122+00:00","USGS-02097517","00060",,"00003","2021-09-08","bb416b35c4db4910bf01a85891f6b6a6","ft^3/s","9.63",-79.0197222222222,35.8933333333333
"0813957e-0d65-452b-8f88-7dc4cb59ea02","Approved","2025-03-11T14:05:54.794122+00:00","USGS-02097517","00060",,"00003","2021-09-09","bb416b35c4db4910bf01a85891f6b6a6","ft^3/s","38.5",-79.0197222222222,35.8933333333333
"bb87bb0b-4cee-4455-9529-8516c7eed3cc","Approved","2025-03-11T14:05:54.794122+00:00","USGS-02097517","00060",,"00003","2021-09-10","bb416b35c4db4910bf01a85891f6b6a6","ft^3/s","13.3",-79.0197222222222,35.8933333333333
"ce6d5b80-74c2-474b-a843-2a279594ee17","Approved","2025-03-11T14:05:54.794122+00:00","USGS-02097517","00060",,"00003","2021-09-11","bb416b35c4db4910bf01a85891f6b6a6","ft^3/s","10.6",-79.0197222222222,35.8933333333333
"7de058d9-c536-45cf-8871-cc56a5f37daa","Approved","2025-03-11T14:05:54.794122+00:00","USGS-02097517","00060",,"00003","2021-09-12","bb416b35c4db4910bf01a85891f6b6a6","ft^3/s","9.97",-79.0197222222222,35.8933333333333
"df0c83d7-0d75-46eb-b538-c8284809e155","Approved","2025-03-11T14:05:54.794122+00:00","USGS-02097517","00060",,"00003","2021-09-13","bb416b35c4db4910bf01a85891f6b6a6","ft^3/s","9.84",-79.0197222222222,35.8933333333333
"88e4557d-726e-49e8-8448-25d625539421","Approved","2025-03-11T14:05:54.794122+00:00","USGS-02097517","00060",,"00003","2021-09-14","bb416b35c4db4910bf01a85891f6b6a6","ft^3/s","9.74",-79.0197222222222,35.8933333333333
"705869e4-c48e-4482-af46-c6916b2a6ca2","Approved","2025-03-11T14:05:54.794122+00:00","USGS-02097517","00060",,"00003","2021-09-15","bb416b35c4db4910bf01a85891f6b6a6","ft^3/s","9.77",-79.0197222222222,35.8933333333333
"90b950fe-ff4f-4a67-af3c-55146572ee79","Approved","2025-03-11T14:05:54.794122+00:00","USGS-02097517","00060",,"00003","2021-09-16","bb416b35c4db4910bf01a85891f6b6a6","ft^3/s","9.88",-79.0197222222222,35.8933333333333
"9995f82b-c293-497d-a8f7-869b374ddd99","Approved","2025-03-11T14:05:54.794122+00:00","USGS-02097517","00060",,"00003","2021-09-17","bb416b35c4db4910bf01a85891f6b6a6","ft^3/s","9.12",-79.0197222222222,35.8933333333333
"84141029-fa22-4b8e-9067-b8616bb0ffc5","Approved","2025-03-11T14:05:54.794122+00:00","USGS-02097517","00060",,"00003","2021-09-18","bb416b35c4db4910bf01a85891f6b6a6","ft^3/s","10.2",-79.0197222222222,35.8933333333333
"f5ec5c7a-7f33-4637-bebd-7f99128304bb","Approved","2025-03-11T14:05:54.794122+00:00","USGS-02097517","00060",,"00003","2021-09-19","bb416b35c4db4910bf01a85891f6b6a6","ft^3/s","8.92",-79.0197222222222,35.8933333333333
"b91e5275-f9b9-4c94-85e7-d0394514ddb7","Approved","2025-03-11T14:05:54.794122+00:00","USGS-02097517","00060",,"00003","2021-09-20","bb416b35c4db4910bf01a85891f6b6a6","ft^3/s","8.98",-79.0197222222222,35.8933333333333
"6acbf48c-2353-4be8-b3f3-7e1e28867c90","Approved","2025-03-11T14:05:54.794122+00:00","USGS-02097517","00060",,"00003","2021-09-21","bb416b35c4db4910bf01a85891f6b6a6","ft^3/s","14.7",-79.0197222222222,35.8933333333333
"d2968d00-24a1-4cb8-94f3-8eb6370d915e","Approved","2025-03-11T14:05:54.794122+00:00","USGS-02097517","00060",,"00003","2021-09-22","bb416b35c4db4910bf01a85891f6b6a6","ft^3/s","86.1",-79.0197222222222,35.8933333333333
"759cf66f-6edb-4911-b489-38a42faee5bf","Approved","2025-10-20T13:00:03.268646+00:00","USGS-02097517","00060",,"00003","2021-09-23","bb416b35c4db4910bf01a85891f6b6a6","ft^3/s","55.3",-79.0197222222222,35.8933333333333
"98edc00b-7628-48ec-a423-2b7ad6deddbb","Approved","2025-03-11T14:05:54.794122+00:00","USGS-02097517","00060",,"00003","2021-09-24","bb416b35c4db4910bf01a85891f6b6a6","ft^3/s","12.4",-79.0197222222222,35.8933333333333
"b40eeda7-60cb-4875-8506-65f9fa959e27","Approved","2025-03-11T14:05:54.794122+00:00","USGS-02097517","00060",,"00003","2021-09-25","bb416b35c4db4910bf01a85891f6b6a6","ft^3/s","11.8",-79.0197222222222,35.8933333333333
"b98efdcb-2654-4e66-bfa0-b02f66c2fccb","Approved","2025-03-11T14:05:54.794122+00:00","USGS-02097517","00060",,"00003","2021-09-26","bb416b35c4db4910bf01a85891f6b6a6","ft^3/s","10.3",-79.0197222222222,35.8933333333333
"cfc03728-6d42-405b-a0fc-c4b75208494c","Approved","2025-03-11T14:05:54.794122+00:00","USGS-02097517","00060",,"00003","2021-09-27","bb416b35c4db4910bf01a85891f6b6a6","ft^3/s","9.68",-79.0197222222222,35.8933333333333
"4e19da6f-2c07-426e-9289-3157ee0619f9","Approved","2025-03-11T14:05:54.794122+00:00","USGS-02097517","00060",,"00003","2021-09-28","bb416b35c4db4910bf01a85891f6b6a6","ft^3/s","9.41",-79.0197222222222,35.8933333333333
"9f5f5ec9-d156-4107-a9f7-be0d63ca5d9e","Approved","2025-03-11T14:05:54.794122+00:00","USGS-02097517","00060",,"00003","2021-09-29","bb416b35c4db4910bf01a85891f6b6a6","ft^3/s","9.16",-79.0197222222222,35.8933333333333
"20228391-43f8-4c47-ad93-f4e45895b2e7","Approved","2025-10-20T13:00:03.268646+00:00","USGS-02097517","00060",,"00003","2021-09-30","bb416b35c4db4910bf01a85891f6b6a6","ft^3/s","9.36",-79.0197222222222,35.8933333333333
"bef833ec-9b85-4f4f-8a19-3f261eda9e04","Approved","2025-03-11T14:05:54.794122+00:00","USGS-02097517","00060",,"00003","2021-10-01","bb416b35c4db4910bf01a85891f6b6a6","ft^3/s","9.54",-79.0197222222222,35.8933333333333
"fbafd9b7-6c1e-4708-88a4-fa1071b50d0c","Approved","2025-03-11T14:05:54.794122+00:00","USGS-02097517","00060",,"00003","2021-10-02","bb416b35c4db4910bf01a85891f6b6a6","ft^3/s","9.01",-79.0197222222222,35.8933333333333
"4c3d425a-26e1-4bc2-95ec-585ccad31c9b","Approved","2025-03-11T14:05:54.794122+00:00","USGS-02097517","00060",,"00003","2021-10-03","bb416b35c4db4910bf01a85891f6b6a6","ft^3/s","8.62",-79.0197222222222,35.8933333333333
"14ac440a-faad-46d5-aa04-cda53ee8ddb7","Approved","2025-03-11T14:05:54.794122+00:00","USGS-02097517","00060",,"00003","2021-10-04","bb416b35c4db4910bf01a85891f6b6a6","ft^3/s","10.5",-79.0197222222222,35.8933333333333
"4f390783-bccf-48ff-b3a3-8ffd89807048","Approved","2025-03-11T14:05:54.794122+00:00","USGS-02097517","00060",,"00003","2021-10-05","bb416b35c4db4910bf01a85891f6b6a6","ft^3/s","10.2",-79.0197222222222,35.8933333333333
"f52b9b8b-4e3a-4765-8307-8a34b59b9401","Approved","2025-03-11T14:05:54.794122+00:00","USGS-02097517","00060",,"00003","2021-10-06","bb416b35c4db4910bf01a85891f6b6a6","ft^3/s","9.13",-79.0197222222222,35.8933333333333
"9b52b00e-5d91-4c2a-a575-b15691c9f13f","Approved","2025-03-11T14:05:54.794122+00:00","USGS-02097517","00060",,"00003","2021-10-07","bb416b35c4db4910bf01a85891f6b6a6","ft^3/s","9.53",-79.0197222222222,35.8933333333333
"a70b34d7-6bcd-4867-a895-68b373444d1a","Approved","2025-03-11T14:05:54.794122+00:00","USGS-02097517","00060",,"00003","2021-10-08","bb416b35c4db4910bf01a85891f6b6a6","ft^3/s","9.95",-79.0197222222222,35.8933333333333
"482b3f2f-7798-4d02-94e2-e61d5b17656d","Approved","2025-03-11T14:05:54.794122+00:00","USGS-02097517","00060",,"00003","2021-10-09","bb416b35c4db4910bf01a85891f6b6a6","ft^3/s","36.7",-79.0197222222222,35.8933333333333
"a3ef6300-3b7a-4ebc-b3ac-ed678ff1fb6c","Approved","2025-03-11T14:05:54.794122+00:00","USGS-02097517","00060",,"00003","2021-10-10","bb416b35c4db4910bf01a85891f6b6a6","ft^3/s","12.0",-79.0197222222222,35.8933333333333
"9aef64b5-e584-44f1-a878-82b5784367e4","Approved","2025-03-11T14:05:54.794122+00:00","USGS-02097517","00060",,"00003","2021-10-11","bb416b35c4db4910bf01a85891f6b6a6","ft^3/s","11.1",-79.0197222222222,35.8933333333333
"f69aed9b-e00b-4e3e-bee5-4b9ca3c393b9","Approved","2025-03-11T14:05:54.794122+00:00","USGS-02097517","00060",,"00003","2021-10-12","bb416b35c4db4910bf01a85891f6b6a6","ft^3/s","10.7",-79.0197222222222,35.8933333333333
"cdae678f-d21a-4b99-98fd-c249720b7a24","Approved","2025-03-11T14:05:54.794122+00:00","USGS-02097517","00060",,"00003","2021-10-13","bb416b35c4db4910bf01a85891f6b6a6","ft^3/s","11.3",-79.0197222222222,35.8933333333333
"37b9f3ac-f1f5-4129-899c-56176653bf4f","Approved","2025-03-11T14:05:54.794122+00:00","USGS-02097517","00060",,"00003","2021-10-14","bb416b35c4db4910bf01a85891f6b6a6","ft^3/s","11.3",-79.0197222222222,35.8933333333333
"9902da30-ad58-428c-b9d6-45febf8a87f2","Approved","2025-03-11T14:05:54.794122+00:00","USGS-02097517","00060",,"00003","2021-10-15","bb416b35c4db4910bf01a85891f6b6a6","ft^3/s","11.7",-79.0197222222222,35.8933333333333
"84614627-adf3-404d-b19c-8dea14a49258","Approved","2025-03-11T14:05:54.794122+00:00","USGS-02097517","00060",,"00003","2021-10-16","bb416b35c4db4910bf01a85891f6b6a6","ft^3/s","13.2",-79.0197222222222,35.8933333333333
"71d2dabb-79b4-49e8-88e8-4830fccab0aa","Approved","2025-03-11T14:05:54.794122+00:00","USGS-02097517","00060",,"00003","2021-10-17","bb416b35c4db4910bf01a85891f6b6a6","ft^3/s","13.2",-79.0197222222222,35.8933333333333
"b52e8cb5-4c6c-4ddf-a9bf-1cd1a4eccff3","Approved","2025-03-11T14:05:54.794122+00:00","USGS-02097517","00060",,"00003","2021-10-18","bb416b35c4db4910bf01a85891f6b6a6","ft^3/s","11.9",-79.0197222222222,35.8933333333333
"e3421691-48c4-4d5d-b7c3-3564f0efb492","Approved","2025-03-11T14:05:54.794122+00:00","USGS-02097517","00060",,"00003","2021-10-19","bb416b35c4db4910bf01a85891f6b6a6","ft^3/s","11.1",-79.0197222222222,35.8933333333333
"6f9705fb-7f89-4452-8cdb-4f7ec84f0c07","Approved","2025-03-11T14:05:54.794122+00:00","USGS-02097517","00060",,"00003","2021-10-20","bb416b35c4db4910bf01a85891f6b6a6","ft^3/s","11.8",-79.0197222222222,35.8933333333333
"52e8b994-dfe1-436b-8831-a10008a0c1af","Approved","2025-03-11T14:05:54.794122+00:00","USGS-02097517","00060",,"00003","2021-10-21","bb416b35c4db4910bf01a85891f6b6a6","ft^3/s","11.5",-79.0197222222222,35.8933333333333
"290ca5fb-d6d3-473e-9717-8be8a509906e","Approved","2025-03-11T14:05:54.794122+00:00","USGS-02097517","00060",,"00003","2021-10-22","bb416b35c4db4910bf01a85891f6b6a6","ft^3/s","11.8",-79.0197222222222,35.8933333333333
"7581c4f1-7496-4d34-b9d2-0ccda801aa74","Approved","2025-03-11T14:05:54.794122+00:00","USGS-02097517","00060",,"00003","2021-10-23","bb416b35c4db4910bf01a85891f6b6a6","ft^3/s","11.6",-79.0197222222222,35.8933333333333
"c31d1725-764a-43f3-b0fd-9e9ac548723c","Approved","2025-03-11T14:05:54.794122+00:00","USGS-02097517","00060",,"00003","2021-10-24","bb416b35c4db4910bf01a85891f6b6a6","ft^3/s","11.9",-79.0197222222222,35.8933333333333
"acd5d101-c54a-4ad5-bf67-5353a8c3622d","Approved","2025-03-11T14:05:54.794122+00:00","USGS-02097517","00060",,"00003","2021-10-25","bb416b35c4db4910bf01a85891f6b6a6","ft^3/s","22.4",-79.0197222222222,35.8933333333333
"0502774b-b2b7-44e5-a03d-63d3cabfff28","Approved","2025-03-11T14:05:54.794122+00:00","USGS-02097517","00060",,"00003","2021-10-26","bb416b35c4db4910bf01a85891f6b6a6","ft^3/s","29.5",-79.0197222222222,35.8933333333333
"0032b668-b1cb-42ad-97b6-3f18c551d5cb","Approved","2025-03-11T14:05:54.794122+00:00","USGS-02097517","00060",,"00003","2021-10-27","bb416b35c4db4910bf01a85891f6b6a6","ft^3/s","7.91",-79.0197222222222,35.8933333333333
"df116e40-8735-42b6-9e6e-492e71a1c63f","Approved","2025-03-11T14:05:54.794122+00:00","USGS-02097517","00060",,"00003","2021-10-28","bb416b35c4db4910bf01a85891f6b6a6","ft^3/s","8.01",-79.0197222222222,35.8933333333333
"185028f7-c9df-4120-9046-9a15a29b6396","Approved","2025-03-11T14:05:54.794122+00:00","USGS-02097517","00060",,"00003","2021-10-29","bb416b35c4db4910bf01a85891f6b6a6","ft^3/s","9.52",-79.0197222222222,35.8933333333333
"1d69d3d1-ac44-4603-8487-61af94b0173f","Approved","2025-03-11T14:05:54.794122+00:00","USGS-02097517","00060",,"00003","2021-10-30","bb416b35c4db4910bf01a85891f6b6a6","ft^3/s","8.05",-79.0197222222222,35.8933333333333
"3ac2ff26-cff6-42be-9def-d0238e22ef0c","Approved","2025-03-11T14:05:54.794122+00:00","USGS-02097517","00060",,"00003","2021-10-31","bb416b35c4db4910bf01a85891f6b6a6","ft^3/s","7.65",-79.0197222222222,35.8933333333333
"5f7e2ed9-ec83-4f31-bb89-158c8b15f330","Approved","2025-03-11T14:05:54.794122+00:00","USGS-02097517","00060",,"00003","2021-11-01","bb416b35c4db4910bf01a85891f6b6a6","ft^3/s","7.58",-79.0197222222222,35.8933333333333
"10bcd3cf-9cae-47e8-abce-edad21994d4d","Approved","2025-03-11T14:05:54.794122+00:00","USGS-02097517","00060",,"00003","2021-11-02","bb416b35c4db4910bf01a85891f6b6a6","ft^3/s","7.70",-79.0197222222222,35.8933333333333
"fd27e977-876d-46c8-92e8-855de4d9f5f4","Approved","2025-03-11T14:05:54.794122+00:00","USGS-02097517","00060",,"00003","2021-11-03","bb416b35c4db4910bf01a85891f6b6a6","ft^3/s","7.71",-79.0197222222222,35.8933333333333
"3c2ac421-41b3-4861-9b77-9f321f1fe76e","Approved","2025-03-11T14:05:54.794122+00:00","USGS-02097517","00060",,"00003","2021-11-04","bb416b35c4db4910bf01a85891f6b6a6","ft^3/s","7.82",-79.0197222222222,35.8933333333333
"bb37f39c-9c39-40fe-b64e-f27dddac93c5","Approved","2025-03-11T14:05:54.794122+00:00","USGS-02097517","00060",,"00003","2021-11-05","bb416b35c4db4910bf01a85891f6b6a6","ft^3/s","7.83",-79.0197222222222,35.8933333333333
"97e9700c-85af-477b-a1a9-f130a6e6f946","Approved","2025-03-11T14:05:54.794122+00:00","USGS-02097517","00060",,"00003","2021-11-06","bb416b35c4db4910bf01a85891f6b6a6","ft^3/s","7.76",-79.0197222222222,35.8933333333333
"56ed6e98-9bc4-47ae-b601-5d48a8e14b5b","Approved","2025-03-11T14:05:54.794122+00:00","USGS-02097517","00060",,"00003","2021-11-07","bb416b35c4db4910bf01a85891f6b6a6","ft^3/s","7.98",-79.0197222222222,35.8933333333333
"c944ebe3-9852-4101-828a-58fd30fc295c","Approved","2025-03-11T14:05:54.794122+00:00","USGS-02097517","00060",,"00003","2021-11-08","bb416b35c4db4910bf01a85891f6b6a6","ft^3/s","7.73",-79.0197222222222,35.8933333333333
"fcc1da97-c07b-47b8-8e3c-aaa2444a8467","Approved","2025-03-11T14:05:54.794122+00:00","USGS-02097517","00060",,"00003","2021-11-09","bb416b35c4db4910bf01a85891f6b6a6","ft^3/s","7.39",-79.0197222222222,35.8933333333333
"ba23f84a-5b10-48db-983b-2e90f2483720","Approved","2025-03-11T14:05:54.794122+00:00","USGS-02097517","00060",,"00003","2021-11-10","bb416b35c4db4910bf01a85891f6b6a6","ft^3/s","7.44",-79.0197222222222,35.8933333333333
"1b059e35-427d-4b4f-93d3-d41bca1e2da7","Approved","2025-03-11T14:05:54.794122+00:00","USGS-02097517","00060",,"00003","2021-11-11","bb416b35c4db4910bf01a85891f6b6a6","ft^3/s","7.55",-79.0197222222222,35.8933333333333
"38081e4e-12ec-4400-af86-de936035e693","Approved","2025-03-11T14:05:54.794122+00:00","USGS-02097517","00060",,"00003","2021-11-12","bb416b35c4db4910bf01a85891f6b6a6","ft^3/s","7.81",-79.0197222222222,35.8933333333333
"e5f7c415-01ae-4dd0-bb00-75485ca12de5","Approved","2025-03-11T14:05:54.794122+00:00","USGS-02097517","00060",,"00003","2021-11-13","bb416b35c4db4910bf01a85891f6b6a6","ft^3/s","7.76",-79.0197222222222,35.8933333333333
"25cad8cc-ccb2-41c7-bb98-1b0d81145809","Approved","2025-03-11T14:05:54.794122+00:00","USGS-02097517","00060",,"00003","2021-11-14","bb416b35c4db4910bf01a85891f6b6a6","ft^3/s","7.85",-79.0197222222222,35.8933333333333
"fc23b3de-961c-4b7c-b444-11ccb4397c0f","Approved","2025-10-20T13:00:03.268646+00:00","USGS-02097517","00060",,"00003","2021-11-15","bb416b35c4db4910bf01a85891f6b6a6","ft^3/s","8.32",-79.0197222222222,35.8933333333333
"2bd3c1f1-95e7-49b4-80ba-a3e2b171b98b","Approved","2025-03-11T14:05:54.794122+00:00","USGS-02097517","00060",,"00003","2021-11-16","bb416b35c4db4910bf01a85891f6b6a6","ft^3/s","8.12",-79.0197222222222,35.8933333333333
"be40a511-c55a-4859-b593-5a644413ef7a","Approved","2025-03-11T14:05:54.794122+00:00","USGS-02097517","00060",,"00003","2021-11-17","bb416b35c4db4910bf01a85891f6b6a6","ft^3/s","8.66",-79.0197222222222,35.8933333333333
"ddb6c1ee-870b-4ce0-92e4-53997905d36f","Approved","2025-03-11T14:05:54.794122+00:00","USGS-02097517","00060",,"00003","2021-11-18","bb416b35c4db4910bf01a85891f6b6a6","ft^3/s","7.69",-79.0197222222222,35.8933333333333
"54ef96e6-bfbc-433d-8857-a503f4c47340","Approved","2025-03-11T14:05:54.794122+00:00","USGS-02097517","00060",,"00003","2021-11-19","bb416b35c4db4910bf01a85891f6b6a6","ft^3/s","7.57",-79.0197222222222,35.8933333333333
"d44ddd89-0e2b-409d-b93f-3cbdb94ea25c","Approved","2025-03-11T14:05:54.794122+00:00","USGS-02097517","00060",,"00003","2021-11-20","bb416b35c4db4910bf01a85891f6b6a6","ft^3/s","7.63",-79.0197222222222,35.8933333333333
"9bffb5b6-f306-4d99-986f-947c9b8790b4","Approved","2025-03-11T14:05:54.794122+00:00","USGS-02097517","00060",,"00003","2021-11-21","bb416b35c4db4910bf01a85891f6b6a6","ft^3/s","7.01",-79.0197222222222,35.8933333333333
"c6a19674-ce5a-47a4-8927-7cad767843a0","Approved","2025-03-11T14:05:54.794122+00:00","USGS-02097517","00060",,"00003","2021-11-22","bb416b35c4db4910bf01a85891f6b6a6","ft^3/s","11.9",-79.0197222222222,35.8933333333333
"b6f9e13f-752c-4059-826c-aa29c61bcd4b","Approved","2025-03-11T14:05:54.794122+00:00","USGS-02097517","00060",,"00003","2021-11-23","bb416b35c4db4910bf01a85891f6b6a6","ft^3/s","9.39",-79.0197222222222,35.8933333333333
"45e6533b-ad9a-4b4f-af6f-b622fd7b3ec5","Approved","2025-03-11T14:05:54.794122+00:00","USGS-02097517","00060",,"00003","2021-11-24","bb416b35c4db4910bf01a85891f6b6a6","ft^3/s","7.68",-79.0197222222222,35.8933333333333
"1100136a-1dd4-48be-bd63-eb77ebb07750","Approved","2025-03-11T14:05:54.794122+00:00","USGS-02097517","00060",,"00003","2021-11-25","bb416b35c4db4910bf01a85891f6b6a6","ft^3/s","6.99",-79.0197222222222,35.8933333333333
"f2d32b39-0146-4c7d-b93a-078c22be0fde","Approved","2025-03-11T14:05:54.794122+00:00","USGS-02097517","00060",,"00003","2021-11-26","bb416b35c4db4910bf01a85891f6b6a6","ft^3/s","7.51",-79.0197222222222,35.8933333333333
"a9f80f22-52b8-49c2-8975-592ac89dfc0d","Approved","2025-03-11T14:05:54.794122+00:00","USGS-02097517","00060",,"00003","2021-11-27","bb416b35c4db4910bf01a85891f6b6a6","ft^3/s","7.51",-79.0197222222222,35.8933333333333
"228a4cd3-4940-4c24-b376-f90cbcb9b5ce","Approved","2025-03-11T14:05:54.794122+00:00","USGS-02097517","00060",,"00003","2021-11-28","bb416b35c4db4910bf01a85891f6b6a6","ft^3/s","7.56",-79.0197222222222,35.8933333333333
"08418169-823d-4733-bd4c-4cd032158c23","Approved","2025-03-11T14:05:54.794122+00:00","USGS-02097517","00060",,"00003","2021-11-29","bb416b35c4db4910bf01a85891f6b6a6","ft^3/s","7.97",-79.0197222222222,35.8933333333333
"8dd2d10f-0e68-4d4f-82c2-c2b8af6b1ce9","Approved","2025-03-11T14:05:54.794122+00:00","USGS-02097517","00060",,"00003","2021-11-30","bb416b35c4db4910bf01a85891f6b6a6","ft^3/s","7.87",-79.0197222222222,35.8933333333333
"b610575b-3952-4170-bf0b-ad287c4d1785","Approved","2025-03-11T14:05:54.794122+00:00","USGS-02097517","00060",,"00003","2021-12-01","bb416b35c4db4910bf01a85891f6b6a6","ft^3/s","7.95",-79.0197222222222,35.8933333333333
"68bc58a5-fc9a-4901-99d3-e2acf0cb7822","Approved","2025-03-11T14:05:54.794122+00:00","USGS-02097517","00060",,"00003","2021-12-02","bb416b35c4db4910bf01a85891f6b6a6","ft^3/s","8.11",-79.0197222222222,35.8933333333333
"16297809-d6d0-4f39-a0a8-012d227c22b5","Approved","2025-03-11T14:05:54.794122+00:00","USGS-02097517","00060",,"00003","2021-12-03","bb416b35c4db4910bf01a85891f6b6a6","ft^3/s","7.78",-79.0197222222222,35.8933333333333
"58a4ed6b-1dd0-414e-bc03-35a9ee38fa4d","Approved","2025-03-11T14:05:54.794122+00:00","USGS-02097517","00060",,"00003","2021-12-04","bb416b35c4db4910bf01a85891f6b6a6","ft^3/s","7.88",-79.0197222222222,35.8933333333333
"12440adb-6997-4b78-bba3-919ef9a94749","Approved","2025-03-11T14:05:54.794122+00:00","USGS-02097517","00060",,"00003","2021-12-05","bb416b35c4db4910bf01a85891f6b6a6","ft^3/s","7.78",-79.0197222222222,35.8933333333333
"d31ee3af-50ff-4f44-ab58-537ef7c64f48","Approved","2025-03-11T14:05:54.794122+00:00","USGS-02097517","00060",,"00003","2021-12-06","bb416b35c4db4910bf01a85891f6b6a6","ft^3/s","7.90",-79.0197222222222,35.8933333333333
"c0424907-5b18-4d17-b788-a69a3b85be0f","Approved","2025-03-11T14:05:54.794122+00:00","USGS-02097517","00060",,"00003","2021-12-07","bb416b35c4db4910bf01a85891f6b6a6","ft^3/s","7.94",-79.0197222222222,35.8933333333333
"50fd67e9-ae38-4869-ad10-eaf250e5d121","Approved","2025-03-11T14:05:54.794122+00:00","USGS-02097517","00060",,"00003","2021-12-08","bb416b35c4db4910bf01a85891f6b6a6","ft^3/s","8.20",-79.0197222222222,35.8933333333333
"a5bbb0e1-e5c9-4aab-9815-567deafd7b9f","Approved","2025-03-11T14:05:54.794122+00:00","USGS-02097517","00060",,"00003","2021-12-09","bb416b35c4db4910bf01a85891f6b6a6","ft^3/s","7.77",-79.0197222222222,35.8933333333333
"051d5b88-6b3c-44e1-9fd6-f552d1e25f80","Approved","2025-03-11T14:05:54.794122+00:00","USGS-02097517","00060",,"00003","2021-12-10","bb416b35c4db4910bf01a85891f6b6a6","ft^3/s","7.75",-79.0197222222222,35.8933333333333
"ef4d2a13-5d27-4992-b8a7-160e135e025a","Approved","2025-03-11T14:05:54.794122+00:00","USGS-02097517","00060",,"00003","2021-12-11","bb416b35c4db4910bf01a85891f6b6a6","ft^3/s","8.60",-79.0197222222222,35.8933333333333
"8e04d83d-e06a-4d97-8b38-af352adce0c1","Approved","2025-03-11T14:05:54.794122+00:00","USGS-02097517","00060",,"00003","2021-12-12","bb416b35c4db4910bf01a85891f6b6a6","ft^3/s","9.59",-79.0197222222222,35.8933333333333
"867a11b4-5610-4e10-87c0-ed376575d7fd","Approved","2025-03-11T14:05:54.794122+00:00","USGS-02097517","00060",,"00003","2021-12-13","bb416b35c4db4910bf01a85891f6b6a6","ft^3/s","7.83",-79.0197222222222,35.8933333333333
"cc45bc2a-74be-478f-bbf4-412df23114f1","Approved","2025-03-11T14:05:54.794122+00:00","USGS-02097517","00060",,"00003","2021-12-14","bb416b35c4db4910bf01a85891f6b6a6","ft^3/s","7.31",-79.0197222222222,35.8933333333333
"77e94be6-f616-481f-8778-a48f196083f0","Approved","2025-03-11T14:05:54.794122+00:00","USGS-02097517","00060",,"00003","2021-12-15","bb416b35c4db4910bf01a85891f6b6a6","ft^3/s","7.32",-79.0197222222222,35.8933333333333
"0ab35faa-6e66-4d94-8e46-3ea07712cfc4","Approved","2025-03-11T14:05:54.794122+00:00","USGS-02097517","00060",,"00003","2021-12-16","bb416b35c4db4910bf01a85891f6b6a6","ft^3/s","7.30",-79.0197222222222,35.8933333333333
"3fe2171a-aaa7-4ec1-ba2a-f49a252d031f","Approved","2025-03-11T14:05:54.794122+00:00","USGS-02097517","00060",,"00003","2021-12-17","bb416b35c4db4910bf01a85891f6b6a6","ft^3/s","7.19",-79.0197222222222,35.8933333333333
"dc59a15d-07f3-417e-9d28-7230c3169908","Approved","2025-03-11T14:05:54.794122+00:00","USGS-02097517","00060",,"00003","2021-12-18","bb416b35c4db4910bf01a85891f6b6a6","ft^3/s","7.10",-79.0197222222222,35.8933333333333
"872665c9-da40-4f22-be69-8b92a5283976","Approved","2025-03-11T14:05:54.794122+00:00","USGS-02097517","00060",,"00003","2021-12-19","bb416b35c4db4910bf01a85891f6b6a6","ft^3/s","33.5",-79.0197222222222,35.8933333333333
"e8a771ba-db04-4ae4-aa2c-652fa5a4bd53","Approved","2025-03-11T14:05:54.794122+00:00","USGS-02097517","00060",,"00003","2021-12-20","bb416b35c4db4910bf01a85891f6b6a6","ft^3/s","11.7",-79.0197222222222,35.8933333333333
"2cc32de3-b0c1-435e-b8aa-09cb2a6dbbdb","Approved","2025-03-11T14:05:54.794122+00:00","USGS-02097517","00060",,"00003","2021-12-21","bb416b35c4db4910bf01a85891f6b6a6","ft^3/s","8.16",-79.0197222222222,35.8933333333333
"13cbb2e0-d7a6-47fb-b84f-f487e1fdcebe","Approved","2025-03-11T14:05:54.794122+00:00","USGS-02097517","00060",,"00003","2021-12-22","bb416b35c4db4910bf01a85891f6b6a6","ft^3/s","8.82",-79.0197222222222,35.8933333333333
"2729a441-38c0-4475-87a5-e476b7547043","Approved","2025-03-11T14:05:54.794122+00:00","USGS-02097517","00060",,"00003","2021-12-23","bb416b35c4db4910bf01a85891f6b6a6","ft^3/s","7.63",-79.0197222222222,35.8933333333333
"bc7954b2-9891-4b8a-bdf4-275621725504","Approved","2025-03-11T14:05:54.794122+00:00","USGS-02097517","00060",,"00003","2021-12-24","bb416b35c4db4910bf01a85891f6b6a6","ft^3/s","7.21",-79.0197222222222,35.8933333333333
"e8d5c622-b563-43d7-9642-2c716fe906eb","Approved","2025-03-11T14:05:54.794122+00:00","USGS-02097517","00060",,"00003","2021-12-25","bb416b35c4db4910bf01a85891f6b6a6","ft^3/s","7.02",-79.0197222222222,35.8933333333333
"dedb273d-08e9-4ffc-8671-9e0bde8cb1a6","Approved","2025-03-11T14:05:54.794122+00:00","USGS-02097517","00060",,"00003","2021-12-26","bb416b35c4db4910bf01a85891f6b6a6","ft^3/s","7.00",-79.0197222222222,35.8933333333333
"417ec864-d6cd-4c8a-8833-56038ba666d1","Approved","2025-03-11T14:05:54.794122+00:00","USGS-02097517","00060",,"00003","2021-12-27","bb416b35c4db4910bf01a85891f6b6a6","ft^3/s","6.96",-79.0197222222222,35.8933333333333
"0c53161f-419c-4da4-a086-fd04a19cb10a","Approved","2025-03-11T14:05:54.794122+00:00","USGS-02097517","00060",,"00003","2021-12-28","bb416b35c4db4910bf01a85891f6b6a6","ft^3/s","6.98",-79.0197222222222,35.8933333333333
"2d13ed8b-31ad-4f30-ba1c-d278945b122e","Approved","2025-03-11T14:05:54.794122+00:00","USGS-02097517","00060",,"00003","2021-12-29","bb416b35c4db4910bf01a85891f6b6a6","ft^3/s","6.91",-79.0197222222222,35.8933333333333
"9c852819-7c01-4ed9-bee4-51d719ed23ef","Approved","2025-03-11T14:05:54.794122+00:00","USGS-02097517","00060",,"00003","2021-12-30","bb416b35c4db4910bf01a85891f6b6a6","ft^3/s","7.36",-79.0197222222222,35.8933333333333
"dd8b7b2c-9a0d-4a14-8a09-2fed1c98da87","Approved","2025-03-11T14:05:54.794122+00:00","USGS-02097517","00060",,"00003","2021-12-31","bb416b35c4db4910bf01a85891f6b6a6","ft^3/s","7.25",-79.0197222222222,35.8933333333333
"2a5fbb13-95ca-48bc-88f1-54d4d304ea20","Approved","2025-03-11T14:05:54.794122+00:00","USGS-02097517","00060",,"00003","2022-01-01","bb416b35c4db4910bf01a85891f6b6a6","ft^3/s","7.26",-79.0197222222222,35.8933333333333
"b86f6963-f36b-48ff-bbf7-f5bd732738d3","Approved","2025-03-11T14:05:54.794122+00:00","USGS-02097517","00060",,"00003","2022-01-02","bb416b35c4db4910bf01a85891f6b6a6","ft^3/s","13.4",-79.0197222222222,35.8933333333333
"5f7ac865-d19e-46ed-bb29-94ef1cf54702","Approved","2025-03-11T14:05:54.794122+00:00","USGS-02097517","00060",,"00003","2022-01-03","bb416b35c4db4910bf01a85891f6b6a6","ft^3/s","529",-79.0197222222222,35.8933333333333
"9beba70e-d797-4805-901d-9903dc6beff7","Approved","2025-03-11T14:05:54.794122+00:00","USGS-02097517","00060",,"00003","2022-01-04","bb416b35c4db4910bf01a85891f6b6a6","ft^3/s","183",-79.0197222222222,35.8933333333333
"673a68d6-2b96-49b6-bc34-836c9d6fb7be","Approved","2025-03-11T14:05:54.794122+00:00","USGS-02097517","00060",,"00003","2022-01-05","bb416b35c4db4910bf01a85891f6b6a6","ft^3/s","79.1",-79.0197222222222,35.8933333333333
"b5cb78b7-92c4-4924-9b0f-e278490f78de","Approved","2025-03-11T14:05:54.794122+00:00","USGS-02097517","00060",,"00003","2022-01-06","bb416b35c4db4910bf01a85891f6b6a6","ft^3/s","54.6",-79.0197222222222,35.8933333333333
"ece7e1e5-9c7c-46dc-bf16-ad994f8fbb8c","Approved","2025-03-11T14:05:54.794122+00:00","USGS-02097517","00060",,"00003","2022-01-07","bb416b35c4db4910bf01a85891f6b6a6","ft^3/s","44.2",-79.0197222222222,35.8933333333333
"cea35edb-b022-4d4c-a9f6-bd9b1807c1f6","Approved","2025-03-11T14:05:54.794122+00:00","USGS-02097517","00060",,"00003","2022-01-08","bb416b35c4db4910bf01a85891f6b6a6","ft^3/s","33.7",-79.0197222222222,35.8933333333333
"dd40bf69-93b7-4c5b-9dc8-75fb6a8f3739","Approved","2025-03-11T14:05:54.794122+00:00","USGS-02097517","00060",,"00003","2022-01-09","bb416b35c4db4910bf01a85891f6b6a6","ft^3/s","47.7",-79.0197222222222,35.8933333333333
"3d538c19-5de0-4040-a9fc-5159f313c11e","Approved","2025-03-11T14:05:54.794122+00:00","USGS-02097517","00060",,"00003","2022-01-10","bb416b35c4db4910bf01a85891f6b6a6","ft^3/s","109",-79.0197222222222,35.8933333333333
"55ef430f-247f-4800-ad8f-c2e6421abf4d","Approved","2025-03-11T14:05:54.794122+00:00","USGS-02097517","00060",,"00003","2022-01-11","bb416b35c4db4910bf01a85891f6b6a6","ft^3/s","49.3",-79.0197222222222,35.8933333333333
"283be4c8-aec2-4e7c-8319-d657c4706d42","Approved","2025-03-11T14:05:54.794122+00:00","USGS-02097517","00060",,"00003","2022-01-12","bb416b35c4db4910bf01a85891f6b6a6","ft^3/s","34.7",-79.0197222222222,35.8933333333333
"e08c61ce-dce6-4062-aa48-1e73fb35f60e","Approved","2025-03-11T14:05:54.794122+00:00","USGS-02097517","00060",,"00003","2022-01-13","bb416b35c4db4910bf01a85891f6b6a6","ft^3/s","31.1",-79.0197222222222,35.8933333333333
"84a722c7-568d-48f9-af4f-607936475f1c","Approved","2025-03-11T14:05:54.794122+00:00","USGS-02097517","00060",,"00003","2022-01-14","bb416b35c4db4910bf01a85891f6b6a6","ft^3/s","29.0",-79.0197222222222,35.8933333333333
"d5401abd-2867-4df3-9471-3361ca58d548","Approved","2025-03-11T14:05:54.794122+00:00","USGS-02097517","00060",,"00003","2022-01-15","bb416b35c4db4910bf01a85891f6b6a6","ft^3/s","26.6",-79.0197222222222,35.8933333333333
"246b54ee-3a20-43cc-8a68-f5ec469418d9","Approved","2025-03-11T14:05:54.794122+00:00","USGS-02097517","00060",,"00003","2022-01-16","bb416b35c4db4910bf01a85891f6b6a6","ft^3/s","70.9",-79.0197222222222,35.8933333333333
"71e9fa0c-180b-4bc9-8b95-629696ba725f","Approved","2025-03-11T14:05:54.794122+00:00","USGS-02097517","00060",,"00003","2022-01-17","bb416b35c4db4910bf01a85891f6b6a6","ft^3/s","166",-79.0197222222222,35.8933333333333
"6bdde9c9-f2b7-4ee4-bc5c-efad57f02916","Approved","2025-03-11T14:05:54.794122+00:00","USGS-02097517","00060",,"00003","2022-01-18","bb416b35c4db4910bf01a85891f6b6a6","ft^3/s","113",-79.0197222222222,35.8933333333333
"b63fe436-c09d-4b8b-bdb4-bca0cfc16abc","Approved","2025-03-11T14:05:54.794122+00:00","USGS-02097517","00060",,"00003","2022-01-19","bb416b35c4db4910bf01a85891f6b6a6","ft^3/s","69.1",-79.0197222222222,35.8933333333333
"c9309b34-17c2-49b2-8703-3647c444a042","Approved","2025-03-11T14:05:54.794122+00:00","USGS-02097517","00060",,"00003","2022-01-20","bb416b35c4db4910bf01a85891f6b6a6","ft^3/s","75.1",-79.0197222222222,35.8933333333333
"351716a1-b363-45c3-b4db-13da82150e40","Approved","2025-03-11T14:05:54.794122+00:00","USGS-02097517","00060",,"00003","2022-01-21","bb416b35c4db4910bf01a85891f6b6a6","ft^3/s","91.7",-79.0197222222222,35.8933333333333
"34c2675c-d9d9-439d-b81e-096162c3d21a","Approved","2025-03-11T14:05:54.794122+00:00","USGS-02097517","00060",,"00003","2022-01-22","bb416b35c4db4910bf01a85891f6b6a6","ft^3/s","70.8",-79.0197222222222,35.8933333333333
"c6a8a551-46c8-4e2a-929b-60fc57ffdef9","Approved","2025-03-11T14:05:54.794122+00:00","USGS-02097517","00060",,"00003","2022-01-23","bb416b35c4db4910bf01a85891f6b6a6","ft^3/s","51.6",-79.0197222222222,35.8933333333333
"f204553e-6bf6-4bfc-8589-a39de2712f11","Approved","2025-03-11T14:05:54.794122+00:00","USGS-02097517","00060",,"00003","2022-01-24","bb416b35c4db4910bf01a85891f6b6a6","ft^3/s","44.5",-79.0197222222222,35.8933333333333
"1c256576-b820-4d2b-abe9-0bbc39629822","Approved","2025-03-11T14:05:54.794122+00:00","USGS-02097517","00060",,"00003","2022-01-25","bb416b35c4db4910bf01a85891f6b6a6","ft^3/s","42.9",-79.0197222222222,35.8933333333333
"a5f5f324-b2ff-4fb1-a6c9-faaac5ff3889","Approved","2025-03-11T14:05:54.794122+00:00","USGS-02097517","00060",,"00003","2022-01-26","bb416b35c4db4910bf01a85891f6b6a6","ft^3/s","37.5",-79.0197222222222,35.8933333333333
"9eabe95f-c69a-4842-9589-1e3a04af4055","Approved","2025-03-11T14:05:54.794122+00:00","USGS-02097517","00060",,"00003","2022-01-27","bb416b35c4db4910bf01a85891f6b6a6","ft^3/s","35.3",-79.0197222222222,35.8933333333333
"1a393ceb-b0df-431a-b00f-b8d41747d5bf","Approved","2025-03-11T14:05:54.794122+00:00","USGS-02097517","00060",,"00003","2022-01-28","bb416b35c4db4910bf01a85891f6b6a6","ft^3/s","33.0",-79.0197222222222,35.8933333333333
"26ec10ac-ab99-4930-92fc-88c5a8e21e32","Approved","2025-03-11T14:05:54.794122+00:00","USGS-02097517","00060",,"00003","2022-01-29","bb416b35c4db4910bf01a85891f6b6a6","ft^3/s","34.9",-79.0197222222222,35.8933333333333
"3996423c-cd9e-423b-a4f3-eb2bdd9c8a07","Approved","2025-03-11T14:05:54.794122+00:00","USGS-02097517","00060",,"00003","2022-01-30","bb416b35c4db4910bf01a85891f6b6a6","ft^3/s","31.8",-79.0197222222222,35.8933333333333
"feb4e11a-69b9-4cc3-abe1-342a7366b62d","Approved","2025-03-11T14:05:54.794122+00:00","USGS-02097517","00060",,"00003","2022-01-31","bb416b35c4db4910bf01a85891f6b6a6","ft^3/s","29.4",-79.0197222222222,35.8933333333333
"42a57423-1455-4da8-9542-94662009cc62","Approved","2025-03-11T14:05:54.794122+00:00","USGS-02097517","00060",,"00003","2022-02-01","bb416b35c4db4910bf01a85891f6b6a6","ft^3/s","29.2",-79.0197222222222,35.8933333333333
"637a6a94-3860-44d5-968e-d8fd990b44cd","Approved","2025-03-11T14:05:54.794122+00:00","USGS-02097517","00060",,"00003","2022-02-02","bb416b35c4db4910bf01a85891f6b6a6","ft^3/s","29.2",-79.0197222222222,35.8933333333333
"0f7972d2-e78a-4bc3-a0e3-ce0a13652b27","Approved","2025-10-20T13:00:03.268646+00:00","USGS-02097517","00060",,"00003","2022-02-03","bb416b35c4db4910bf01a85891f6b6a6","ft^3/s","28.5",-79.0197222222222,35.8933333333333
"ef356b46-9e47-4c10-a8c4-b8ed9efcca73","Approved","2025-03-11T14:05:54.794122+00:00","USGS-02097517","00060",,"00003","2022-02-04","bb416b35c4db4910bf01a85891f6b6a6","ft^3/s","60.2",-79.0197222222222,35.8933333333333
"9eacb26f-09fa-4d8e-8514-c29d704d3e33","Approved","2025-03-11T14:05:54.794122+00:00","USGS-02097517","00060",,"00003","2022-02-05","bb416b35c4db4910bf01a85891f6b6a6","ft^3/s","40.4",-79.0197222222222,35.8933333333333
"4a0c756d-5ba0-4a4e-9060-30eef4f98bab","Approved","2025-03-11T14:05:54.794122+00:00","USGS-02097517","00060",,"00003","2022-02-06","bb416b35c4db4910bf01a85891f6b6a6","ft^3/s","32.6",-79.0197222222222,35.8933333333333
"dd4fe4ba-bff7-45cd-91e2-4dd2d6dcdd7b","Approved","2025-03-11T14:05:54.794122+00:00","USGS-02097517","00060",,"00003","2022-02-07","bb416b35c4db4910bf01a85891f6b6a6","ft^3/s","73.9",-79.0197222222222,35.8933333333333
"d90bae8a-7be1-4493-9fdf-d3303cd8c91b","Approved","2025-03-11T14:05:54.794122+00:00","USGS-02097517","00060",,"00003","2022-02-08","bb416b35c4db4910bf01a85891f6b6a6","ft^3/s","89.7",-79.0197222222222,35.8933333333333
"d3e31ece-5f43-4360-a9e5-fa6dbe39a6e9","Approved","2025-03-11T14:05:54.794122+00:00","USGS-02097517","00060",,"00003","2022-02-09","bb416b35c4db4910bf01a85891f6b6a6","ft^3/s","56.2",-79.0197222222222,35.8933333333333
"96ea1677-54b7-4d96-929c-a4f0580dc99a","Approved","2025-03-11T14:05:54.794122+00:00","USGS-02097517","00060",,"00003","2022-02-10","bb416b35c4db4910bf01a85891f6b6a6","ft^3/s","43.1",-79.0197222222222,35.8933333333333
"e84af1bd-79bb-4138-afe9-6262decbcdc5","Approved","2025-03-11T14:05:54.794122+00:00","USGS-02097517","00060",,"00003","2022-02-11","bb416b35c4db4910bf01a85891f6b6a6","ft^3/s","36.0",-79.0197222222222,35.8933333333333
"9a30e258-87a1-40f3-a2fc-3d1034c5e9d5","Approved","2025-03-11T14:05:54.794122+00:00","USGS-02097517","00060",,"00003","2022-02-12","bb416b35c4db4910bf01a85891f6b6a6","ft^3/s","33.0",-79.0197222222222,35.8933333333333
"4ce8ebdb-31b9-4873-a729-5a6f86d75436","Approved","2025-03-11T14:05:54.794122+00:00","USGS-02097517","00060",,"00003","2022-02-13","bb416b35c4db4910bf01a85891f6b6a6","ft^3/s","31.7",-79.0197222222222,35.8933333333333
"2e54fed2-1da3-48a8-9ec0-faaee94718b5","Approved","2025-03-11T14:05:54.794122+00:00","USGS-02097517","00060",,"00003","2022-02-14","bb416b35c4db4910bf01a85891f6b6a6","ft^3/s","30.9",-79.0197222222222,35.8933333333333
"c90e1ff2-e4d5-4735-8e1b-f2f2362340ef","Approved","2025-03-11T14:05:54.794122+00:00","USGS-02097517","00060",,"00003","2022-02-15","bb416b35c4db4910bf01a85891f6b6a6","ft^3/s","29.5",-79.0197222222222,35.8933333333333
"853831c1-4791-40c4-a931-5c6c2c01bc58","Approved","2025-03-11T14:05:54.794122+00:00","USGS-02097517","00060",,"00003","2022-02-16","bb416b35c4db4910bf01a85891f6b6a6","ft^3/s","28.4",-79.0197222222222,35.8933333333333
"69246400-886f-457a-9a66-48cde56109cf","Approved","2025-03-11T14:05:54.794122+00:00","USGS-02097517","00060",,"00003","2022-02-17","bb416b35c4db4910bf01a85891f6b6a6","ft^3/s","29.6",-79.0197222222222,35.8933333333333
"9fdc69db-ecbf-4d84-b662-d8a78a857197","Approved","2025-03-11T14:05:54.794122+00:00","USGS-02097517","00060",,"00003","2022-02-18","bb416b35c4db4910bf01a85891f6b6a6","ft^3/s","33.0",-79.0197222222222,35.8933333333333
"6cd5c064-7f20-4869-a5ab-11830c6a60ba","Approved","2025-03-11T14:05:54.794122+00:00","USGS-02097517","00060",,"00003","2022-02-19","bb416b35c4db4910bf01a85891f6b6a6","ft^3/s","28.9",-79.0197222222222,35.8933333333333
"8bbd7362-2f47-488a-9623-99d5bb3c1b92","Approved","2025-03-11T14:05:54.794122+00:00","USGS-02097517","00060",,"00003","2022-02-20","bb416b35c4db4910bf01a85891f6b6a6","ft^3/s","27.7",-79.0197222222222,35.8933333333333
"51af8481-f04c-4d16-9a3a-fa4c545069a6","Approved","2025-03-11T14:05:54.794122+00:00","USGS-02097517","00060",,"00003","2022-02-21","bb416b35c4db4910bf01a85891f6b6a6","ft^3/s","27.4",-79.0197222222222,35.8933333333333
"45c3fd37-1081-4a68-ad1a-cad35c9924e2","Approved","2025-03-11T14:05:54.794122+00:00","USGS-02097517","00060",,"00003","2022-02-22","bb416b35c4db4910bf01a85891f6b6a6","ft^3/s","27.5",-79.0197222222222,35.8933333333333
"6bd9501e-9cf2-439d-a2b0-b2a56945a8e2","Approved","2025-03-11T14:05:54.794122+00:00","USGS-02097517","00060",,"00003","2022-02-23","bb416b35c4db4910bf01a85891f6b6a6","ft^3/s","31.7",-79.0197222222222,35.8933333333333
"deb76203-021b-4f29-98da-1b7a7b22b1bf","Approved","2025-03-11T14:05:54.794122+00:00","USGS-02097517","00060",,"00003","2022-02-24","bb416b35c4db4910bf01a85891f6b6a6","ft^3/s","31.4",-79.0197222222222,35.8933333333333
"cde66e75-f575-4343-9025-2c1b922080d2","Approved","2025-03-11T14:05:54.794122+00:00","USGS-02097517","00060",,"00003","2022-02-25","bb416b35c4db4910bf01a85891f6b6a6","ft^3/s","31.7",-79.0197222222222,35.8933333333333
"5b6f67cc-bce8-4f56-8660-7a1efa93d538","Approved","2025-03-11T14:05:54.794122+00:00","USGS-02097517","00060",,"00003","2022-02-26","bb416b35c4db4910bf01a85891f6b6a6","ft^3/s","30.1",-79.0197222222222,35.8933333333333
"37915d71-c5a3-43ac-ba15-67689289efb0","Approved","2025-03-11T14:05:54.794122+00:00","USGS-02097517","00060",,"00003","2022-02-27","bb416b35c4db4910bf01a85891f6b6a6","ft^3/s","34.4",-79.0197222222222,35.8933333333333
"3743f8c6-cff8-4fc1-9cf8-5e0bb67274af","Approved","2025-03-11T14:05:54.794122+00:00","USGS-02097517","00060",,"00003","2022-02-28","bb416b35c4db4910bf01a85891f6b6a6","ft^3/s","34.1",-79.0197222222222,35.8933333333333
"76323820-415c-4a05-beb4-faeeebae2a46","Approved","2025-03-11T14:05:54.794122+00:00","USGS-02097517","00060",,"00003","2022-03-01","bb416b35c4db4910bf01a85891f6b6a6","ft^3/s","29.7",-79.0197222222222,35.8933333333333
"0a0d9076-cee9-4976-8bc7-ec189f67528d","Approved","2025-03-11T14:05:54.794122+00:00","USGS-02097517","00060",,"00003","2022-03-02","bb416b35c4db4910bf01a85891f6b6a6","ft^3/s","28.8",-79.0197222222222,35.8933333333333
"b9d745ec-027a-46bc-bb18-03fe2657c83a","Approved","2025-03-11T14:05:54.794122+00:00","USGS-02097517","00060",,"00003","2022-03-03","bb416b35c4db4910bf01a85891f6b6a6","ft^3/s","27.8",-79.0197222222222,35.8933333333333
"729eb1c9-4c6f-4977-8950-d6d0e54883cc","Approved","2025-03-11T14:05:54.794122+00:00","USGS-02097517","00060",,"00003","2022-03-04","bb416b35c4db4910bf01a85891f6b6a6","ft^3/s","28.1",-79.0197222222222,35.8933333333333
"8552de82-affe-48a1-94fb-96c3a9997622","Approved","2025-03-11T14:05:54.794122+00:00","USGS-02097517","00060",,"00003","2022-03-05","bb416b35c4db4910bf01a85891f6b6a6","ft^3/s","28.2",-79.0197222222222,35.8933333333333
"04040889-3478-4710-9b01-4e4135dd1600","Approved","2025-03-11T14:05:54.794122+00:00","USGS-02097517","00060",,"00003","2022-03-06","bb416b35c4db4910bf01a85891f6b6a6","ft^3/s","30.7",-79.0197222222222,35.8933333333333
"dcd69d6f-6dde-4dc5-9d16-c78642caa0f7","Approved","2025-03-11T14:05:54.794122+00:00","USGS-02097517","00060",,"00003","2022-03-07","bb416b35c4db4910bf01a85891f6b6a6","ft^3/s","33.5",-79.0197222222222,35.8933333333333
"fd92aaeb-a60c-4c7f-8a21-fe3f5a95835b","Approved","2025-03-11T14:05:54.794122+00:00","USGS-02097517","00060",,"00003","2022-03-08","bb416b35c4db4910bf01a85891f6b6a6","ft^3/s","44.7",-79.0197222222222,35.8933333333333
"fcffe89f-e286-497b-81e6-1f27997a5abb","Approved","2025-03-11T14:05:54.794122+00:00","USGS-02097517","00060",,"00003","2022-03-09","bb416b35c4db4910bf01a85891f6b6a6","ft^3/s","163",-79.0197222222222,35.8933333333333
"104ff087-8cde-4a38-996b-3d64aa351a61","Approved","2025-03-11T14:05:54.794122+00:00","USGS-02097517","00060",,"00003","2022-03-10","bb416b35c4db4910bf01a85891f6b6a6","ft^3/s","123",-79.0197222222222,35.8933333333333
"5f8317ca-fd7f-4965-a75e-d342e9dcc630","Approved","2025-03-11T14:05:54.794122+00:00","USGS-02097517","00060",,"00003","2022-03-11","bb416b35c4db4910bf01a85891f6b6a6","ft^3/s","76.9",-79.0197222222222,35.8933333333333
"5e989a90-7104-4252-8e76-2104f310d49e","Approved","2025-03-11T14:05:54.794122+00:00","USGS-02097517","00060",,"00003","2022-03-12","bb416b35c4db4910bf01a85891f6b6a6","ft^3/s","328",-79.0197222222222,35.8933333333333
"d21ac71a-2082-4015-bdb8-89367304ea58","Approved","2025-03-11T14:05:54.794122+00:00","USGS-02097517","00060",,"00003","2022-03-13","bb416b35c4db4910bf01a85891f6b6a6","ft^3/s","206",-79.0197222222222,35.8933333333333
"e39586d3-69a7-4e64-b003-20f7dfbadf78","Approved","2025-03-11T14:05:54.794122+00:00","USGS-02097517","00060",,"00003","2022-03-14","bb416b35c4db4910bf01a85891f6b6a6","ft^3/s","115",-79.0197222222222,35.8933333333333
"e2e5c7f3-a1d1-456a-97fd-d2a33d62778f","Approved","2025-03-11T14:05:54.794122+00:00","USGS-02097517","00060",,"00003","2022-03-15","bb416b35c4db4910bf01a85891f6b6a6","ft^3/s","84.4",-79.0197222222222,35.8933333333333
"cb0d9fe9-0134-461e-a29f-0a02fa75e885","Approved","2025-03-11T14:05:54.794122+00:00","USGS-02097517","00060",,"00003","2022-03-16","bb416b35c4db4910bf01a85891f6b6a6","ft^3/s","158",-79.0197222222222,35.8933333333333
"529f56e6-187c-4b63-a8da-d954a427a0f9","Approved","2025-03-11T14:05:54.794122+00:00","USGS-02097517","00060",,"00003","2022-03-17","bb416b35c4db4910bf01a85891f6b6a6","ft^3/s","776",-79.0197222222222,35.8933333333333
"0a8eac82-3b95-459a-875c-c76f81f85db9","Approved","2025-03-11T14:05:54.794122+00:00","USGS-02097517","00060",,"00003","2022-03-18","bb416b35c4db4910bf01a85891f6b6a6","ft^3/s","235",-79.0197222222222,35.8933333333333
"bf81c3a7-793e-4e26-81be-dee0cff2a416","Approved","2025-03-11T14:05:54.794122+00:00","USGS-02097517","00060",,"00003","2022-03-19","bb416b35c4db4910bf01a85891f6b6a6","ft^3/s","105",-79.0197222222222,35.8933333333333
"dec384ba-cb5a-4731-a2a0-0efc3c134ea8","Approved","2025-03-11T14:05:54.794122+00:00","USGS-02097517","00060",,"00003","2022-03-20","bb416b35c4db4910bf01a85891f6b6a6","ft^3/s","57.2",-79.0197222222222,35.8933333333333
"22e7b6b9-d621-478f-8a95-30099a5c99f9","Approved","2025-03-11T14:05:54.794122+00:00","USGS-02097517","00060",,"00003","2022-03-21","bb416b35c4db4910bf01a85891f6b6a6","ft^3/s","38.8",-79.0197222222222,35.8933333333333
"1d685d90-82f1-4cb5-98cb-1e894599b9d3","Approved","2025-03-11T14:05:54.794122+00:00","USGS-02097517","00060",,"00003","2022-03-22","bb416b35c4db4910bf01a85891f6b6a6","ft^3/s","30.1",-79.0197222222222,35.8933333333333
"119f3e08-928b-4128-8fc6-287d9acf4e5e","Approved","2025-03-11T14:05:54.794122+00:00","USGS-02097517","00060",,"00003","2022-03-23","bb416b35c4db4910bf01a85891f6b6a6","ft^3/s","29.5",-79.0197222222222,35.8933333333333
"3571bbcc-53f0-4cf2-a4a4-6beca7145e5b","Approved","2025-03-11T14:05:54.794122+00:00","USGS-02097517","00060",,"00003","2022-03-24","bb416b35c4db4910bf01a85891f6b6a6","ft^3/s","30.1",-79.0197222222222,35.8933333333333
"c2097a0d-960c-4699-b68d-7563ba7bc6ca","Approved","2025-03-11T14:05:54.794122+00:00","USGS-02097517","00060",,"00003","2022-03-25","bb416b35c4db4910bf01a85891f6b6a6","ft^3/s","26.1",-79.0197222222222,35.8933333333333
"7ad34464-d784-48af-bd53-1c2f034284af","Approved","2025-03-11T14:05:54.794122+00:00","USGS-02097517","00060",,"00003","2022-03-26","bb416b35c4db4910bf01a85891f6b6a6","ft^3/s","23.6",-79.0197222222222,35.8933333333333
"c053f6ed-d5a6-4548-b488-63cbb2fdb762","Approved","2025-03-11T14:05:54.794122+00:00","USGS-02097517","00060",,"00003","2022-03-27","bb416b35c4db4910bf01a85891f6b6a6","ft^3/s","20.8",-79.0197222222222,35.8933333333333
"e0a8ded8-39c2-461e-b70f-0014d8da2d6c","Approved","2025-10-20T13:00:03.268646+00:00","USGS-02097517","00060",,"00003","2022-03-28","bb416b35c4db4910bf01a85891f6b6a6","ft^3/s","19.4",-79.0197222222222,35.8933333333333
"58d0fdc6-4d6a-43eb-b087-d7d97a7a48ee","Approved","2025-03-11T14:05:54.794122+00:00","USGS-02097517","00060",,"00003","2022-03-29","bb416b35c4db4910bf01a85891f6b6a6","ft^3/s","20.5",-79.0197222222222,35.8933333333333
"e4e814a4-fbcf-4b65-9b38-8b0f4fd1ce11","Approved","2025-03-11T14:05:54.794122+00:00","USGS-02097517","00060",,"00003","2022-03-30","bb416b35c4db4910bf01a85891f6b6a6","ft^3/s","21.8",-79.0197222222222,35.8933333333333
"dfbf8f20-e179-44af-87f8-f89417313116","Approved","2025-03-11T14:05:54.794122+00:00","USGS-02097517","00060",,"00003","2022-03-31","bb416b35c4db4910bf01a85891f6b6a6","ft^3/s","79.0",-79.0197222222222,35.8933333333333
"efbf140a-5a43-4313-aba5-9ff327c0f8a9","Approved","2025-03-11T14:05:54.794122+00:00","USGS-02097517","00060",,"00003","2022-04-01","bb416b35c4db4910bf01a85891f6b6a6","ft^3/s","57.3",-79.0197222222222,35.8933333333333
"42145e86-6057-4cf9-a838-a88fd4cc76fb","Approved","2025-03-11T14:05:54.794122+00:00","USGS-02097517","00060",,"00003","2022-04-02","bb416b35c4db4910bf01a85891f6b6a6","ft^3/s","32.1",-79.0197222222222,35.8933333333333
"2bbd1bdb-ce27-474b-a7ae-014d284723f9","Approved","2025-03-11T14:05:54.794122+00:00","USGS-02097517","00060",,"00003","2022-04-03","bb416b35c4db4910bf01a85891f6b6a6","ft^3/s","28.4",-79.0197222222222,35.8933333333333
"ee04a6ce-bd0f-401b-a002-b52c6c40993c","Approved","2025-03-11T14:05:54.794122+00:00","USGS-02097517","00060",,"00003","2022-04-04","bb416b35c4db4910bf01a85891f6b6a6","ft^3/s","25.2",-79.0197222222222,35.8933333333333
"1e6273b4-2133-4a64-a671-18a5498e7973","Approved","2025-03-11T14:05:54.794122+00:00","USGS-02097517","00060",,"00003","2022-04-05","bb416b35c4db4910bf01a85891f6b6a6","ft^3/s","28.8",-79.0197222222222,35.8933333333333
"54e427d2-3fde-4587-b662-893aaaa24bea","Approved","2025-03-11T14:05:54.794122+00:00","USGS-02097517","00060",,"00003","2022-04-06","bb416b35c4db4910bf01a85891f6b6a6","ft^3/s","33.9",-79.0197222222222,35.8933333333333
"f3fd4222-25c8-4b21-97dc-9044c19ae756","Approved","2025-03-11T14:05:54.794122+00:00","USGS-02097517","00060",,"00003","2022-04-07","bb416b35c4db4910bf01a85891f6b6a6","ft^3/s","29.0",-79.0197222222222,35.8933333333333
"d4b2ea27-679a-4f98-bd9e-919efa8be9d5","Approved","2025-03-11T14:05:54.794122+00:00","USGS-02097517","00060",,"00003","2022-04-08","bb416b35c4db4910bf01a85891f6b6a6","ft^3/s","26.0",-79.0197222222222,35.8933333333333
"d94b5fb5-f607-4fa7-a4e1-f4474cd392d8","Approved","2025-03-11T14:05:54.794122+00:00","USGS-02097517","00060",,"00003","2022-04-09","bb416b35c4db4910bf01a85891f6b6a6","ft^3/s","23.0",-79.0197222222222,35.8933333333333
"11bb679b-2d5e-485a-95c4-3480e0b1d2a6","Approved","2025-03-11T14:05:54.794122+00:00","USGS-02097517","00060",,"00003","2022-04-10","bb416b35c4db4910bf01a85891f6b6a6","ft^3/s","22.0",-79.0197222222222,35.8933333333333
"05a32a72-39b2-4998-89e7-756977ce9b75","Approved","2025-03-11T14:05:54.794122+00:00","USGS-02097517","00060",,"00003","2022-04-11","bb416b35c4db4910bf01a85891f6b6a6","ft^3/s","20.5",-79.0197222222222,35.8933333333333
"3f2f79e3-da70-4e83-bc23-c0741a1169f5","Approved","2025-03-11T14:05:54.794122+00:00","USGS-02097517","00060",,"00003","2022-04-12","bb416b35c4db4910bf01a85891f6b6a6","ft^3/s","19.9",-79.0197222222222,35.8933333333333
"9a18499a-9ffd-489f-9ca3-525bcd3f4e58","Approved","2025-03-11T14:05:54.794122+00:00","USGS-02097517","00060",,"00003","2022-04-13","bb416b35c4db4910bf01a85891f6b6a6","ft^3/s","19.9",-79.0197222222222,35.8933333333333
"2abee7a0-178c-4e61-89ed-c34092d5dd0c","Approved","2025-03-11T14:05:54.794122+00:00","USGS-02097517","00060",,"00003","2022-04-14","bb416b35c4db4910bf01a85891f6b6a6","ft^3/s","20.3",-79.0197222222222,35.8933333333333
"8acc2aba-8ba1-4f40-a02b-ad2d49b5966c","Approved","2025-03-11T14:05:54.794122+00:00","USGS-02097517","00060",,"00003","2022-04-15","bb416b35c4db4910bf01a85891f6b6a6","ft^3/s","18.4",-79.0197222222222,35.8933333333333
"c02a84db-ea5a-4c68-9236-7b525be468f1","Approved","2025-03-11T14:05:54.794122+00:00","USGS-02097517","00060",,"00003","2022-04-16","bb416b35c4db4910bf01a85891f6b6a6","ft^3/s","17.9",-79.0197222222222,35.8933333333333
"712a2b3b-5107-49c9-9333-82963b98be51","Approved","2025-03-11T14:05:54.794122+00:00","USGS-02097517","00060",,"00003","2022-04-17","bb416b35c4db4910bf01a85891f6b6a6","ft^3/s","18.3",-79.0197222222222,35.8933333333333
"093475ba-4a9c-4eea-a021-0e698e8e202d","Approved","2025-03-11T14:05:54.794122+00:00","USGS-02097517","00060",,"00003","2022-04-18","bb416b35c4db4910bf01a85891f6b6a6","ft^3/s","159",-79.0197222222222,35.8933333333333
"eb40c7e8-bdc3-4258-a6ad-aa6c14f32e2d","Approved","2025-03-11T14:05:54.794122+00:00","USGS-02097517","00060",,"00003","2022-04-19","bb416b35c4db4910bf01a85891f6b6a6","ft^3/s","93.6",-79.0197222222222,35.8933333333333
"b6631239-bc22-42d4-af27-65467eaa5541","Approved","2025-03-11T14:05:54.794122+00:00","USGS-02097517","00060",,"00003","2022-04-20","bb416b35c4db4910bf01a85891f6b6a6","ft^3/s","28.6",-79.0197222222222,35.8933333333333
"1eb6f734-e788-445f-a4ef-639cb557c3d7","Approved","2025-03-11T14:05:54.794122+00:00","USGS-02097517","00060",,"00003","2022-04-21","bb416b35c4db4910bf01a85891f6b6a6","ft^3/s","22.1",-79.0197222222222,35.8933333333333
"63a213fc-25eb-41cb-a324-1137071397e5","Approved","2025-03-11T14:05:54.794122+00:00","USGS-02097517","00060",,"00003","2022-04-22","bb416b35c4db4910bf01a85891f6b6a6","ft^3/s","19.0",-79.0197222222222,35.8933333333333
"d15a0516-0234-4c5e-9fb2-f2ccffe02846","Approved","2025-03-11T14:05:54.794122+00:00","USGS-02097517","00060",,"00003","2022-04-23","bb416b35c4db4910bf01a85891f6b6a6","ft^3/s","16.8",-79.0197222222222,35.8933333333333
"7cea200c-16b9-44f6-a186-b328cf87b27e","Approved","2025-03-11T14:05:54.794122+00:00","USGS-02097517","00060",,"00003","2022-04-24","bb416b35c4db4910bf01a85891f6b6a6","ft^3/s","16.0",-79.0197222222222,35.8933333333333
"1075863a-7a01-41ef-8ba5-2bae4e8c9dc2","Approved","2025-03-11T14:05:54.794122+00:00","USGS-02097517","00060",,"00003","2022-04-25","bb416b35c4db4910bf01a85891f6b6a6","ft^3/s","14.6",-79.0197222222222,35.8933333333333
"743a28ac-afce-4ebf-b4a2-b17720729e3a","Approved","2025-03-11T14:05:54.794122+00:00","USGS-02097517","00060",,"00003","2022-04-26","bb416b35c4db4910bf01a85891f6b6a6","ft^3/s","14.1",-79.0197222222222,35.8933333333333
"7b315e9e-8c84-4d67-a444-f161bc0b1732","Approved","2025-03-11T14:05:54.794122+00:00","USGS-02097517","00060",,"00003","2022-04-27","bb416b35c4db4910bf01a85891f6b6a6","ft^3/s","14.3",-79.0197222222222,35.8933333333333
"510fd819-46fa-4d93-bdda-a3a27e428e0a","Approved","2025-03-11T14:05:54.794122+00:00","USGS-02097517","00060",,"00003","2022-04-28","bb416b35c4db4910bf01a85891f6b6a6","ft^3/s","12.6",-79.0197222222222,35.8933333333333
"ece08bb4-6b73-4c4a-a35c-80e501ce4877","Approved","2025-03-11T14:05:54.794122+00:00","USGS-02097517","00060",,"00003","2022-04-29","bb416b35c4db4910bf01a85891f6b6a6","ft^3/s","12.0",-79.0197222222222,35.8933333333333
"bcf08c5e-8e06-4bb8-aa3d-673560c2c479","Approved","2025-03-11T14:05:54.794122+00:00","USGS-02097517","00060",,"00003","2022-04-30","bb416b35c4db4910bf01a85891f6b6a6","ft^3/s","12.2",-79.0197222222222,35.8933333333333
"9df88f0d-c27e-49c4-9f2e-e98f662a7c7e","Approved","2025-03-11T14:05:54.794122+00:00","USGS-02097517","00060",,"00003","2022-05-01","bb416b35c4db4910bf01a85891f6b6a6","ft^3/s","13.6",-79.0197222222222,35.8933333333333
"7180b9ef-1331-42e1-acc8-8a9156a1521a","Approved","2025-03-11T14:05:54.794122+00:00","USGS-02097517","00060",,"00003","2022-05-02","bb416b35c4db4910bf01a85891f6b6a6","ft^3/s","14.1",-79.0197222222222,35.8933333333333
"db41e35a-3823-4890-987d-eee4956416e1","Approved","2025-03-11T14:05:54.794122+00:00","USGS-02097517","00060",,"00003","2022-05-03","bb416b35c4db4910bf01a85891f6b6a6","ft^3/s","12.4",-79.0197222222222,35.8933333333333
"33c734b8-9a10-4e2a-821e-6d6ca81ddd11","Approved","2025-03-11T14:05:54.794122+00:00","USGS-02097517","00060",,"00003","2022-05-04","bb416b35c4db4910bf01a85891f6b6a6","ft^3/s","12.0",-79.0197222222222,35.8933333333333
"6c716919-e5bf-4003-972c-38e3b1ca1a0a","Approved","2025-03-11T14:05:54.794122+00:00","USGS-02097517","00060",,"00003","2022-05-05","bb416b35c4db4910bf01a85891f6b6a6","ft^3/s","11.3",-79.0197222222222,35.8933333333333
"eac625ec-19dd-45a2-b3c5-be6f67374fd8","Approved","2025-03-11T14:05:54.794122+00:00","USGS-02097517","00060",,"00003","2022-05-06","bb416b35c4db4910bf01a85891f6b6a6","ft^3/s","11.6",-79.0197222222222,35.8933333333333
"29d6e55e-7a3d-46f2-8c9b-271f8bdab66e","Approved","2025-03-11T14:05:54.794122+00:00","USGS-02097517","00060",,"00003","2022-05-07","bb416b35c4db4910bf01a85891f6b6a6","ft^3/s","39.8",-79.0197222222222,35.8933333333333
"508734e5-d81a-42ff-bd0b-03ed2d185bff","Approved","2025-03-11T14:05:54.794122+00:00","USGS-02097517","00060",,"00003","2022-05-08","bb416b35c4db4910bf01a85891f6b6a6","ft^3/s","40.6",-79.0197222222222,35.8933333333333
"4350b411-37bc-44e1-b510-383216680682","Approved","2025-03-11T14:05:54.794122+00:00","USGS-02097517","00060",,"00003","2022-05-09","bb416b35c4db4910bf01a85891f6b6a6","ft^3/s","17.4",-79.0197222222222,35.8933333333333
"e80bd51f-0ccc-4caf-9c59-63eed0802860","Approved","2025-03-11T14:05:54.794122+00:00","USGS-02097517","00060",,"00003","2022-05-10","bb416b35c4db4910bf01a85891f6b6a6","ft^3/s","13.9",-79.0197222222222,35.8933333333333
"2c5dfd5f-d36c-4549-be65-121bfd04ad94","Approved","2025-03-11T14:05:54.794122+00:00","USGS-02097517","00060",,"00003","2022-05-11","bb416b35c4db4910bf01a85891f6b6a6","ft^3/s","12.7",-79.0197222222222,35.8933333333333
"f3935b79-3c41-4834-870e-07204bbc72ab","Approved","2025-03-11T14:05:54.794122+00:00","USGS-02097517","00060",,"00003","2022-05-12","bb416b35c4db4910bf01a85891f6b6a6","ft^3/s","11.6",-79.0197222222222,35.8933333333333
"ce7b628c-79d8-47e9-8fed-8117d1d0df93","Approved","2025-03-11T14:05:54.794122+00:00","USGS-02097517","00060",,"00003","2022-05-13","bb416b35c4db4910bf01a85891f6b6a6","ft^3/s","13.3",-79.0197222222222,35.8933333333333
"96037d8c-71ee-4f74-b7fa-7156e4050fc8","Approved","2025-03-11T14:05:54.794122+00:00","USGS-02097517","00060",,"00003","2022-05-14","bb416b35c4db4910bf01a85891f6b6a6","ft^3/s","37.5",-79.0197222222222,35.8933333333333
"43e486d4-916f-4733-934b-e10246a3a819","Approved","2025-03-11T14:05:54.794122+00:00","USGS-02097517","00060",,"00003","2022-05-15","bb416b35c4db4910bf01a85891f6b6a6","ft^3/s","16.8",-79.0197222222222,35.8933333333333
"02b2731b-dac8-4edb-af95-bdb1ebf71542","Approved","2025-10-20T13:00:03.268646+00:00","USGS-02097517","00060",,"00003","2022-05-16","bb416b35c4db4910bf01a85891f6b6a6","ft^3/s","13.4",-79.0197222222222,35.8933333333333
"ab88c38c-1579-410b-810a-39e6af5082d6","Approved","2025-03-11T14:05:54.794122+00:00","USGS-02097517","00060",,"00003","2022-05-17","bb416b35c4db4910bf01a85891f6b6a6","ft^3/s","11.4",-79.0197222222222,35.8933333333333
"dfd7d2f3-2d40-4080-a258-99b4e35a0ab9","Approved","2025-03-11T14:05:54.794122+00:00","USGS-02097517","00060",,"00003","2022-05-18","bb416b35c4db4910bf01a85891f6b6a6","ft^3/s","10.2",-79.0197222222222,35.8933333333333
"3fceb526-e0c8-4ee8-9a18-515022063230","Approved","2025-03-11T14:05:54.794122+00:00","USGS-02097517","00060",,"00003","2022-05-19","bb416b35c4db4910bf01a85891f6b6a6","ft^3/s","10.1",-79.0197222222222,35.8933333333333
"0975525b-f40a-4d75-adee-e24323c27c99","Approved","2025-03-11T14:05:54.794122+00:00","USGS-02097517","00060",,"00003","2022-05-20","bb416b35c4db4910bf01a85891f6b6a6","ft^3/s","11.1",-79.0197222222222,35.8933333333333
"4c01c43a-cb02-4713-82e8-5c58c06af2d1","Approved","2025-03-11T14:05:54.794122+00:00","USGS-02097517","00060",,"00003","2022-05-21","bb416b35c4db4910bf01a85891f6b6a6","ft^3/s","10.3",-79.0197222222222,35.8933333333333
"abbe6a07-7a98-4fe4-b597-ee794da794d8","Approved","2025-03-11T14:05:54.794122+00:00","USGS-02097517","00060",,"00003","2022-05-22","bb416b35c4db4910bf01a85891f6b6a6","ft^3/s","10.3",-79.0197222222222,35.8933333333333
"5787a5ee-24ac-4fe1-97fb-6ce694b4f04f","Approved","2025-03-11T14:05:54.794122+00:00","USGS-02097517","00060",,"00003","2022-05-23","bb416b35c4db4910bf01a85891f6b6a6","ft^3/s","23.1",-79.0197222222222,35.8933333333333
"2c3ec932-94cf-4f74-a8da-074124d3cf0d","Approved","2025-03-11T14:05:54.794122+00:00","USGS-02097517","00060",,"00003","2022-05-24","bb416b35c4db4910bf01a85891f6b6a6","ft^3/s","86.6",-79.0197222222222,35.8933333333333
"ef84cc51-e5b3-489a-89fa-2553a9c9f0f4","Approved","2025-03-11T14:05:54.794122+00:00","USGS-02097517","00060",,"00003","2022-05-25","bb416b35c4db4910bf01a85891f6b6a6","ft^3/s","19.8",-79.0197222222222,35.8933333333333
"65df23fe-e7b4-46f2-acac-95f008ee1fd2","Approved","2025-03-11T14:05:54.794122+00:00","USGS-02097517","00060",,"00003","2022-05-26","bb416b35c4db4910bf01a85891f6b6a6","ft^3/s","14.4",-79.0197222222222,35.8933333333333
"58dbd142-1cd3-4c20-8d73-fdfc86df0231","Approved","2025-03-11T14:05:54.794122+00:00","USGS-02097517","00060",,"00003","2022-05-27","bb416b35c4db4910bf01a85891f6b6a6","ft^3/s","283",-79.0197222222222,35.8933333333333
"fc26bc3e-ca87-4aef-93fa-a32a484c4f0e","Approved","2025-03-11T14:05:54.794122+00:00","USGS-02097517","00060",,"00003","2022-05-28","bb416b35c4db4910bf01a85891f6b6a6","ft^3/s","98.6",-79.0197222222222,35.8933333333333
"230427f9-4118-4c26-9696-7a3958a0512b","Approved","2025-03-11T14:05:54.794122+00:00","USGS-02097517","00060",,"00003","2022-05-29","bb416b35c4db4910bf01a85891f6b6a6","ft^3/s","25.2",-79.0197222222222,35.8933333333333
"33b80cbb-7d4b-4c6c-b569-8ea0ee5b4b14","Approved","2025-03-11T14:05:54.794122+00:00","USGS-02097517","00060",,"00003","2022-05-30","bb416b35c4db4910bf01a85891f6b6a6","ft^3/s","18.1",-79.0197222222222,35.8933333333333
"1578115e-4fb5-45f4-b769-7741dd0a6a19","Approved","2025-03-11T14:05:54.794122+00:00","USGS-02097517","00060",,"00003","2022-05-31","bb416b35c4db4910bf01a85891f6b6a6","ft^3/s","15.9",-79.0197222222222,35.8933333333333
"0cf6e175-96ba-43c2-9050-0897b6860038","Approved","2025-03-11T14:05:54.794122+00:00","USGS-02097517","00060",,"00003","2022-06-01","bb416b35c4db4910bf01a85891f6b6a6","ft^3/s","13.2",-79.0197222222222,35.8933333333333
"294704c7-e62f-45e2-8be9-f12d189edd9a","Approved","2025-03-11T14:05:54.794122+00:00","USGS-02097517","00060",,"00003","2022-06-02","bb416b35c4db4910bf01a85891f6b6a6","ft^3/s","12.1",-79.0197222222222,35.8933333333333
"4a76e6e1-2c49-4e6f-b598-dc5c96193ae3","Approved","2025-03-11T14:05:54.794122+00:00","USGS-02097517","00060",,"00003","2022-06-03","bb416b35c4db4910bf01a85891f6b6a6","ft^3/s","12.4",-79.0197222222222,35.8933333333333
"285ba7da-5f9d-4a5a-8e18-c48be7ab9bf4","Approved","2025-03-11T14:05:54.794122+00:00","USGS-02097517","00060",,"00003","2022-06-04","bb416b35c4db4910bf01a85891f6b6a6","ft^3/s","11.8",-79.0197222222222,35.8933333333333
"3755170d-8323-4019-82b8-52544afc52a9","Approved","2025-03-11T14:05:54.794122+00:00","USGS-02097517","00060",,"00003","2022-06-05","bb416b35c4db4910bf01a85891f6b6a6","ft^3/s","11.2",-79.0197222222222,35.8933333333333
"ef58dbcf-31ec-417e-b994-5ab29a186d68","Approved","2025-03-11T14:05:54.794122+00:00","USGS-02097517","00060",,"00003","2022-06-06","bb416b35c4db4910bf01a85891f6b6a6","ft^3/s","10.5",-79.0197222222222,35.8933333333333
"cbc3eaf3-aede-4ecc-b941-8fb6bd81a670","Approved","2025-03-11T14:05:54.794122+00:00","USGS-02097517","00060",,"00003","2022-06-07","bb416b35c4db4910bf01a85891f6b6a6","ft^3/s","9.01",-79.0197222222222,35.8933333333333
"1e1ec866-5c7b-4ced-bd56-599e2906f86d","Approved","2025-03-11T14:05:54.794122+00:00","USGS-02097517","00060",,"00003","2022-06-08","bb416b35c4db4910bf01a85891f6b6a6","ft^3/s","12.1",-79.0197222222222,35.8933333333333
"fb0ce157-7b19-4d7f-80a2-afa79191714f","Approved","2025-03-11T14:05:54.794122+00:00","USGS-02097517","00060",,"00003","2022-06-09","bb416b35c4db4910bf01a85891f6b6a6","ft^3/s","11.5",-79.0197222222222,35.8933333333333
"71417ab5-1f8a-49ee-b9b5-26869842554f","Approved","2025-03-11T14:05:54.794122+00:00","USGS-02097517","00060",,"00003","2022-06-10","bb416b35c4db4910bf01a85891f6b6a6","ft^3/s","8.79",-79.0197222222222,35.8933333333333
"e5024012-e999-4172-bd64-0f95dcc6754b","Approved","2025-03-11T14:05:54.794122+00:00","USGS-02097517","00060",,"00003","2022-06-11","bb416b35c4db4910bf01a85891f6b6a6","ft^3/s","8.10",-79.0197222222222,35.8933333333333
"e615d547-3d4c-4286-a693-31c76eb51db5","Approved","2025-03-11T14:05:54.794122+00:00","USGS-02097517","00060",,"00003","2022-06-12","bb416b35c4db4910bf01a85891f6b6a6","ft^3/s","7.53",-79.0197222222222,35.8933333333333
"f46bdd1f-cd05-4815-8df1-92b7005617b4","Approved","2025-03-11T14:05:54.794122+00:00","USGS-02097517","00060",,"00003","2022-06-13","bb416b35c4db4910bf01a85891f6b6a6","ft^3/s","8.30",-79.0197222222222,35.8933333333333
"654f0b4a-480a-46c1-8e13-e9d9c09b3791","Approved","2025-03-11T14:05:54.794122+00:00","USGS-02097517","00060",,"00003","2022-06-14","bb416b35c4db4910bf01a85891f6b6a6","ft^3/s","8.43",-79.0197222222222,35.8933333333333
"6c1ff95c-a2e8-419e-8b0b-78242a817434","Approved","2025-03-11T14:05:54.794122+00:00","USGS-02097517","00060",,"00003","2022-06-15","bb416b35c4db4910bf01a85891f6b6a6","ft^3/s","8.65",-79.0197222222222,35.8933333333333
"8858ac7b-5b04-4911-abed-e9bc65e12d70","Approved","2025-03-11T14:05:54.794122+00:00","USGS-02097517","00060",,"00003","2022-06-16","bb416b35c4db4910bf01a85891f6b6a6","ft^3/s","10.2",-79.0197222222222,35.8933333333333
"bfbd8dbe-432a-4fd2-86fe-dbe24c186571","Approved","2025-03-11T14:05:54.794122+00:00","USGS-02097517","00060",,"00003","2022-06-17","bb416b35c4db4910bf01a85891f6b6a6","ft^3/s","14.4",-79.0197222222222,35.8933333333333
"e90a6dad-2e5a-4385-93fd-d6ebe1eb4b4d","Approved","2025-03-11T14:05:54.794122+00:00","USGS-02097517","00060",,"00003","2022-06-18","bb416b35c4db4910bf01a85891f6b6a6","ft^3/s","11.7",-79.0197222222222,35.8933333333333
"3b1f1aa8-abb5-4c2a-b975-6f6fb98b1efb","Approved","2025-03-11T14:05:54.794122+00:00","USGS-02097517","00060",,"00003","2022-06-19","bb416b35c4db4910bf01a85891f6b6a6","ft^3/s","9.14",-79.0197222222222,35.8933333333333
"67e8dfc9-6a92-4b7d-8fad-028b246fb507","Approved","2025-03-11T14:05:54.794122+00:00","USGS-02097517","00060",,"00003","2022-06-20","bb416b35c4db4910bf01a85891f6b6a6","ft^3/s","8.52",-79.0197222222222,35.8933333333333
"36a599d6-b5a1-42b5-b9b3-29912d6ccf02","Approved","2025-03-11T14:05:54.794122+00:00","USGS-02097517","00060",,"00003","2022-06-21","bb416b35c4db4910bf01a85891f6b6a6","ft^3/s","8.49",-79.0197222222222,35.8933333333333
"7b56a7c5-a0c1-4e0b-a1ab-7b493edf20c8","Approved","2025-03-11T14:05:54.794122+00:00","USGS-02097517","00060",,"00003","2022-06-22","bb416b35c4db4910bf01a85891f6b6a6","ft^3/s","7.65",-79.0197222222222,35.8933333333333
"85847bbd-6827-4a35-94a8-0c991aab3c0b","Approved","2025-03-11T14:05:54.794122+00:00","USGS-02097517","00060",,"00003","2022-06-23","bb416b35c4db4910bf01a85891f6b6a6","ft^3/s","8.20",-79.0197222222222,35.8933333333333
"0edb6c22-880c-49a2-a7c7-b9a241bd1b18","Approved","2025-03-11T14:05:54.794122+00:00","USGS-02097517","00060",,"00003","2022-06-24","bb416b35c4db4910bf01a85891f6b6a6","ft^3/s","8.90",-79.0197222222222,35.8933333333333
"f1ff2144-7284-42d8-aa5a-23e8e10fa18e","Approved","2025-03-11T14:05:54.794122+00:00","USGS-02097517","00060",,"00003","2022-06-25","bb416b35c4db4910bf01a85891f6b6a6","ft^3/s","7.62",-79.0197222222222,35.8933333333333
"ad674e79-14c0-4032-b330-a3019470aa1f","Approved","2025-03-11T14:05:54.794122+00:00","USGS-02097517","00060",,"00003","2022-06-26","bb416b35c4db4910bf01a85891f6b6a6","ft^3/s","7.86",-79.0197222222222,35.8933333333333
"0465467f-cd0c-480d-9413-9d182e667dca","Approved","2025-03-11T14:05:54.794122+00:00","USGS-02097517","00060",,"00003","2022-06-27","bb416b35c4db4910bf01a85891f6b6a6","ft^3/s","13.3",-79.0197222222222,35.8933333333333
"900f1aaa-762c-41cc-85cb-95b904515b2e","Approved","2025-03-11T14:05:54.794122+00:00","USGS-02097517","00060",,"00003","2022-06-28","bb416b35c4db4910bf01a85891f6b6a6","ft^3/s","10.2",-79.0197222222222,35.8933333333333
"c8a2230b-bff5-4012-8524-68fe6adb2f9c","Approved","2025-03-11T14:05:54.794122+00:00","USGS-02097517","00060",,"00003","2022-06-29","bb416b35c4db4910bf01a85891f6b6a6","ft^3/s","8.63",-79.0197222222222,35.8933333333333
"f5ea626b-815b-4e9c-ac2e-abb07b893f4d","Approved","2025-03-11T14:05:54.794122+00:00","USGS-02097517","00060",,"00003","2022-06-30","bb416b35c4db4910bf01a85891f6b6a6","ft^3/s","8.92",-79.0197222222222,35.8933333333333
"7719dde2-f519-4460-9e82-5578ca696244","Approved","2025-03-11T14:05:54.794122+00:00","USGS-02097517","00060",,"00003","2022-07-01","bb416b35c4db4910bf01a85891f6b6a6","ft^3/s","7.89",-79.0197222222222,35.8933333333333
"e3f4db03-d0db-4148-9104-e55687575c00","Approved","2025-03-11T14:05:54.794122+00:00","USGS-02097517","00060",,"00003","2022-07-02","bb416b35c4db4910bf01a85891f6b6a6","ft^3/s","7.70",-79.0197222222222,35.8933333333333
"c5b590cc-653a-4d5b-99c6-258852db3896","Approved","2025-03-11T14:05:54.794122+00:00","USGS-02097517","00060",,"00003","2022-07-03","bb416b35c4db4910bf01a85891f6b6a6","ft^3/s","7.52",-79.0197222222222,35.8933333333333
"4d6513b8-9359-40dc-8f0d-c771f6d86cce","Approved","2025-03-11T14:05:54.794122+00:00","USGS-02097517","00060",,"00003","2022-07-04","bb416b35c4db4910bf01a85891f6b6a6","ft^3/s","7.97",-79.0197222222222,35.8933333333333
"70c79a37-8398-43f8-9aff-e949311c5177","Approved","2025-03-11T14:05:54.794122+00:00","USGS-02097517","00060",,"00003","2022-07-05","bb416b35c4db4910bf01a85891f6b6a6","ft^3/s","8.11",-79.0197222222222,35.8933333333333
"c26ba00f-c2ee-4a9e-9945-0abf7c7fec65","Approved","2025-03-11T14:05:54.794122+00:00","USGS-02097517","00060",,"00003","2022-07-06","bb416b35c4db4910bf01a85891f6b6a6","ft^3/s","7.40",-79.0197222222222,35.8933333333333
"59d6fdf5-cf06-4b96-8d9c-a4c610aec998","Approved","2025-03-11T14:05:54.794122+00:00","USGS-02097517","00060",,"00003","2022-07-07","bb416b35c4db4910bf01a85891f6b6a6","ft^3/s","11.4",-79.0197222222222,35.8933333333333
"545dabb9-39a3-4653-b349-bae7b2a748dc","Approved","2025-03-11T14:05:54.794122+00:00","USGS-02097517","00060",,"00003","2022-07-08","bb416b35c4db4910bf01a85891f6b6a6","ft^3/s","40.6",-79.0197222222222,35.8933333333333
"83d33359-6095-47e0-9f4c-474529ef44fd","Approved","2025-03-11T14:05:54.794122+00:00","USGS-02097517","00060",,"00003","2022-07-09","bb416b35c4db4910bf01a85891f6b6a6","ft^3/s","68.2",-79.0197222222222,35.8933333333333
"ce0beadd-fbbb-4a85-acee-19107d5407a6","Approved","2025-03-11T14:05:54.794122+00:00","USGS-02097517","00060",,"00003","2022-07-10","bb416b35c4db4910bf01a85891f6b6a6","ft^3/s","36.2",-79.0197222222222,35.8933333333333
"3379cd04-0fe5-43c9-adfd-9a9f4b13819a","Approved","2025-03-11T14:05:54.794122+00:00","USGS-02097517","00060",,"00003","2022-07-11","bb416b35c4db4910bf01a85891f6b6a6","ft^3/s","14.0",-79.0197222222222,35.8933333333333
"2e4a94c8-36c4-40c8-b8e8-597e1eca4472","Approved","2025-03-11T14:05:54.794122+00:00","USGS-02097517","00060",,"00003","2022-07-12","bb416b35c4db4910bf01a85891f6b6a6","ft^3/s","11.0",-79.0197222222222,35.8933333333333
"51f7ca74-14c1-48de-93c2-a33c4fcb80eb","Approved","2025-03-11T14:05:54.794122+00:00","USGS-02097517","00060",,"00003","2022-07-13","bb416b35c4db4910bf01a85891f6b6a6","ft^3/s","47.5",-79.0197222222222,35.8933333333333
"353222b2-d5fa-4064-ab75-2cbc76c569a4","Approved","2025-03-11T14:05:54.794122+00:00","USGS-02097517","00060",,"00003","2022-07-14","bb416b35c4db4910bf01a85891f6b6a6","ft^3/s","37.7",-79.0197222222222,35.8933333333333
"3ceb6aa5-bc35-449d-b358-363b4c4310ab","Approved","2025-03-11T14:05:54.794122+00:00","USGS-02097517","00060",,"00003","2022-07-15","bb416b35c4db4910bf01a85891f6b6a6","ft^3/s","11.0",-79.0197222222222,35.8933333333333
"258b3271-ea7e-40f7-8335-d7db0c4a78bc","Approved","2025-03-11T14:05:54.794122+00:00","USGS-02097517","00060",,"00003","2022-07-16","bb416b35c4db4910bf01a85891f6b6a6","ft^3/s","7.77",-79.0197222222222,35.8933333333333
"a37cdbd8-263f-4634-9e28-3f46aaa242d1","Approved","2025-03-11T14:05:54.794122+00:00","USGS-02097517","00060",,"00003","2022-07-17","bb416b35c4db4910bf01a85891f6b6a6","ft^3/s","6.77",-79.0197222222222,35.8933333333333
"243677c5-d627-430d-b475-441f773355a0","Approved","2025-03-11T14:05:54.794122+00:00","USGS-02097517","00060",,"00003","2022-07-18","bb416b35c4db4910bf01a85891f6b6a6","ft^3/s","6.38",-79.0197222222222,35.8933333333333
"bc71d75e-eb45-4a7e-8810-7a42309d4938","Approved","2025-03-11T14:05:54.794122+00:00","USGS-02097517","00060",,"00003","2022-07-19","bb416b35c4db4910bf01a85891f6b6a6","ft^3/s","5.93",-79.0197222222222,35.8933333333333
"99ab0f58-4d5c-46fd-841a-774037696f01","Approved","2025-10-20T13:00:03.268646+00:00","USGS-02097517","00060",,"00003","2022-07-20","bb416b35c4db4910bf01a85891f6b6a6","ft^3/s","5.69",-79.0197222222222,35.8933333333333
"258274b8-87e2-43c6-a126-8109fdfd782b","Approved","2025-10-20T13:00:03.268646+00:00","USGS-02097517","00060","['ESTIMATED']","00003","2022-07-21","bb416b35c4db4910bf01a85891f6b6a6","ft^3/s","8.01",-79.0197222222222,35.8933333333333
"d602791d-0199-487b-b489-da70a407b004","Approved","2025-03-11T14:05:54.794122+00:00","USGS-02097517","00060","['ESTIMATED']","00003","2022-07-22","bb416b35c4db4910bf01a85891f6b6a6","ft^3/s","10.6",-79.0197222222222,35.8933333333333
"aecd90b6-4209-4a08-9feb-10a3820b74f0","Approved","2025-10-20T13:00:03.268646+00:00","USGS-02097517","00060",,"00003","2022-07-23","bb416b35c4db4910bf01a85891f6b6a6","ft^3/s","8.02",-79.0197222222222,35.8933333333333
"b05742c9-a334-49e5-bfe9-bed08cefcd7f","Approved","2025-03-11T14:05:54.794122+00:00","USGS-02097517","00060",,"00003","2022-07-24","bb416b35c4db4910bf01a85891f6b6a6","ft^3/s","6.62",-79.0197222222222,35.8933333333333
"cb08f49a-b3ec-4642-ae93-c09821e85dc2","Approved","2025-03-11T14:05:54.794122+00:00","USGS-02097517","00060",,"00003","2022-07-25","bb416b35c4db4910bf01a85891f6b6a6","ft^3/s","6.17",-79.0197222222222,35.8933333333333
"08b103ac-10d9-445d-bc55-d5bd0034eaeb","Approved","2025-03-11T14:05:54.794122+00:00","USGS-02097517","00060",,"00003","2022-07-26","bb416b35c4db4910bf01a85891f6b6a6","ft^3/s","63.3",-79.0197222222222,35.8933333333333
"8a5c5502-2db9-4f13-a972-689fde4a37e2","Approved","2025-03-11T14:05:54.794122+00:00","USGS-02097517","00060",,"00003","2022-07-27","bb416b35c4db4910bf01a85891f6b6a6","ft^3/s","67.3",-79.0197222222222,35.8933333333333
"f7e6530a-4bb4-4e79-9205-2771bfd1054f","Approved","2025-03-11T14:05:54.794122+00:00","USGS-02097517","00060",,"00003","2022-07-28","bb416b35c4db4910bf01a85891f6b6a6","ft^3/s","20.7",-79.0197222222222,35.8933333333333
"746cf53a-8820-4087-95e5-5736de70dfb4","Approved","2025-03-11T14:05:54.794122+00:00","USGS-02097517","00060",,"00003","2022-07-29","bb416b35c4db4910bf01a85891f6b6a6","ft^3/s","9.89",-79.0197222222222,35.8933333333333
"0be2c323-c2c5-4613-bcc6-143a68025180","Approved","2025-03-11T14:05:54.794122+00:00","USGS-02097517","00060",,"00003","2022-07-30","bb416b35c4db4910bf01a85891f6b6a6","ft^3/s","8.25",-79.0197222222222,35.8933333333333
"fe8853f9-a675-420a-a420-0456257dd17f","Approved","2025-03-11T14:05:54.794122+00:00","USGS-02097517","00060",,"00003","2022-07-31","bb416b35c4db4910bf01a85891f6b6a6","ft^3/s","20.5",-79.0197222222222,35.8933333333333
"b8f0bbd9-b84f-485a-a1c5-37a7950407ef","Approved","2025-03-11T14:05:54.794122+00:00","USGS-02097517","00060",,"00003","2022-08-01","bb416b35c4db4910bf01a85891f6b6a6","ft^3/s","14.0",-79.0197222222222,35.8933333333333
"2e877a41-5220-4d76-8e62-5fb2826d749e","Approved","2025-03-11T14:05:54.794122+00:00","USGS-02097517","00060",,"00003","2022-08-02","bb416b35c4db4910bf01a85891f6b6a6","ft^3/s","8.07",-79.0197222222222,35.8933333333333
"5e37c994-f630-44ee-a74b-7a280d2d4e08","Approved","2025-03-11T14:05:54.794122+00:00","USGS-02097517","00060",,"00003","2022-08-03","bb416b35c4db4910bf01a85891f6b6a6","ft^3/s","6.39",-79.0197222222222,35.8933333333333
"71ad3459-7dc7-4682-9d9a-397aacbbe42e","Approved","2025-03-11T14:05:54.794122+00:00","USGS-02097517","00060",,"00003","2022-08-04","bb416b35c4db4910bf01a85891f6b6a6","ft^3/s","7.40",-79.0197222222222,35.8933333333333
"f3180b5c-4b23-466e-a6c8-e382552c6301","Approved","2025-03-11T14:05:54.794122+00:00","USGS-02097517","00060",,"00003","2022-08-05","bb416b35c4db4910bf01a85891f6b6a6","ft^3/s","24.1",-79.0197222222222,35.8933333333333
"8739738c-6a50-4d27-8f9c-46050eb30908","Approved","2025-03-11T14:05:54.794122+00:00","USGS-02097517","00060",,"00003","2022-08-06","bb416b35c4db4910bf01a85891f6b6a6","ft^3/s","9.58",-79.0197222222222,35.8933333333333
"2f2e59ad-cd72-4b82-a0c5-348936a12f43","Approved","2025-03-11T14:05:54.794122+00:00","USGS-02097517","00060",,"00003","2022-08-07","bb416b35c4db4910bf01a85891f6b6a6","ft^3/s","6.99",-79.0197222222222,35.8933333333333
"5650891b-a1a3-4eb2-b6fe-34cb06c8f69c","Approved","2025-03-11T14:05:54.794122+00:00","USGS-02097517","00060",,"00003","2022-08-08","bb416b35c4db4910bf01a85891f6b6a6","ft^3/s","6.28",-79.0197222222222,35.8933333333333
"34c4aebb-dc82-4d23-b5a3-8a271f81c83c","Approved","2025-03-11T14:05:54.794122+00:00","USGS-02097517","00060",,"00003","2022-08-09","bb416b35c4db4910bf01a85891f6b6a6","ft^3/s","6.04",-79.0197222222222,35.8933333333333
"ce11adab-8fff-4be0-9bfe-6864b75c9eab","Approved","2025-03-11T14:05:54.794122+00:00","USGS-02097517","00060",,"00003","2022-08-10","bb416b35c4db4910bf01a85891f6b6a6","ft^3/s","6.04",-79.0197222222222,35.8933333333333
"21d10536-3c73-4d3c-ae1b-1db5e6839b6b","Approved","2025-03-11T14:05:54.794122+00:00","USGS-02097517","00060",,"00003","2022-08-11","bb416b35c4db4910bf01a85891f6b6a6","ft^3/s","5.71",-79.0197222222222,35.8933333333333
"9dc6e6c5-3888-4d1f-9d48-242e64d0c154","Approved","2025-03-11T14:05:54.794122+00:00","USGS-02097517","00060",,"00003","2022-08-12","bb416b35c4db4910bf01a85891f6b6a6","ft^3/s","5.56",-79.0197222222222,35.8933333333333
"75c9f19b-7507-4424-997a-067a609aac30","Approved","2025-03-11T14:05:54.794122+00:00","USGS-02097517","00060",,"00003","2022-08-13","bb416b35c4db4910bf01a85891f6b6a6","ft^3/s","5.30",-79.0197222222222,35.8933333333333
"5f646eab-0d93-48f6-ba54-ccb5db3a2a07","Approved","2025-03-11T14:05:54.794122+00:00","USGS-02097517","00060",,"00003","2022-08-14","bb416b35c4db4910bf01a85891f6b6a6","ft^3/s","5.23",-79.0197222222222,35.8933333333333
"b767f742-3884-46cc-beb6-4dc589b9a931","Approved","2025-03-11T14:05:54.794122+00:00","USGS-02097517","00060",,"00003","2022-08-15","bb416b35c4db4910bf01a85891f6b6a6","ft^3/s","5.68",-79.0197222222222,35.8933333333333
"02283385-2e8c-420b-879c-9acc539ce253","Approved","2025-03-11T14:05:54.794122+00:00","USGS-02097517","00060",,"00003","2022-08-16","bb416b35c4db4910bf01a85891f6b6a6","ft^3/s","5.48",-79.0197222222222,35.8933333333333
"a2c8ddc4-967f-4825-9300-370a8ef06899","Approved","2025-03-11T14:05:54.794122+00:00","USGS-02097517","00060",,"00003","2022-08-17","bb416b35c4db4910bf01a85891f6b6a6","ft^3/s","5.44",-79.0197222222222,35.8933333333333
"d59be92f-31f0-4df0-94b2-ebc7eb0f10e7","Approved","2025-03-11T14:05:54.794122+00:00","USGS-02097517","00060",,"00003","2022-08-18","bb416b35c4db4910bf01a85891f6b6a6","ft^3/s","5.30",-79.0197222222222,35.8933333333333
"72210e31-5e92-4296-abb4-74885f7d013f","Approved","2025-03-11T14:05:54.794122+00:00","USGS-02097517","00060",,"00003","2022-08-19","bb416b35c4db4910bf01a85891f6b6a6","ft^3/s","4.99",-79.0197222222222,35.8933333333333
"c51fd2cc-afbf-43b8-9540-9d5ae73eb300","Approved","2025-03-11T14:05:54.794122+00:00","USGS-02097517","00060",,"00003","2022-08-20","bb416b35c4db4910bf01a85891f6b6a6","ft^3/s","5.14",-79.0197222222222,35.8933333333333
"9b4f5662-ae8d-4e36-99b4-607afe4f6849","Approved","2025-03-11T14:05:54.794122+00:00","USGS-02097517","00060",,"00003","2022-08-21","bb416b35c4db4910bf01a85891f6b6a6","ft^3/s","5.95",-79.0197222222222,35.8933333333333
"37c7f7d7-0560-4245-b2a4-8bec46dcaddb","Approved","2025-03-11T14:05:54.794122+00:00","USGS-02097517","00060",,"00003","2022-08-22","bb416b35c4db4910bf01a85891f6b6a6","ft^3/s","8.99",-79.0197222222222,35.8933333333333
"3df6649d-19ba-4e9b-8b4a-1d9fab0ebb07","Approved","2025-03-11T14:05:54.794122+00:00","USGS-02097517","00060",,"00003","2022-08-23","bb416b35c4db4910bf01a85891f6b6a6","ft^3/s","6.08",-79.0197222222222,35.8933333333333
"1f816225-d15e-471b-9e9d-3f9ce2f44684","Approved","2025-03-11T14:05:54.794122+00:00","USGS-02097517","00060",,"00003","2022-08-24","bb416b35c4db4910bf01a85891f6b6a6","ft^3/s","5.62",-79.0197222222222,35.8933333333333
"a97f6692-2696-4704-8a2f-b6e9f1e69fd2","Approved","2025-03-11T14:05:54.794122+00:00","USGS-02097517","00060",,"00003","2022-08-25","bb416b35c4db4910bf01a85891f6b6a6","ft^3/s","6.16",-79.0197222222222,35.8933333333333
"93881669-0509-40ed-9e65-ab3536c40768","Approved","2025-03-11T14:05:54.794122+00:00","USGS-02097517","00060",,"00003","2022-08-26","bb416b35c4db4910bf01a85891f6b6a6","ft^3/s","6.44",-79.0197222222222,35.8933333333333
"c10a9489-3cae-46b3-8c87-7f2daec851bc","Approved","2025-03-11T14:05:54.794122+00:00","USGS-02097517","00060",,"00003","2022-08-27","bb416b35c4db4910bf01a85891f6b6a6","ft^3/s","7.65",-79.0197222222222,35.8933333333333
"a92cc95a-ae94-4581-8309-6d2aedecba07","Approved","2025-03-11T14:05:54.794122+00:00","USGS-02097517","00060",,"00003","2022-08-28","bb416b35c4db4910bf01a85891f6b6a6","ft^3/s","9.75",-79.0197222222222,35.8933333333333
"a2175b69-ac30-4cf6-bea6-0531f017af92","Approved","2025-03-11T14:05:54.794122+00:00","USGS-02097517","00060",,"00003","2022-08-29","bb416b35c4db4910bf01a85891f6b6a6","ft^3/s","6.43",-79.0197222222222,35.8933333333333
"12423ff3-dd34-46de-a62e-90637449e8de","Approved","2025-03-11T14:05:54.794122+00:00","USGS-02097517","00060",,"00003","2022-08-30","bb416b35c4db4910bf01a85891f6b6a6","ft^3/s","6.15",-79.0197222222222,35.8933333333333
"5c179610-1ad5-4b5c-9be0-13cad55e8a53","Approved","2025-03-11T14:05:54.794122+00:00","USGS-02097517","00060",,"00003","2022-08-31","bb416b35c4db4910bf01a85891f6b6a6","ft^3/s","5.84",-79.0197222222222,35.8933333333333
"99bf9da9-08b3-4c11-94b6-e90b0a3d7e40","Approved","2025-03-11T14:05:54.794122+00:00","USGS-02097517","00060",,"00003","2022-09-01","bb416b35c4db4910bf01a85891f6b6a6","ft^3/s","5.88",-79.0197222222222,35.8933333333333
"9691c946-1ce3-4f2d-8993-5700320bcd3b","Approved","2025-03-11T14:05:54.794122+00:00","USGS-02097517","00060",,"00003","2022-09-02","bb416b35c4db4910bf01a85891f6b6a6","ft^3/s","5.77",-79.0197222222222,35.8933333333333
"b84208a0-6c06-4bb0-af66-319508ba0710","Approved","2025-03-11T14:05:54.794122+00:00","USGS-02097517","00060",,"00003","2022-09-03","bb416b35c4db4910bf01a85891f6b6a6","ft^3/s","5.41",-79.0197222222222,35.8933333333333
"ca05b988-c039-4231-abd5-183259c86cca","Approved","2025-03-11T14:05:54.794122+00:00","USGS-02097517","00060",,"00003","2022-09-04","bb416b35c4db4910bf01a85891f6b6a6","ft^3/s","5.26",-79.0197222222222,35.8933333333333
"dc7c9bca-41ca-430c-adc3-837de345986e","Approved","2025-03-11T14:05:54.794122+00:00","USGS-02097517","00060",,"00003","2022-09-05","bb416b35c4db4910bf01a85891f6b6a6","ft^3/s","5.63",-79.0197222222222,35.8933333333333
"72283006-0ae9-438b-8cae-8a0a54604a8d","Approved","2025-03-11T14:05:54.794122+00:00","USGS-02097517","00060",,"00003","2022-09-06","bb416b35c4db4910bf01a85891f6b6a6","ft^3/s","7.74",-79.0197222222222,35.8933333333333
"a2e1d190-2f60-4eb4-855f-01eb70feb0f9","Approved","2025-03-11T14:05:54.794122+00:00","USGS-02097517","00060",,"00003","2022-09-07","bb416b35c4db4910bf01a85891f6b6a6","ft^3/s","7.31",-79.0197222222222,35.8933333333333
"c646e3f1-0d7c-419c-90ce-d94a07bc2f53","Approved","2025-03-11T14:05:54.794122+00:00","USGS-02097517","00060",,"00003","2022-09-08","bb416b35c4db4910bf01a85891f6b6a6","ft^3/s","6.87",-79.0197222222222,35.8933333333333
"49fa6d43-f2ae-4d86-a936-1b877d62bb46","Approved","2025-03-11T14:05:54.794122+00:00","USGS-02097517","00060",,"00003","2022-09-09","bb416b35c4db4910bf01a85891f6b6a6","ft^3/s","6.25",-79.0197222222222,35.8933333333333
"1fbcbfe9-6486-4ca3-a922-0937f1f2e531","Approved","2025-03-11T14:05:54.794122+00:00","USGS-02097517","00060",,"00003","2022-09-10","bb416b35c4db4910bf01a85891f6b6a6","ft^3/s","5.97",-79.0197222222222,35.8933333333333
"33e56a25-c376-4982-a7b5-428186c2eda4","Approved","2025-10-20T13:00:03.268646+00:00","USGS-02097517","00060",,"00003","2022-09-11","bb416b35c4db4910bf01a85891f6b6a6","ft^3/s","6.18",-79.0197222222222,35.8933333333333
"8563ca65-6d89-48d4-a447-ed1fd114a32d","Approved","2025-03-11T14:05:54.794122+00:00","USGS-02097517","00060",,"00003","2022-09-12","bb416b35c4db4910bf01a85891f6b6a6","ft^3/s","6.23",-79.0197222222222,35.8933333333333
"f5c91890-c362-465b-ab37-2e359ecd5757","Approved","2025-03-11T14:05:54.794122+00:00","USGS-02097517","00060",,"00003","2022-09-13","bb416b35c4db4910bf01a85891f6b6a6","ft^3/s","6.64",-79.0197222222222,35.8933333333333
"32d09fc5-26f4-49d4-98b7-80794236230f","Approved","2025-03-11T14:05:54.794122+00:00","USGS-02097517","00060",,"00003","2022-09-14","bb416b35c4db4910bf01a85891f6b6a6","ft^3/s","6.03",-79.0197222222222,35.8933333333333
"cf1d1ed9-5816-40de-9350-f0ecd175d625","Approved","2025-03-11T14:05:54.794122+00:00","USGS-02097517","00060",,"00003","2022-09-15","bb416b35c4db4910bf01a85891f6b6a6","ft^3/s","5.78",-79.0197222222222,35.8933333333333
"3fe46c46-6c5b-42fd-bfda-2d40cc6e0ee9","Approved","2025-03-11T14:05:54.794122+00:00","USGS-02097517","00060",,"00003","2022-09-16","bb416b35c4db4910bf01a85891f6b6a6","ft^3/s","5.72",-79.0197222222222,35.8933333333333
"837bd455-f8cc-4ae9-acf9-0041653911b2","Approved","2025-03-11T14:05:54.794122+00:00","USGS-02097517","00060",,"00003","2022-09-17","bb416b35c4db4910bf01a85891f6b6a6","ft^3/s","5.67",-79.0197222222222,35.8933333333333
"c765ace6-4607-412e-93d6-4192ce2d5201","Approved","2025-03-11T14:05:54.794122+00:00","USGS-02097517","00060",,"00003","2022-09-18","bb416b35c4db4910bf01a85891f6b6a6","ft^3/s","5.45",-79.0197222222222,35.8933333333333
"d05d5310-ff65-48a0-9e52-9a49be8da5c1","Approved","2025-03-11T14:05:54.794122+00:00","USGS-02097517","00060",,"00003","2022-09-19","bb416b35c4db4910bf01a85891f6b6a6","ft^3/s","5.31",-79.0197222222222,35.8933333333333
"9aa95f69-b363-4263-98ed-da9ab5856d13","Approved","2025-03-11T14:05:54.794122+00:00","USGS-02097517","00060",,"00003","2022-09-20","bb416b35c4db4910bf01a85891f6b6a6","ft^3/s","5.14",-79.0197222222222,35.8933333333333
"daef6e72-6320-47ab-abfb-38e470c69e42","Approved","2025-03-11T14:05:54.794122+00:00","USGS-02097517","00060",,"00003","2022-09-21","bb416b35c4db4910bf01a85891f6b6a6","ft^3/s","5.02",-79.0197222222222,35.8933333333333
"8972b6a5-9849-41cc-a810-dc0cc045e512","Approved","2025-03-11T14:05:54.794122+00:00","USGS-02097517","00060",,"00003","2022-09-22","bb416b35c4db4910bf01a85891f6b6a6","ft^3/s","5.23",-79.0197222222222,35.8933333333333
"fa18313e-589d-45bf-925d-b0034fc2567d","Approved","2025-03-11T14:05:54.794122+00:00","USGS-02097517","00060",,"00003","2022-09-23","bb416b35c4db4910bf01a85891f6b6a6","ft^3/s","5.93",-79.0197222222222,35.8933333333333
"ecb59703-d621-43af-a3d5-050f71b969ed","Approved","2025-03-11T14:05:54.794122+00:00","USGS-02097517","00060",,"00003","2022-09-24","bb416b35c4db4910bf01a85891f6b6a6","ft^3/s","6.01",-79.0197222222222,35.8933333333333
"062427d9-4489-4ea1-8154-169eb3e9acf3","Approved","2025-03-11T14:05:54.794122+00:00","USGS-02097517","00060",,"00003","2022-09-25","bb416b35c4db4910bf01a85891f6b6a6","ft^3/s","5.97",-79.0197222222222,35.8933333333333
"10c2e0d1-b40d-4290-bae7-8cd9c4a24124","Approved","2025-03-11T14:05:54.794122+00:00","USGS-02097517","00060",,"00003","2022-09-26","bb416b35c4db4910bf01a85891f6b6a6","ft^3/s","6.20",-79.0197222222222,35.8933333333333
"f2a9b412-dde6-4788-bf0a-73143ce58076","Approved","2025-03-11T14:05:54.794122+00:00","USGS-02097517","00060",,"00003","2022-09-27","bb416b35c4db4910bf01a85891f6b6a6","ft^3/s","5.97",-79.0197222222222,35.8933333333333
"c7eaba46-207b-43ce-b856-3044fc38b055","Approved","2025-03-11T14:05:54.794122+00:00","USGS-02097517","00060",,"00003","2022-09-28","bb416b35c4db4910bf01a85891f6b6a6","ft^3/s","5.56",-79.0197222222222,35.8933333333333
"b516ec88-9d9d-4ebc-84b9-1732d8bf943c","Approved","2025-03-11T14:05:54.794122+00:00","USGS-02097517","00060",,"00003","2022-09-29","bb416b35c4db4910bf01a85891f6b6a6","ft^3/s","5.14",-79.0197222222222,35.8933333333333
"027e3367-237d-4c39-b0aa-c5cbc89a4b85","Approved","2025-03-11T14:05:54.794122+00:00","USGS-02097517","00060",,"00003","2022-09-30","bb416b35c4db4910bf01a85891f6b6a6","ft^3/s","112",-79.0197222222222,35.8933333333333
"43f36da0-3b90-4e10-8fe8-6c44ea339dab","Approved","2025-03-11T14:05:54.794122+00:00","USGS-02097517","00060",,"00003","2022-10-01","bb416b35c4db4910bf01a85891f6b6a6","ft^3/s","96.6",-79.0197222222222,35.8933333333333
"53e9d96a-7406-4c09-a2e4-628bfba8904c","Approved","2025-03-11T14:05:54.794122+00:00","USGS-02097517","00060",,"00003","2022-10-02","bb416b35c4db4910bf01a85891f6b6a6","ft^3/s","11.0",-79.0197222222222,35.8933333333333
"2b2370f8-507f-45fe-b936-3425d97ef10e","Approved","2025-03-11T14:05:54.794122+00:00","USGS-02097517","00060",,"00003","2022-10-03","bb416b35c4db4910bf01a85891f6b6a6","ft^3/s","9.19",-79.0197222222222,35.8933333333333
"36a4058e-8463-4fd0-9f15-8bf48eb71be4","Approved","2025-03-11T14:05:54.794122+00:00","USGS-02097517","00060",,"00003","2022-10-04","bb416b35c4db4910bf01a85891f6b6a6","ft^3/s","8.34",-79.0197222222222,35.8933333333333
"8cd64041-3b03-4e0b-a15f-96914ac8bf22","Approved","2025-03-11T14:05:54.794122+00:00","USGS-02097517","00060",,"00003","2022-10-05","bb416b35c4db4910bf01a85891f6b6a6","ft^3/s","8.35",-79.0197222222222,35.8933333333333
"f1923101-5720-4410-82c6-52a238eadb67","Approved","2025-03-11T14:05:54.794122+00:00","USGS-02097517","00060",,"00003","2022-10-06","bb416b35c4db4910bf01a85891f6b6a6","ft^3/s","8.21",-79.0197222222222,35.8933333333333
"17eb9209-4888-406c-9e28-b2dbb7695c1b","Approved","2025-03-11T14:05:54.794122+00:00","USGS-02097517","00060",,"00003","2022-10-07","bb416b35c4db4910bf01a85891f6b6a6","ft^3/s","8.47",-79.0197222222222,35.8933333333333
"6a636f49-89ea-4eb9-9e7a-23d813bb1e99","Approved","2025-03-11T14:05:54.794122+00:00","USGS-02097517","00060",,"00003","2022-10-08","bb416b35c4db4910bf01a85891f6b6a6","ft^3/s","8.94",-79.0197222222222,35.8933333333333
"4b1ed622-c729-44e3-916d-b4a76790cc0f","Approved","2025-03-11T14:05:54.794122+00:00","USGS-02097517","00060",,"00003","2022-10-09","bb416b35c4db4910bf01a85891f6b6a6","ft^3/s","8.95",-79.0197222222222,35.8933333333333
"fde3f690-22b8-4c78-9719-c4a771e3105b","Approved","2025-03-11T14:05:54.794122+00:00","USGS-02097517","00060",,"00003","2022-10-10","bb416b35c4db4910bf01a85891f6b6a6","ft^3/s","8.49",-79.0197222222222,35.8933333333333
"b079c6f9-dc57-4daf-8837-04dbb4c406c5","Approved","2025-03-11T14:05:54.794122+00:00","USGS-02097517","00060",,"00003","2022-10-11","bb416b35c4db4910bf01a85891f6b6a6","ft^3/s","8.25",-79.0197222222222,35.8933333333333
"6bcab66b-5caa-4fd6-b690-6db58f07a5ff","Approved","2025-03-11T14:05:54.794122+00:00","USGS-02097517","00060",,"00003","2022-10-12","bb416b35c4db4910bf01a85891f6b6a6","ft^3/s","7.83",-79.0197222222222,35.8933333333333
"a30140bc-649e-469c-9f0f-b031bac651f5","Approved","2025-03-11T14:05:54.794122+00:00","USGS-02097517","00060",,"00003","2022-10-13","bb416b35c4db4910bf01a85891f6b6a6","ft^3/s","8.20",-79.0197222222222,35.8933333333333
"11676f41-512d-4b23-967b-b1f7424c033c","Approved","2025-03-11T14:05:54.794122+00:00","USGS-02097517","00060",,"00003","2022-10-14","bb416b35c4db4910bf01a85891f6b6a6","ft^3/s","7.88",-79.0197222222222,35.8933333333333
"48a3a786-4d94-48a6-b6e9-0abb7d5ab8f6","Approved","2025-03-11T14:05:54.794122+00:00","USGS-02097517","00060",,"00003","2022-10-15","bb416b35c4db4910bf01a85891f6b6a6","ft^3/s","8.30",-79.0197222222222,35.8933333333333
"54cf2b32-dd81-442a-8fb2-fc9bb96c426b","Approved","2025-03-11T14:05:54.794122+00:00","USGS-02097517","00060",,"00003","2022-10-16","bb416b35c4db4910bf01a85891f6b6a6","ft^3/s","8.54",-79.0197222222222,35.8933333333333
"af8b05ee-f9e4-45ca-9211-c1b428e0ff7a","Approved","2025-03-11T14:05:54.794122+00:00","USGS-02097517","00060",,"00003","2022-10-17","bb416b35c4db4910bf01a85891f6b6a6","ft^3/s","9.37",-79.0197222222222,35.8933333333333
"f8319fa7-696b-492d-a4f8-dd609a70fc42","Approved","2025-03-11T14:05:54.794122+00:00","USGS-02097517","00060",,"00003","2022-10-18","bb416b35c4db4910bf01a85891f6b6a6","ft^3/s","9.49",-79.0197222222222,35.8933333333333
"d6ffb578-5439-4da8-891d-2d8a2496b602","Approved","2025-03-11T14:05:54.794122+00:00","USGS-02097517","00060",,"00003","2022-10-19","bb416b35c4db4910bf01a85891f6b6a6","ft^3/s","8.24",-79.0197222222222,35.8933333333333
"dae20e78-f2d9-4c50-8c4f-5cd8e0bc2756","Approved","2025-03-11T14:05:54.794122+00:00","USGS-02097517","00060",,"00003","2022-10-20","bb416b35c4db4910bf01a85891f6b6a6","ft^3/s","7.82",-79.0197222222222,35.8933333333333
"552007a4-3cd4-41c8-b3f3-28a7f0fc3ea6","Approved","2025-03-11T14:05:54.794122+00:00","USGS-02097517","00060",,"00003","2022-10-21","bb416b35c4db4910bf01a85891f6b6a6","ft^3/s","7.63",-79.0197222222222,35.8933333333333
"ddbdad36-2e43-4a31-bb71-ac1636d623ce","Approved","2025-03-11T14:05:54.794122+00:00","USGS-02097517","00060",,"00003","2022-10-22","bb416b35c4db4910bf01a85891f6b6a6","ft^3/s","7.86",-79.0197222222222,35.8933333333333
"f41941b8-60c4-4ad1-b85e-06f0bce6ea51","Approved","2025-03-11T14:05:54.794122+00:00","USGS-02097517","00060",,"00003","2022-10-23","bb416b35c4db4910bf01a85891f6b6a6","ft^3/s","8.19",-79.0197222222222,35.8933333333333
"685f75ff-24ae-4817-9567-dca0149a9b2d","Approved","2025-03-11T14:05:54.794122+00:00","USGS-02097517","00060",,"00003","2022-10-24","bb416b35c4db4910bf01a85891f6b6a6","ft^3/s","8.55",-79.0197222222222,35.8933333333333
"00073f05-aae7-4abb-bfcf-001d09ff2a41","Approved","2025-03-11T14:05:54.794122+00:00","USGS-02097517","00060",,"00003","2022-10-25","bb416b35c4db4910bf01a85891f6b6a6","ft^3/s","8.47",-79.0197222222222,35.8933333333333
"6b602509-e7f3-42a3-9a58-b4ed283e453e","Approved","2025-03-11T14:05:54.794122+00:00","USGS-02097517","00060",,"00003","2022-10-26","bb416b35c4db4910bf01a85891f6b6a6","ft^3/s","8.61",-79.0197222222222,35.8933333333333
"4577dfe1-e71b-48b4-9f7a-4610d36778cd","Approved","2025-03-11T14:05:54.794122+00:00","USGS-02097517","00060",,"00003","2022-10-27","bb416b35c4db4910bf01a85891f6b6a6","ft^3/s","8.23",-79.0197222222222,35.8933333333333
"3e3500d5-a6a3-47dd-b221-5df90ebc4183","Approved","2025-03-11T14:05:54.794122+00:00","USGS-02097517","00060",,"00003","2022-10-28","bb416b35c4db4910bf01a85891f6b6a6","ft^3/s","8.21",-79.0197222222222,35.8933333333333
"0b50cf54-853d-46bf-a8e8-c2da77cb5250","Approved","2025-03-11T14:05:54.794122+00:00","USGS-02097517","00060",,"00003","2022-10-29","bb416b35c4db4910bf01a85891f6b6a6","ft^3/s","8.27",-79.0197222222222,35.8933333333333
"fd1ccfa1-ad2b-4f41-87e0-61751411af5e","Approved","2025-03-11T14:05:54.794122+00:00","USGS-02097517","00060",,"00003","2022-10-30","bb416b35c4db4910bf01a85891f6b6a6","ft^3/s","8.43",-79.0197222222222,35.8933333333333
"22a50aec-4238-4b68-8d32-b655a40ce0ba","Approved","2025-03-11T14:05:54.794122+00:00","USGS-02097517","00060",,"00003","2022-10-31","bb416b35c4db4910bf01a85891f6b6a6","ft^3/s","9.47",-79.0197222222222,35.8933333333333
"6325dc6c-b93c-4fbf-850b-7fc856cf8b4c","Approved","2025-03-11T14:05:54.794122+00:00","USGS-02097517","00060",,"00003","2022-11-01","bb416b35c4db4910bf01a85891f6b6a6","ft^3/s","11.5",-79.0197222222222,35.8933333333333
"b34489c9-9602-495e-8cf5-0b24841a7e5f","Approved","2025-03-11T14:05:54.794122+00:00","USGS-02097517","00060",,"00003","2022-11-02","bb416b35c4db4910bf01a85891f6b6a6","ft^3/s","8.63",-79.0197222222222,35.8933333333333
"7a454974-1680-48f3-a9cd-fe26315e5c4b","Approved","2025-03-11T14:05:54.794122+00:00","USGS-02097517","00060",,"00003","2022-11-03","bb416b35c4db4910bf01a85891f6b6a6","ft^3/s","8.46",-79.0197222222222,35.8933333333333
"5cf364c2-4f38-48d7-9285-c46ba30c88b5","Approved","2025-03-11T14:05:54.794122+00:00","USGS-02097517","00060",,"00003","2022-11-04","bb416b35c4db4910bf01a85891f6b6a6","ft^3/s","8.47",-79.0197222222222,35.8933333333333
"8a423d56-abcf-4f16-9c58-a03f251651b7","Approved","2025-03-11T14:05:54.794122+00:00","USGS-02097517","00060",,"00003","2022-11-05","bb416b35c4db4910bf01a85891f6b6a6","ft^3/s","8.56",-79.0197222222222,35.8933333333333
"1057a78c-3015-455f-8627-17f9909bf7b1","Approved","2025-10-20T13:00:03.268646+00:00","USGS-02097517","00060",,"00003","2022-11-06","bb416b35c4db4910bf01a85891f6b6a6","ft^3/s","9.19",-79.0197222222222,35.8933333333333
"2b12f61f-5b88-460a-bb49-2e95ef4834fe","Approved","2025-03-11T14:05:54.794122+00:00","USGS-02097517","00060",,"00003","2022-11-07","bb416b35c4db4910bf01a85891f6b6a6","ft^3/s","9.40",-79.0197222222222,35.8933333333333
"52808c45-bb9b-4327-8101-e3c24460b3bb","Approved","2025-03-11T14:05:54.794122+00:00","USGS-02097517","00060",,"00003","2022-11-08","bb416b35c4db4910bf01a85891f6b6a6","ft^3/s","9.84",-79.0197222222222,35.8933333333333
"d85d25b5-f511-4049-9da1-5c3e54036dd4","Approved","2025-03-11T14:05:54.794122+00:00","USGS-02097517","00060",,"00003","2022-11-09","bb416b35c4db4910bf01a85891f6b6a6","ft^3/s","9.79",-79.0197222222222,35.8933333333333
"8f711dfd-b77d-43fd-ba2b-0bb2d383d547","Approved","2025-03-11T14:05:54.794122+00:00","USGS-02097517","00060",,"00003","2022-11-10","bb416b35c4db4910bf01a85891f6b6a6","ft^3/s","9.35",-79.0197222222222,35.8933333333333
"991441c6-d95e-4e44-96d1-5b08ba0d5ce2","Approved","2025-03-11T14:05:54.794122+00:00","USGS-02097517","00060",,"00003","2022-11-11","bb416b35c4db4910bf01a85891f6b6a6","ft^3/s","52.8",-79.0197222222222,35.8933333333333
"b1125555-4da8-4046-8510-28978824085e","Approved","2025-03-11T14:05:54.794122+00:00","USGS-02097517","00060",,"00003","2022-11-12","bb416b35c4db4910bf01a85891f6b6a6","ft^3/s","13.8",-79.0197222222222,35.8933333333333
"d586887d-3ba9-431b-baca-60a64079e007","Approved","2025-03-11T14:05:54.794122+00:00","USGS-02097517","00060",,"00003","2022-11-13","bb416b35c4db4910bf01a85891f6b6a6","ft^3/s","9.30",-79.0197222222222,35.8933333333333
"4ee60ec1-764e-4252-8bfc-85802e092a30","Approved","2025-03-11T14:05:54.794122+00:00","USGS-02097517","00060",,"00003","2022-11-14","bb416b35c4db4910bf01a85891f6b6a6","ft^3/s","8.69",-79.0197222222222,35.8933333333333
"f644a5b8-491a-4915-84e0-57e3890cb37b","Approved","2025-03-11T14:05:54.794122+00:00","USGS-02097517","00060",,"00003","2022-11-15","bb416b35c4db4910bf01a85891f6b6a6","ft^3/s","9.78",-79.0197222222222,35.8933333333333
"4deeacc6-08c9-436d-b7e1-cc5ca3c610e6","Approved","2025-03-11T14:05:54.794122+00:00","USGS-02097517","00060",,"00003","2022-11-16","bb416b35c4db4910bf01a85891f6b6a6","ft^3/s","11.0",-79.0197222222222,35.8933333333333
"f6592a1e-010a-43ff-8524-9c0385c60422","Approved","2025-03-11T14:05:54.794122+00:00","USGS-02097517","00060",,"00003","2022-11-17","bb416b35c4db4910bf01a85891f6b6a6","ft^3/s","8.76",-79.0197222222222,35.8933333333333
"0da29260-5cfb-4e97-9cc2-1aa46792b332","Approved","2025-03-11T14:05:54.794122+00:00","USGS-02097517","00060",,"00003","2022-11-18","bb416b35c4db4910bf01a85891f6b6a6","ft^3/s","8.45",-79.0197222222222,35.8933333333333
"b9f3178c-f72f-4da0-b5c3-91a62bb7b006","Approved","2025-03-11T14:05:54.794122+00:00","USGS-02097517","00060",,"00003","2022-11-19","bb416b35c4db4910bf01a85891f6b6a6","ft^3/s","8.40",-79.0197222222222,35.8933333333333
"d1647a19-b82b-47d6-b4e7-7b208ac30725","Approved","2025-03-11T14:05:54.794122+00:00","USGS-02097517","00060",,"00003","2022-11-20","bb416b35c4db4910bf01a85891f6b6a6","ft^3/s","8.76",-79.0197222222222,35.8933333333333
"98f7448a-d2be-4bb6-b702-7bbcae51bcc5","Approved","2025-03-11T14:05:54.794122+00:00","USGS-02097517","00060",,"00003","2022-11-21","bb416b35c4db4910bf01a85891f6b6a6","ft^3/s","9.09",-79.0197222222222,35.8933333333333
"4cc60cb9-ba13-4400-8d20-15cef44766f0","Approved","2025-03-11T14:05:54.794122+00:00","USGS-02097517","00060",,"00003","2022-11-22","bb416b35c4db4910bf01a85891f6b6a6","ft^3/s","8.96",-79.0197222222222,35.8933333333333
"de9f7c27-f14c-4c4e-bbb8-0c9f4378253a","Approved","2025-03-11T14:05:54.794122+00:00","USGS-02097517","00060",,"00003","2022-11-23","bb416b35c4db4910bf01a85891f6b6a6","ft^3/s","8.47",-79.0197222222222,35.8933333333333
"878c2244-c3e8-43bb-bdd5-cd1b6bff24f1","Approved","2025-03-11T14:05:54.794122+00:00","USGS-02097517","00060",,"00003","2022-11-24","bb416b35c4db4910bf01a85891f6b6a6","ft^3/s","8.15",-79.0197222222222,35.8933333333333
"d080b552-073d-400b-87fa-c5e005ba6e14","Approved","2025-03-11T14:05:54.794122+00:00","USGS-02097517","00060",,"00003","2022-11-25","bb416b35c4db4910bf01a85891f6b6a6","ft^3/s","66.4",-79.0197222222222,35.8933333333333
"48a5d372-6bad-41db-a4f3-8f97a06cb96d","Approved","2025-03-11T14:05:54.794122+00:00","USGS-02097517","00060",,"00003","2022-11-26","bb416b35c4db4910bf01a85891f6b6a6","ft^3/s","10.9",-79.0197222222222,35.8933333333333
"5e8a0d65-fec0-4390-ba6c-ac1bb0291995","Approved","2025-03-11T14:05:54.794122+00:00","USGS-02097517","00060",,"00003","2022-11-27","bb416b35c4db4910bf01a85891f6b6a6","ft^3/s","200",-79.0197222222222,35.8933333333333
"0bc7d7b2-4e8c-497f-bd9b-19df14551174","Approved","2025-03-11T14:05:54.794122+00:00","USGS-02097517","00060",,"00003","2022-11-28","bb416b35c4db4910bf01a85891f6b6a6","ft^3/s","79.3",-79.0197222222222,35.8933333333333
"275b09cd-c26b-45be-b471-bc321494719e","Approved","2025-03-11T14:05:54.794122+00:00","USGS-02097517","00060",,"00003","2022-11-29","bb416b35c4db4910bf01a85891f6b6a6","ft^3/s","20.1",-79.0197222222222,35.8933333333333
"5dd05048-95b2-4918-b8f6-81b156ea8af2","Approved","2025-03-11T14:05:54.794122+00:00","USGS-02097517","00060",,"00003","2022-11-30","bb416b35c4db4910bf01a85891f6b6a6","ft^3/s","48.7",-79.0197222222222,35.8933333333333
"7f2d40ae-3a63-4ee8-a9b8-dbc2e6bb88bf","Approved","2025-03-11T14:05:54.794122+00:00","USGS-02097517","00060",,"00003","2022-12-01","bb416b35c4db4910bf01a85891f6b6a6","ft^3/s","27.2",-79.0197222222222,35.8933333333333
"cde09fe7-50de-427d-80a8-9ce030a727ce","Approved","2025-03-11T14:05:54.794122+00:00","USGS-02097517","00060",,"00003","2022-12-02","bb416b35c4db4910bf01a85891f6b6a6","ft^3/s","15.6",-79.0197222222222,35.8933333333333
"fbf74b13-fd14-40d8-bca8-c3a950a75d1c","Approved","2025-03-11T14:05:54.794122+00:00","USGS-02097517","00060",,"00003","2022-12-03","bb416b35c4db4910bf01a85891f6b6a6","ft^3/s","15.1",-79.0197222222222,35.8933333333333
"990764fa-71ee-4dde-9a8b-370085c76d3c","Approved","2025-03-11T14:05:54.794122+00:00","USGS-02097517","00060",,"00003","2022-12-04","bb416b35c4db4910bf01a85891f6b6a6","ft^3/s","14.3",-79.0197222222222,35.8933333333333
"26d3ffbc-0143-4cea-85fb-97538cb362c1","Approved","2025-03-11T14:05:54.794122+00:00","USGS-02097517","00060",,"00003","2022-12-05","bb416b35c4db4910bf01a85891f6b6a6","ft^3/s","12.3",-79.0197222222222,35.8933333333333
"3559ab25-0be9-4a44-97f2-98f9a1af5957","Approved","2025-03-11T14:05:54.794122+00:00","USGS-02097517","00060",,"00003","2022-12-06","bb416b35c4db4910bf01a85891f6b6a6","ft^3/s","11.7",-79.0197222222222,35.8933333333333
"e7213d65-4d04-4b8d-90e0-e4a60dc495f1","Approved","2025-03-11T14:05:54.794122+00:00","USGS-02097517","00060",,"00003","2022-12-07","bb416b35c4db4910bf01a85891f6b6a6","ft^3/s","16.7",-79.0197222222222,35.8933333333333
"44992ab6-75fc-4f33-992b-a1a761fc7243","Approved","2025-03-11T14:05:54.794122+00:00","USGS-02097517","00060",,"00003","2022-12-08","bb416b35c4db4910bf01a85891f6b6a6","ft^3/s","14.1",-79.0197222222222,35.8933333333333
"929c0010-c329-4512-b455-48b12a5128e2","Approved","2025-03-11T14:05:54.794122+00:00","USGS-02097517","00060",,"00003","2022-12-09","bb416b35c4db4910bf01a85891f6b6a6","ft^3/s","14.8",-79.0197222222222,35.8933333333333
"eb45afa1-45c8-48d6-b0f8-6fafa54234e2","Approved","2025-03-11T14:05:54.794122+00:00","USGS-02097517","00060",,"00003","2022-12-10","bb416b35c4db4910bf01a85891f6b6a6","ft^3/s","12.7",-79.0197222222222,35.8933333333333
"d6891d23-3047-4cdd-95a9-70ebbb7fbdef","Approved","2025-03-11T14:05:54.794122+00:00","USGS-02097517","00060",,"00003","2022-12-11","bb416b35c4db4910bf01a85891f6b6a6","ft^3/s","11.7",-79.0197222222222,35.8933333333333
"354c498b-2ae6-462e-9138-879c3bfe620c","Approved","2025-03-11T14:05:54.794122+00:00","USGS-02097517","00060",,"00003","2022-12-12","bb416b35c4db4910bf01a85891f6b6a6","ft^3/s","11.3",-79.0197222222222,35.8933333333333
"70e3c454-736d-4fd9-920d-77b8262d1f00","Approved","2025-03-11T14:05:54.794122+00:00","USGS-02097517","00060",,"00003","2022-12-13","bb416b35c4db4910bf01a85891f6b6a6","ft^3/s","10.6",-79.0197222222222,35.8933333333333
"15c3ba9e-4c16-4fa0-9b2f-593f41ca59ab","Approved","2025-03-11T14:05:54.794122+00:00","USGS-02097517","00060",,"00003","2022-12-14","bb416b35c4db4910bf01a85891f6b6a6","ft^3/s","10.4",-79.0197222222222,35.8933333333333
"d181b759-afab-4aca-a64c-7e98ea069e5f","Approved","2025-03-11T14:05:54.794122+00:00","USGS-02097517","00060",,"00003","2022-12-15","bb416b35c4db4910bf01a85891f6b6a6","ft^3/s","264",-79.0197222222222,35.8933333333333
"9417edc2-f335-43fa-b4b7-c5d6201ce326","Approved","2025-03-11T14:05:54.794122+00:00","USGS-02097517","00060",,"00003","2022-12-16","bb416b35c4db4910bf01a85891f6b6a6","ft^3/s","191",-79.0197222222222,35.8933333333333
"fe5479aa-d893-423a-bc60-86b0e2ca4175","Approved","2025-03-11T14:05:54.794122+00:00","USGS-02097517","00060",,"00003","2022-12-17","bb416b35c4db4910bf01a85891f6b6a6","ft^3/s","49.9",-79.0197222222222,35.8933333333333
"eddf5e1a-d539-41a6-92f7-1dd6335c4c6b","Approved","2025-03-11T14:05:54.794122+00:00","USGS-02097517","00060",,"00003","2022-12-18","bb416b35c4db4910bf01a85891f6b6a6","ft^3/s","33.3",-79.0197222222222,35.8933333333333
"bbe8d12d-05be-43b9-b343-3d1e88910fd7","Approved","2025-03-11T14:05:54.794122+00:00","USGS-02097517","00060",,"00003","2022-12-19","bb416b35c4db4910bf01a85891f6b6a6","ft^3/s","26.6",-79.0197222222222,35.8933333333333
"8e663d65-64ea-42cb-bf2d-c644d25b6c06","Approved","2025-03-11T14:05:54.794122+00:00","USGS-02097517","00060",,"00003","2022-12-20","bb416b35c4db4910bf01a85891f6b6a6","ft^3/s","22.3",-79.0197222222222,35.8933333333333
"bcb9a836-6450-428d-9c3b-ac0d61549b94","Approved","2025-03-11T14:05:54.794122+00:00","USGS-02097517","00060",,"00003","2022-12-21","bb416b35c4db4910bf01a85891f6b6a6","ft^3/s","21.2",-79.0197222222222,35.8933333333333
"dbd2d178-8ddc-4e99-9761-5af0a2fab844","Approved","2025-03-11T14:05:54.794122+00:00","USGS-02097517","00060",,"00003","2022-12-22","bb416b35c4db4910bf01a85891f6b6a6","ft^3/s","106",-79.0197222222222,35.8933333333333
"c3c15a93-4ff8-4778-82ee-cf148868cbb0","Approved","2025-03-11T14:05:54.794122+00:00","USGS-02097517","00060",,"00003","2022-12-23","bb416b35c4db4910bf01a85891f6b6a6","ft^3/s","145",-79.0197222222222,35.8933333333333
"558925ed-51c3-42f5-b5cd-bdddc39210bd","Approved","2025-03-11T14:05:54.794122+00:00","USGS-02097517","00060",,"00003","2022-12-24","bb416b35c4db4910bf01a85891f6b6a6","ft^3/s","46.9",-79.0197222222222,35.8933333333333
"fdbbd110-3c95-4791-856d-f13aa7a09964","Approved","2025-03-11T14:05:54.794122+00:00","USGS-02097517","00060",,"00003","2022-12-25","bb416b35c4db4910bf01a85891f6b6a6","ft^3/s","31.5",-79.0197222222222,35.8933333333333
"cf66148c-8f36-482a-96e7-e7e07215f928","Approved","2025-03-11T14:05:54.794122+00:00","USGS-02097517","00060",,"00003","2022-12-26","bb416b35c4db4910bf01a85891f6b6a6","ft^3/s","25.8",-79.0197222222222,35.8933333333333
"e7ebd4c4-2967-4106-a8e0-7f22db9c5305","Approved","2025-03-11T14:05:54.794122+00:00","USGS-02097517","00060",,"00003","2022-12-27","bb416b35c4db4910bf01a85891f6b6a6","ft^3/s","23.9",-79.0197222222222,35.8933333333333
"3f35d328-4898-409c-b91a-c2c5e9fd7c8e","Approved","2025-03-11T14:05:54.794122+00:00","USGS-02097517","00060",,"00003","2022-12-28","bb416b35c4db4910bf01a85891f6b6a6","ft^3/s","23.2",-79.0197222222222,35.8933333333333
"6fd1f2ad-7a48-42e3-a578-369931d00ad5","Approved","2025-03-11T14:05:54.794122+00:00","USGS-02097517","00060",,"00003","2022-12-29","bb416b35c4db4910bf01a85891f6b6a6","ft^3/s","22.6",-79.0197222222222,35.8933333333333
"3c13afb6-032a-44a1-99ff-8bf5b4fa6f34","Approved","2025-03-11T14:05:54.794122+00:00","USGS-02097517","00060",,"00003","2022-12-30","bb416b35c4db4910bf01a85891f6b6a6","ft^3/s","22.7",-79.0197222222222,35.8933333333333
"ee87a5ca-e7bb-44a0-90d9-730a8909c3fe","Approved","2025-03-11T14:05:54.794122+00:00","USGS-02097517","00060",,"00003","2022-12-31","bb416b35c4db4910bf01a85891f6b6a6","ft^3/s","26.4",-79.0197222222222,35.8933333333333
"5acbf527-cf64-4edc-8442-f646c7863aa8","Approved","2025-03-11T14:05:54.794122+00:00","USGS-02097517","00060",,"00003","2023-01-01","bb416b35c4db4910bf01a85891f6b6a6","ft^3/s","29.7",-79.0197222222222,35.8933333333333
"933072d4-2e60-4b29-ae80-e785a1f6e85c","Approved","2025-10-20T13:00:03.268646+00:00","USGS-02097517","00060",,"00003","2023-01-02","bb416b35c4db4910bf01a85891f6b6a6","ft^3/s","26.9",-79.0197222222222,35.8933333333333
"7619c645-4797-48c6-a5a6-871378629cb8","Approved","2025-03-11T14:05:54.794122+00:00","USGS-02097517","00060",,"00003","2023-01-03","bb416b35c4db4910bf01a85891f6b6a6","ft^3/s","23.9",-79.0197222222222,35.8933333333333
"43ad1604-fc9c-4807-86bb-0cc1929f37ba","Approved","2025-03-11T14:05:54.794122+00:00","USGS-02097517","00060",,"00003","2023-01-04","bb416b35c4db4910bf01a85891f6b6a6","ft^3/s","41.3",-79.0197222222222,35.8933333333333
"75d9fe43-2d9d-47a4-8aa1-08d6c6d8455c","Approved","2025-03-11T14:05:54.794122+00:00","USGS-02097517","00060",,"00003","2023-01-05","bb416b35c4db4910bf01a85891f6b6a6","ft^3/s","43.7",-79.0197222222222,35.8933333333333
"1ee2549b-0f43-42eb-940c-e3f921582044","Approved","2025-03-11T14:05:54.794122+00:00","USGS-02097517","00060",,"00003","2023-01-06","bb416b35c4db4910bf01a85891f6b6a6","ft^3/s","33.1",-79.0197222222222,35.8933333333333
"3b0a8175-b104-443e-8622-4ef04d90a500","Approved","2025-03-11T14:05:54.794122+00:00","USGS-02097517","00060",,"00003","2023-01-07","bb416b35c4db4910bf01a85891f6b6a6","ft^3/s","27.0",-79.0197222222222,35.8933333333333
"0dd4c416-0a3d-4972-bd1f-ac5a627af570","Approved","2025-03-11T14:05:54.794122+00:00","USGS-02097517","00060",,"00003","2023-01-08","bb416b35c4db4910bf01a85891f6b6a6","ft^3/s","25.2",-79.0197222222222,35.8933333333333
"80f026ba-d57c-476e-bd9b-40030389f4ac","Approved","2025-03-11T14:05:54.794122+00:00","USGS-02097517","00060",,"00003","2023-01-09","bb416b35c4db4910bf01a85891f6b6a6","ft^3/s","27.5",-79.0197222222222,35.8933333333333
"10ec0c62-b6f7-4345-aaf4-9895ae2cf0db","Approved","2025-03-11T14:05:54.794122+00:00","USGS-02097517","00060",,"00003","2023-01-10","bb416b35c4db4910bf01a85891f6b6a6","ft^3/s","25.1",-79.0197222222222,35.8933333333333
"e225d3a6-f0a4-49f9-aa09-0bf28e753c1c","Approved","2025-03-11T14:05:54.794122+00:00","USGS-02097517","00060",,"00003","2023-01-11","bb416b35c4db4910bf01a85891f6b6a6","ft^3/s","23.2",-79.0197222222222,35.8933333333333
"48363c63-9582-40c4-ab21-06c78d0b5d1e","Approved","2025-03-11T14:05:54.794122+00:00","USGS-02097517","00060",,"00003","2023-01-12","bb416b35c4db4910bf01a85891f6b6a6","ft^3/s","23.9",-79.0197222222222,35.8933333333333
"acc6b3ba-f118-4dcb-adc2-286dc5bfffc0","Approved","2025-03-11T14:05:54.794122+00:00","USGS-02097517","00060",,"00003","2023-01-13","bb416b35c4db4910bf01a85891f6b6a6","ft^3/s","42.7",-79.0197222222222,35.8933333333333
"1cb48d15-26cb-4c78-afdf-ba3caea5238b","Approved","2025-03-11T14:05:54.794122+00:00","USGS-02097517","00060",,"00003","2023-01-14","bb416b35c4db4910bf01a85891f6b6a6","ft^3/s","34.0",-79.0197222222222,35.8933333333333
"079b2438-a8b1-4bbc-a2a0-aad637d74569","Approved","2025-03-11T14:05:54.794122+00:00","USGS-02097517","00060",,"00003","2023-01-15","bb416b35c4db4910bf01a85891f6b6a6","ft^3/s","28.4",-79.0197222222222,35.8933333333333
"dd299945-69d5-4956-ae77-b3b0950758f8","Approved","2025-03-11T14:05:54.794122+00:00","USGS-02097517","00060",,"00003","2023-01-16","bb416b35c4db4910bf01a85891f6b6a6","ft^3/s","26.1",-79.0197222222222,35.8933333333333
"75432cc8-9d65-4dea-ac5d-5ccdd5a46169","Approved","2025-03-11T14:05:54.794122+00:00","USGS-02097517","00060",,"00003","2023-01-17","bb416b35c4db4910bf01a85891f6b6a6","ft^3/s","25.6",-79.0197222222222,35.8933333333333
"8a9dcfe0-be8c-464a-962c-19e0af2ebba0","Approved","2025-03-11T14:05:54.794122+00:00","USGS-02097517","00060",,"00003","2023-01-18","bb416b35c4db4910bf01a85891f6b6a6","ft^3/s","25.6",-79.0197222222222,35.8933333333333
"42555881-7909-40c8-93a3-ffec77c1d7be","Approved","2025-03-11T14:05:54.794122+00:00","USGS-02097517","00060",,"00003","2023-01-19","bb416b35c4db4910bf01a85891f6b6a6","ft^3/s","23.9",-79.0197222222222,35.8933333333333
"062638cb-a6b9-4f15-bd10-095251b00710","Approved","2025-03-11T14:05:54.794122+00:00","USGS-02097517","00060",,"00003","2023-01-20","bb416b35c4db4910bf01a85891f6b6a6","ft^3/s","23.6",-79.0197222222222,35.8933333333333
"f5c71dea-f438-469f-80b6-5df3e73306f3","Approved","2025-03-11T14:05:54.794122+00:00","USGS-02097517","00060",,"00003","2023-01-21","bb416b35c4db4910bf01a85891f6b6a6","ft^3/s","21.4",-79.0197222222222,35.8933333333333
"f78046f3-e8d3-4c6d-a474-ac35024e217c","Approved","2025-03-11T14:05:54.794122+00:00","USGS-02097517","00060",,"00003","2023-01-22","bb416b35c4db4910bf01a85891f6b6a6","ft^3/s","34.3",-79.0197222222222,35.8933333333333
"56bca45f-bdf2-4d2c-b99a-129dd3f7246a","Approved","2025-03-11T14:05:54.794122+00:00","USGS-02097517","00060",,"00003","2023-01-23","bb416b35c4db4910bf01a85891f6b6a6","ft^3/s","64.9",-79.0197222222222,35.8933333333333
"c7ee2376-9682-4fb7-a26b-7db3335e68b9","Approved","2025-03-11T14:05:54.794122+00:00","USGS-02097517","00060",,"00003","2023-01-24","bb416b35c4db4910bf01a85891f6b6a6","ft^3/s","42.9",-79.0197222222222,35.8933333333333
"7160ed98-88d7-4206-b206-4f50d200f200","Approved","2025-03-11T14:05:54.794122+00:00","USGS-02097517","00060",,"00003","2023-01-25","bb416b35c4db4910bf01a85891f6b6a6","ft^3/s","136",-79.0197222222222,35.8933333333333
"a132a01a-bcca-4915-8a64-1bcd9e8f0f4f","Approved","2025-03-11T14:05:54.794122+00:00","USGS-02097517","00060",,"00003","2023-01-26","bb416b35c4db4910bf01a85891f6b6a6","ft^3/s","252",-79.0197222222222,35.8933333333333
"a8fe9d3a-3a60-4231-ab70-9bded3a2decf","Approved","2025-03-11T14:05:54.794122+00:00","USGS-02097517","00060",,"00003","2023-01-27","bb416b35c4db4910bf01a85891f6b6a6","ft^3/s","80.2",-79.0197222222222,35.8933333333333
"f42c28c9-13a0-4da0-adae-8080db3ecc99","Approved","2025-03-11T14:05:54.794122+00:00","USGS-02097517","00060",,"00003","2023-01-28","bb416b35c4db4910bf01a85891f6b6a6","ft^3/s","52.6",-79.0197222222222,35.8933333333333
"e4fc9ac3-9122-49c0-a66a-229eb0e1a980","Approved","2025-03-11T14:05:54.794122+00:00","USGS-02097517","00060",,"00003","2023-01-29","bb416b35c4db4910bf01a85891f6b6a6","ft^3/s","43.8",-79.0197222222222,35.8933333333333
"22031491-7d7a-4700-bb25-23ebfd93f353","Approved","2025-03-11T14:05:54.794122+00:00","USGS-02097517","00060",,"00003","2023-01-30","bb416b35c4db4910bf01a85891f6b6a6","ft^3/s","47.4",-79.0197222222222,35.8933333333333
"792a4144-6080-4dda-aca1-54f0e061ba06","Approved","2025-03-11T14:05:54.794122+00:00","USGS-02097517","00060",,"00003","2023-01-31","bb416b35c4db4910bf01a85891f6b6a6","ft^3/s","44.4",-79.0197222222222,35.8933333333333
"7a53dc55-a828-495c-b649-8a6597ddbb03","Approved","2025-03-11T14:05:54.794122+00:00","USGS-02097517","00060",,"00003","2023-02-01","bb416b35c4db4910bf01a85891f6b6a6","ft^3/s","49.1",-79.0197222222222,35.8933333333333
"aac093ed-c348-4c43-8787-004289ec2bf8","Approved","2025-03-11T14:05:54.794122+00:00","USGS-02097517","00060",,"00003","2023-02-02","bb416b35c4db4910bf01a85891f6b6a6","ft^3/s","64.4",-79.0197222222222,35.8933333333333
"76f6148c-b5c4-4cfb-994f-362cc23c0d83","Approved","2025-03-11T14:05:54.794122+00:00","USGS-02097517","00060",,"00003","2023-02-03","bb416b35c4db4910bf01a85891f6b6a6","ft^3/s","80.2",-79.0197222222222,35.8933333333333
"f9eacca2-cd2d-4ae6-a62d-a182b0dab7d8","Approved","2025-03-11T14:05:54.794122+00:00","USGS-02097517","00060",,"00003","2023-02-04","bb416b35c4db4910bf01a85891f6b6a6","ft^3/s","54.2",-79.0197222222222,35.8933333333333
"5efc7758-0594-4508-9e35-53278b55cfa1","Approved","2025-03-11T14:05:54.794122+00:00","USGS-02097517","00060",,"00003","2023-02-05","bb416b35c4db4910bf01a85891f6b6a6","ft^3/s","44.8",-79.0197222222222,35.8933333333333
"da9c2faa-7872-4ecc-b3fc-1be14985ced8","Approved","2025-03-11T14:05:54.794122+00:00","USGS-02097517","00060",,"00003","2023-02-06","bb416b35c4db4910bf01a85891f6b6a6","ft^3/s","40.9",-79.0197222222222,35.8933333333333
"85215433-e9f7-4b66-b946-3cff5a30afdb","Approved","2025-03-11T14:05:54.794122+00:00","USGS-02097517","00060",,"00003","2023-02-07","bb416b35c4db4910bf01a85891f6b6a6","ft^3/s","37.1",-79.0197222222222,35.8933333333333
"3a4f41ca-8f57-4a05-b424-e8612871cae8","Approved","2025-03-11T14:05:54.794122+00:00","USGS-02097517","00060",,"00003","2023-02-08","bb416b35c4db4910bf01a85891f6b6a6","ft^3/s","35.0",-79.0197222222222,35.8933333333333
"e5c622ab-9d6d-4e1b-9e5c-2fe04a94bab9","Approved","2025-03-11T14:05:54.794122+00:00","USGS-02097517","00060",,"00003","2023-02-09","bb416b35c4db4910bf01a85891f6b6a6","ft^3/s","33.0",-79.0197222222222,35.8933333333333
"1cc8ab82-e3d5-4b6e-827c-89b837ce3795","Approved","2025-03-11T14:05:54.794122+00:00","USGS-02097517","00060",,"00003","2023-02-10","bb416b35c4db4910bf01a85891f6b6a6","ft^3/s","31.5",-79.0197222222222,35.8933333333333
"dc9b69dc-ad5f-45cf-8185-9b9ad52a2f6f","Approved","2025-03-11T14:05:54.794122+00:00","USGS-02097517","00060",,"00003","2023-02-11","bb416b35c4db4910bf01a85891f6b6a6","ft^3/s","29.9",-79.0197222222222,35.8933333333333
"0b27614e-d70e-4d95-99ae-e9b21d40d168","Approved","2025-03-11T14:05:54.794122+00:00","USGS-02097517","00060",,"00003","2023-02-12","bb416b35c4db4910bf01a85891f6b6a6","ft^3/s","268",-79.0197222222222,35.8933333333333
"9f77596c-b69b-4041-be9b-f4e258ccb8c3","Approved","2025-03-11T14:05:54.794122+00:00","USGS-02097517","00060",,"00003","2023-02-13","bb416b35c4db4910bf01a85891f6b6a6","ft^3/s","201",-79.0197222222222,35.8933333333333
"17f85518-6c8b-4778-b581-c923d3e8a869","Approved","2025-03-11T14:05:54.794122+00:00","USGS-02097517","00060",,"00003","2023-02-14","bb416b35c4db4910bf01a85891f6b6a6","ft^3/s","82.6",-79.0197222222222,35.8933333333333
"6d4a1f7d-f6c4-4b3b-8fdd-2c9a8d613a38","Approved","2025-10-20T13:00:03.268646+00:00","USGS-02097517","00060",,"00003","2023-02-15","bb416b35c4db4910bf01a85891f6b6a6","ft^3/s","57.5",-79.0197222222222,35.8933333333333
"0c03ce98-1b84-4f40-be27-483425e56d06","Approved","2025-03-11T14:05:54.794122+00:00","USGS-02097517","00060",,"00003","2023-02-16","bb416b35c4db4910bf01a85891f6b6a6","ft^3/s","47.3",-79.0197222222222,35.8933333333333
"e6d422e4-33da-4b51-a163-3e0e9256c7f8","Approved","2025-03-11T14:05:54.794122+00:00","USGS-02097517","00060",,"00003","2023-02-17","bb416b35c4db4910bf01a85891f6b6a6","ft^3/s","46.6",-79.0197222222222,35.8933333333333
"5f9b07eb-c5d8-4e08-8220-ec3ecae2f310","Approved","2025-03-11T14:05:54.794122+00:00","USGS-02097517","00060",,"00003","2023-02-18","bb416b35c4db4910bf01a85891f6b6a6","ft^3/s","43.7",-79.0197222222222,35.8933333333333
"1f6a6dde-2f4c-4738-a030-2254c0d7ab9b","Approved","2025-03-11T14:05:54.794122+00:00","USGS-02097517","00060",,"00003","2023-02-19","bb416b35c4db4910bf01a85891f6b6a6","ft^3/s","39.0",-79.0197222222222,35.8933333333333
"3a1305b5-8712-41a6-abc4-434e5cb8d701","Approved","2025-03-11T14:05:54.794122+00:00","USGS-02097517","00060",,"00003","2023-02-20","bb416b35c4db4910bf01a85891f6b6a6","ft^3/s","37.7",-79.0197222222222,35.8933333333333
"9073542a-b6de-4998-9aec-78011f3186ac","Approved","2025-03-11T14:05:54.794122+00:00","USGS-02097517","00060",,"00003","2023-02-21","bb416b35c4db4910bf01a85891f6b6a6","ft^3/s","35.7",-79.0197222222222,35.8933333333333
"f7136d28-1090-4958-857b-7809cad33346","Approved","2025-03-11T14:05:54.794122+00:00","USGS-02097517","00060",,"00003","2023-02-22","bb416b35c4db4910bf01a85891f6b6a6","ft^3/s","32.9",-79.0197222222222,35.8933333333333
"102e153b-ab60-4bbc-90a4-8123ff9b8df2","Approved","2025-03-11T14:05:54.794122+00:00","USGS-02097517","00060",,"00003","2023-02-23","bb416b35c4db4910bf01a85891f6b6a6","ft^3/s","34.0",-79.0197222222222,35.8933333333333
"fe147264-2ac6-4131-a3da-0ef99094d0cf","Approved","2025-03-11T14:05:54.794122+00:00","USGS-02097517","00060",,"00003","2023-02-24","bb416b35c4db4910bf01a85891f6b6a6","ft^3/s","33.6",-79.0197222222222,35.8933333333333
"11243bae-f9a7-4067-83d6-3886f9e7f4e5","Approved","2025-03-11T14:05:54.794122+00:00","USGS-02097517","00060",,"00003","2023-02-25","bb416b35c4db4910bf01a85891f6b6a6","ft^3/s","30.2",-79.0197222222222,35.8933333333333
"2d4e6c3b-5a0c-44dc-8828-c325d2294bd8","Approved","2025-03-11T14:05:54.794122+00:00","USGS-02097517","00060",,"00003","2023-02-26","bb416b35c4db4910bf01a85891f6b6a6","ft^3/s","30.7",-79.0197222222222,35.8933333333333
"94d78e39-4c45-48db-8778-00cfcddc85e7","Approved","2025-03-11T14:05:54.794122+00:00","USGS-02097517","00060",,"00003","2023-02-27","bb416b35c4db4910bf01a85891f6b6a6","ft^3/s","30.6",-79.0197222222222,35.8933333333333
"47699ebc-aa36-4fbc-b985-b53eac03f9a3","Approved","2025-03-11T14:05:54.794122+00:00","USGS-02097517","00060",,"00003","2023-02-28","bb416b35c4db4910bf01a85891f6b6a6","ft^3/s","30.4",-79.0197222222222,35.8933333333333
"98e7a80d-94ae-4267-8138-f9f9c4e01196","Approved","2025-03-11T14:05:54.794122+00:00","USGS-02097517","00060",,"00003","2023-03-01","bb416b35c4db4910bf01a85891f6b6a6","ft^3/s","28.8",-79.0197222222222,35.8933333333333
"ccaac36c-5fbc-44dd-9087-333d9e7e8e3e","Approved","2025-03-11T14:05:54.794122+00:00","USGS-02097517","00060",,"00003","2023-03-02","bb416b35c4db4910bf01a85891f6b6a6","ft^3/s","106",-79.0197222222222,35.8933333333333
"98bf8edc-1ab9-446a-91d0-b84d85b23883","Approved","2025-03-11T14:05:54.794122+00:00","USGS-02097517","00060",,"00003","2023-03-03","bb416b35c4db4910bf01a85891f6b6a6","ft^3/s","79.3",-79.0197222222222,35.8933333333333
"fcc1ce63-452d-419d-95b0-170417d7df40","Approved","2025-03-11T14:05:54.794122+00:00","USGS-02097517","00060",,"00003","2023-03-04","bb416b35c4db4910bf01a85891f6b6a6","ft^3/s","53.0",-79.0197222222222,35.8933333333333
"770ea589-417e-4658-98f2-2e7f3b22bb2d","Approved","2025-03-11T14:05:54.794122+00:00","USGS-02097517","00060",,"00003","2023-03-05","bb416b35c4db4910bf01a85891f6b6a6","ft^3/s","42.2",-79.0197222222222,35.8933333333333
"afe2a342-47cc-46a0-ac93-2566313ada05","Approved","2025-03-11T14:05:54.794122+00:00","USGS-02097517","00060",,"00003","2023-03-06","bb416b35c4db4910bf01a85891f6b6a6","ft^3/s","36.5",-79.0197222222222,35.8933333333333
"77e8e2ad-0412-465a-8ab1-a100119a3242","Approved","2025-03-11T14:05:54.794122+00:00","USGS-02097517","00060",,"00003","2023-03-07","bb416b35c4db4910bf01a85891f6b6a6","ft^3/s","34.0",-79.0197222222222,35.8933333333333
"851a7c30-63b2-4e0b-b3ad-2916351a1485","Approved","2025-03-11T14:05:54.794122+00:00","USGS-02097517","00060",,"00003","2023-03-08","bb416b35c4db4910bf01a85891f6b6a6","ft^3/s","31.0",-79.0197222222222,35.8933333333333
"76942a29-8559-43c9-9e78-d6a2aa7bad91","Approved","2025-03-11T14:05:54.794122+00:00","USGS-02097517","00060",,"00003","2023-03-09","bb416b35c4db4910bf01a85891f6b6a6","ft^3/s","29.8",-79.0197222222222,35.8933333333333
"fceab1e7-27aa-4ff7-a2e4-09acba9b01d3","Approved","2025-03-11T14:05:54.794122+00:00","USGS-02097517","00060",,"00003","2023-03-10","bb416b35c4db4910bf01a85891f6b6a6","ft^3/s","33.1",-79.0197222222222,35.8933333333333
"d5448200-6a16-4199-a0ca-29b14bf05af7","Approved","2025-03-11T14:05:54.794122+00:00","USGS-02097517","00060",,"00003","2023-03-11","bb416b35c4db4910bf01a85891f6b6a6","ft^3/s","33.7",-79.0197222222222,35.8933333333333
"e288b210-64f4-4b02-b5d9-cfff5b2b7505","Approved","2025-03-11T14:05:54.794122+00:00","USGS-02097517","00060",,"00003","2023-03-12","bb416b35c4db4910bf01a85891f6b6a6","ft^3/s","38.2",-79.0197222222222,35.8933333333333
"02411f53-0b71-4390-886f-5adaacac73c3","Approved","2025-03-11T14:05:54.794122+00:00","USGS-02097517","00060",,"00003","2023-03-13","bb416b35c4db4910bf01a85891f6b6a6","ft^3/s","45.4",-79.0197222222222,35.8933333333333
"50f96896-6a94-400f-ba53-460bf4486244","Approved","2025-03-11T14:05:54.794122+00:00","USGS-02097517","00060",,"00003","2023-03-14","bb416b35c4db4910bf01a85891f6b6a6","ft^3/s","36.6",-79.0197222222222,35.8933333333333
"25affecd-1d4f-4814-88f8-e49a3b20bd30","Approved","2025-03-11T14:05:54.794122+00:00","USGS-02097517","00060",,"00003","2023-03-15","bb416b35c4db4910bf01a85891f6b6a6","ft^3/s","32.6",-79.0197222222222,35.8933333333333
"1a30603f-6b94-4e35-acc7-fc6ba90d04ee","Approved","2025-03-11T14:05:54.794122+00:00","USGS-02097517","00060",,"00003","2023-03-16","bb416b35c4db4910bf01a85891f6b6a6","ft^3/s","30.2",-79.0197222222222,35.8933333333333
"b88c9eeb-ca12-4b9d-957c-7be1019c9204","Approved","2025-03-11T14:05:54.794122+00:00","USGS-02097517","00060",,"00003","2023-03-17","bb416b35c4db4910bf01a85891f6b6a6","ft^3/s","31.6",-79.0197222222222,35.8933333333333
"fca969b9-6de5-4250-82d1-57db32ae9375","Approved","2025-03-11T14:05:54.794122+00:00","USGS-02097517","00060",,"00003","2023-03-18","bb416b35c4db4910bf01a85891f6b6a6","ft^3/s","59.8",-79.0197222222222,35.8933333333333
"b70b12d4-6ded-4c45-b61f-03a4156db189","Approved","2025-03-11T14:05:54.794122+00:00","USGS-02097517","00060",,"00003","2023-03-19","bb416b35c4db4910bf01a85891f6b6a6","ft^3/s","45.6",-79.0197222222222,35.8933333333333
"05dccafe-14d8-4707-997b-f96f247bc70d","Approved","2025-03-11T14:05:54.794122+00:00","USGS-02097517","00060",,"00003","2023-03-20","bb416b35c4db4910bf01a85891f6b6a6","ft^3/s","37.0",-79.0197222222222,35.8933333333333
"5e628514-982f-4452-90de-dea6003ef18c","Approved","2025-03-11T14:05:54.794122+00:00","USGS-02097517","00060",,"00003","2023-03-21","bb416b35c4db4910bf01a85891f6b6a6","ft^3/s","34.1",-79.0197222222222,35.8933333333333
"09a6dfc1-dfc3-4931-944f-cecc944550a8","Approved","2025-03-11T14:05:54.794122+00:00","USGS-02097517","00060",,"00003","2023-03-22","bb416b35c4db4910bf01a85891f6b6a6","ft^3/s","32.1",-79.0197222222222,35.8933333333333
"c22a874a-0bb7-4210-8702-262405e59f5d","Approved","2025-03-11T14:05:54.794122+00:00","USGS-02097517","00060",,"00003","2023-03-23","bb416b35c4db4910bf01a85891f6b6a6","ft^3/s","32.2",-79.0197222222222,35.8933333333333
"334bc6a6-8917-4a82-baed-fc532b0d6a3c","Approved","2025-03-11T14:05:54.794122+00:00","USGS-02097517","00060",,"00003","2023-03-24","bb416b35c4db4910bf01a85891f6b6a6","ft^3/s","31.1",-79.0197222222222,35.8933333333333
"ba02b87c-924d-48a1-b6e4-c37ec3d2d9ce","Approved","2025-03-11T14:05:54.794122+00:00","USGS-02097517","00060",,"00003","2023-03-25","bb416b35c4db4910bf01a85891f6b6a6","ft^3/s","31.2",-79.0197222222222,35.8933333333333
"2edbfae0-77e3-4064-82e6-5393ef48dbd2","Approved","2025-03-11T14:05:54.794122+00:00","USGS-02097517","00060",,"00003","2023-03-26","bb416b35c4db4910bf01a85891f6b6a6","ft^3/s","34.6",-79.0197222222222,35.8933333333333
"3f895163-78b2-48fe-9f05-9490efb3b7ac","Approved","2025-03-11T14:05:54.794122+00:00","USGS-02097517","00060",,"00003","2023-03-27","bb416b35c4db4910bf01a85891f6b6a6","ft^3/s","94.7",-79.0197222222222,35.8933333333333
"4fd6f032-240b-4a6d-b38e-20a3f9cd4f28","Approved","2025-03-11T14:05:54.794122+00:00","USGS-02097517","00060",,"00003","2023-03-28","bb416b35c4db4910bf01a85891f6b6a6","ft^3/s","54.4",-79.0197222222222,35.8933333333333
"6aea5205-3ccd-4164-84f2-e61dfb2eb630","Approved","2025-03-11T14:05:54.794122+00:00","USGS-02097517","00060",,"00003","2023-03-29","bb416b35c4db4910bf01a85891f6b6a6","ft^3/s","65.6",-79.0197222222222,35.8933333333333
"fc5bd324-d5e9-45fe-b3e7-390167212109","Approved","2025-03-11T14:05:54.794122+00:00","USGS-02097517","00060",,"00003","2023-03-30","bb416b35c4db4910bf01a85891f6b6a6","ft^3/s","49.0",-79.0197222222222,35.8933333333333
"7ee9b0a1-440f-49d8-860e-0c62fededc56","Approved","2025-03-11T14:05:54.794122+00:00","USGS-02097517","00060",,"00003","2023-03-31","bb416b35c4db4910bf01a85891f6b6a6","ft^3/s","40.6",-79.0197222222222,35.8933333333333
"192b3a1d-e66b-439d-b175-1990350584aa","Approved","2025-03-11T14:05:54.794122+00:00","USGS-02097517","00060",,"00003","2023-04-01","bb416b35c4db4910bf01a85891f6b6a6","ft^3/s","36.8",-79.0197222222222,35.8933333333333
"753fc868-dc98-423b-a6e9-1e1b3673da22","Approved","2025-03-11T14:05:54.794122+00:00","USGS-02097517","00060",,"00003","2023-04-02","bb416b35c4db4910bf01a85891f6b6a6","ft^3/s","31.8",-79.0197222222222,35.8933333333333
"209fc23f-8bd6-45c0-b2bc-9fb26f95adc1","Approved","2025-03-11T14:05:54.794122+00:00","USGS-02097517","00060",,"00003","2023-04-03","bb416b35c4db4910bf01a85891f6b6a6","ft^3/s","28.4",-79.0197222222222,35.8933333333333
"cb089bf6-99b0-4227-b2c8-f9a85e2a4e20","Approved","2025-03-11T14:05:54.794122+00:00","USGS-02097517","00060",,"00003","2023-04-04","bb416b35c4db4910bf01a85891f6b6a6","ft^3/s","27.8",-79.0197222222222,35.8933333333333
"c6cd14f6-9d25-4815-b817-efe70eb015fd","Approved","2025-03-11T14:05:54.794122+00:00","USGS-02097517","00060",,"00003","2023-04-05","bb416b35c4db4910bf01a85891f6b6a6","ft^3/s","27.9",-79.0197222222222,35.8933333333333
"484accb4-2d1a-4f45-ac16-1d88db45ee20","Approved","2025-03-11T14:05:54.794122+00:00","USGS-02097517","00060",,"00003","2023-04-06","bb416b35c4db4910bf01a85891f6b6a6","ft^3/s","26.2",-79.0197222222222,35.8933333333333
"ee88c059-1e1c-4c87-a3b7-a578dd61bf17","Approved","2025-03-11T14:05:54.794122+00:00","USGS-02097517","00060",,"00003","2023-04-07","bb416b35c4db4910bf01a85891f6b6a6","ft^3/s","793",-79.0197222222222,35.8933333333333
"042a49e4-4a54-4854-9a30-35380ac6ef34","Approved","2025-03-11T14:05:54.794122+00:00","USGS-02097517","00060",,"00003","2023-04-08","bb416b35c4db4910bf01a85891f6b6a6","ft^3/s","695",-79.0197222222222,35.8933333333333
"80c13043-ed1b-410f-8e30-8c0ce6f7e820","Approved","2025-03-11T14:05:54.794122+00:00","USGS-02097517","00060",,"00003","2023-04-09","bb416b35c4db4910bf01a85891f6b6a6","ft^3/s","595",-79.0197222222222,35.8933333333333
"9b01b07a-dacb-4a1a-bd25-cbaa39338da5","Approved","2025-03-11T14:05:54.794122+00:00","USGS-02097517","00060",,"00003","2023-04-10","bb416b35c4db4910bf01a85891f6b6a6","ft^3/s","158",-79.0197222222222,35.8933333333333
"0285cc10-f45c-4ac1-b32f-68e1c0a7e28a","Approved","2025-03-11T14:05:54.794122+00:00","USGS-02097517","00060",,"00003","2023-04-11","bb416b35c4db4910bf01a85891f6b6a6","ft^3/s","81.9",-79.0197222222222,35.8933333333333
"6775f207-28b1-40b1-9a57-2590972d440f","Approved","2025-03-11T14:05:54.794122+00:00","USGS-02097517","00060",,"00003","2023-04-12","bb416b35c4db4910bf01a85891f6b6a6","ft^3/s","57.5",-79.0197222222222,35.8933333333333
"4b411453-d544-40f6-9603-893093c39913","Approved","2025-03-11T14:05:54.794122+00:00","USGS-02097517","00060",,"00003","2023-04-13","bb416b35c4db4910bf01a85891f6b6a6","ft^3/s","46.5",-79.0197222222222,35.8933333333333
"62e92ab1-bdc2-411c-875f-f2a9590e98ed","Approved","2025-03-11T14:05:54.794122+00:00","USGS-02097517","00060",,"00003","2023-04-14","bb416b35c4db4910bf01a85891f6b6a6","ft^3/s","181",-79.0197222222222,35.8933333333333
"5ddf7cc7-8617-4cc0-90d6-c6824083273c","Approved","2025-03-11T14:05:54.794122+00:00","USGS-02097517","00060",,"00003","2023-04-15","bb416b35c4db4910bf01a85891f6b6a6","ft^3/s","164",-79.0197222222222,35.8933333333333
"d767b445-252a-411c-a8d5-5e856167b698","Approved","2025-03-11T14:05:54.794122+00:00","USGS-02097517","00060",,"00003","2023-04-16","bb416b35c4db4910bf01a85891f6b6a6","ft^3/s","65.4",-79.0197222222222,35.8933333333333
"ad503327-9b10-4e9e-a763-795d8912cf51","Approved","2025-03-11T14:05:54.794122+00:00","USGS-02097517","00060",,"00003","2023-04-17","bb416b35c4db4910bf01a85891f6b6a6","ft^3/s","47.9",-79.0197222222222,35.8933333333333
"c450d7ca-aa9d-4cbb-a6a7-a7536b856d4b","Approved","2025-03-11T14:05:54.794122+00:00","USGS-02097517","00060",,"00003","2023-04-18","bb416b35c4db4910bf01a85891f6b6a6","ft^3/s","38.8",-79.0197222222222,35.8933333333333
"fd3464d2-cc7f-4f2d-93ec-6fb027109809","Approved","2025-03-11T14:05:54.794122+00:00","USGS-02097517","00060",,"00003","2023-04-19","bb416b35c4db4910bf01a85891f6b6a6","ft^3/s","33.7",-79.0197222222222,35.8933333333333
"67e4f8c8-4743-4bb7-93f7-847ae2de054a","Approved","2025-10-20T13:00:03.268646+00:00","USGS-02097517","00060",,"00003","2023-04-20","bb416b35c4db4910bf01a85891f6b6a6","ft^3/s","30.9",-79.0197222222222,35.8933333333333
"959b646e-dc50-46a1-b904-dd5d12577849","Approved","2025-03-11T14:05:54.794122+00:00","USGS-02097517","00060",,"00003","2023-04-21","bb416b35c4db4910bf01a85891f6b6a6","ft^3/s","28.8",-79.0197222222222,35.8933333333333
"afe94782-8b4d-4ef4-a257-4d9a16c96a1f","Approved","2025-03-11T14:05:54.794122+00:00","USGS-02097517","00060",,"00003","2023-04-22","bb416b35c4db4910bf01a85891f6b6a6","ft^3/s","43.6",-79.0197222222222,35.8933333333333
"cebaef01-6e2c-4354-8df0-b8c70de52045","Approved","2025-03-11T14:05:54.794122+00:00","USGS-02097517","00060",,"00003","2023-04-23","bb416b35c4db4910bf01a85891f6b6a6","ft^3/s","45.5",-79.0197222222222,35.8933333333333
"a55ab764-00d7-4d29-8de2-8100fd0a27c5","Approved","2025-03-11T14:05:54.794122+00:00","USGS-02097517","00060",,"00003","2023-04-24","bb416b35c4db4910bf01a85891f6b6a6","ft^3/s","31.2",-79.0197222222222,35.8933333333333
"58da2981-c20c-4ff9-9979-faaae0488d8f","Approved","2025-03-11T14:05:54.794122+00:00","USGS-02097517","00060",,"00003","2023-04-25","bb416b35c4db4910bf01a85891f6b6a6","ft^3/s","27.9",-79.0197222222222,35.8933333333333
"a65c814d-53eb-44a6-80fc-05a882c3cff6","Approved","2025-03-11T14:05:54.794122+00:00","USGS-02097517","00060",,"00003","2023-04-26","bb416b35c4db4910bf01a85891f6b6a6","ft^3/s","27.2",-79.0197222222222,35.8933333333333
"0cf8f96f-5bd1-4423-9bb2-7f897e1b2e08","Approved","2025-03-11T14:05:54.794122+00:00","USGS-02097517","00060",,"00003","2023-04-27","bb416b35c4db4910bf01a85891f6b6a6","ft^3/s","28.7",-79.0197222222222,35.8933333333333
"721ac9c0-dd2f-4bbd-97a5-483ec24e756e","Approved","2025-03-11T14:05:54.794122+00:00","USGS-02097517","00060",,"00003","2023-04-28","bb416b35c4db4910bf01a85891f6b6a6","ft^3/s","43.2",-79.0197222222222,35.8933333333333
"1a7bac52-f9d0-455c-8437-ab957681d44c","Approved","2025-03-11T14:05:54.794122+00:00","USGS-02097517","00060",,"00003","2023-04-29","bb416b35c4db4910bf01a85891f6b6a6","ft^3/s","34.7",-79.0197222222222,35.8933333333333
"76ed62c0-4f23-4f9e-8cab-1529979886ed","Approved","2025-03-11T14:05:54.794122+00:00","USGS-02097517","00060",,"00003","2023-04-30","bb416b35c4db4910bf01a85891f6b6a6","ft^3/s","345",-79.0197222222222,35.8933333333333
"425aaa79-9c08-4e2e-b586-3cd49efee09e","Approved","2025-03-11T14:05:54.794122+00:00","USGS-02097517","00060",,"00003","2023-05-01","bb416b35c4db4910bf01a85891f6b6a6","ft^3/s","191",-79.0197222222222,35.8933333333333
"197dfcf7-cae1-4935-b86f-56b07c1724e6","Approved","2025-03-11T14:05:54.794122+00:00","USGS-02097517","00060",,"00003","2023-05-02","bb416b35c4db4910bf01a85891f6b6a6","ft^3/s","49.5",-79.0197222222222,35.8933333333333
"119d4854-06e9-4c45-89e0-4ae42b6fc5f8","Approved","2025-03-11T14:05:54.794122+00:00","USGS-02097517","00060",,"00003","2023-05-03","bb416b35c4db4910bf01a85891f6b6a6","ft^3/s","31.8",-79.0197222222222,35.8933333333333
"65154627-ea95-4856-b2e4-178f94728981","Approved","2025-03-11T14:05:54.794122+00:00","USGS-02097517","00060",,"00003","2023-05-04","bb416b35c4db4910bf01a85891f6b6a6","ft^3/s","24.9",-79.0197222222222,35.8933333333333
"56c22490-f2f9-4b5c-8587-637c1bcec2d4","Approved","2025-03-11T14:05:54.794122+00:00","USGS-02097517","00060",,"00003","2023-05-05","bb416b35c4db4910bf01a85891f6b6a6","ft^3/s","22.0",-79.0197222222222,35.8933333333333
"6953c04f-127c-4f01-9b0b-a7b6cf4cb730","Approved","2025-03-11T14:05:54.794122+00:00","USGS-02097517","00060",,"00003","2023-05-06","bb416b35c4db4910bf01a85891f6b6a6","ft^3/s","20.3",-79.0197222222222,35.8933333333333
"3ec59a9c-0f6d-49e8-8374-05d90b8b82c0","Approved","2025-03-11T14:05:54.794122+00:00","USGS-02097517","00060",,"00003","2023-05-07","bb416b35c4db4910bf01a85891f6b6a6","ft^3/s","19.6",-79.0197222222222,35.8933333333333
"4b002812-1571-4330-9f3a-5c89fc5dcd8b","Approved","2025-03-11T14:05:54.794122+00:00","USGS-02097517","00060",,"00003","2023-05-08","bb416b35c4db4910bf01a85891f6b6a6","ft^3/s","18.6",-79.0197222222222,35.8933333333333
"962e0ea1-08e1-4f15-99b5-9566092d06b4","Approved","2025-03-11T14:05:54.794122+00:00","USGS-02097517","00060",,"00003","2023-05-09","bb416b35c4db4910bf01a85891f6b6a6","ft^3/s","17.7",-79.0197222222222,35.8933333333333
"24e5581c-01d1-46cf-857d-e6870792812b","Approved","2025-03-11T14:05:54.794122+00:00","USGS-02097517","00060",,"00003","2023-05-10","bb416b35c4db4910bf01a85891f6b6a6","ft^3/s","16.0",-79.0197222222222,35.8933333333333
"e072bd0b-582a-4d10-ad67-ce9db74c49df","Approved","2025-03-11T14:05:54.794122+00:00","USGS-02097517","00060",,"00003","2023-05-11","bb416b35c4db4910bf01a85891f6b6a6","ft^3/s","14.6",-79.0197222222222,35.8933333333333
"d5ce6c61-6504-46ff-a4bb-e48c20165f01","Approved","2025-03-11T14:05:54.794122+00:00","USGS-02097517","00060",,"00003","2023-05-12","bb416b35c4db4910bf01a85891f6b6a6","ft^3/s","14.3",-79.0197222222222,35.8933333333333
"df48a749-cfb2-4d62-a4f9-7a20a6129f7f","Approved","2025-03-11T14:05:54.794122+00:00","USGS-02097517","00060",,"00003","2023-05-13","bb416b35c4db4910bf01a85891f6b6a6","ft^3/s","15.5",-79.0197222222222,35.8933333333333
"30fac803-762e-49ec-93d4-8f873eec099f","Approved","2025-03-11T14:05:54.794122+00:00","USGS-02097517","00060",,"00003","2023-05-14","bb416b35c4db4910bf01a85891f6b6a6","ft^3/s","31.3",-79.0197222222222,35.8933333333333
"7464bb66-e575-4ec9-a200-5c570dfc26b2","Approved","2025-03-11T14:05:54.794122+00:00","USGS-02097517","00060",,"00003","2023-05-15","bb416b35c4db4910bf01a85891f6b6a6","ft^3/s","16.8",-79.0197222222222,35.8933333333333
"1d92def3-439d-4adf-9524-7100040ab0d1","Approved","2025-03-11T14:05:54.794122+00:00","USGS-02097517","00060",,"00003","2023-05-16","bb416b35c4db4910bf01a85891f6b6a6","ft^3/s","14.7",-79.0197222222222,35.8933333333333
"e3cd611a-0248-4516-b7d2-8d712817da31","Approved","2025-03-11T14:05:54.794122+00:00","USGS-02097517","00060",,"00003","2023-05-17","bb416b35c4db4910bf01a85891f6b6a6","ft^3/s","19.1",-79.0197222222222,35.8933333333333
"45cde50d-e147-4b0e-bbba-22a691595c53","Approved","2025-03-11T14:05:54.794122+00:00","USGS-02097517","00060",,"00003","2023-05-18","bb416b35c4db4910bf01a85891f6b6a6","ft^3/s","14.8",-79.0197222222222,35.8933333333333
"a0bfcfa2-73d4-421e-a5cf-842ffe69c739","Approved","2025-03-11T14:05:54.794122+00:00","USGS-02097517","00060",,"00003","2023-05-19","bb416b35c4db4910bf01a85891f6b6a6","ft^3/s","15.9",-79.0197222222222,35.8933333333333
"921bbc63-782a-42d8-88ee-db889c2533d2","Approved","2025-03-11T14:05:54.794122+00:00","USGS-02097517","00060",,"00003","2023-05-20","bb416b35c4db4910bf01a85891f6b6a6","ft^3/s","15.5",-79.0197222222222,35.8933333333333
"89e62bf9-938c-45f9-83e6-b24b3e94985c","Approved","2025-03-11T14:05:54.794122+00:00","USGS-02097517","00060",,"00003","2023-05-21","bb416b35c4db4910bf01a85891f6b6a6","ft^3/s","14.6",-79.0197222222222,35.8933333333333
"4da4656f-340e-4c0e-a208-81a361aa2030","Approved","2025-03-11T14:05:54.794122+00:00","USGS-02097517","00060",,"00003","2023-05-22","bb416b35c4db4910bf01a85891f6b6a6","ft^3/s","13.7",-79.0197222222222,35.8933333333333
"bf439e34-c530-44c7-b56a-e80c8c72664b","Approved","2025-03-11T14:05:54.794122+00:00","USGS-02097517","00060",,"00003","2023-05-23","bb416b35c4db4910bf01a85891f6b6a6","ft^3/s","12.8",-79.0197222222222,35.8933333333333
"e197a5f8-dfc9-41fe-9beb-b48eb18b97a1","Approved","2025-03-11T14:05:54.794122+00:00","USGS-02097517","00060",,"00003","2023-05-24","bb416b35c4db4910bf01a85891f6b6a6","ft^3/s","12.2",-79.0197222222222,35.8933333333333
"845faf0a-6f2d-43b7-8e85-6cb051f8ef62","Approved","2025-03-11T14:05:54.794122+00:00","USGS-02097517","00060",,"00003","2023-05-25","bb416b35c4db4910bf01a85891f6b6a6","ft^3/s","12.0",-79.0197222222222,35.8933333333333
"39d9332d-2d01-460f-a5d7-758961eb3f89","Approved","2025-03-11T14:05:54.794122+00:00","USGS-02097517","00060",,"00003","2023-05-26","bb416b35c4db4910bf01a85891f6b6a6","ft^3/s","11.5",-79.0197222222222,35.8933333333333
"32de3f38-4d91-4c6d-9da4-c629686de32f","Approved","2025-03-11T14:05:54.794122+00:00","USGS-02097517","00060",,"00003","2023-05-27","bb416b35c4db4910bf01a85891f6b6a6","ft^3/s","12.6",-79.0197222222222,35.8933333333333
"c25f9185-e43b-4cda-99dc-a6c0c40d0f5a","Approved","2025-03-11T14:05:54.794122+00:00","USGS-02097517","00060",,"00003","2023-05-28","bb416b35c4db4910bf01a85891f6b6a6","ft^3/s","19.0",-79.0197222222222,35.8933333333333
"12db039e-f9c0-4dd1-a5e3-28a38c507310","Approved","2025-03-11T14:05:54.794122+00:00","USGS-02097517","00060",,"00003","2023-05-29","bb416b35c4db4910bf01a85891f6b6a6","ft^3/s","21.5",-79.0197222222222,35.8933333333333
"5e9aafc7-8bbe-41be-ae46-c2b471026803","Approved","2025-03-11T14:05:54.794122+00:00","USGS-02097517","00060",,"00003","2023-05-30","bb416b35c4db4910bf01a85891f6b6a6","ft^3/s","18.3",-79.0197222222222,35.8933333333333
"de8298c6-371c-4118-b811-c12630ca0485","Approved","2025-03-11T14:05:54.794122+00:00","USGS-02097517","00060",,"00003","2023-05-31","bb416b35c4db4910bf01a85891f6b6a6","ft^3/s","15.9",-79.0197222222222,35.8933333333333
"d8b60440-4ff3-4d46-b3bc-0c9eb80c0ef7","Approved","2025-03-11T14:05:54.794122+00:00","USGS-02097517","00060",,"00003","2023-06-01","bb416b35c4db4910bf01a85891f6b6a6","ft^3/s","14.5",-79.0197222222222,35.8933333333333
"3e5d1ed9-c9d1-4583-bf54-11b04f4d8f13","Approved","2025-03-11T14:05:54.794122+00:00","USGS-02097517","00060",,"00003","2023-06-02","bb416b35c4db4910bf01a85891f6b6a6","ft^3/s","13.9",-79.0197222222222,35.8933333333333
"a1ea0515-e967-4c01-88a3-d56aea2fb073","Approved","2025-03-11T14:05:54.794122+00:00","USGS-02097517","00060",,"00003","2023-06-03","bb416b35c4db4910bf01a85891f6b6a6","ft^3/s","12.6",-79.0197222222222,35.8933333333333
"e2c4be0e-e1bc-472c-961e-bfceea2ef902","Approved","2025-03-11T14:05:54.794122+00:00","USGS-02097517","00060",,"00003","2023-06-04","bb416b35c4db4910bf01a85891f6b6a6","ft^3/s","12.2",-79.0197222222222,35.8933333333333
"4a729973-ec39-4b46-ba43-5289b251ed87","Approved","2025-03-11T14:05:54.794122+00:00","USGS-02097517","00060",,"00003","2023-06-05","bb416b35c4db4910bf01a85891f6b6a6","ft^3/s","11.8",-79.0197222222222,35.8933333333333
"15002a96-d36f-428a-b7c0-b9d849c0e8d3","Approved","2025-03-11T14:05:54.794122+00:00","USGS-02097517","00060",,"00003","2023-06-06","bb416b35c4db4910bf01a85891f6b6a6","ft^3/s","11.3",-79.0197222222222,35.8933333333333
"5fa9e700-4095-4758-aed1-a6cbe9842adc","Approved","2025-03-11T14:05:54.794122+00:00","USGS-02097517","00060",,"00003","2023-06-07","bb416b35c4db4910bf01a85891f6b6a6","ft^3/s","11.2",-79.0197222222222,35.8933333333333
"b3cc9ed9-3518-4432-ba10-17fdfeb71438","Approved","2025-10-20T13:00:03.268646+00:00","USGS-02097517","00060",,"00003","2023-06-08","bb416b35c4db4910bf01a85891f6b6a6","ft^3/s","12.2",-79.0197222222222,35.8933333333333
"2408f52e-6ebc-4340-bdb5-829842eb143a","Approved","2025-03-11T14:05:54.794122+00:00","USGS-02097517","00060",,"00003","2023-06-09","bb416b35c4db4910bf01a85891f6b6a6","ft^3/s","11.2",-79.0197222222222,35.8933333333333
"afc7519f-4e8f-4eac-8ffa-e3b58ba5cb8c","Approved","2025-03-11T14:05:54.794122+00:00","USGS-02097517","00060",,"00003","2023-06-10","bb416b35c4db4910bf01a85891f6b6a6","ft^3/s","10.1",-79.0197222222222,35.8933333333333
"ab80ddca-8669-4ba7-920a-fa7240e9abf0","Approved","2025-03-11T14:05:54.794122+00:00","USGS-02097517","00060",,"00003","2023-06-11","bb416b35c4db4910bf01a85891f6b6a6","ft^3/s","9.82",-79.0197222222222,35.8933333333333
"aa2e6d5e-2203-4990-aa85-ee7d61bcffdf","Approved","2025-03-11T14:05:54.794122+00:00","USGS-02097517","00060",,"00003","2023-06-12","bb416b35c4db4910bf01a85891f6b6a6","ft^3/s","8.94",-79.0197222222222,35.8933333333333
"7450457b-ea8c-4adc-9cc4-f07a5a5e3af4","Approved","2025-03-11T14:05:54.794122+00:00","USGS-02097517","00060",,"00003","2023-06-13","bb416b35c4db4910bf01a85891f6b6a6","ft^3/s","6.92",-79.0197222222222,35.8933333333333
"04489713-cd36-4450-9a87-86f751cef9a9","Approved","2025-03-11T14:05:54.794122+00:00","USGS-02097517","00060",,"00003","2023-06-14","bb416b35c4db4910bf01a85891f6b6a6","ft^3/s","6.07",-79.0197222222222,35.8933333333333
"6b20442b-2dbc-45ec-b991-b50fc69f6994","Approved","2025-03-11T14:05:54.794122+00:00","USGS-02097517","00060",,"00003","2023-06-15","bb416b35c4db4910bf01a85891f6b6a6","ft^3/s","5.92",-79.0197222222222,35.8933333333333
"4c5c1c0e-1893-4625-a930-66d9c91332cf","Approved","2025-03-11T14:05:54.794122+00:00","USGS-02097517","00060",,"00003","2023-06-16","bb416b35c4db4910bf01a85891f6b6a6","ft^3/s","5.77",-79.0197222222222,35.8933333333333
"3c581ec7-1f82-4317-ac93-6770ec17241a","Approved","2025-03-11T14:05:54.794122+00:00","USGS-02097517","00060",,"00003","2023-06-17","bb416b35c4db4910bf01a85891f6b6a6","ft^3/s","5.24",-79.0197222222222,35.8933333333333
"b044d22a-76a9-4b91-9306-ee76b3e5b6a0","Approved","2025-03-11T14:05:54.794122+00:00","USGS-02097517","00060",,"00003","2023-06-18","bb416b35c4db4910bf01a85891f6b6a6","ft^3/s","5.45",-79.0197222222222,35.8933333333333
"8ffa5220-29d0-4607-8f42-16314fc89b38","Approved","2025-03-11T14:05:54.794122+00:00","USGS-02097517","00060",,"00003","2023-06-19","bb416b35c4db4910bf01a85891f6b6a6","ft^3/s","10.3",-79.0197222222222,35.8933333333333
"c1431d3c-501a-4902-9d9d-de407cda363e","Approved","2025-03-11T14:05:54.794122+00:00","USGS-02097517","00060",,"00003","2023-06-20","bb416b35c4db4910bf01a85891f6b6a6","ft^3/s","58.1",-79.0197222222222,35.8933333333333
"67edf927-5254-4988-98ea-7dfa906a9bd9","Approved","2025-03-11T14:05:54.794122+00:00","USGS-02097517","00060",,"00003","2023-06-21","bb416b35c4db4910bf01a85891f6b6a6","ft^3/s","39.2",-79.0197222222222,35.8933333333333
"a24256f0-1b48-4e2e-9d8d-820a421e780a","Approved","2025-03-11T14:05:54.794122+00:00","USGS-02097517","00060",,"00003","2023-06-22","bb416b35c4db4910bf01a85891f6b6a6","ft^3/s","33.2",-79.0197222222222,35.8933333333333
"4e531e85-56ae-4533-a1d8-3a197336a879","Approved","2025-03-11T14:05:54.794122+00:00","USGS-02097517","00060",,"00003","2023-06-23","bb416b35c4db4910bf01a85891f6b6a6","ft^3/s","587",-79.0197222222222,35.8933333333333
"5d61083f-5480-4b70-b3b8-b805b7b16d7e","Approved","2025-03-11T14:05:54.794122+00:00","USGS-02097517","00060","['ESTIMATED']","00003","2023-06-24","bb416b35c4db4910bf01a85891f6b6a6","ft^3/s","361",-79.0197222222222,35.8933333333333
"a9584937-79f1-46e0-be89-5fd90dedc9a2","Approved","2025-03-11T14:05:54.794122+00:00","USGS-02097517","00060","['ESTIMATED']","00003","2023-06-25","bb416b35c4db4910bf01a85891f6b6a6","ft^3/s","48.3",-79.0197222222222,35.8933333333333
"a5fb1ab9-0a1f-40a7-b469-3ebf2cdc79d3","Approved","2025-03-11T14:05:54.794122+00:00","USGS-02097517","00060","['ESTIMATED']","00003","2023-06-26","bb416b35c4db4910bf01a85891f6b6a6","ft^3/s","35.5",-79.0197222222222,35.8933333333333
"55423b89-120c-4227-9bee-a1cf730228c3","Approved","2025-03-11T14:05:54.794122+00:00","USGS-02097517","00060","['ESTIMATED']","00003","2023-06-27","bb416b35c4db4910bf01a85891f6b6a6","ft^3/s","34.2",-79.0197222222222,35.8933333333333
"efdce133-e944-46b5-b189-4b2890a8caf7","Approved","2025-03-11T14:05:54.794122+00:00","USGS-02097517","00060","['ESTIMATED']","00003","2023-06-28","bb416b35c4db4910bf01a85891f6b6a6","ft^3/s","33.3",-79.0197222222222,35.8933333333333
"01b33993-c0e1-49cc-8c0e-1af58e29aad6","Approved","2025-03-11T14:05:54.794122+00:00","USGS-02097517","00060","['ESTIMATED']","00003","2023-06-29","bb416b35c4db4910bf01a85891f6b6a6","ft^3/s","33.3",-79.0197222222222,35.8933333333333
"fcb5b986-8302-459f-b651-de52f65e1b74","Approved","2025-03-11T14:05:54.794122+00:00","USGS-02097517","00060","['ESTIMATED']","00003","2023-06-30","bb416b35c4db4910bf01a85891f6b6a6","ft^3/s","78.9",-79.0197222222222,35.8933333333333
"28aa6c0f-ca65-4468-8102-cdc711ec3e74","Approved","2025-03-11T14:05:54.794122+00:00","USGS-02097517","00060","['ESTIMATED']","00003","2023-07-01","bb416b35c4db4910bf01a85891f6b6a6","ft^3/s","227",-79.0197222222222,35.8933333333333
"7de455cf-d8cf-440f-aaf5-ba757b847505","Approved","2025-03-11T14:05:54.794122+00:00","USGS-02097517","00060","['ESTIMATED']","00003","2023-07-02","bb416b35c4db4910bf01a85891f6b6a6","ft^3/s","141",-79.0197222222222,35.8933333333333
"0580db04-d9fd-4095-9e47-d69eb0e51f66","Approved","2025-03-11T14:05:54.794122+00:00","USGS-02097517","00060","['ESTIMATED']","00003","2023-07-03","bb416b35c4db4910bf01a85891f6b6a6","ft^3/s","38.9",-79.0197222222222,35.8933333333333
"634d3508-2875-47d4-a97d-6aac44bf94bb","Approved","2025-03-11T14:05:54.794122+00:00","USGS-02097517","00060","['ESTIMATED']","00003","2023-07-04","bb416b35c4db4910bf01a85891f6b6a6","ft^3/s","42.8",-79.0197222222222,35.8933333333333
"7bde201a-20a1-4d16-a8bf-0323e7eec7d5","Approved","2025-03-11T14:05:54.794122+00:00","USGS-02097517","00060","['ESTIMATED']","00003","2023-07-05","bb416b35c4db4910bf01a85891f6b6a6","ft^3/s","26.3",-79.0197222222222,35.8933333333333
"06bac8b7-6f03-4515-8bdc-c39920cffd38","Approved","2025-03-11T14:05:54.794122+00:00","USGS-02097517","00060","['ESTIMATED']","00003","2023-07-06","bb416b35c4db4910bf01a85891f6b6a6","ft^3/s","23.3",-79.0197222222222,35.8933333333333
"db8b4c60-db8f-49d4-bf5d-83d5f112e3b0","Approved","2025-03-11T14:05:54.794122+00:00","USGS-02097517","00060","['ESTIMATED']","00003","2023-07-07","bb416b35c4db4910bf01a85891f6b6a6","ft^3/s","22.7",-79.0197222222222,35.8933333333333
"b9b80db4-8c69-49c0-9a0c-cd2a4e8c1490","Approved","2025-03-11T14:05:54.794122+00:00","USGS-02097517","00060","['ESTIMATED']","00003","2023-07-08","bb416b35c4db4910bf01a85891f6b6a6","ft^3/s","38.7",-79.0197222222222,35.8933333333333
"114fb634-b5ea-4d5c-a613-5e8b8ea7465b","Approved","2025-03-11T14:05:54.794122+00:00","USGS-02097517","00060","['ESTIMATED']","00003","2023-07-09","bb416b35c4db4910bf01a85891f6b6a6","ft^3/s","24.7",-79.0197222222222,35.8933333333333
"50decb65-ced8-42a8-9013-b0859f7a4fd9","Approved","2025-03-11T14:05:54.794122+00:00","USGS-02097517","00060","['ESTIMATED']","00003","2023-07-10","bb416b35c4db4910bf01a85891f6b6a6","ft^3/s","102",-79.0197222222222,35.8933333333333
"edf0bb2e-1c67-4627-9eb1-2b3cd93b16fe","Approved","2025-03-11T14:05:54.794122+00:00","USGS-02097517","00060","['ESTIMATED']","00003","2023-07-11","bb416b35c4db4910bf01a85891f6b6a6","ft^3/s","35.9",-79.0197222222222,35.8933333333333
"87fb8e7b-3849-4a28-8a30-42ba7d1affaa","Approved","2025-03-11T14:05:54.794122+00:00","USGS-02097517","00060","['ESTIMATED']","00003","2023-07-12","bb416b35c4db4910bf01a85891f6b6a6","ft^3/s","21.8",-79.0197222222222,35.8933333333333
"991e4895-18a3-4ea5-bc90-bc08abaabe43","Approved","2025-03-11T14:05:54.794122+00:00","USGS-02097517","00060","['ESTIMATED']","00003","2023-07-13","bb416b35c4db4910bf01a85891f6b6a6","ft^3/s","19.4",-79.0197222222222,35.8933333333333
"5d9d1600-fa72-4f49-a77d-366a01b929b8","Approved","2025-03-11T14:05:54.794122+00:00","USGS-02097517","00060","['ESTIMATED']","00003","2023-07-14","bb416b35c4db4910bf01a85891f6b6a6","ft^3/s","71.4",-79.0197222222222,35.8933333333333
"757773e2-87f7-4a71-9eb7-225aaba30f89","Approved","2025-03-11T14:05:54.794122+00:00","USGS-02097517","00060","['ESTIMATED']","00003","2023-07-15","bb416b35c4db4910bf01a85891f6b6a6","ft^3/s","109",-79.0197222222222,35.8933333333333
"e554ccfd-94f6-496e-a75b-3ffa3c2ef81a","Approved","2025-03-11T14:05:54.794122+00:00","USGS-02097517","00060","['ESTIMATED']","00003","2023-07-16","bb416b35c4db4910bf01a85891f6b6a6","ft^3/s","30.6",-79.0197222222222,35.8933333333333
"a184ff68-f551-4c36-9769-d069570e9fbf","Approved","2025-03-11T14:05:54.794122+00:00","USGS-02097517","00060","['ESTIMATED']","00003","2023-07-17","bb416b35c4db4910bf01a85891f6b6a6","ft^3/s","17.9",-79.0197222222222,35.8933333333333
"c8a930b9-b947-42d7-bdb2-f40181106a5f","Approved","2025-10-20T13:00:03.268646+00:00","USGS-02097517","00060",,"00003","2023-07-18","bb416b35c4db4910bf01a85891f6b6a6","ft^3/s","14.5",-79.0197222222222,35.8933333333333
"5b6bf945-cd47-4429-8d60-c118817e0423","Approved","2025-03-11T14:05:54.794122+00:00","USGS-02097517","00060",,"00003","2023-07-19","bb416b35c4db4910bf01a85891f6b6a6","ft^3/s","16.7",-79.0197222222222,35.8933333333333
"a372adbe-7513-46b4-8073-861c7baa2b37","Approved","2025-03-11T14:05:54.794122+00:00","USGS-02097517","00060",,"00003","2023-07-20","bb416b35c4db4910bf01a85891f6b6a6","ft^3/s","16.8",-79.0197222222222,35.8933333333333
"c9447afc-c22f-4bc9-a186-c96324881b70","Approved","2025-03-11T14:05:54.794122+00:00","USGS-02097517","00060",,"00003","2023-07-21","bb416b35c4db4910bf01a85891f6b6a6","ft^3/s","13.5",-79.0197222222222,35.8933333333333
"df9cad73-81ff-4311-9252-b26882bd6ba8","Approved","2025-03-11T14:05:54.794122+00:00","USGS-02097517","00060",,"00003","2023-07-22","bb416b35c4db4910bf01a85891f6b6a6","ft^3/s","11.8",-79.0197222222222,35.8933333333333
"9b2c7f08-f858-4c67-b212-bc462a4788ce","Approved","2025-03-11T14:05:54.794122+00:00","USGS-02097517","00060",,"00003","2023-07-23","bb416b35c4db4910bf01a85891f6b6a6","ft^3/s","10.6",-79.0197222222222,35.8933333333333
"6c0f9c0d-288b-4b12-98a7-5ea3ef7f3ff3","Approved","2025-03-11T14:05:54.794122+00:00","USGS-02097517","00060",,"00003","2023-07-24","bb416b35c4db4910bf01a85891f6b6a6","ft^3/s","10.5",-79.0197222222222,35.8933333333333
"1bd9b4a2-efaa-40ee-9dbd-e574249587f6","Approved","2025-03-11T14:05:54.794122+00:00","USGS-02097517","00060",,"00003","2023-07-25","bb416b35c4db4910bf01a85891f6b6a6","ft^3/s","9.96",-79.0197222222222,35.8933333333333
"5258c9ce-63cf-4f9a-85c2-bcfe12784974","Approved","2025-03-11T14:05:54.794122+00:00","USGS-02097517","00060",,"00003","2023-07-26","bb416b35c4db4910bf01a85891f6b6a6","ft^3/s","9.14",-79.0197222222222,35.8933333333333
"b0e3ea0d-0fdd-40f9-8660-821cf4d1889e","Approved","2025-03-11T14:05:54.794122+00:00","USGS-02097517","00060",,"00003","2023-07-27","bb416b35c4db4910bf01a85891f6b6a6","ft^3/s","9.25",-79.0197222222222,35.8933333333333
"b15f486d-3a76-43db-a860-a962e3251931","Approved","2025-03-11T14:05:54.794122+00:00","USGS-02097517","00060",,"00003","2023-07-28","bb416b35c4db4910bf01a85891f6b6a6","ft^3/s","8.78",-79.0197222222222,35.8933333333333
"def24093-476c-4007-ac92-8982b9fa8709","Approved","2025-03-11T14:05:54.794122+00:00","USGS-02097517","00060",,"00003","2023-07-29","bb416b35c4db4910bf01a85891f6b6a6","ft^3/s","8.44",-79.0197222222222,35.8933333333333
"7915f0c4-8714-4eb7-b70c-0dbeb14acdea","Approved","2025-03-11T14:05:54.794122+00:00","USGS-02097517","00060",,"00003","2023-07-30","bb416b35c4db4910bf01a85891f6b6a6","ft^3/s","8.43",-79.0197222222222,35.8933333333333
"a6bc5281-f8cc-4fb6-8cd0-1ac801ab1e40","Approved","2025-03-11T14:05:54.794122+00:00","USGS-02097517","00060",,"00003","2023-07-31","bb416b35c4db4910bf01a85891f6b6a6","ft^3/s","22.1",-79.0197222222222,35.8933333333333
"4c20ce2a-2137-4074-a9bd-592f50ca63c0","Approved","2025-03-11T14:05:54.794122+00:00","USGS-02097517","00060",,"00003","2023-08-01","bb416b35c4db4910bf01a85891f6b6a6","ft^3/s","10.5",-79.0197222222222,35.8933333333333
"52f4c42a-b7e0-42fb-ae8b-db8d5a1bc500","Approved","2025-03-11T14:05:54.794122+00:00","USGS-02097517","00060",,"00003","2023-08-02","bb416b35c4db4910bf01a85891f6b6a6","ft^3/s","9.02",-79.0197222222222,35.8933333333333
"9f0746af-6da2-45a6-980d-55c98d7d6b29","Approved","2025-03-11T14:05:54.794122+00:00","USGS-02097517","00060",,"00003","2023-08-03","bb416b35c4db4910bf01a85891f6b6a6","ft^3/s","8.47",-79.0197222222222,35.8933333333333
"5be89699-9b68-4694-b89e-eb8367ce8209","Approved","2025-03-11T14:05:54.794122+00:00","USGS-02097517","00060",,"00003","2023-08-04","bb416b35c4db4910bf01a85891f6b6a6","ft^3/s","8.19",-79.0197222222222,35.8933333333333
"5f55f8be-ff6d-45af-bcdc-1c898853170b","Approved","2025-03-11T14:05:54.794122+00:00","USGS-02097517","00060",,"00003","2023-08-05","bb416b35c4db4910bf01a85891f6b6a6","ft^3/s","8.06",-79.0197222222222,35.8933333333333
"700af77d-49e3-490f-9ca1-25dacf8d5ae1","Approved","2025-03-11T14:05:54.794122+00:00","USGS-02097517","00060",,"00003","2023-08-06","bb416b35c4db4910bf01a85891f6b6a6","ft^3/s","9.52",-79.0197222222222,35.8933333333333
"36e48933-40a2-4827-992b-a71011b356f7","Approved","2025-03-11T14:05:54.794122+00:00","USGS-02097517","00060",,"00003","2023-08-07","bb416b35c4db4910bf01a85891f6b6a6","ft^3/s","13.4",-79.0197222222222,35.8933333333333
"4601e27d-ce4c-41c4-af08-2f7b1b07b6ab","Approved","2025-03-11T14:05:54.794122+00:00","USGS-02097517","00060",,"00003","2023-08-08","bb416b35c4db4910bf01a85891f6b6a6","ft^3/s","11.4",-79.0197222222222,35.8933333333333
"950aafd6-3af7-4aa5-a2e0-a66773415e1b","Approved","2025-03-11T14:05:54.794122+00:00","USGS-02097517","00060",,"00003","2023-08-09","bb416b35c4db4910bf01a85891f6b6a6","ft^3/s","9.91",-79.0197222222222,35.8933333333333
"3a200c48-ad66-4fed-a99d-112478e60845","Approved","2025-03-11T14:05:54.794122+00:00","USGS-02097517","00060",,"00003","2023-08-10","bb416b35c4db4910bf01a85891f6b6a6","ft^3/s","18.8",-79.0197222222222,35.8933333333333
"e5fa3ffe-7fa3-409c-b2c3-22d7b10f2a8c","Approved","2025-03-11T14:05:54.794122+00:00","USGS-02097517","00060",,"00003","2023-08-11","bb416b35c4db4910bf01a85891f6b6a6","ft^3/s","12.7",-79.0197222222222,35.8933333333333
"12be1455-719f-4f91-aabb-c1aec99296be","Approved","2025-03-11T14:05:54.794122+00:00","USGS-02097517","00060",,"00003","2023-08-12","bb416b35c4db4910bf01a85891f6b6a6","ft^3/s","10.3",-79.0197222222222,35.8933333333333
"3faa8002-6ae7-4194-ac2d-0c72128d69cc","Approved","2025-03-11T14:05:54.794122+00:00","USGS-02097517","00060",,"00003","2023-08-13","bb416b35c4db4910bf01a85891f6b6a6","ft^3/s","9.12",-79.0197222222222,35.8933333333333
"28c65d41-7b3a-495b-a484-85d167e1072d","Approved","2025-03-11T14:05:54.794122+00:00","USGS-02097517","00060",,"00003","2023-08-14","bb416b35c4db4910bf01a85891f6b6a6","ft^3/s","8.70",-79.0197222222222,35.8933333333333
"12db91d1-d742-4bf7-a84e-2dfd4d9f8a40","Approved","2025-03-11T14:05:54.794122+00:00","USGS-02097517","00060",,"00003","2023-08-15","bb416b35c4db4910bf01a85891f6b6a6","ft^3/s","8.42",-79.0197222222222,35.8933333333333
"fe8391a7-c593-4e08-be52-1ab79ffd56ea","Approved","2025-03-11T14:05:54.794122+00:00","USGS-02097517","00060",,"00003","2023-08-16","bb416b35c4db4910bf01a85891f6b6a6","ft^3/s","9.07",-79.0197222222222,35.8933333333333
"21760930-98ac-4247-96fe-5320e7892dc0","Approved","2025-03-11T14:05:54.794122+00:00","USGS-02097517","00060",,"00003","2023-08-17","bb416b35c4db4910bf01a85891f6b6a6","ft^3/s","8.95",-79.0197222222222,35.8933333333333
"d2c74d37-20f0-483a-a3e9-1c5511db4728","Approved","2025-03-11T14:05:54.794122+00:00","USGS-02097517","00060",,"00003","2023-08-18","bb416b35c4db4910bf01a85891f6b6a6","ft^3/s","8.73",-79.0197222222222,35.8933333333333
"1e696558-6591-4a8c-840d-dd3d5fa11ba2","Approved","2025-03-11T14:05:54.794122+00:00","USGS-02097517","00060",,"00003","2023-08-19","bb416b35c4db4910bf01a85891f6b6a6","ft^3/s","8.20",-79.0197222222222,35.8933333333333
"da18873e-10d8-4815-95af-4a488acf8f58","Approved","2025-03-11T14:05:54.794122+00:00","USGS-02097517","00060",,"00003","2023-08-20","bb416b35c4db4910bf01a85891f6b6a6","ft^3/s","8.32",-79.0197222222222,35.8933333333333
"5eab4c08-3b9e-4b9b-b3ae-ad9b2aeb197b","Approved","2025-03-11T14:05:54.794122+00:00","USGS-02097517","00060",,"00003","2023-08-21","bb416b35c4db4910bf01a85891f6b6a6","ft^3/s","8.51",-79.0197222222222,35.8933333333333
"257b8246-d0c1-4874-a009-6461b1f633b3","Approved","2025-03-11T14:05:54.794122+00:00","USGS-02097517","00060",,"00003","2023-08-22","bb416b35c4db4910bf01a85891f6b6a6","ft^3/s","8.23",-79.0197222222222,35.8933333333333
"0abca24d-f893-481f-b56d-acd9237c750a","Approved","2025-10-20T13:00:03.268646+00:00","USGS-02097517","00060",,"00003","2023-08-23","bb416b35c4db4910bf01a85891f6b6a6","ft^3/s","8.10",-79.0197222222222,35.8933333333333
"ba41524e-2100-4995-b3e1-99e82a75573e","Approved","2025-03-11T14:05:54.794122+00:00","USGS-02097517","00060",,"00003","2023-08-24","bb416b35c4db4910bf01a85891f6b6a6","ft^3/s","8.10",-79.0197222222222,35.8933333333333
"ea37a632-2a3c-41ff-b664-dbc7b3b4f7e8","Approved","2025-03-11T14:05:54.794122+00:00","USGS-02097517","00060",,"00003","2023-08-25","bb416b35c4db4910bf01a85891f6b6a6","ft^3/s","8.12",-79.0197222222222,35.8933333333333
"1794873f-ffd3-4a20-b7b7-d90a4ba4a613","Approved","2025-03-11T14:05:54.794122+00:00","USGS-02097517","00060",,"00003","2023-08-26","bb416b35c4db4910bf01a85891f6b6a6","ft^3/s","7.49",-79.0197222222222,35.8933333333333
"34aba1d3-91c9-4c53-9ac6-24024d30b1ef","Approved","2025-03-11T14:05:54.794122+00:00","USGS-02097517","00060",,"00003","2023-08-27","bb416b35c4db4910bf01a85891f6b6a6","ft^3/s","9.89",-79.0197222222222,35.8933333333333
"fa047e94-d1c0-4058-aa4a-0686b9bafc9c","Approved","2025-03-11T14:05:54.794122+00:00","USGS-02097517","00060",,"00003","2023-08-28","bb416b35c4db4910bf01a85891f6b6a6","ft^3/s","13.2",-79.0197222222222,35.8933333333333
"b0b44739-0c06-4b3c-ad8c-452f731fa8fd","Approved","2025-03-11T14:05:54.794122+00:00","USGS-02097517","00060",,"00003","2023-08-29","bb416b35c4db4910bf01a85891f6b6a6","ft^3/s","11.6",-79.0197222222222,35.8933333333333
"b5216ece-e525-4578-bd1c-b7a8352cc417","Approved","2025-03-11T14:05:54.794122+00:00","USGS-02097517","00060",,"00003","2023-08-30","bb416b35c4db4910bf01a85891f6b6a6","ft^3/s","14.4",-79.0197222222222,35.8933333333333
"b8cd47fd-0ef0-4eac-a755-42bb2bdb7e98","Approved","2025-03-11T14:05:54.794122+00:00","USGS-02097517","00060",,"00003","2023-08-31","bb416b35c4db4910bf01a85891f6b6a6","ft^3/s","19.8",-79.0197222222222,35.8933333333333
"e05ded24-2234-4f74-9c20-2984b471fdcd","Approved","2025-03-11T14:05:54.794122+00:00","USGS-02097517","00060",,"00003","2023-09-01","bb416b35c4db4910bf01a85891f6b6a6","ft^3/s","11.1",-79.0197222222222,35.8933333333333
"50626f1b-4ebd-4a08-a3ce-ed52148b9e6e","Approved","2025-03-11T14:05:54.794122+00:00","USGS-02097517","00060",,"00003","2023-09-02","bb416b35c4db4910bf01a85891f6b6a6","ft^3/s","8.69",-79.0197222222222,35.8933333333333
"742f06b3-1ce7-4ca4-8db8-a3ce4d1558bf","Approved","2025-03-11T14:05:54.794122+00:00","USGS-02097517","00060",,"00003","2023-09-03","bb416b35c4db4910bf01a85891f6b6a6","ft^3/s","7.39",-79.0197222222222,35.8933333333333
"1237fa8c-0fab-4dc7-9887-76d3aa7a63f2","Approved","2025-03-11T14:05:54.794122+00:00","USGS-02097517","00060",,"00003","2023-09-04","bb416b35c4db4910bf01a85891f6b6a6","ft^3/s","7.66",-79.0197222222222,35.8933333333333
"19aecc7d-0624-4487-8324-f714e45ccd2f","Approved","2025-03-11T14:05:54.794122+00:00","USGS-02097517","00060",,"00003","2023-09-05","bb416b35c4db4910bf01a85891f6b6a6","ft^3/s","7.89",-79.0197222222222,35.8933333333333
"03ec3449-2223-435a-8185-01ebd00f23f8","Approved","2025-03-11T14:05:54.794122+00:00","USGS-02097517","00060",,"00003","2023-09-06","bb416b35c4db4910bf01a85891f6b6a6","ft^3/s","8.07",-79.0197222222222,35.8933333333333
"c7970e2b-e118-4e39-af15-e61311027c03","Approved","2025-03-11T14:05:54.794122+00:00","USGS-02097517","00060",,"00003","2023-09-07","bb416b35c4db4910bf01a85891f6b6a6","ft^3/s","7.90",-79.0197222222222,35.8933333333333
"efd77df8-daf2-4153-8fcc-0e52f91720c3","Approved","2025-03-11T14:05:54.794122+00:00","USGS-02097517","00060",,"00003","2023-09-08","bb416b35c4db4910bf01a85891f6b6a6","ft^3/s","9.16",-79.0197222222222,35.8933333333333
"60e75ad4-cf57-4c95-b6d2-17592cfe6f4c","Approved","2025-03-11T14:05:54.794122+00:00","USGS-02097517","00060",,"00003","2023-09-09","bb416b35c4db4910bf01a85891f6b6a6","ft^3/s","40.2",-79.0197222222222,35.8933333333333
"5a66049f-7a13-4c51-8224-c6800bfda9ff","Approved","2025-03-11T14:05:54.794122+00:00","USGS-02097517","00060",,"00003","2023-09-10","bb416b35c4db4910bf01a85891f6b6a6","ft^3/s","17.6",-79.0197222222222,35.8933333333333
"f261ceee-c434-491c-861b-9944bb54ab82","Approved","2025-03-11T14:05:54.794122+00:00","USGS-02097517","00060",,"00003","2023-09-11","bb416b35c4db4910bf01a85891f6b6a6","ft^3/s","11.2",-79.0197222222222,35.8933333333333
"2f519008-cfc2-4eef-9797-090af2fbf765","Approved","2025-03-11T14:05:54.794122+00:00","USGS-02097517","00060",,"00003","2023-09-12","bb416b35c4db4910bf01a85891f6b6a6","ft^3/s","12.5",-79.0197222222222,35.8933333333333
"8435af05-b229-4300-a2d2-f762c7be30ee","Approved","2025-03-11T14:05:54.794122+00:00","USGS-02097517","00060",,"00003","2023-09-13","bb416b35c4db4910bf01a85891f6b6a6","ft^3/s","11.4",-79.0197222222222,35.8933333333333
"f6a14429-f174-416d-b7c4-792744be1157","Approved","2025-03-11T14:05:54.794122+00:00","USGS-02097517","00060",,"00003","2023-09-14","bb416b35c4db4910bf01a85891f6b6a6","ft^3/s","10.5",-79.0197222222222,35.8933333333333
"464ff20f-bd54-43b1-b8e2-53fba8fe99e1","Approved","2025-03-11T14:05:54.794122+00:00","USGS-02097517","00060",,"00003","2023-09-15","bb416b35c4db4910bf01a85891f6b6a6","ft^3/s","10.6",-79.0197222222222,35.8933333333333
"70a8631b-7431-480b-a98d-05fdfc5683ce","Approved","2025-03-11T14:05:54.794122+00:00","USGS-02097517","00060",,"00003","2023-09-16","bb416b35c4db4910bf01a85891f6b6a6","ft^3/s","10.4",-79.0197222222222,35.8933333333333
"33638120-bbcd-43da-9645-b2a7aae8c658","Approved","2025-03-11T14:05:54.794122+00:00","USGS-02097517","00060",,"00003","2023-09-17","bb416b35c4db4910bf01a85891f6b6a6","ft^3/s","10.8",-79.0197222222222,35.8933333333333
"9a9dc38a-0e87-41a0-9b04-4dade96750b9","Approved","2025-03-11T14:05:54.794122+00:00","USGS-02097517","00060",,"00003","2023-09-18","bb416b35c4db4910bf01a85891f6b6a6","ft^3/s","18.1",-79.0197222222222,35.8933333333333
"0e1de30a-23c9-4410-a2ce-d743a57399c1","Approved","2025-03-11T14:05:54.794122+00:00","USGS-02097517","00060",,"00003","2023-09-19","bb416b35c4db4910bf01a85891f6b6a6","ft^3/s","11.5",-79.0197222222222,35.8933333333333
"0789277d-6c80-4bc1-b067-48446fa91edf","Approved","2025-03-11T14:05:54.794122+00:00","USGS-02097517","00060",,"00003","2023-09-20","bb416b35c4db4910bf01a85891f6b6a6","ft^3/s","10.2",-79.0197222222222,35.8933333333333
"4ff804b6-d342-4c4d-86c7-147783da423a","Approved","2025-03-11T14:05:54.794122+00:00","USGS-02097517","00060",,"00003","2023-09-21","bb416b35c4db4910bf01a85891f6b6a6","ft^3/s","9.84",-79.0197222222222,35.8933333333333
"470d1802-2ab3-4e5b-8f7b-68e60ca24c71","Approved","2025-03-11T14:05:54.794122+00:00","USGS-02097517","00060",,"00003","2023-09-22","bb416b35c4db4910bf01a85891f6b6a6","ft^3/s","10.7",-79.0197222222222,35.8933333333333
"817a8f2b-f806-4e64-b96b-1682d8bb6b2c","Approved","2025-03-11T14:05:54.794122+00:00","USGS-02097517","00060",,"00003","2023-09-23","bb416b35c4db4910bf01a85891f6b6a6","ft^3/s","58.8",-79.0197222222222,35.8933333333333
"a849e6ac-80ac-48b1-b5ac-374b2a1b6fa4","Approved","2025-03-11T14:05:54.794122+00:00","USGS-02097517","00060",,"00003","2023-09-24","bb416b35c4db4910bf01a85891f6b6a6","ft^3/s","19.3",-79.0197222222222,35.8933333333333
"14edd1d5-f15f-4af3-a8d9-44c2a0b6d7d8","Approved","2025-03-11T14:05:54.794122+00:00","USGS-02097517","00060",,"00003","2023-09-25","bb416b35c4db4910bf01a85891f6b6a6","ft^3/s","13.0",-79.0197222222222,35.8933333333333
"cbb12bd3-fb72-42ad-81c4-e5edd332390d","Approved","2025-03-11T14:05:54.794122+00:00","USGS-02097517","00060",,"00003","2023-09-26","bb416b35c4db4910bf01a85891f6b6a6","ft^3/s","12.0",-79.0197222222222,35.8933333333333
"d9d57fbc-da4b-4bf7-833c-b0143be9d480","Approved","2025-03-11T14:05:54.794122+00:00","USGS-02097517","00060",,"00003","2023-09-27","bb416b35c4db4910bf01a85891f6b6a6","ft^3/s","11.6",-79.0197222222222,35.8933333333333
"fac54fac-03ae-40ff-b030-083b6dd8ec2e","Approved","2025-03-11T14:05:54.794122+00:00","USGS-02097517","00060",,"00003","2023-09-28","bb416b35c4db4910bf01a85891f6b6a6","ft^3/s","11.5",-79.0197222222222,35.8933333333333
"3593ba84-a560-4a52-ae54-8d9189e8ceae","Approved","2025-03-11T14:05:54.794122+00:00","USGS-02097517","00060",,"00003","2023-09-29","bb416b35c4db4910bf01a85891f6b6a6","ft^3/s","11.4",-79.0197222222222,35.8933333333333
"2278cf07-106c-469d-9af6-f47b08470004","Approved","2025-03-11T14:05:54.794122+00:00","USGS-02097517","00060",,"00003","2023-09-30","bb416b35c4db4910bf01a85891f6b6a6","ft^3/s","11.2",-79.0197222222222,35.8933333333333
"d6c10a11-a207-48ca-be85-c30879a10d48","Approved","2025-03-11T14:05:54.794122+00:00","USGS-02097517","00060",,"00003","2023-10-01","bb416b35c4db4910bf01a85891f6b6a6","ft^3/s","11.3",-79.0197222222222,35.8933333333333
"0891aaee-4574-4d76-bd7d-f017e475b5c9","Approved","2025-10-20T13:00:03.268646+00:00","USGS-02097517","00060",,"00003","2023-10-02","bb416b35c4db4910bf01a85891f6b6a6","ft^3/s","11.2",-79.0197222222222,35.8933333333333
"0526fda8-8ca3-47a1-a0a2-a6435e0d1502","Approved","2025-03-11T14:05:54.794122+00:00","USGS-02097517","00060",,"00003","2023-10-03","bb416b35c4db4910bf01a85891f6b6a6","ft^3/s","11.2",-79.0197222222222,35.8933333333333
"f03f1572-11b2-4291-b33c-b3cbff8a14fa","Approved","2025-03-11T14:05:54.794122+00:00","USGS-02097517","00060",,"00003","2023-10-04","bb416b35c4db4910bf01a85891f6b6a6","ft^3/s","11.3",-79.0197222222222,35.8933333333333
"adad173e-c48b-4b77-8523-92c3b65ec05d","Approved","2025-03-11T14:05:54.794122+00:00","USGS-02097517","00060",,"00003","2023-10-05","bb416b35c4db4910bf01a85891f6b6a6","ft^3/s","11.2",-79.0197222222222,35.8933333333333
"4dd0b6a7-4090-4375-980c-3b5989ab67e4","Approved","2025-03-11T14:05:54.794122+00:00","USGS-02097517","00060",,"00003","2023-10-06","bb416b35c4db4910bf01a85891f6b6a6","ft^3/s","10.8",-79.0197222222222,35.8933333333333
"4063d4a1-ed33-4113-80a7-33a2a90cc7ff","Approved","2025-03-11T14:05:54.794122+00:00","USGS-02097517","00060",,"00003","2023-10-07","bb416b35c4db4910bf01a85891f6b6a6","ft^3/s","11.1",-79.0197222222222,35.8933333333333
"107dd4e9-d9e1-44dd-9fd0-55b203ec32ff","Approved","2025-03-11T14:05:54.794122+00:00","USGS-02097517","00060",,"00003","2023-10-08","bb416b35c4db4910bf01a85891f6b6a6","ft^3/s","11.1",-79.0197222222222,35.8933333333333
"7af92bac-3cd2-47c0-bd3f-4802a7120c80","Approved","2025-03-11T14:05:54.794122+00:00","USGS-02097517","00060",,"00003","2023-10-09","bb416b35c4db4910bf01a85891f6b6a6","ft^3/s","11.1",-79.0197222222222,35.8933333333333
"844f602f-e3c3-40b2-be57-1e23ee830fbc","Approved","2025-03-11T14:05:54.794122+00:00","USGS-02097517","00060",,"00003","2023-10-10","bb416b35c4db4910bf01a85891f6b6a6","ft^3/s","11.0",-79.0197222222222,35.8933333333333
"0a431bdd-6e60-4020-8984-fe5d520ed835","Approved","2025-03-11T14:05:54.794122+00:00","USGS-02097517","00060",,"00003","2023-10-11","bb416b35c4db4910bf01a85891f6b6a6","ft^3/s","10.9",-79.0197222222222,35.8933333333333
"5b3c1e28-2cf9-40ee-91f6-9b211a32949e","Approved","2025-03-11T14:05:54.794122+00:00","USGS-02097517","00060",,"00003","2023-10-12","bb416b35c4db4910bf01a85891f6b6a6","ft^3/s","10.8",-79.0197222222222,35.8933333333333
"16f8609f-e290-4076-84b3-3805a66467c3","Approved","2025-03-11T14:05:54.794122+00:00","USGS-02097517","00060",,"00003","2023-10-13","bb416b35c4db4910bf01a85891f6b6a6","ft^3/s","10.2",-79.0197222222222,35.8933333333333
"9df3da7b-b78c-4bcf-aa12-3eaf7e108967","Approved","2025-03-11T14:05:54.794122+00:00","USGS-02097517","00060",,"00003","2023-10-14","bb416b35c4db4910bf01a85891f6b6a6","ft^3/s","36.9",-79.0197222222222,35.8933333333333
"13bbdd06-e63b-4c93-b1e7-f9cd504d1bef","Approved","2025-03-11T14:05:54.794122+00:00","USGS-02097517","00060",,"00003","2023-10-15","bb416b35c4db4910bf01a85891f6b6a6","ft^3/s","12.8",-79.0197222222222,35.8933333333333
"72057882-42a3-40e2-88b2-ff3971f7e9c9","Approved","2025-03-11T14:05:54.794122+00:00","USGS-02097517","00060",,"00003","2023-10-16","bb416b35c4db4910bf01a85891f6b6a6","ft^3/s","10.7",-79.0197222222222,35.8933333333333
"e99b76c0-1222-47cd-aeb9-f0f01e8d81ef","Approved","2025-03-11T14:05:54.794122+00:00","USGS-02097517","00060",,"00003","2023-10-17","bb416b35c4db4910bf01a85891f6b6a6","ft^3/s","10.3",-79.0197222222222,35.8933333333333
"818b028f-f475-4354-b2de-41255955d276","Approved","2025-03-11T14:05:54.794122+00:00","USGS-02097517","00060",,"00003","2023-10-18","bb416b35c4db4910bf01a85891f6b6a6","ft^3/s","10.0",-79.0197222222222,35.8933333333333
"bfd79010-9f05-4862-92f8-a3b45fb8ecc9","Approved","2025-03-11T14:05:54.794122+00:00","USGS-02097517","00060",,"00003","2023-10-19","bb416b35c4db4910bf01a85891f6b6a6","ft^3/s","9.31",-79.0197222222222,35.8933333333333
"0076cc9a-92db-47bc-8918-858fb9e1690a","Approved","2025-03-11T14:05:54.794122+00:00","USGS-02097517","00060",,"00003","2023-10-20","bb416b35c4db4910bf01a85891f6b6a6","ft^3/s","12.4",-79.0197222222222,35.8933333333333
"70cca532-28ba-431f-9978-12d4ac88ae9b","Approved","2025-03-11T14:05:54.794122+00:00","USGS-02097517","00060",,"00003","2023-10-21","bb416b35c4db4910bf01a85891f6b6a6","ft^3/s","14.0",-79.0197222222222,35.8933333333333
"ca1b7b9f-e575-4c68-abbd-0b9919b9fb99","Approved","2025-03-11T14:05:54.794122+00:00","USGS-02097517","00060",,"00003","2023-10-22","bb416b35c4db4910bf01a85891f6b6a6","ft^3/s","10.2",-79.0197222222222,35.8933333333333
"3c9c0f15-6e79-45c6-b864-2dbe63a069aa","Approved","2025-03-11T14:05:54.794122+00:00","USGS-02097517","00060",,"00003","2023-10-23","bb416b35c4db4910bf01a85891f6b6a6","ft^3/s","9.99",-79.0197222222222,35.8933333333333
"8fa582a3-1de5-419f-91d5-ad885ad01696","Approved","2025-03-11T14:05:54.794122+00:00","USGS-02097517","00060",,"00003","2023-10-24","bb416b35c4db4910bf01a85891f6b6a6","ft^3/s","9.76",-79.0197222222222,35.8933333333333
"fb3e3e36-45b1-4a27-8808-2f7c73a3b517","Approved","2025-03-11T14:05:54.794122+00:00","USGS-02097517","00060",,"00003","2023-10-25","bb416b35c4db4910bf01a85891f6b6a6","ft^3/s","9.70",-79.0197222222222,35.8933333333333
"aa39dfe9-560d-4381-92bd-3315ea263abb","Approved","2025-03-11T14:05:54.794122+00:00","USGS-02097517","00060",,"00003","2023-10-26","bb416b35c4db4910bf01a85891f6b6a6","ft^3/s","9.74",-79.0197222222222,35.8933333333333
"3ceb8835-4aba-4065-bbbd-4c5a67171758","Approved","2025-03-11T14:05:54.794122+00:00","USGS-02097517","00060",,"00003","2023-10-27","bb416b35c4db4910bf01a85891f6b6a6","ft^3/s","9.31",-79.0197222222222,35.8933333333333
"b25354d6-04c1-404a-9e83-ec4b754374df","Approved","2025-03-11T14:05:54.794122+00:00","USGS-02097517","00060",,"00003","2023-10-28","bb416b35c4db4910bf01a85891f6b6a6","ft^3/s","9.11",-79.0197222222222,35.8933333333333
"2b51d326-b16a-46da-87e5-78d0270c8748","Approved","2025-03-11T14:05:54.794122+00:00","USGS-02097517","00060",,"00003","2023-10-29","bb416b35c4db4910bf01a85891f6b6a6","ft^3/s","9.35",-79.0197222222222,35.8933333333333
"bddb1a22-36e7-4d5e-8b11-2206e83f4975","Approved","2025-03-11T14:05:54.794122+00:00","USGS-02097517","00060",,"00003","2023-10-30","bb416b35c4db4910bf01a85891f6b6a6","ft^3/s","9.39",-79.0197222222222,35.8933333333333
"4020b406-a362-4233-9439-b8e9765e3eac","Approved","2025-03-11T14:05:54.794122+00:00","USGS-02097517","00060",,"00003","2023-10-31","bb416b35c4db4910bf01a85891f6b6a6","ft^3/s","9.46",-79.0197222222222,35.8933333333333
"2b0aa5d6-e036-4dd0-a1f0-f1b6c4752484","Approved","2025-03-11T14:05:54.794122+00:00","USGS-02097517","00060",,"00003","2023-11-01","bb416b35c4db4910bf01a85891f6b6a6","ft^3/s","9.99",-79.0197222222222,35.8933333333333
"8410af63-87a4-42be-b12c-c4c61ed2364e","Approved","2025-03-11T14:05:54.794122+00:00","USGS-02097517","00060",,"00003","2023-11-02","bb416b35c4db4910bf01a85891f6b6a6","ft^3/s","9.94",-79.0197222222222,35.8933333333333
"6c83d960-3254-4082-ae07-3300d14373ef","Approved","2025-03-11T14:05:54.794122+00:00","USGS-02097517","00060",,"00003","2023-11-03","bb416b35c4db4910bf01a85891f6b6a6","ft^3/s","9.93",-79.0197222222222,35.8933333333333
"3f488e7b-a16f-457c-a9db-4cc94e4422fa","Approved","2025-03-11T14:05:54.794122+00:00","USGS-02097517","00060",,"00003","2023-11-04","bb416b35c4db4910bf01a85891f6b6a6","ft^3/s","9.54",-79.0197222222222,35.8933333333333
"4af4f457-e438-48cb-82b6-640c5fc91b99","Approved","2025-03-11T14:05:54.794122+00:00","USGS-02097517","00060",,"00003","2023-11-05","bb416b35c4db4910bf01a85891f6b6a6","ft^3/s","9.44",-79.0197222222222,35.8933333333333
"82ee7897-4699-4e8b-87c0-8f4f5d547957","Approved","2025-03-11T14:05:54.794122+00:00","USGS-02097517","00060",,"00003","2023-11-06","bb416b35c4db4910bf01a85891f6b6a6","ft^3/s","9.76",-79.0197222222222,35.8933333333333
"22a55527-c7b3-483a-9a31-15421370476c","Approved","2025-03-11T14:05:54.794122+00:00","USGS-02097517","00060",,"00003","2023-11-07","bb416b35c4db4910bf01a85891f6b6a6","ft^3/s","9.15",-79.0197222222222,35.8933333333333
"16fd7c8e-8997-4c25-b5f9-9f51e5c02845","Approved","2025-03-11T14:05:54.794122+00:00","USGS-02097517","00060",,"00003","2023-11-08","bb416b35c4db4910bf01a85891f6b6a6","ft^3/s","8.88",-79.0197222222222,35.8933333333333
"374900f7-cc24-446e-81ab-6a029c15cbd1","Approved","2025-03-11T14:05:54.794122+00:00","USGS-02097517","00060",,"00003","2023-11-09","bb416b35c4db4910bf01a85891f6b6a6","ft^3/s","8.65",-79.0197222222222,35.8933333333333
"7e24f541-d85a-498d-a961-b6677d66be3c","Approved","2025-03-11T14:05:54.794122+00:00","USGS-02097517","00060",,"00003","2023-11-10","bb416b35c4db4910bf01a85891f6b6a6","ft^3/s","8.86",-79.0197222222222,35.8933333333333
"9e6f9b06-c17e-4a6a-8469-7f5bd2bd34d0","Approved","2025-03-11T14:05:54.794122+00:00","USGS-02097517","00060",,"00003","2023-11-11","bb416b35c4db4910bf01a85891f6b6a6","ft^3/s","8.94",-79.0197222222222,35.8933333333333
"78ff200f-e7a4-4a87-b030-f0829a1e7dea","Approved","2025-03-11T14:05:54.794122+00:00","USGS-02097517","00060",,"00003","2023-11-12","bb416b35c4db4910bf01a85891f6b6a6","ft^3/s","8.77",-79.0197222222222,35.8933333333333
"92c0d670-44b6-4d09-a89d-97a938f8039a","Approved","2025-03-11T14:05:54.794122+00:00","USGS-02097517","00060",,"00003","2023-11-13","bb416b35c4db4910bf01a85891f6b6a6","ft^3/s","8.89",-79.0197222222222,35.8933333333333
"36b375cd-b9c7-4234-a7c6-a77235f002eb","Approved","2025-03-11T14:05:54.794122+00:00","USGS-02097517","00060",,"00003","2023-11-14","bb416b35c4db4910bf01a85891f6b6a6","ft^3/s","9.00",-79.0197222222222,35.8933333333333
"0f4607a2-0a25-4ad0-9296-43f61666feff","Approved","2025-03-11T14:05:54.794122+00:00","USGS-02097517","00060",,"00003","2023-11-15","bb416b35c4db4910bf01a85891f6b6a6","ft^3/s","9.66",-79.0197222222222,35.8933333333333
"edaaf73e-b1a9-43c6-9207-63a4a36bc779","Approved","2025-03-11T14:05:54.794122+00:00","USGS-02097517","00060",,"00003","2023-11-16","bb416b35c4db4910bf01a85891f6b6a6","ft^3/s","8.82",-79.0197222222222,35.8933333333333
"72faf356-6692-43ab-86e2-6f81962af5e5","Approved","2025-03-11T14:05:54.794122+00:00","USGS-02097517","00060",,"00003","2023-11-17","bb416b35c4db4910bf01a85891f6b6a6","ft^3/s","8.94",-79.0197222222222,35.8933333333333
"ad15f71d-52b7-43e0-9254-02dbc937cbbe","Approved","2025-03-11T14:05:54.794122+00:00","USGS-02097517","00060",,"00003","2023-11-18","bb416b35c4db4910bf01a85891f6b6a6","ft^3/s","8.79",-79.0197222222222,35.8933333333333
"137496a2-0b48-4df5-b094-d7be6a7fee42","Approved","2025-03-11T14:05:54.794122+00:00","USGS-02097517","00060",,"00003","2023-11-19","bb416b35c4db4910bf01a85891f6b6a6","ft^3/s","8.70",-79.0197222222222,35.8933333333333
"427b28f0-a2cc-4ec7-9918-89168cdccba2","Approved","2025-03-11T14:05:54.794122+00:00","USGS-02097517","00060",,"00003","2023-11-20","bb416b35c4db4910bf01a85891f6b6a6","ft^3/s","8.81",-79.0197222222222,35.8933333333333
"24123bdd-1778-4f40-829c-0db4fd185111","Approved","2025-03-11T14:05:54.794122+00:00","USGS-02097517","00060",,"00003","2023-11-21","bb416b35c4db4910bf01a85891f6b6a6","ft^3/s","10.7",-79.0197222222222,35.8933333333333
"242d8901-9d39-41ab-b61d-3c3be73f98e4","Approved","2025-03-11T14:05:54.794122+00:00","USGS-02097517","00060",,"00003","2023-11-22","bb416b35c4db4910bf01a85891f6b6a6","ft^3/s","51.2",-79.0197222222222,35.8933333333333
"878ac7c5-7d3c-4175-b60a-55620672e239","Approved","2025-03-11T14:05:54.794122+00:00","USGS-02097517","00060",,"00003","2023-11-23","bb416b35c4db4910bf01a85891f6b6a6","ft^3/s","10.2",-79.0197222222222,35.8933333333333
"95b1e486-626a-42ee-aab0-0c3353f1dede","Approved","2025-03-11T14:05:54.794122+00:00","USGS-02097517","00060",,"00003","2023-11-24","bb416b35c4db4910bf01a85891f6b6a6","ft^3/s","8.51",-79.0197222222222,35.8933333333333
"851446ca-cacf-451c-84a2-7927bedcb5ec","Approved","2025-03-11T14:05:54.794122+00:00","USGS-02097517","00060",,"00003","2023-11-25","bb416b35c4db4910bf01a85891f6b6a6","ft^3/s","8.13",-79.0197222222222,35.8933333333333
"17a443bb-659b-40f0-8f59-d61fa2ed5692","Approved","2025-03-11T14:05:54.794122+00:00","USGS-02097517","00060",,"00003","2023-11-26","bb416b35c4db4910bf01a85891f6b6a6","ft^3/s","8.09",-79.0197222222222,35.8933333333333
"6da5abf7-f508-4a3d-a28f-921f7ae4497d","Approved","2025-10-20T13:00:03.268646+00:00","USGS-02097517","00060",,"00003","2023-11-27","bb416b35c4db4910bf01a85891f6b6a6","ft^3/s","8.57",-79.0197222222222,35.8933333333333
"4208d76c-10b8-4be3-8d6b-f66e4637b4ad","Approved","2025-03-11T14:05:54.794122+00:00","USGS-02097517","00060",,"00003","2023-11-28","bb416b35c4db4910bf01a85891f6b6a6","ft^3/s","8.28",-79.0197222222222,35.8933333333333
"b26f713a-f32d-4704-a9d1-8183382afc80","Approved","2025-03-11T14:05:54.794122+00:00","USGS-02097517","00060",,"00003","2023-11-29","bb416b35c4db4910bf01a85891f6b6a6","ft^3/s","8.33",-79.0197222222222,35.8933333333333
"3f6aefbe-6218-4a91-90ee-f6dedf227f27","Approved","2025-03-11T14:05:54.794122+00:00","USGS-02097517","00060",,"00003","2023-11-30","bb416b35c4db4910bf01a85891f6b6a6","ft^3/s","8.26",-79.0197222222222,35.8933333333333
"6c2b8f18-c619-4107-857d-a606e2c3839a","Approved","2025-03-11T14:05:54.794122+00:00","USGS-02097517","00060",,"00003","2023-12-01","bb416b35c4db4910bf01a85891f6b6a6","ft^3/s","7.10",-79.0197222222222,35.8933333333333
"dfe2bfe3-74c1-4504-b21a-ed14f44be7ed","Approved","2025-03-11T14:05:54.794122+00:00","USGS-02097517","00060",,"00003","2023-12-02","bb416b35c4db4910bf01a85891f6b6a6","ft^3/s","7.76",-79.0197222222222,35.8933333333333
"a8d1183a-fe50-430f-acd5-981ff57d7b9e","Approved","2025-03-11T14:05:54.794122+00:00","USGS-02097517","00060",,"00003","2023-12-03","bb416b35c4db4910bf01a85891f6b6a6","ft^3/s","7.87",-79.0197222222222,35.8933333333333
"cf160526-4a54-4837-bc41-d61a5d911472","Approved","2025-03-11T14:05:54.794122+00:00","USGS-02097517","00060",,"00003","2023-12-04","bb416b35c4db4910bf01a85891f6b6a6","ft^3/s","7.92",-79.0197222222222,35.8933333333333
"ded833d7-384f-4c92-8aa4-3370c9dc584f","Approved","2025-03-11T14:05:54.794122+00:00","USGS-02097517","00060",,"00003","2023-12-05","bb416b35c4db4910bf01a85891f6b6a6","ft^3/s","7.86",-79.0197222222222,35.8933333333333
"8f7f05d1-c326-44bb-b723-e92e793968ee","Approved","2025-03-11T14:05:54.794122+00:00","USGS-02097517","00060",,"00003","2023-12-06","bb416b35c4db4910bf01a85891f6b6a6","ft^3/s","8.06",-79.0197222222222,35.8933333333333
"6a866208-bff9-489e-af37-e056e5994a64","Approved","2025-03-11T14:05:54.794122+00:00","USGS-02097517","00060",,"00003","2023-12-07","bb416b35c4db4910bf01a85891f6b6a6","ft^3/s","7.81",-79.0197222222222,35.8933333333333
"5fa9636c-70d0-40c0-afd2-e00e650cb368","Approved","2025-03-11T14:05:54.794122+00:00","USGS-02097517","00060",,"00003","2023-12-08","bb416b35c4db4910bf01a85891f6b6a6","ft^3/s","7.80",-79.0197222222222,35.8933333333333
"f1dd9d2b-ec60-4662-8cad-4f7d50be244b","Approved","2025-03-11T14:05:54.794122+00:00","USGS-02097517","00060",,"00003","2023-12-09","bb416b35c4db4910bf01a85891f6b6a6","ft^3/s","7.61",-79.0197222222222,35.8933333333333
"dc5c36cd-ddbe-4723-a23d-73288390b7a4","Approved","2025-03-11T14:05:54.794122+00:00","USGS-02097517","00060",,"00003","2023-12-10","bb416b35c4db4910bf01a85891f6b6a6","ft^3/s","55.8",-79.0197222222222,35.8933333333333
"c9427b3c-634c-4a22-9a9d-79856f12f921","Approved","2025-03-11T14:05:54.794122+00:00","USGS-02097517","00060",,"00003","2023-12-11","bb416b35c4db4910bf01a85891f6b6a6","ft^3/s","37.1",-79.0197222222222,35.8933333333333
"941b2714-93f5-4ec8-832e-e30e75d3a560","Approved","2025-03-11T14:05:54.794122+00:00","USGS-02097517","00060",,"00003","2023-12-12","bb416b35c4db4910bf01a85891f6b6a6","ft^3/s","12.0",-79.0197222222222,35.8933333333333
"2f55e8c4-1291-40cf-852e-b46c5b0f54a0","Approved","2025-03-11T14:05:54.794122+00:00","USGS-02097517","00060",,"00003","2023-12-13","bb416b35c4db4910bf01a85891f6b6a6","ft^3/s","9.87",-79.0197222222222,35.8933333333333
"70105675-e5d7-4af3-997e-50ebb252a6e5","Approved","2025-03-11T14:05:54.794122+00:00","USGS-02097517","00060",,"00003","2023-12-14","bb416b35c4db4910bf01a85891f6b6a6","ft^3/s","8.92",-79.0197222222222,35.8933333333333
"5ffa542a-4550-43d6-a066-999378ad702e","Approved","2025-03-11T14:05:54.794122+00:00","USGS-02097517","00060",,"00003","2023-12-15","bb416b35c4db4910bf01a85891f6b6a6","ft^3/s","8.31",-79.0197222222222,35.8933333333333
"3b8603c8-9478-49b5-9d2d-3c8f62a69380","Approved","2025-03-11T14:05:54.794122+00:00","USGS-02097517","00060",,"00003","2023-12-16","bb416b35c4db4910bf01a85891f6b6a6","ft^3/s","8.40",-79.0197222222222,35.8933333333333
"0f5ce822-76ba-4625-9fe1-8ca3a1e604c8","Approved","2025-03-11T14:05:54.794122+00:00","USGS-02097517","00060",,"00003","2023-12-17","bb416b35c4db4910bf01a85891f6b6a6","ft^3/s","289",-79.0197222222222,35.8933333333333
"43158533-12c0-4307-b7f6-8694160bea7d","Approved","2025-03-11T14:05:54.794122+00:00","USGS-02097517","00060",,"00003","2023-12-18","bb416b35c4db4910bf01a85891f6b6a6","ft^3/s","526",-79.0197222222222,35.8933333333333
"7d7a57cd-e4d2-4a51-bf54-00a805a0a4e7","Approved","2025-03-11T14:05:54.794122+00:00","USGS-02097517","00060",,"00003","2023-12-19","bb416b35c4db4910bf01a85891f6b6a6","ft^3/s","52.8",-79.0197222222222,35.8933333333333
"13edd2c2-1eab-4e55-9420-3af5914b872a","Approved","2025-03-11T14:05:54.794122+00:00","USGS-02097517","00060",,"00003","2023-12-20","bb416b35c4db4910bf01a85891f6b6a6","ft^3/s","28.4",-79.0197222222222,35.8933333333333
"4ce7ba0b-702c-4884-aa38-c958a3c9137d","Approved","2025-03-11T14:05:54.794122+00:00","USGS-02097517","00060",,"00003","2023-12-21","bb416b35c4db4910bf01a85891f6b6a6","ft^3/s","22.8",-79.0197222222222,35.8933333333333
"814972fb-4eb4-4530-850b-1c2d89b255f6","Approved","2025-03-11T14:05:54.794122+00:00","USGS-02097517","00060",,"00003","2023-12-22","bb416b35c4db4910bf01a85891f6b6a6","ft^3/s","19.2",-79.0197222222222,35.8933333333333
"4c213ae5-d9ff-4223-9905-5d9efa65c065","Approved","2025-03-11T14:05:54.794122+00:00","USGS-02097517","00060",,"00003","2023-12-23","bb416b35c4db4910bf01a85891f6b6a6","ft^3/s","17.0",-79.0197222222222,35.8933333333333
"7dfe5e36-30d7-4938-b2a1-8e32721d2a87","Approved","2025-03-11T14:05:54.794122+00:00","USGS-02097517","00060",,"00003","2023-12-24","bb416b35c4db4910bf01a85891f6b6a6","ft^3/s","15.3",-79.0197222222222,35.8933333333333
"4153d4ef-ff33-4ee2-bd81-dce0fb2ceef8","Approved","2025-03-11T14:05:54.794122+00:00","USGS-02097517","00060",,"00003","2023-12-25","bb416b35c4db4910bf01a85891f6b6a6","ft^3/s","14.0",-79.0197222222222,35.8933333333333
"f26c2c33-f856-4ea3-8ae5-f9b39ccdb676","Approved","2025-03-11T14:05:54.794122+00:00","USGS-02097517","00060",,"00003","2023-12-26","bb416b35c4db4910bf01a85891f6b6a6","ft^3/s","18.4",-79.0197222222222,35.8933333333333
"e14998b4-4533-447a-81f9-ef02f5db3c2b","Approved","2025-03-11T14:05:54.794122+00:00","USGS-02097517","00060",,"00003","2023-12-27","bb416b35c4db4910bf01a85891f6b6a6","ft^3/s","647",-79.0197222222222,35.8933333333333
"7a6091ee-7990-49d7-b671-87c734c436e4","Approved","2025-03-11T14:05:54.794122+00:00","USGS-02097517","00060",,"00003","2023-12-28","bb416b35c4db4910bf01a85891f6b6a6","ft^3/s","172",-79.0197222222222,35.8933333333333
"55747e94-373d-46d9-9940-2f73fb634b61","Approved","2025-03-11T14:05:54.794122+00:00","USGS-02097517","00060",,"00003","2023-12-29","bb416b35c4db4910bf01a85891f6b6a6","ft^3/s","47.0",-79.0197222222222,35.8933333333333
"b7b29ee2-bcd9-4af4-946d-dd16385147a1","Approved","2025-03-11T14:05:54.794122+00:00","USGS-02097517","00060",,"00003","2023-12-30","bb416b35c4db4910bf01a85891f6b6a6","ft^3/s","29.7",-79.0197222222222,35.8933333333333
"926b5408-4651-493d-acd6-fca5dfeb045f","Approved","2025-03-11T14:05:54.794122+00:00","USGS-02097517","00060",,"00003","2023-12-31","bb416b35c4db4910bf01a85891f6b6a6","ft^3/s","23.6",-79.0197222222222,35.8933333333333
"e6980090-0313-4204-b1e7-0ee2d246a9e6","Approved","2025-03-11T13:29:29.497723+00:00","USGS-03453500","00060",,"00003","2021-01-01","1bbff9d98cea4a6789d1e831dc2925da","ft^3/s","4450",-82.6608333333333,35.7863888888889
"ef7f8235-f9df-4c40-913e-5d228e9cbd3b","Approved","2025-03-11T13:29:29.497723+00:00","USGS-03453500","00060",,"00003","2021-01-02","1bbff9d98cea4a6789d1e831dc2925da","ft^3/s","8180",-82.6608333333333,35.7863888888889
"609c44be-f89c-41a9-aa68-18ad1c4a2dc7","Approved","2025-03-11T13:29:29.497723+00:00","USGS-03453500","00060",,"00003","2021-01-03","1bbff9d98cea4a6789d1e831dc2925da","ft^3/s","7500",-82.6608333333333,35.7863888888889
"42ab959a-9785-46a0-acb8-9c7c7c0f2ffc","Approved","2025-03-11T13:29:29.497723+00:00","USGS-03453500","00060",,"00003","2021-01-04","1bbff9d98cea4a6789d1e831dc2925da","ft^3/s","6070",-82.6608333333333,35.7863888888889
"5ed6b210-8a1c-400c-bae4-1b89fe4d6328","Approved","2025-03-11T13:29:29.497723+00:00","USGS-03453500","00060",,"00003","2021-01-05","1bbff9d98cea4a6789d1e831dc2925da","ft^3/s","4640",-82.6608333333333,35.7863888888889
"cfe040ef-2461-49f3-a7be-6d6e42c9b6d9","Approved","2025-03-11T13:29:29.497723+00:00","USGS-03453500","00060",,"00003","2021-01-06","1bbff9d98cea4a6789d1e831dc2925da","ft^3/s","4140",-82.6608333333333,35.7863888888889
"ac64ba35-d711-4e0a-a8e6-ae2a41ab114b","Approved","2025-03-11T13:29:29.497723+00:00","USGS-03453500","00060",,"00003","2021-01-07","1bbff9d98cea4a6789d1e831dc2925da","ft^3/s","3810",-82.6608333333333,35.7863888888889
"7be11ccb-cf5d-46b6-91d9-0af904834595","Approved","2025-03-11T13:29:29.497723+00:00","USGS-03453500","00060",,"00003","2021-01-08","1bbff9d98cea4a6789d1e831dc2925da","ft^3/s","3730",-82.6608333333333,35.7863888888889
"d1f58bd4-6262-479c-822f-357d5d9e726c","Approved","2025-03-11T13:29:29.497723+00:00","USGS-03453500","00060",,"00003","2021-01-09","1bbff9d98cea4a6789d1e831dc2925da","ft^3/s","3710",-82.6608333333333,35.7863888888889
"e3497ad6-0d9c-4a27-a3c5-815609f66ae0","Approved","2025-03-11T13:29:29.497723+00:00","USGS-03453500","00060",,"00003","2021-01-10","1bbff9d98cea4a6789d1e831dc2925da","ft^3/s","3430",-82.6608333333333,35.7863888888889
"780cd2d7-4f4e-4aa9-bc85-eca7fc1acdec","Approved","2025-03-11T13:29:29.497723+00:00","USGS-03453500","00060",,"00003","2021-01-11","1bbff9d98cea4a6789d1e831dc2925da","ft^3/s","3270",-82.6608333333333,35.7863888888889
"44bae725-7e3f-488b-ba6d-7f5022ca8096","Approved","2025-03-11T13:29:29.497723+00:00","USGS-03453500","00060",,"00003","2021-01-12","1bbff9d98cea4a6789d1e831dc2925da","ft^3/s","3190",-82.6608333333333,35.7863888888889
"d8393e5e-1ee5-42ff-9db4-a4f3aa530d12","Approved","2025-03-11T13:29:29.497723+00:00","USGS-03453500","00060",,"00003","2021-01-13","1bbff9d98cea4a6789d1e831dc2925da","ft^3/s","3090",-82.6608333333333,35.7863888888889
"8e8d4f50-941e-4930-ab3a-45abfdf1f4a5","Approved","2025-03-11T13:29:29.497723+00:00","USGS-03453500","00060",,"00003","2021-01-14","1bbff9d98cea4a6789d1e831dc2925da","ft^3/s","3000",-82.6608333333333,35.7863888888889
"fc132351-0616-4650-bec7-afe528f1cc76","Approved","2025-03-11T13:29:29.497723+00:00","USGS-03453500","00060",,"00003","2021-01-15","1bbff9d98cea4a6789d1e831dc2925da","ft^3/s","2910",-82.6608333333333,35.7863888888889
"5aa6bc84-6bac-45a2-8c03-980e87be76bb","Approved","2025-03-11T13:29:29.497723+00:00","USGS-03453500","00060",,"00003","2021-01-16","1bbff9d98cea4a6789d1e831dc2925da","ft^3/s","2820",-82.6608333333333,35.7863888888889
"abcfe11e-3da8-43c8-88d6-250fd7e96927","Approved","2025-03-11T13:29:29.497723+00:00","USGS-03453500","00060",,"00003","2021-01-17","1bbff9d98cea4a6789d1e831dc2925da","ft^3/s","2720",-82.6608333333333,35.7863888888889
"a116a4f3-9780-484f-8bdc-9f91ea91b089","Approved","2025-03-11T13:29:29.497723+00:00","USGS-03453500","00060",,"00003","2021-01-18","1bbff9d98cea4a6789d1e831dc2925da","ft^3/s","2640",-82.6608333333333,35.7863888888889
"19368d90-e600-43c1-ae03-9e534127a759","Approved","2025-03-11T13:29:29.497723+00:00","USGS-03453500","00060",,"00003","2021-01-19","1bbff9d98cea4a6789d1e831dc2925da","ft^3/s","2560",-82.6608333333333,35.7863888888889
"c98ce4fe-44c2-495b-a3a4-ee527166a63f","Approved","2025-03-11T13:29:29.497723+00:00","USGS-03453500","00060",,"00003","2021-01-20","1bbff9d98cea4a6789d1e831dc2925da","ft^3/s","2500",-82.6608333333333,35.7863888888889
"c012856e-d384-4c8c-a43e-dfe165f5e10e","Approved","2025-03-11T13:29:29.497723+00:00","USGS-03453500","00060",,"00003","2021-01-21","1bbff9d98cea4a6789d1e831dc2925da","ft^3/s","2490",-82.6608333333333,35.7863888888889
"52f49b4d-8cc6-416a-97f7-f12d0c5e8af1","Approved","2025-03-11T13:29:29.497723+00:00","USGS-03453500","00060",,"00003","2021-01-22","1bbff9d98cea4a6789d1e831dc2925da","ft^3/s","2470",-82.6608333333333,35.7863888888889
"85589b1e-7593-4889-a549-09ab3cc1a737","Approved","2025-03-11T13:29:29.497723+00:00","USGS-03453500","00060",,"00003","2021-01-23","1bbff9d98cea4a6789d1e831dc2925da","ft^3/s","2390",-82.6608333333333,35.7863888888889
"f063b626-8fc7-44b7-b86a-94fc1c3c1943","Approved","2025-03-11T13:29:29.497723+00:00","USGS-03453500","00060",,"00003","2021-01-24","1bbff9d98cea4a6789d1e831dc2925da","ft^3/s","2320",-82.6608333333333,35.7863888888889
"cf61a447-bd5c-4c74-91cd-31e5e5a7e840","Approved","2025-03-11T13:29:29.497723+00:00","USGS-03453500","00060",,"00003","2021-01-25","1bbff9d98cea4a6789d1e831dc2925da","ft^3/s","2440",-82.6608333333333,35.7863888888889
"09c6c58d-168f-45e6-b1f2-d6a45fc41ebe","Approved","2025-03-11T13:29:29.497723+00:00","USGS-03453500","00060",,"00003","2021-01-26","1bbff9d98cea4a6789d1e831dc2925da","ft^3/s","3860",-82.6608333333333,35.7863888888889
"624340a1-3c95-4da2-8b94-757b33534893","Approved","2025-03-11T13:29:29.497723+00:00","USGS-03453500","00060",,"00003","2021-01-27","1bbff9d98cea4a6789d1e831dc2925da","ft^3/s","3640",-82.6608333333333,35.7863888888889
"83e39bb5-6274-4179-9da3-5241c3572d31","Approved","2025-03-11T13:29:29.497723+00:00","USGS-03453500","00060",,"00003","2021-01-28","1bbff9d98cea4a6789d1e831dc2925da","ft^3/s","3400",-82.6608333333333,35.7863888888889
"f51cdd3c-a102-4fa7-a1d9-7bbba8b6cd9e","Approved","2025-03-11T13:29:29.497723+00:00","USGS-03453500","00060",,"00003","2021-01-29","1bbff9d98cea4a6789d1e831dc2925da","ft^3/s","3000",-82.6608333333333,35.7863888888889
"e6a6a47c-5df3-4456-99c7-c09b816b08d3","Approved","2025-03-11T13:29:29.497723+00:00","USGS-03453500","00060",,"00003","2021-01-30","1bbff9d98cea4a6789d1e831dc2925da","ft^3/s","2780",-82.6608333333333,35.7863888888889
"e58c14ff-96ea-4132-bd56-28639d3da58d","Approved","2025-03-11T13:29:29.497723+00:00","USGS-03453500","00060",,"00003","2021-01-31","1bbff9d98cea4a6789d1e831dc2925da","ft^3/s","2980",-82.6608333333333,35.7863888888889
"0ddd52c9-d562-41ae-af21-b36a12f0152a","Approved","2025-03-11T13:29:29.497723+00:00","USGS-03453500","00060",,"00003","2021-02-01","1bbff9d98cea4a6789d1e831dc2925da","ft^3/s","3580",-82.6608333333333,35.7863888888889
"bbe436f8-59b7-4801-aeef-e5708d5da6a0","Approved","2025-03-11T13:29:29.497723+00:00","USGS-03453500","00060",,"00003","2021-02-02","1bbff9d98cea4a6789d1e831dc2925da","ft^3/s","3240",-82.6608333333333,35.7863888888889
"8f3d76ed-f8ca-4c44-9daa-968b54c776ca","Approved","2025-03-11T13:29:29.497723+00:00","USGS-03453500","00060",,"00003","2021-02-03","1bbff9d98cea4a6789d1e831dc2925da","ft^3/s","2890",-82.6608333333333,35.7863888888889
"8faff289-1e95-4b33-84f1-1e72bf44365a","Approved","2025-03-11T13:29:29.497723+00:00","USGS-03453500","00060",,"00003","2021-02-04","1bbff9d98cea4a6789d1e831dc2925da","ft^3/s","2720",-82.6608333333333,35.7863888888889
"54531e40-224a-426c-b546-64d2aa46707e","Approved","2025-03-11T13:29:29.497723+00:00","USGS-03453500","00060",,"00003","2021-02-05","1bbff9d98cea4a6789d1e831dc2925da","ft^3/s","2700",-82.6608333333333,35.7863888888889
"42911b21-cf9b-46ba-89b6-5949a57371a7","Approved","2025-03-11T13:29:29.497723+00:00","USGS-03453500","00060",,"00003","2021-02-06","1bbff9d98cea4a6789d1e831dc2925da","ft^3/s","2650",-82.6608333333333,35.7863888888889
"d49474d7-27e9-462f-a956-7eadc7572e90","Approved","2025-03-11T13:29:29.497723+00:00","USGS-03453500","00060",,"00003","2021-02-07","1bbff9d98cea4a6789d1e831dc2925da","ft^3/s","2680",-82.6608333333333,35.7863888888889
"037adfd7-0f07-4f4a-98e2-703514307da0","Approved","2025-03-11T13:29:29.497723+00:00","USGS-03453500","00060",,"00003","2021-02-08","1bbff9d98cea4a6789d1e831dc2925da","ft^3/s","2770",-82.6608333333333,35.7863888888889
"1ac62a75-1651-4919-ae68-ebd401d6ca51","Approved","2025-03-11T13:29:29.497723+00:00","USGS-03453500","00060",,"00003","2021-02-09","1bbff9d98cea4a6789d1e831dc2925da","ft^3/s","2590",-82.6608333333333,35.7863888888889
"458cbcf7-9a04-4c4f-b61a-a84186dd8802","Approved","2025-03-11T13:29:29.497723+00:00","USGS-03453500","00060",,"00003","2021-02-10","1bbff9d98cea4a6789d1e831dc2925da","ft^3/s","2540",-82.6608333333333,35.7863888888889
"c0298214-ceb9-4703-bc59-1e60479f3cfc","Approved","2025-03-11T13:29:29.497723+00:00","USGS-03453500","00060",,"00003","2021-02-11","1bbff9d98cea4a6789d1e831dc2925da","ft^3/s","2530",-82.6608333333333,35.7863888888889
"b4f0768f-4247-476d-82e0-aa1ca9b2875d","Approved","2025-03-11T13:29:29.497723+00:00","USGS-03453500","00060",,"00003","2021-02-12","1bbff9d98cea4a6789d1e831dc2925da","ft^3/s","2980",-82.6608333333333,35.7863888888889
"38cfb0aa-544a-4767-b72a-ea34a1524424","Approved","2025-03-11T13:29:29.497723+00:00","USGS-03453500","00060",,"00003","2021-02-13","1bbff9d98cea4a6789d1e831dc2925da","ft^3/s","4570",-82.6608333333333,35.7863888888889
"7ef6f0e2-bd4e-4fb5-ac78-020ee601ad8d","Approved","2025-03-11T13:29:29.497723+00:00","USGS-03453500","00060",,"00003","2021-02-14","1bbff9d98cea4a6789d1e831dc2925da","ft^3/s","5170",-82.6608333333333,35.7863888888889
"b5c9eccb-fe74-4e6e-a7f0-1510ed14acf4","Approved","2025-03-11T13:29:29.497723+00:00","USGS-03453500","00060",,"00003","2021-02-15","1bbff9d98cea4a6789d1e831dc2925da","ft^3/s","4350",-82.6608333333333,35.7863888888889
"f873cb3a-75e3-43e1-8fb5-acf643225de3","Approved","2025-03-11T13:29:29.497723+00:00","USGS-03453500","00060",,"00003","2021-02-16","1bbff9d98cea4a6789d1e831dc2925da","ft^3/s","5990",-82.6608333333333,35.7863888888889
"d58e6136-f0cd-4eaf-bba5-741847f66dbe","Approved","2025-03-11T13:29:29.497723+00:00","USGS-03453500","00060",,"00003","2021-02-17","1bbff9d98cea4a6789d1e831dc2925da","ft^3/s","5260",-82.6608333333333,35.7863888888889
"3d4c32fb-a1c0-47ca-bcbf-7b6ba1340b9f","Approved","2025-03-11T13:29:29.497723+00:00","USGS-03453500","00060",,"00003","2021-02-18","1bbff9d98cea4a6789d1e831dc2925da","ft^3/s","7060",-82.6608333333333,35.7863888888889
"e0c294e2-8376-4654-8306-bf3fa5b91ef4","Approved","2025-03-11T13:29:29.497723+00:00","USGS-03453500","00060",,"00003","2021-02-19","1bbff9d98cea4a6789d1e831dc2925da","ft^3/s","7020",-82.6608333333333,35.7863888888889
"c506bf7c-b650-4ac3-aafb-e41009e93aeb","Approved","2025-03-11T13:29:29.497723+00:00","USGS-03453500","00060",,"00003","2021-02-20","1bbff9d98cea4a6789d1e831dc2925da","ft^3/s","5360",-82.6608333333333,35.7863888888889
"989611f4-072f-474d-a96f-1044310f517d","Approved","2025-03-11T13:29:29.497723+00:00","USGS-03453500","00060",,"00003","2021-02-21","1bbff9d98cea4a6789d1e831dc2925da","ft^3/s","4450",-82.6608333333333,35.7863888888889
"cc1a46c0-7de5-4a78-adf5-4a3972090b29","Approved","2025-03-11T13:29:29.497723+00:00","USGS-03453500","00060",,"00003","2021-02-22","1bbff9d98cea4a6789d1e831dc2925da","ft^3/s","4160",-82.6608333333333,35.7863888888889
"fc8384d0-f781-4ab3-b702-e1f2c4a97466","Approved","2025-03-11T13:29:29.497723+00:00","USGS-03453500","00060",,"00003","2021-02-23","1bbff9d98cea4a6789d1e831dc2925da","ft^3/s","4120",-82.6608333333333,35.7863888888889
"b5a4301d-d1e4-4d13-a04b-be84acfe4236","Approved","2025-03-11T13:29:29.497723+00:00","USGS-03453500","00060",,"00003","2021-02-24","1bbff9d98cea4a6789d1e831dc2925da","ft^3/s","3740",-82.6608333333333,35.7863888888889
"4973d2e6-3a4f-4056-97df-9bbccfa622fe","Approved","2025-03-11T13:29:29.497723+00:00","USGS-03453500","00060",,"00003","2021-02-25","1bbff9d98cea4a6789d1e831dc2925da","ft^3/s","3440",-82.6608333333333,35.7863888888889
"1226088e-50a8-4432-98e6-6d74386df0b0","Approved","2025-03-11T13:29:29.497723+00:00","USGS-03453500","00060",,"00003","2021-02-26","1bbff9d98cea4a6789d1e831dc2925da","ft^3/s","3460",-82.6608333333333,35.7863888888889
"7b407f2f-96ff-416f-9522-fb629916af80","Approved","2025-03-11T13:29:29.497723+00:00","USGS-03453500","00060",,"00003","2021-02-27","1bbff9d98cea4a6789d1e831dc2925da","ft^3/s","4450",-82.6608333333333,35.7863888888889
"8f924109-d87e-4263-94e8-6a1e4f816008","Approved","2025-03-11T13:29:29.497723+00:00","USGS-03453500","00060",,"00003","2021-02-28","1bbff9d98cea4a6789d1e831dc2925da","ft^3/s","4070",-82.6608333333333,35.7863888888889
"4eca020d-6467-4846-84e7-c7a5a124ae17","Approved","2025-03-11T13:29:29.497723+00:00","USGS-03453500","00060",,"00003","2021-03-01","1bbff9d98cea4a6789d1e831dc2925da","ft^3/s","5010",-82.6608333333333,35.7863888888889
"8a75319e-b330-4a8f-ba06-ca48439db974","Approved","2025-03-11T13:29:29.497723+00:00","USGS-03453500","00060",,"00003","2021-03-02","1bbff9d98cea4a6789d1e831dc2925da","ft^3/s","4800",-82.6608333333333,35.7863888888889
"d9a74da9-65c0-404a-886b-cf7b4ec8b8d6","Approved","2025-03-11T13:29:29.497723+00:00","USGS-03453500","00060",,"00003","2021-03-03","1bbff9d98cea4a6789d1e831dc2925da","ft^3/s","4120",-82.6608333333333,35.7863888888889
"5a0e0ac7-453c-4e76-84b9-100a57d37b54","Approved","2025-03-11T13:29:29.497723+00:00","USGS-03453500","00060",,"00003","2021-03-04","1bbff9d98cea4a6789d1e831dc2925da","ft^3/s","3760",-82.6608333333333,35.7863888888889
"8ff989e8-ecbe-4d07-ba73-7cc3949dc90d","Approved","2025-03-11T13:29:29.497723+00:00","USGS-03453500","00060",,"00003","2021-03-05","1bbff9d98cea4a6789d1e831dc2925da","ft^3/s","3440",-82.6608333333333,35.7863888888889
"93947d04-1c48-4506-a022-53807ae9bccf","Approved","2025-03-11T13:29:29.497723+00:00","USGS-03453500","00060",,"00003","2021-03-06","1bbff9d98cea4a6789d1e831dc2925da","ft^3/s","3180",-82.6608333333333,35.7863888888889
"a300bbf0-ae3d-468a-ac50-61b532595b20","Approved","2025-03-11T13:29:29.497723+00:00","USGS-03453500","00060",,"00003","2021-03-07","1bbff9d98cea4a6789d1e831dc2925da","ft^3/s","3000",-82.6608333333333,35.7863888888889
"cbd10c25-839b-4582-9c7c-4a6596a785ea","Approved","2025-03-11T13:29:29.497723+00:00","USGS-03453500","00060",,"00003","2021-03-08","1bbff9d98cea4a6789d1e831dc2925da","ft^3/s","2860",-82.6608333333333,35.7863888888889
"4dcb6603-8c4e-4c9a-a214-d0a6249e215b","Approved","2025-03-11T13:29:29.497723+00:00","USGS-03453500","00060",,"00003","2021-03-09","1bbff9d98cea4a6789d1e831dc2925da","ft^3/s","2750",-82.6608333333333,35.7863888888889
"6ec1678e-904c-49a7-af05-853ef58078a0","Approved","2025-03-11T13:29:29.497723+00:00","USGS-03453500","00060",,"00003","2021-03-10","1bbff9d98cea4a6789d1e831dc2925da","ft^3/s","2670",-82.6608333333333,35.7863888888889
"1e2677be-2a22-4e86-b28d-f0e1170687a2","Approved","2025-03-11T13:29:29.497723+00:00","USGS-03453500","00060",,"00003","2021-03-11","1bbff9d98cea4a6789d1e831dc2925da","ft^3/s","2600",-82.6608333333333,35.7863888888889
"95e3c18e-7adf-4cfd-9a47-fde70c9c7c4c","Approved","2025-03-11T13:29:29.497723+00:00","USGS-03453500","00060",,"00003","2021-03-12","1bbff9d98cea4a6789d1e831dc2925da","ft^3/s","2550",-82.6608333333333,35.7863888888889
"142b6553-9505-4022-a20f-76865b830065","Approved","2025-03-11T13:29:29.497723+00:00","USGS-03453500","00060",,"00003","2021-03-13","1bbff9d98cea4a6789d1e831dc2925da","ft^3/s","2520",-82.6608333333333,35.7863888888889
"3f34fbe8-f219-441d-948d-3382e2e44d45","Approved","2025-03-11T13:29:29.497723+00:00","USGS-03453500","00060",,"00003","2021-03-14","1bbff9d98cea4a6789d1e831dc2925da","ft^3/s","2500",-82.6608333333333,35.7863888888889
"929d3075-8e7b-419b-84ba-2f7b6e642a1b","Approved","2025-03-11T13:29:29.497723+00:00","USGS-03453500","00060",,"00003","2021-03-15","1bbff9d98cea4a6789d1e831dc2925da","ft^3/s","2440",-82.6608333333333,35.7863888888889
"a43a24cd-d768-4a83-b8d9-5ecb5d99150f","Approved","2025-03-11T13:29:29.497723+00:00","USGS-03453500","00060",,"00003","2021-03-16","1bbff9d98cea4a6789d1e831dc2925da","ft^3/s","2870",-82.6608333333333,35.7863888888889
"646ff494-7155-46b6-8a92-fdd9e1f9d311","Approved","2025-03-11T13:29:29.497723+00:00","USGS-03453500","00060",,"00003","2021-03-17","1bbff9d98cea4a6789d1e831dc2925da","ft^3/s","3530",-82.6608333333333,35.7863888888889
"68dd8f83-8169-4795-b603-2da8e2620711","Approved","2025-03-11T13:29:29.497723+00:00","USGS-03453500","00060",,"00003","2021-03-18","1bbff9d98cea4a6789d1e831dc2925da","ft^3/s","6760",-82.6608333333333,35.7863888888889
"a80e9ef8-4bdc-4cc7-b2b6-fdb72ed908de","Approved","2025-03-11T13:29:29.497723+00:00","USGS-03453500","00060",,"00003","2021-03-19","1bbff9d98cea4a6789d1e831dc2925da","ft^3/s","8390",-82.6608333333333,35.7863888888889
"033b6905-4773-462f-bf6c-9eb1f9287600","Approved","2025-03-11T13:29:29.497723+00:00","USGS-03453500","00060",,"00003","2021-03-20","1bbff9d98cea4a6789d1e831dc2925da","ft^3/s","7040",-82.6608333333333,35.7863888888889
"c235d4a9-4f91-4436-aa5e-de228ace501d","Approved","2025-03-11T13:29:29.497723+00:00","USGS-03453500","00060",,"00003","2021-03-21","1bbff9d98cea4a6789d1e831dc2925da","ft^3/s","4790",-82.6608333333333,35.7863888888889
"aeedef65-3997-484e-94f4-93c2a7ec002d","Approved","2025-03-11T13:29:29.497723+00:00","USGS-03453500","00060",,"00003","2021-03-22","1bbff9d98cea4a6789d1e831dc2925da","ft^3/s","4070",-82.6608333333333,35.7863888888889
"da20d62a-0579-4370-b753-9e51a8215e69","Approved","2025-03-11T13:29:29.497723+00:00","USGS-03453500","00060",,"00003","2021-03-23","1bbff9d98cea4a6789d1e831dc2925da","ft^3/s","3730",-82.6608333333333,35.7863888888889
"34830571-8917-447b-9dec-500c1707b0cb","Approved","2025-03-11T13:29:29.497723+00:00","USGS-03453500","00060",,"00003","2021-03-24","1bbff9d98cea4a6789d1e831dc2925da","ft^3/s","3520",-82.6608333333333,35.7863888888889
"928d0cdb-60f8-47eb-a126-cb2a90834ab2","Approved","2025-03-11T13:29:29.497723+00:00","USGS-03453500","00060",,"00003","2021-03-25","1bbff9d98cea4a6789d1e831dc2925da","ft^3/s","5250",-82.6608333333333,35.7863888888889
"dd9cf7b1-e280-4eb8-970a-66135d4e2d90","Approved","2025-03-11T13:29:29.497723+00:00","USGS-03453500","00060",,"00003","2021-03-26","1bbff9d98cea4a6789d1e831dc2925da","ft^3/s","18900",-82.6608333333333,35.7863888888889
"a82b4265-1bc6-473e-9203-2ce0dd9435f0","Approved","2025-03-11T13:29:29.497723+00:00","USGS-03453500","00060",,"00003","2021-03-27","1bbff9d98cea4a6789d1e831dc2925da","ft^3/s","14200",-82.6608333333333,35.7863888888889
"7e81cb53-d5cb-487a-aa90-9ae2b8a52215","Approved","2025-03-11T13:29:29.497723+00:00","USGS-03453500","00060",,"00003","2021-03-28","1bbff9d98cea4a6789d1e831dc2925da","ft^3/s","12900",-82.6608333333333,35.7863888888889
"48b81b4e-beae-49db-b69f-097491ed52e8","Approved","2025-03-11T13:29:29.497723+00:00","USGS-03453500","00060",,"00003","2021-03-29","1bbff9d98cea4a6789d1e831dc2925da","ft^3/s","10100",-82.6608333333333,35.7863888888889
"cd4a197f-4e38-4a40-a9b1-2d1632663d77","Approved","2025-03-11T13:29:29.497723+00:00","USGS-03453500","00060",,"00003","2021-03-30","1bbff9d98cea4a6789d1e831dc2925da","ft^3/s","7270",-82.6608333333333,35.7863888888889
"767238a8-c32d-47a6-827b-edd1a7892d05","Approved","2025-03-11T13:29:29.497723+00:00","USGS-03453500","00060",,"00003","2021-03-31","1bbff9d98cea4a6789d1e831dc2925da","ft^3/s","7550",-82.6608333333333,35.7863888888889
"ace42921-9342-4a7c-8daf-6e79ca26c96f","Approved","2025-03-11T13:29:29.497723+00:00","USGS-03453500","00060",,"00003","2021-04-01","1bbff9d98cea4a6789d1e831dc2925da","ft^3/s","8680",-82.6608333333333,35.7863888888889
"5e5ecb83-2f09-420f-8e4a-66e0e8fc0100","Approved","2025-03-11T13:29:29.497723+00:00","USGS-03453500","00060",,"00003","2021-04-02","1bbff9d98cea4a6789d1e831dc2925da","ft^3/s","7300",-82.6608333333333,35.7863888888889
"d273a37a-3e05-4c10-93ce-117b0780e070","Approved","2025-03-11T13:29:29.497723+00:00","USGS-03453500","00060",,"00003","2021-04-03","1bbff9d98cea4a6789d1e831dc2925da","ft^3/s","5890",-82.6608333333333,35.7863888888889
"7d20a2d7-fe62-48e4-a913-be83fd8d069c","Approved","2025-03-11T13:29:29.497723+00:00","USGS-03453500","00060",,"00003","2021-04-04","1bbff9d98cea4a6789d1e831dc2925da","ft^3/s","5160",-82.6608333333333,35.7863888888889
"71c2cd90-e7e6-4e90-bcef-31d97af4e5f0","Approved","2025-03-11T13:29:29.497723+00:00","USGS-03453500","00060",,"00003","2021-04-05","1bbff9d98cea4a6789d1e831dc2925da","ft^3/s","4740",-82.6608333333333,35.7863888888889
"f7b445c5-a720-480d-920e-9c6b72c8c378","Approved","2025-03-11T13:29:29.497723+00:00","USGS-03453500","00060",,"00003","2021-04-06","1bbff9d98cea4a6789d1e831dc2925da","ft^3/s","4460",-82.6608333333333,35.7863888888889
"fe812a49-6152-4481-bed7-8df2471bfaf2","Approved","2025-03-11T13:29:29.497723+00:00","USGS-03453500","00060",,"00003","2021-04-07","1bbff9d98cea4a6789d1e831dc2925da","ft^3/s","4220",-82.6608333333333,35.7863888888889
"f7d492ae-4967-4928-800c-0510acbd8a64","Approved","2025-03-11T13:29:29.497723+00:00","USGS-03453500","00060",,"00003","2021-04-08","1bbff9d98cea4a6789d1e831dc2925da","ft^3/s","4020",-82.6608333333333,35.7863888888889
"2eb4b2fd-48b9-47ff-a0af-3e76cfc28d5e","Approved","2025-03-11T13:29:29.497723+00:00","USGS-03453500","00060",,"00003","2021-04-09","1bbff9d98cea4a6789d1e831dc2925da","ft^3/s","3880",-82.6608333333333,35.7863888888889
"56a93514-c7e9-4009-b0cd-e44a7ce82824","Approved","2025-03-11T13:29:29.497723+00:00","USGS-03453500","00060",,"00003","2021-04-10","1bbff9d98cea4a6789d1e831dc2925da","ft^3/s","4010",-82.6608333333333,35.7863888888889
"6fe78f64-deed-4f4d-bd30-0b5daaca7095","Approved","2025-03-11T13:29:29.497723+00:00","USGS-03453500","00060",,"00003","2021-04-11","1bbff9d98cea4a6789d1e831dc2925da","ft^3/s","6030",-82.6608333333333,35.7863888888889
"7939819a-1e81-47c6-80e6-da769dff6b6b","Approved","2025-03-11T13:29:29.497723+00:00","USGS-03453500","00060",,"00003","2021-04-12","1bbff9d98cea4a6789d1e831dc2925da","ft^3/s","5200",-82.6608333333333,35.7863888888889
"0cae175b-e601-4270-82bd-9f45bd06c35d","Approved","2025-03-11T13:29:29.497723+00:00","USGS-03453500","00060",,"00003","2021-04-13","1bbff9d98cea4a6789d1e831dc2925da","ft^3/s","4320",-82.6608333333333,35.7863888888889
"910feba1-f4c8-42d3-b862-195eb7558f55","Approved","2025-03-11T13:29:29.497723+00:00","USGS-03453500","00060",,"00003","2021-04-14","1bbff9d98cea4a6789d1e831dc2925da","ft^3/s","3980",-82.6608333333333,35.7863888888889
"c950bac1-c8ea-494f-ade5-54c70b34ed72","Approved","2025-03-11T13:29:29.497723+00:00","USGS-03453500","00060",,"00003","2021-04-15","1bbff9d98cea4a6789d1e831dc2925da","ft^3/s","3800",-82.6608333333333,35.7863888888889
"b226fd38-4012-483e-bdc8-7382a65ce271","Approved","2025-03-11T13:29:29.497723+00:00","USGS-03453500","00060",,"00003","2021-04-16","1bbff9d98cea4a6789d1e831dc2925da","ft^3/s","3620",-82.6608333333333,35.7863888888889
"f7428980-c533-4921-b0c2-3ab07fb484db","Approved","2025-03-11T13:29:29.497723+00:00","USGS-03453500","00060",,"00003","2021-04-17","1bbff9d98cea4a6789d1e831dc2925da","ft^3/s","3470",-82.6608333333333,35.7863888888889
"a8bf3e29-57de-4faa-8cda-60d8273e61c5","Approved","2025-03-11T13:29:29.497723+00:00","USGS-03453500","00060",,"00003","2021-04-18","1bbff9d98cea4a6789d1e831dc2925da","ft^3/s","3360",-82.6608333333333,35.7863888888889
"d1a1b107-8d91-4626-92f7-59e33f4906dd","Approved","2025-03-11T13:29:29.497723+00:00","USGS-03453500","00060",,"00003","2021-04-19","1bbff9d98cea4a6789d1e831dc2925da","ft^3/s","3250",-82.6608333333333,35.7863888888889
"5fb110e3-437d-42a7-a611-5ff0a16b9c8f","Approved","2025-03-11T13:29:29.497723+00:00","USGS-03453500","00060",,"00003","2021-04-20","1bbff9d98cea4a6789d1e831dc2925da","ft^3/s","3130",-82.6608333333333,35.7863888888889
"a7896206-f959-48be-8671-67a0b749d5d8","Approved","2025-03-11T13:29:29.497723+00:00","USGS-03453500","00060",,"00003","2021-04-21","1bbff9d98cea4a6789d1e831dc2925da","ft^3/s","3030",-82.6608333333333,35.7863888888889
"7c93cbc2-6229-42ab-b5bb-27d7df222624","Approved","2025-03-11T13:29:29.497723+00:00","USGS-03453500","00060",,"00003","2021-04-22","1bbff9d98cea4a6789d1e831dc2925da","ft^3/s","2930",-82.6608333333333,35.7863888888889
"62f203ea-0c67-46a7-bc54-1f104624041b","Approved","2025-03-11T13:29:29.497723+00:00","USGS-03453500","00060",,"00003","2021-04-23","1bbff9d98cea4a6789d1e831dc2925da","ft^3/s","2880",-82.6608333333333,35.7863888888889
"bd47494e-c329-401d-b5bf-148174b85e5b","Approved","2025-03-11T13:29:29.497723+00:00","USGS-03453500","00060",,"00003","2021-04-24","1bbff9d98cea4a6789d1e831dc2925da","ft^3/s","3110",-82.6608333333333,35.7863888888889
"7ba7cc0f-6e98-4677-9437-8a00ed708939","Approved","2025-03-11T13:29:29.497723+00:00","USGS-03453500","00060",,"00003","2021-04-25","1bbff9d98cea4a6789d1e831dc2925da","ft^3/s","3750",-82.6608333333333,35.7863888888889
"34e5538c-35f6-4c50-8a9e-14f5618108ae","Approved","2025-03-11T13:29:29.497723+00:00","USGS-03453500","00060",,"00003","2021-04-26","1bbff9d98cea4a6789d1e831dc2925da","ft^3/s","3310",-82.6608333333333,35.7863888888889
"9dc4ad44-c113-4e4a-b711-b4155e9e8dc7","Approved","2025-03-11T13:29:29.497723+00:00","USGS-03453500","00060",,"00003","2021-04-27","1bbff9d98cea4a6789d1e831dc2925da","ft^3/s","2930",-82.6608333333333,35.7863888888889
"ebc7769d-68d5-4b08-8118-a3119d82f84a","Approved","2025-03-11T13:29:29.497723+00:00","USGS-03453500","00060",,"00003","2021-04-28","1bbff9d98cea4a6789d1e831dc2925da","ft^3/s","2810",-82.6608333333333,35.7863888888889
"9c7d9767-e492-4e3f-b649-94ca2f19d1b6","Approved","2025-03-11T13:29:29.497723+00:00","USGS-03453500","00060",,"00003","2021-04-29","1bbff9d98cea4a6789d1e831dc2925da","ft^3/s","2730",-82.6608333333333,35.7863888888889
"e646ecb0-8acd-4ad5-8d5b-3d94cb9fd39d","Approved","2025-03-11T13:29:29.497723+00:00","USGS-03453500","00060",,"00003","2021-04-30","1bbff9d98cea4a6789d1e831dc2925da","ft^3/s","2710",-82.6608333333333,35.7863888888889
"3386c3ef-160d-4382-abb8-9be6dea76e72","Approved","2025-03-11T13:29:29.497723+00:00","USGS-03453500","00060",,"00003","2021-05-01","1bbff9d98cea4a6789d1e831dc2925da","ft^3/s","2550",-82.6608333333333,35.7863888888889
"b81ac0ad-61eb-4d21-a50b-819ca544e316","Approved","2025-03-11T13:29:29.497723+00:00","USGS-03453500","00060",,"00003","2021-05-02","1bbff9d98cea4a6789d1e831dc2925da","ft^3/s","2470",-82.6608333333333,35.7863888888889
"7c4423c7-38ac-4858-bea6-a2610817cfd3","Approved","2025-03-11T13:29:29.497723+00:00","USGS-03453500","00060",,"00003","2021-05-03","1bbff9d98cea4a6789d1e831dc2925da","ft^3/s","3070",-82.6608333333333,35.7863888888889
"a87e828f-0298-43bf-8b68-944e888b00c6","Approved","2025-03-11T13:29:29.497723+00:00","USGS-03453500","00060",,"00003","2021-05-04","1bbff9d98cea4a6789d1e831dc2925da","ft^3/s","4630",-82.6608333333333,35.7863888888889
"269c154a-aed7-46d3-a17d-297304fc553e","Approved","2025-03-11T13:29:29.497723+00:00","USGS-03453500","00060",,"00003","2021-05-05","1bbff9d98cea4a6789d1e831dc2925da","ft^3/s","4660",-82.6608333333333,35.7863888888889
"6e0909a8-9334-46f5-a571-3e59c60c5fc5","Approved","2025-03-11T13:29:29.497723+00:00","USGS-03453500","00060",,"00003","2021-05-06","1bbff9d98cea4a6789d1e831dc2925da","ft^3/s","3920",-82.6608333333333,35.7863888888889
"12a79741-1c90-4005-a10f-82138b157cb2","Approved","2025-03-11T13:29:29.497723+00:00","USGS-03453500","00060",,"00003","2021-05-07","1bbff9d98cea4a6789d1e831dc2925da","ft^3/s","3310",-82.6608333333333,35.7863888888889
"87a0e2d9-8e68-4eb0-9256-5c2ec13f0f22","Approved","2025-03-11T13:29:29.497723+00:00","USGS-03453500","00060",,"00003","2021-05-08","1bbff9d98cea4a6789d1e831dc2925da","ft^3/s","3020",-82.6608333333333,35.7863888888889
"6036dda5-2db6-42df-8895-4b1279d0a474","Approved","2025-03-11T13:29:29.497723+00:00","USGS-03453500","00060",,"00003","2021-05-09","1bbff9d98cea4a6789d1e831dc2925da","ft^3/s","2850",-82.6608333333333,35.7863888888889
"be6397a4-de6a-4502-87c4-1a90468e92e8","Approved","2025-03-11T13:29:29.497723+00:00","USGS-03453500","00060",,"00003","2021-05-10","1bbff9d98cea4a6789d1e831dc2925da","ft^3/s","3360",-82.6608333333333,35.7863888888889
"8183ef63-bee2-4a96-bb69-fc485bb7a1af","Approved","2025-03-11T13:29:29.497723+00:00","USGS-03453500","00060",,"00003","2021-05-11","1bbff9d98cea4a6789d1e831dc2925da","ft^3/s","2900",-82.6608333333333,35.7863888888889
"7f0a319a-d97c-431b-9425-fc16a36e26ff","Approved","2025-03-11T13:29:29.497723+00:00","USGS-03453500","00060",,"00003","2021-05-12","1bbff9d98cea4a6789d1e831dc2925da","ft^3/s","3040",-82.6608333333333,35.7863888888889
"fa94b94b-352f-48ca-b994-ae6bff7a01c9","Approved","2025-03-11T13:29:29.497723+00:00","USGS-03453500","00060",,"00003","2021-05-13","1bbff9d98cea4a6789d1e831dc2925da","ft^3/s","3300",-82.6608333333333,35.7863888888889
"64921c21-4540-4fb9-8d17-9652cd410784","Approved","2025-03-11T13:29:29.497723+00:00","USGS-03453500","00060",,"00003","2021-05-14","1bbff9d98cea4a6789d1e831dc2925da","ft^3/s","2910",-82.6608333333333,35.7863888888889
"0ad68825-0290-4c23-9ebf-ccc6c28583f0","Approved","2025-03-11T13:29:29.497723+00:00","USGS-03453500","00060",,"00003","2021-05-15","1bbff9d98cea4a6789d1e831dc2925da","ft^3/s","2670",-82.6608333333333,35.7863888888889
"6872b8b6-2eac-40c8-ab38-8f0526b198e6","Approved","2025-03-11T13:29:29.497723+00:00","USGS-03453500","00060",,"00003","2021-05-16","1bbff9d98cea4a6789d1e831dc2925da","ft^3/s","2540",-82.6608333333333,35.7863888888889
"155f48ca-b55d-4acf-a88a-e8f41be644cd","Approved","2025-03-11T13:29:29.497723+00:00","USGS-03453500","00060",,"00003","2021-05-17","1bbff9d98cea4a6789d1e831dc2925da","ft^3/s","2440",-82.6608333333333,35.7863888888889
"a117cfbc-b1ec-491a-9dea-4e79108be054","Approved","2025-03-11T13:29:29.497723+00:00","USGS-03453500","00060",,"00003","2021-05-18","1bbff9d98cea4a6789d1e831dc2925da","ft^3/s","2360",-82.6608333333333,35.7863888888889
"df1f8104-4408-4da9-8ffa-f05e0418fb90","Approved","2025-03-11T13:29:29.497723+00:00","USGS-03453500","00060",,"00003","2021-05-19","1bbff9d98cea4a6789d1e831dc2925da","ft^3/s","2310",-82.6608333333333,35.7863888888889
"14facf55-7c24-49fb-b229-16d44fccfdf8","Approved","2025-03-11T13:29:29.497723+00:00","USGS-03453500","00060",,"00003","2021-05-20","1bbff9d98cea4a6789d1e831dc2925da","ft^3/s","2230",-82.6608333333333,35.7863888888889
"64cee2e8-2caa-4b94-9e5e-523d85b9a1c5","Approved","2025-03-11T13:29:29.497723+00:00","USGS-03453500","00060",,"00003","2021-05-21","1bbff9d98cea4a6789d1e831dc2925da","ft^3/s","2140",-82.6608333333333,35.7863888888889
"920da49b-9dae-4b18-98a3-98f4ca394e53","Approved","2025-03-11T13:29:29.497723+00:00","USGS-03453500","00060",,"00003","2021-05-22","1bbff9d98cea4a6789d1e831dc2925da","ft^3/s","2080",-82.6608333333333,35.7863888888889
"bb43173a-ed1b-4a8e-b035-8edccab0c90b","Approved","2025-03-11T13:29:29.497723+00:00","USGS-03453500","00060",,"00003","2021-05-23","1bbff9d98cea4a6789d1e831dc2925da","ft^3/s","2030",-82.6608333333333,35.7863888888889
"b1232ab1-b85e-48b6-849e-dfb7a0faa993","Approved","2025-03-11T13:29:29.497723+00:00","USGS-03453500","00060",,"00003","2021-05-24","1bbff9d98cea4a6789d1e831dc2925da","ft^3/s","1980",-82.6608333333333,35.7863888888889
"7725c524-265f-4758-8d61-1660fd629d76","Approved","2025-03-11T13:29:29.497723+00:00","USGS-03453500","00060",,"00003","2021-05-25","1bbff9d98cea4a6789d1e831dc2925da","ft^3/s","1950",-82.6608333333333,35.7863888888889
"60314d06-e817-4c13-bd37-4f2ed2ef5c27","Approved","2025-03-11T13:29:29.497723+00:00","USGS-03453500","00060",,"00003","2021-05-26","1bbff9d98cea4a6789d1e831dc2925da","ft^3/s","1970",-82.6608333333333,35.7863888888889
"053f35a9-e2a5-4dc4-b8a0-9e214e6a8581","Approved","2025-03-11T13:29:29.497723+00:00","USGS-03453500","00060",,"00003","2021-05-27","1bbff9d98cea4a6789d1e831dc2925da","ft^3/s","1900",-82.6608333333333,35.7863888888889
"2f19dbe4-0012-4185-be51-7b6f167054a7","Approved","2025-03-11T13:29:29.497723+00:00","USGS-03453500","00060",,"00003","2021-05-28","1bbff9d98cea4a6789d1e831dc2925da","ft^3/s","1960",-82.6608333333333,35.7863888888889
"695f569b-84e7-4b39-91f2-d453999c6003","Approved","2025-03-11T13:29:29.497723+00:00","USGS-03453500","00060",,"00003","2021-05-29","1bbff9d98cea4a6789d1e831dc2925da","ft^3/s","2410",-82.6608333333333,35.7863888888889
"4665485a-36e5-47f4-97a9-4f3dc4f74276","Approved","2025-03-11T13:29:29.497723+00:00","USGS-03453500","00060",,"00003","2021-05-30","1bbff9d98cea4a6789d1e831dc2925da","ft^3/s","2080",-82.6608333333333,35.7863888888889
"c695e98e-9473-483a-87a0-a24c8a0bdb3c","Approved","2025-03-11T13:29:29.497723+00:00","USGS-03453500","00060",,"00003","2021-05-31","1bbff9d98cea4a6789d1e831dc2925da","ft^3/s","1870",-82.6608333333333,35.7863888888889
"0c45712f-8f56-4621-aed1-7a0d6e27b2d6","Approved","2025-03-11T13:29:29.497723+00:00","USGS-03453500","00060",,"00003","2021-06-01","1bbff9d98cea4a6789d1e831dc2925da","ft^3/s","1780",-82.6608333333333,35.7863888888889
"815e049d-d6f8-4744-b360-e937806d680b","Approved","2025-03-11T13:29:29.497723+00:00","USGS-03453500","00060",,"00003","2021-06-02","1bbff9d98cea4a6789d1e831dc2925da","ft^3/s","1740",-82.6608333333333,35.7863888888889
"3d2ef8e6-df09-4ef8-a5fe-490bf2375bca","Approved","2025-03-11T13:29:29.497723+00:00","USGS-03453500","00060",,"00003","2021-06-03","1bbff9d98cea4a6789d1e831dc2925da","ft^3/s","1720",-82.6608333333333,35.7863888888889
"67834964-3dd5-41c6-ba76-f90e8c4cb12b","Approved","2025-03-11T13:29:29.497723+00:00","USGS-03453500","00060",,"00003","2021-06-04","1bbff9d98cea4a6789d1e831dc2925da","ft^3/s","1770",-82.6608333333333,35.7863888888889
"627913a2-400c-4326-b795-8fdde5e62068","Approved","2025-03-11T13:29:29.497723+00:00","USGS-03453500","00060",,"00003","2021-06-05","1bbff9d98cea4a6789d1e831dc2925da","ft^3/s","1720",-82.6608333333333,35.7863888888889
"52de6683-8014-49ad-9e8b-fef69f0b3348","Approved","2025-03-11T13:29:29.497723+00:00","USGS-03453500","00060",,"00003","2021-06-06","1bbff9d98cea4a6789d1e831dc2925da","ft^3/s","1720",-82.6608333333333,35.7863888888889
"8781405f-7e11-4227-9471-f8db3dbd8202","Approved","2025-03-11T13:29:29.497723+00:00","USGS-03453500","00060",,"00003","2021-06-07","1bbff9d98cea4a6789d1e831dc2925da","ft^3/s","1670",-82.6608333333333,35.7863888888889
"6317b370-7fb2-4e29-8be3-b33c461226a7","Approved","2025-03-11T13:29:29.497723+00:00","USGS-03453500","00060",,"00003","2021-06-08","1bbff9d98cea4a6789d1e831dc2925da","ft^3/s","1780",-82.6608333333333,35.7863888888889
"26d9bdc0-2e89-4403-a033-f06f5303e11d","Approved","2025-03-11T13:29:29.497723+00:00","USGS-03453500","00060",,"00003","2021-06-09","1bbff9d98cea4a6789d1e831dc2925da","ft^3/s","2120",-82.6608333333333,35.7863888888889
"125b4bd0-8df2-4f58-8a32-1e9bbfb56560","Approved","2025-03-11T13:29:29.497723+00:00","USGS-03453500","00060",,"00003","2021-06-10","1bbff9d98cea4a6789d1e831dc2925da","ft^3/s","2420",-82.6608333333333,35.7863888888889
"83bb8bf7-ba79-40c8-b2af-c64e72114d1f","Approved","2025-03-11T13:29:29.497723+00:00","USGS-03453500","00060",,"00003","2021-06-11","1bbff9d98cea4a6789d1e831dc2925da","ft^3/s","2610",-82.6608333333333,35.7863888888889
"e8244e87-0e28-4750-b4a7-e9ba01c6c945","Approved","2025-03-11T13:29:29.497723+00:00","USGS-03453500","00060",,"00003","2021-06-12","1bbff9d98cea4a6789d1e831dc2925da","ft^3/s","3090",-82.6608333333333,35.7863888888889
"bfd43c69-0d58-496a-81d9-88c1045af935","Approved","2025-03-11T13:29:29.497723+00:00","USGS-03453500","00060",,"00003","2021-06-13","1bbff9d98cea4a6789d1e831dc2925da","ft^3/s","2690",-82.6608333333333,35.7863888888889
"73ee66ec-4046-4349-9193-75d910f4bf35","Approved","2025-03-11T13:29:29.497723+00:00","USGS-03453500","00060",,"00003","2021-06-14","1bbff9d98cea4a6789d1e831dc2925da","ft^3/s","2040",-82.6608333333333,35.7863888888889
"8551de59-55b6-4f4b-b852-b593bb4e6859","Approved","2025-03-11T13:29:29.497723+00:00","USGS-03453500","00060",,"00003","2021-06-15","1bbff9d98cea4a6789d1e831dc2925da","ft^3/s","1780",-82.6608333333333,35.7863888888889
"58b6d65d-8954-4bd6-a5f1-1f1835e03fc2","Approved","2025-03-11T13:29:29.497723+00:00","USGS-03453500","00060",,"00003","2021-06-16","1bbff9d98cea4a6789d1e831dc2925da","ft^3/s","1660",-82.6608333333333,35.7863888888889
"59728303-f149-4d4e-aa52-00c41f63b3f5","Approved","2025-03-11T13:29:29.497723+00:00","USGS-03453500","00060",,"00003","2021-06-17","1bbff9d98cea4a6789d1e831dc2925da","ft^3/s","1520",-82.6608333333333,35.7863888888889
"b203f5e3-b6a7-46ef-8fc2-7dc6313c6872","Approved","2025-03-11T13:29:29.497723+00:00","USGS-03453500","00060",,"00003","2021-06-18","1bbff9d98cea4a6789d1e831dc2925da","ft^3/s","1450",-82.6608333333333,35.7863888888889
"468742e7-f6b7-4f1e-9f4d-7515eb942eb4","Approved","2025-03-11T13:29:29.497723+00:00","USGS-03453500","00060",,"00003","2021-06-19","1bbff9d98cea4a6789d1e831dc2925da","ft^3/s","1420",-82.6608333333333,35.7863888888889
"f7e73bc9-0145-49a7-96ec-102556bb5daa","Approved","2025-03-11T13:29:29.497723+00:00","USGS-03453500","00060",,"00003","2021-06-20","1bbff9d98cea4a6789d1e831dc2925da","ft^3/s","1470",-82.6608333333333,35.7863888888889
"53ffa1dd-6a61-42a1-986a-785753384385","Approved","2025-03-11T13:29:29.497723+00:00","USGS-03453500","00060",,"00003","2021-06-21","1bbff9d98cea4a6789d1e831dc2925da","ft^3/s","1900",-82.6608333333333,35.7863888888889
"832724ab-1ba1-4ee8-97be-aa92bec165d9","Approved","2025-03-11T13:29:29.497723+00:00","USGS-03453500","00060",,"00003","2021-06-22","1bbff9d98cea4a6789d1e831dc2925da","ft^3/s","2090",-82.6608333333333,35.7863888888889
"97ccc473-dfc6-4b67-89a9-e897ecafb2f9","Approved","2025-03-11T13:29:29.497723+00:00","USGS-03453500","00060",,"00003","2021-06-23","1bbff9d98cea4a6789d1e831dc2925da","ft^3/s","1820",-82.6608333333333,35.7863888888889
"d266a084-df2a-41ef-bb69-6bf87c4c2eca","Approved","2025-03-11T13:29:29.497723+00:00","USGS-03453500","00060",,"00003","2021-06-24","1bbff9d98cea4a6789d1e831dc2925da","ft^3/s","1550",-82.6608333333333,35.7863888888889
"e9cd2b67-a3ac-4c6f-b359-d696920cff9b","Approved","2025-03-11T13:29:29.497723+00:00","USGS-03453500","00060",,"00003","2021-06-25","1bbff9d98cea4a6789d1e831dc2925da","ft^3/s","1420",-82.6608333333333,35.7863888888889
"56f907f6-1ae8-4474-9f38-55082de2ce52","Approved","2025-03-11T13:29:29.497723+00:00","USGS-03453500","00060",,"00003","2021-06-26","1bbff9d98cea4a6789d1e831dc2925da","ft^3/s","1370",-82.6608333333333,35.7863888888889
"4e678b42-4c5f-40e5-bcfa-9c9b35ce61a1","Approved","2025-03-11T13:29:29.497723+00:00","USGS-03453500","00060",,"00003","2021-06-27","1bbff9d98cea4a6789d1e831dc2925da","ft^3/s","1340",-82.6608333333333,35.7863888888889
"d9d7e0eb-2a9a-4159-b86a-07c0930f5a95","Approved","2025-03-11T13:29:29.497723+00:00","USGS-03453500","00060",,"00003","2021-06-28","1bbff9d98cea4a6789d1e831dc2925da","ft^3/s","1450",-82.6608333333333,35.7863888888889
"f2da1b3b-3605-45d3-a22e-07b0464a61a2","Approved","2025-03-11T13:29:29.497723+00:00","USGS-03453500","00060",,"00003","2021-06-29","1bbff9d98cea4a6789d1e831dc2925da","ft^3/s","1400",-82.6608333333333,35.7863888888889
"27632eca-1e13-4a3e-a76b-ea897099fc2d","Approved","2025-03-11T13:29:29.497723+00:00","USGS-03453500","00060",,"00003","2021-06-30","1bbff9d98cea4a6789d1e831dc2925da","ft^3/s","1630",-82.6608333333333,35.7863888888889
"25894021-750b-49f7-8fba-41da8fddfb92","Approved","2025-03-11T13:29:29.497723+00:00","USGS-03453500","00060",,"00003","2021-07-01","1bbff9d98cea4a6789d1e831dc2925da","ft^3/s","1770",-82.6608333333333,35.7863888888889
"1a8076e1-5032-4f19-a393-36e97900786b","Approved","2025-03-11T13:29:29.497723+00:00","USGS-03453500","00060",,"00003","2021-07-02","1bbff9d98cea4a6789d1e831dc2925da","ft^3/s","2250",-82.6608333333333,35.7863888888889
"edb7f9af-edac-49b2-a1d4-1b2df23c6432","Approved","2025-03-11T13:29:29.497723+00:00","USGS-03453500","00060",,"00003","2021-07-03","1bbff9d98cea4a6789d1e831dc2925da","ft^3/s","1790",-82.6608333333333,35.7863888888889
"eac6f074-5744-4747-b10f-58a0a99d1f74","Approved","2025-03-11T13:29:29.497723+00:00","USGS-03453500","00060",,"00003","2021-07-04","1bbff9d98cea4a6789d1e831dc2925da","ft^3/s","1510",-82.6608333333333,35.7863888888889
"4d545fae-2e54-4943-8507-830b4b8a526d","Approved","2025-03-11T13:29:29.497723+00:00","USGS-03453500","00060",,"00003","2021-07-05","1bbff9d98cea4a6789d1e831dc2925da","ft^3/s","1350",-82.6608333333333,35.7863888888889
"9b466a16-cba4-4ad8-889d-23e89a6cddda","Approved","2025-03-11T13:29:29.497723+00:00","USGS-03453500","00060",,"00003","2021-07-06","1bbff9d98cea4a6789d1e831dc2925da","ft^3/s","1270",-82.6608333333333,35.7863888888889
"8ae68f33-2f60-4e68-877e-30f4825a6948","Approved","2025-03-11T13:29:29.497723+00:00","USGS-03453500","00060",,"00003","2021-07-07","1bbff9d98cea4a6789d1e831dc2925da","ft^3/s","1200",-82.6608333333333,35.7863888888889
"c1c7f778-a25e-46d1-9525-b065e6225878","Approved","2025-03-11T13:29:29.497723+00:00","USGS-03453500","00060",,"00003","2021-07-08","1bbff9d98cea4a6789d1e831dc2925da","ft^3/s","1250",-82.6608333333333,35.7863888888889
"a3edb19b-ed04-4571-8e84-559e6dfbb854","Approved","2025-03-11T13:29:29.497723+00:00","USGS-03453500","00060",,"00003","2021-07-09","1bbff9d98cea4a6789d1e831dc2925da","ft^3/s","1390",-82.6608333333333,35.7863888888889
"d4780a8a-9447-4a7f-bb98-45b6664869de","Approved","2025-03-11T13:29:29.497723+00:00","USGS-03453500","00060",,"00003","2021-07-10","1bbff9d98cea4a6789d1e831dc2925da","ft^3/s","1420",-82.6608333333333,35.7863888888889
"766140fd-39bc-428c-85d8-e0bfa68de2d1","Approved","2025-03-11T13:29:29.497723+00:00","USGS-03453500","00060",,"00003","2021-07-11","1bbff9d98cea4a6789d1e831dc2925da","ft^3/s","1850",-82.6608333333333,35.7863888888889
"b7d82f3b-a0a6-4885-9861-2d07c72526b5","Approved","2025-03-11T13:29:29.497723+00:00","USGS-03453500","00060",,"00003","2021-07-12","1bbff9d98cea4a6789d1e831dc2925da","ft^3/s","1750",-82.6608333333333,35.7863888888889
"56b5b749-a00b-4c81-9fe9-6f0025ea4b0a","Approved","2025-03-11T13:29:29.497723+00:00","USGS-03453500","00060",,"00003","2021-07-13","1bbff9d98cea4a6789d1e831dc2925da","ft^3/s","1620",-82.6608333333333,35.7863888888889
"49246b1a-d10d-4f41-9ffe-b72b0752bd10","Approved","2025-03-11T13:29:29.497723+00:00","USGS-03453500","00060",,"00003","2021-07-14","1bbff9d98cea4a6789d1e831dc2925da","ft^3/s","1480",-82.6608333333333,35.7863888888889
"9f149520-b561-47ea-ba43-b8151fbf319c","Approved","2025-03-11T13:29:29.497723+00:00","USGS-03453500","00060",,"00003","2021-07-15","1bbff9d98cea4a6789d1e831dc2925da","ft^3/s","2350",-82.6608333333333,35.7863888888889
"5ae07353-a552-409a-8df8-a927da5c5acc","Approved","2025-03-11T13:29:29.497723+00:00","USGS-03453500","00060",,"00003","2021-07-16","1bbff9d98cea4a6789d1e831dc2925da","ft^3/s","1740",-82.6608333333333,35.7863888888889
"3809a0f7-b866-4843-9859-4f4cdd76bad6","Approved","2025-03-11T13:29:29.497723+00:00","USGS-03453500","00060",,"00003","2021-07-17","1bbff9d98cea4a6789d1e831dc2925da","ft^3/s","1490",-82.6608333333333,35.7863888888889
"6e2260d9-af3f-4a00-9935-d9adbee4e721","Approved","2025-03-11T13:29:29.497723+00:00","USGS-03453500","00060",,"00003","2021-07-18","1bbff9d98cea4a6789d1e831dc2925da","ft^3/s","1930",-82.6608333333333,35.7863888888889
"7f625a0f-5bca-4d36-89b8-407de7317591","Approved","2025-03-11T13:29:29.497723+00:00","USGS-03453500","00060",,"00003","2021-07-19","1bbff9d98cea4a6789d1e831dc2925da","ft^3/s","2620",-82.6608333333333,35.7863888888889
"a0e974a2-ad0a-4a2c-a086-6a768429e7cf","Approved","2025-03-11T13:29:29.497723+00:00","USGS-03453500","00060",,"00003","2021-07-20","1bbff9d98cea4a6789d1e831dc2925da","ft^3/s","2310",-82.6608333333333,35.7863888888889
"0e1fb86a-25fb-4a93-9923-d87419e1e8df","Approved","2025-03-11T13:29:29.497723+00:00","USGS-03453500","00060",,"00003","2021-07-21","1bbff9d98cea4a6789d1e831dc2925da","ft^3/s","2070",-82.6608333333333,35.7863888888889
"e669d6ce-1048-4e7d-9ab2-a73fe1773ae2","Approved","2025-03-11T13:29:29.497723+00:00","USGS-03453500","00060",,"00003","2021-07-22","1bbff9d98cea4a6789d1e831dc2925da","ft^3/s","1690",-82.6608333333333,35.7863888888889
"b5cda10f-6157-4bf0-b8d5-a533cf0716aa","Approved","2025-03-11T13:29:29.497723+00:00","USGS-03453500","00060",,"00003","2021-07-23","1bbff9d98cea4a6789d1e831dc2925da","ft^3/s","1450",-82.6608333333333,35.7863888888889
"9c6020b0-d7c6-4589-9a8b-440bab10a79f","Approved","2025-03-11T13:29:29.497723+00:00","USGS-03453500","00060",,"00003","2021-07-24","1bbff9d98cea4a6789d1e831dc2925da","ft^3/s","1700",-82.6608333333333,35.7863888888889
"649f2521-6ea4-4b65-a1bc-8adbed86bd32","Approved","2025-03-11T13:29:29.497723+00:00","USGS-03453500","00060",,"00003","2021-07-25","1bbff9d98cea4a6789d1e831dc2925da","ft^3/s","1600",-82.6608333333333,35.7863888888889
"69dfab28-451c-43a5-b851-968825a166c2","Approved","2025-03-11T13:29:29.497723+00:00","USGS-03453500","00060",,"00003","2021-07-26","1bbff9d98cea4a6789d1e831dc2925da","ft^3/s","1530",-82.6608333333333,35.7863888888889
"51e39378-4295-4411-aa5f-47f946b539e7","Approved","2025-03-11T13:29:29.497723+00:00","USGS-03453500","00060",,"00003","2021-07-27","1bbff9d98cea4a6789d1e831dc2925da","ft^3/s","2340",-82.6608333333333,35.7863888888889
"5ad2df90-723c-4ca0-81f8-bcb133499d3a","Approved","2025-03-11T13:29:29.497723+00:00","USGS-03453500","00060",,"00003","2021-07-28","1bbff9d98cea4a6789d1e831dc2925da","ft^3/s","2260",-82.6608333333333,35.7863888888889
"d9af44d0-8ac7-44e6-9d5b-00f02b4c4ba3","Approved","2025-03-11T13:29:29.497723+00:00","USGS-03453500","00060",,"00003","2021-07-29","1bbff9d98cea4a6789d1e831dc2925da","ft^3/s","1660",-82.6608333333333,35.7863888888889
"d6359edf-3eb6-43ce-a607-f1bd8185b1df","Approved","2025-03-11T13:29:29.497723+00:00","USGS-03453500","00060",,"00003","2021-07-30","1bbff9d98cea4a6789d1e831dc2925da","ft^3/s","1380",-82.6608333333333,35.7863888888889
"67b0d1a7-277a-4d26-82e6-c369b5b152d2","Approved","2025-03-11T13:29:29.497723+00:00","USGS-03453500","00060",,"00003","2021-07-31","1bbff9d98cea4a6789d1e831dc2925da","ft^3/s","1250",-82.6608333333333,35.7863888888889
"563a13b4-03c9-4f5b-8283-2aebebef429d","Approved","2025-03-11T13:29:29.497723+00:00","USGS-03453500","00060",,"00003","2021-08-01","1bbff9d98cea4a6789d1e831dc2925da","ft^3/s","1200",-82.6608333333333,35.7863888888889
"005babfb-dc41-4589-93de-670503b184d8","Approved","2025-03-11T13:29:29.497723+00:00","USGS-03453500","00060",,"00003","2021-08-02","1bbff9d98cea4a6789d1e831dc2925da","ft^3/s","1160",-82.6608333333333,35.7863888888889
"2574cff7-6e83-4388-b251-61e063b2da9a","Approved","2025-03-11T13:29:29.497723+00:00","USGS-03453500","00060",,"00003","2021-08-03","1bbff9d98cea4a6789d1e831dc2925da","ft^3/s","1110",-82.6608333333333,35.7863888888889
"f3dfc24d-3bfd-4141-ac9e-134d12403819","Approved","2025-03-11T13:29:29.497723+00:00","USGS-03453500","00060",,"00003","2021-08-04","1bbff9d98cea4a6789d1e831dc2925da","ft^3/s","1300",-82.6608333333333,35.7863888888889
"1a65727c-ad20-45f5-9f7b-a23eadb3e484","Approved","2025-03-11T13:29:29.497723+00:00","USGS-03453500","00060",,"00003","2021-08-05","1bbff9d98cea4a6789d1e831dc2925da","ft^3/s","1190",-82.6608333333333,35.7863888888889
"c8176bd2-f6b3-453d-8588-0dc6799fb0b7","Approved","2025-03-11T13:29:29.497723+00:00","USGS-03453500","00060",,"00003","2021-08-06","1bbff9d98cea4a6789d1e831dc2925da","ft^3/s","1110",-82.6608333333333,35.7863888888889
"513a136a-89bb-4951-bca3-8c926eeff2ea","Approved","2025-03-11T13:29:29.497723+00:00","USGS-03453500","00060",,"00003","2021-08-07","1bbff9d98cea4a6789d1e831dc2925da","ft^3/s","1120",-82.6608333333333,35.7863888888889
"a52bb8c3-d7de-4002-bec2-3ac85645d633","Approved","2025-03-11T13:29:29.497723+00:00","USGS-03453500","00060",,"00003","2021-08-08","1bbff9d98cea4a6789d1e831dc2925da","ft^3/s","1320",-82.6608333333333,35.7863888888889
"14af74e8-2ccd-4792-8d70-95cd9935875c","Approved","2025-03-11T13:29:29.497723+00:00","USGS-03453500","00060",,"00003","2021-08-09","1bbff9d98cea4a6789d1e831dc2925da","ft^3/s","1240",-82.6608333333333,35.7863888888889
"dc61a2b1-7cbe-48a6-b86d-31ab198fdb6a","Approved","2025-03-11T13:29:29.497723+00:00","USGS-03453500","00060",,"00003","2021-08-10","1bbff9d98cea4a6789d1e831dc2925da","ft^3/s","1210",-82.6608333333333,35.7863888888889
"579095b9-5f5d-43a9-bf47-985e080addd9","Approved","2025-03-11T13:29:29.497723+00:00","USGS-03453500","00060",,"00003","2021-08-11","1bbff9d98cea4a6789d1e831dc2925da","ft^3/s","1190",-82.6608333333333,35.7863888888889
"c6ba56f2-9627-43da-91bb-b17ae7b964f6","Approved","2025-03-11T13:29:29.497723+00:00","USGS-03453500","00060",,"00003","2021-08-12","1bbff9d98cea4a6789d1e831dc2925da","ft^3/s","1340",-82.6608333333333,35.7863888888889
"bc185097-89be-48ad-84fa-d1a49d496a83","Approved","2025-03-11T13:29:29.497723+00:00","USGS-03453500","00060",,"00003","2021-08-13","1bbff9d98cea4a6789d1e831dc2925da","ft^3/s","1150",-82.6608333333333,35.7863888888889
"58a51085-9680-413c-8d48-8b22d9eea2a8","Approved","2025-03-11T13:29:29.497723+00:00","USGS-03453500","00060",,"00003","2021-08-14","1bbff9d98cea4a6789d1e831dc2925da","ft^3/s","1200",-82.6608333333333,35.7863888888889
"c82abfea-0d1e-4fdf-a1ec-0378e867e520","Approved","2025-03-11T13:29:29.497723+00:00","USGS-03453500","00060",,"00003","2021-08-15","1bbff9d98cea4a6789d1e831dc2925da","ft^3/s","2340",-82.6608333333333,35.7863888888889
"b051bfc2-9000-40ec-ab59-217ffbbb3a2f","Approved","2025-03-11T13:29:29.497723+00:00","USGS-03453500","00060",,"00003","2021-08-16","1bbff9d98cea4a6789d1e831dc2925da","ft^3/s","3790",-82.6608333333333,35.7863888888889
"d62ffb42-c4be-462c-a127-1a68153fc70a","Approved","2025-03-11T13:29:29.497723+00:00","USGS-03453500","00060","['ESTIMATED']","00003","2021-08-17","1bbff9d98cea4a6789d1e831dc2925da","ft^3/s","15300",-82.6608333333333,35.7863888888889
"b9ad1257-f88e-4581-b5b1-462d4e983f5d","Approved","2025-03-11T13:29:29.497723+00:00","USGS-03453500","00060","['ESTIMATED']","00003","2021-08-18","1bbff9d98cea4a6789d1e831dc2925da","ft^3/s","20500",-82.6608333333333,35.7863888888889
"f63fc29b-e194-481c-883c-4e676fb860ff","Approved","2025-09-24T18:51:19.565605+00:00","USGS-03453500","00060",,"00003","2021-08-19","1bbff9d98cea4a6789d1e831dc2925da","ft^3/s","11800",-82.6608333333333,35.7863888888889
"ac3d3810-4fda-488a-acce-2c464347c227","Approved","2025-03-11T13:29:29.497723+00:00","USGS-03453500","00060",,"00003","2021-08-20","1bbff9d98cea4a6789d1e831dc2925da","ft^3/s","11500",-82.6608333333333,35.7863888888889
"bac130e5-b85f-4aa9-9062-5d5634ec061b","Approved","2025-03-11T13:29:29.497723+00:00","USGS-03453500","00060",,"00003","2021-08-21","1bbff9d98cea4a6789d1e831dc2925da","ft^3/s","9110",-82.6608333333333,35.7863888888889
"0a9a33ac-c5a0-4783-8d6f-be0504a7e99c","Approved","2025-03-11T13:29:29.497723+00:00","USGS-03453500","00060",,"00003","2021-08-22","1bbff9d98cea4a6789d1e831dc2925da","ft^3/s","6260",-82.6608333333333,35.7863888888889
"33ed2776-bc9e-4177-868a-35a3b7ae92ef","Approved","2025-03-11T13:29:29.497723+00:00","USGS-03453500","00060",,"00003","2021-08-23","1bbff9d98cea4a6789d1e831dc2925da","ft^3/s","3900",-82.6608333333333,35.7863888888889
"64015d97-2f10-4fb8-8066-44f95f415019","Approved","2025-03-11T13:29:29.497723+00:00","USGS-03453500","00060",,"00003","2021-08-24","1bbff9d98cea4a6789d1e831dc2925da","ft^3/s","3190",-82.6608333333333,35.7863888888889
"760bdeb6-a6fd-4635-8e36-6ecd1e18baea","Approved","2025-03-11T13:29:29.497723+00:00","USGS-03453500","00060",,"00003","2021-08-25","1bbff9d98cea4a6789d1e831dc2925da","ft^3/s","2840",-82.6608333333333,35.7863888888889
"13da717e-9b2a-4817-9eb6-5fd3db53973f","Approved","2025-03-11T13:29:29.497723+00:00","USGS-03453500","00060",,"00003","2021-08-26","1bbff9d98cea4a6789d1e831dc2925da","ft^3/s","2650",-82.6608333333333,35.7863888888889
"b0e53d19-de52-490b-9418-c65316119c75","Approved","2025-03-11T13:29:29.497723+00:00","USGS-03453500","00060",,"00003","2021-08-27","1bbff9d98cea4a6789d1e831dc2925da","ft^3/s","2860",-82.6608333333333,35.7863888888889
"94d7e248-a700-4ea1-a1a4-991bcf2d17f2","Approved","2025-03-11T13:29:29.497723+00:00","USGS-03453500","00060",,"00003","2021-08-28","1bbff9d98cea4a6789d1e831dc2925da","ft^3/s","2320",-82.6608333333333,35.7863888888889
"7a4888c6-8aff-428f-b154-c8c7275e32e7","Approved","2025-03-11T13:29:29.497723+00:00","USGS-03453500","00060",,"00003","2021-08-29","1bbff9d98cea4a6789d1e831dc2925da","ft^3/s","2100",-82.6608333333333,35.7863888888889
"b7ba732e-3bd8-410d-adc6-01ed73526e8b","Approved","2025-03-11T13:29:29.497723+00:00","USGS-03453500","00060",,"00003","2021-08-30","1bbff9d98cea4a6789d1e831dc2925da","ft^3/s","1950",-82.6608333333333,35.7863888888889
"88d82189-6192-465a-a3d7-4f69d290d8f5","Approved","2025-03-11T13:29:29.497723+00:00","USGS-03453500","00060",,"00003","2021-08-31","1bbff9d98cea4a6789d1e831dc2925da","ft^3/s","1910",-82.6608333333333,35.7863888888889
"94b4685f-f540-4f0c-80dd-4458ea790b67","Approved","2025-03-11T13:29:29.497723+00:00","USGS-03453500","00060",,"00003","2021-09-01","1bbff9d98cea4a6789d1e831dc2925da","ft^3/s","4200",-82.6608333333333,35.7863888888889
"946a1440-98c8-4263-bbd4-3243415e3829","Approved","2025-03-11T13:29:29.497723+00:00","USGS-03453500","00060",,"00003","2021-09-02","1bbff9d98cea4a6789d1e831dc2925da","ft^3/s","5240",-82.6608333333333,35.7863888888889
"b91fd872-bfcd-4409-b944-5cd8803b2933","Approved","2025-03-11T13:29:29.497723+00:00","USGS-03453500","00060",,"00003","2021-09-03","1bbff9d98cea4a6789d1e831dc2925da","ft^3/s","3960",-82.6608333333333,35.7863888888889
"c8e95233-c94c-4b48-a1ed-f3137d4e80db","Approved","2025-03-11T13:29:29.497723+00:00","USGS-03453500","00060",,"00003","2021-09-04","1bbff9d98cea4a6789d1e831dc2925da","ft^3/s","2870",-82.6608333333333,35.7863888888889
"33e36fd5-54f4-4c5f-8151-8e2a7fc9f8a4","Approved","2025-03-11T13:29:29.497723+00:00","USGS-03453500","00060",,"00003","2021-09-05","1bbff9d98cea4a6789d1e831dc2925da","ft^3/s","2470",-82.6608333333333,35.7863888888889
"7bbaa575-c278-4f41-ac94-df7a0e4a7690","Approved","2025-03-11T13:29:29.497723+00:00","USGS-03453500","00060",,"00003","2021-09-06","1bbff9d98cea4a6789d1e831dc2925da","ft^3/s","2260",-82.6608333333333,35.7863888888889
"820e3ca0-4fbd-4be6-b15a-1ab0f82c6a39","Approved","2025-03-11T13:29:29.497723+00:00","USGS-03453500","00060",,"00003","2021-09-07","1bbff9d98cea4a6789d1e831dc2925da","ft^3/s","2080",-82.6608333333333,35.7863888888889
"4d5888f3-c1bf-41be-9a14-1c37ab6a4ec5","Approved","2025-03-11T13:29:29.497723+00:00","USGS-03453500","00060",,"00003","2021-09-08","1bbff9d98cea4a6789d1e831dc2925da","ft^3/s","1990",-82.6608333333333,35.7863888888889
"de5be86a-bdbf-4b2b-a6aa-20eb6d951c1b","Approved","2025-03-11T13:29:29.497723+00:00","USGS-03453500","00060",,"00003","2021-09-09","1bbff9d98cea4a6789d1e831dc2925da","ft^3/s","2380",-82.6608333333333,35.7863888888889
"efe38d04-884e-4b1f-adcd-36971b4f1070","Approved","2025-03-11T13:29:29.497723+00:00","USGS-03453500","00060",,"00003","2021-09-10","1bbff9d98cea4a6789d1e831dc2925da","ft^3/s","1940",-82.6608333333333,35.7863888888889
"78099e68-def4-495a-bbdd-974941f4d165","Approved","2025-03-11T13:29:29.497723+00:00","USGS-03453500","00060",,"00003","2021-09-11","1bbff9d98cea4a6789d1e831dc2925da","ft^3/s","1760",-82.6608333333333,35.7863888888889
"d4248795-cba2-446c-9464-f48aaeea9bbe","Approved","2025-03-11T13:29:29.497723+00:00","USGS-03453500","00060",,"00003","2021-09-12","1bbff9d98cea4a6789d1e831dc2925da","ft^3/s","1670",-82.6608333333333,35.7863888888889
"8d2b138c-ef90-4c7c-9ac5-318e7c5d7bcc","Approved","2025-03-11T13:29:29.497723+00:00","USGS-03453500","00060",,"00003","2021-09-13","1bbff9d98cea4a6789d1e831dc2925da","ft^3/s","1600",-82.6608333333333,35.7863888888889
"484b298d-78cd-47ad-9407-8f1e8cb247d3","Approved","2025-03-11T13:29:29.497723+00:00","USGS-03453500","00060",,"00003","2021-09-14","1bbff9d98cea4a6789d1e831dc2925da","ft^3/s","1550",-82.6608333333333,35.7863888888889
"a4feef44-eb4f-4a62-99dd-2a5a0f252791","Approved","2025-03-11T13:29:29.497723+00:00","USGS-03453500","00060",,"00003","2021-09-15","1bbff9d98cea4a6789d1e831dc2925da","ft^3/s","1510",-82.6608333333333,35.7863888888889
"2bb1f3fa-e29d-498b-a1c3-f6a135120f37","Approved","2025-03-11T13:29:29.497723+00:00","USGS-03453500","00060",,"00003","2021-09-16","1bbff9d98cea4a6789d1e831dc2925da","ft^3/s","1530",-82.6608333333333,35.7863888888889
"c4e64cb6-932c-4de8-9a2c-4f2dcea19b1e","Approved","2025-03-11T13:29:29.497723+00:00","USGS-03453500","00060",,"00003","2021-09-17","1bbff9d98cea4a6789d1e831dc2925da","ft^3/s","1620",-82.6608333333333,35.7863888888889
"7ef96219-5952-4356-813a-ddffc25b2f2f","Approved","2025-03-11T13:29:29.497723+00:00","USGS-03453500","00060",,"00003","2021-09-18","1bbff9d98cea4a6789d1e831dc2925da","ft^3/s","1590",-82.6608333333333,35.7863888888889
"dacb5830-a096-48bb-a2ad-c424e6190f20","Approved","2025-03-11T13:29:29.497723+00:00","USGS-03453500","00060",,"00003","2021-09-19","1bbff9d98cea4a6789d1e831dc2925da","ft^3/s","1540",-82.6608333333333,35.7863888888889
"e1eb08a4-9ffd-442a-8288-39615a61af24","Approved","2025-03-11T13:29:29.497723+00:00","USGS-03453500","00060",,"00003","2021-09-20","1bbff9d98cea4a6789d1e831dc2925da","ft^3/s","1620",-82.6608333333333,35.7863888888889
"dcc82f19-6081-4857-9a5c-d402957c6b98","Approved","2025-03-11T13:29:29.497723+00:00","USGS-03453500","00060",,"00003","2021-09-21","1bbff9d98cea4a6789d1e831dc2925da","ft^3/s","1880",-82.6608333333333,35.7863888888889
"9e27ae6b-92f7-4a6a-8e0b-eea4f5011f3b","Approved","2025-03-11T13:29:29.497723+00:00","USGS-03453500","00060",,"00003","2021-09-22","1bbff9d98cea4a6789d1e831dc2925da","ft^3/s","2660",-82.6608333333333,35.7863888888889
"4789e8ac-a6ad-4fa4-8796-0df41aea1236","Approved","2025-03-11T13:29:29.497723+00:00","USGS-03453500","00060",,"00003","2021-09-23","1bbff9d98cea4a6789d1e831dc2925da","ft^3/s","2960",-82.6608333333333,35.7863888888889
"7a0c7d5b-7d65-4219-b43c-c1d1deea1e22","Approved","2025-03-11T13:29:29.497723+00:00","USGS-03453500","00060",,"00003","2021-09-24","1bbff9d98cea4a6789d1e831dc2925da","ft^3/s","2270",-82.6608333333333,35.7863888888889
"754f029b-5f09-4f55-8afa-5d921154358b","Approved","2025-03-11T13:29:29.497723+00:00","USGS-03453500","00060",,"00003","2021-09-25","1bbff9d98cea4a6789d1e831dc2925da","ft^3/s","1880",-82.6608333333333,35.7863888888889
"23120a45-6b9d-43ac-89b9-235695f61292","Approved","2025-03-11T13:29:29.497723+00:00","USGS-03453500","00060",,"00003","2021-09-26","1bbff9d98cea4a6789d1e831dc2925da","ft^3/s","1710",-82.6608333333333,35.7863888888889
"73854d93-53d8-4539-9921-b41c734fd72f","Approved","2025-05-16T18:21:17.600491+00:00","USGS-03453500","00060",,"00003","2021-09-27","1bbff9d98cea4a6789d1e831dc2925da","ft^3/s","1590",-82.6608333333333,35.7863888888889
"f750ca89-7a38-436d-87ed-06183e072961","Approved","2025-05-16T18:21:17.600491+00:00","USGS-03453500","00060",,"00003","2021-09-28","1bbff9d98cea4a6789d1e831dc2925da","ft^3/s","1500",-82.6608333333333,35.7863888888889
"382a5824-0f88-4e6f-8109-7523900b5ce9","Approved","2025-05-16T18:21:17.600491+00:00","USGS-03453500","00060",,"00003","2021-09-29","1bbff9d98cea4a6789d1e831dc2925da","ft^3/s","1450",-82.6608333333333,35.7863888888889
"6b0e79f9-51ec-4b99-9ae2-248d05048a9b","Approved","2025-05-16T18:21:17.600491+00:00","USGS-03453500","00060",,"00003","2021-09-30","1bbff9d98cea4a6789d1e831dc2925da","ft^3/s","1400",-82.6608333333333,35.7863888888889
"e7d5124e-7d7f-4c12-a090-a8adc5edf7df","Approved","2025-05-16T18:21:17.600491+00:00","USGS-03453500","00060",,"00003","2021-10-01","1bbff9d98cea4a6789d1e831dc2925da","ft^3/s","1350",-82.6608333333333,35.7863888888889
"6d93cb50-fa1f-4bd6-b0a7-8c592b6946dc","Approved","2025-05-16T18:21:17.600491+00:00","USGS-03453500","00060",,"00003","2021-10-02","1bbff9d98cea4a6789d1e831dc2925da","ft^3/s","1320",-82.6608333333333,35.7863888888889
"e541f7fd-148c-44eb-822a-4ed1ee6ec21b","Approved","2025-05-16T18:21:17.600491+00:00","USGS-03453500","00060",,"00003","2021-10-03","1bbff9d98cea4a6789d1e831dc2925da","ft^3/s","1330",-82.6608333333333,35.7863888888889
"c990dbca-a1a1-4f75-87a6-7c461db3888a","Approved","2025-05-16T18:21:17.600491+00:00","USGS-03453500","00060",,"00003","2021-10-04","1bbff9d98cea4a6789d1e831dc2925da","ft^3/s","1470",-82.6608333333333,35.7863888888889
"bfac4043-3aeb-494f-8b30-d0082d32087a","Approved","2025-05-16T18:21:17.600491+00:00","USGS-03453500","00060",,"00003","2021-10-05","1bbff9d98cea4a6789d1e831dc2925da","ft^3/s","1570",-82.6608333333333,35.7863888888889
"1210c3f1-2a70-492e-824c-941074e89cc4","Approved","2025-05-16T18:21:17.600491+00:00","USGS-03453500","00060",,"00003","2021-10-06","1bbff9d98cea4a6789d1e831dc2925da","ft^3/s","2900",-82.6608333333333,35.7863888888889
"a20014f3-622f-4d91-872a-d0e98eb970d1","Approved","2025-05-16T18:21:17.600491+00:00","USGS-03453500","00060",,"00003","2021-10-07","1bbff9d98cea4a6789d1e831dc2925da","ft^3/s","10200",-82.6608333333333,35.7863888888889
"9f9b157a-bfd8-4399-b8bb-7aa2c69a3037","Approved","2025-05-16T18:21:17.600491+00:00","USGS-03453500","00060",,"00003","2021-10-08","1bbff9d98cea4a6789d1e831dc2925da","ft^3/s","11400",-82.6608333333333,35.7863888888889
"1cd283eb-cf70-4fd7-8a68-ffec741297ff","Approved","2025-05-16T18:21:17.600491+00:00","USGS-03453500","00060",,"00003","2021-10-09","1bbff9d98cea4a6789d1e831dc2925da","ft^3/s","9830",-82.6608333333333,35.7863888888889
"68a48d19-23fa-4408-9707-6512701d483b","Approved","2025-05-16T18:21:17.600491+00:00","USGS-03453500","00060",,"00003","2021-10-10","1bbff9d98cea4a6789d1e831dc2925da","ft^3/s","7690",-82.6608333333333,35.7863888888889
"cc8eba8d-50e9-49b5-86b9-2c61d5f86958","Approved","2025-05-16T18:21:17.600491+00:00","USGS-03453500","00060",,"00003","2021-10-11","1bbff9d98cea4a6789d1e831dc2925da","ft^3/s","5410",-82.6608333333333,35.7863888888889
"34d70c3f-4014-4edd-909f-d543e04076cf","Approved","2025-05-16T18:21:17.600491+00:00","USGS-03453500","00060",,"00003","2021-10-12","1bbff9d98cea4a6789d1e831dc2925da","ft^3/s","3830",-82.6608333333333,35.7863888888889
"0486460d-8fb2-4414-ac43-e1e6e7ae861d","Approved","2025-05-16T18:21:17.600491+00:00","USGS-03453500","00060",,"00003","2021-10-13","1bbff9d98cea4a6789d1e831dc2925da","ft^3/s","3340",-82.6608333333333,35.7863888888889
"726e9e45-b7d7-4bc2-afd8-68e93dca68f0","Approved","2025-05-16T18:21:17.600491+00:00","USGS-03453500","00060",,"00003","2021-10-14","1bbff9d98cea4a6789d1e831dc2925da","ft^3/s","2990",-82.6608333333333,35.7863888888889
"4a702a62-7f1d-4845-b91d-12c5a5008bb7","Approved","2025-05-16T18:21:17.600491+00:00","USGS-03453500","00060",,"00003","2021-10-15","1bbff9d98cea4a6789d1e831dc2925da","ft^3/s","2740",-82.6608333333333,35.7863888888889
"68694917-883e-4fa6-be20-b51b30d4ae39","Approved","2025-05-16T18:21:17.600491+00:00","USGS-03453500","00060",,"00003","2021-10-16","1bbff9d98cea4a6789d1e831dc2925da","ft^3/s","2550",-82.6608333333333,35.7863888888889
"90df9180-6358-460f-a3bd-bc752a499e3d","Approved","2025-05-16T18:21:17.600491+00:00","USGS-03453500","00060",,"00003","2021-10-17","1bbff9d98cea4a6789d1e831dc2925da","ft^3/s","2350",-82.6608333333333,35.7863888888889
"7d8a6128-eb93-4a94-a49c-5ae3dc8fc54b","Approved","2025-05-16T18:21:17.600491+00:00","USGS-03453500","00060",,"00003","2021-10-18","1bbff9d98cea4a6789d1e831dc2925da","ft^3/s","2220",-82.6608333333333,35.7863888888889
"545dba42-3ca9-4757-9b3d-a4085cc86cb5","Approved","2025-05-16T18:21:17.600491+00:00","USGS-03453500","00060",,"00003","2021-10-19","1bbff9d98cea4a6789d1e831dc2925da","ft^3/s","2130",-82.6608333333333,35.7863888888889
"fc71ec68-9e56-42dc-9635-f16bc0f3661a","Approved","2025-05-16T18:21:17.600491+00:00","USGS-03453500","00060",,"00003","2021-10-20","1bbff9d98cea4a6789d1e831dc2925da","ft^3/s","2060",-82.6608333333333,35.7863888888889
"1dd8c0c9-6492-469e-90bf-104b433c1c2e","Approved","2025-05-16T18:21:17.600491+00:00","USGS-03453500","00060",,"00003","2021-10-21","1bbff9d98cea4a6789d1e831dc2925da","ft^3/s","1990",-82.6608333333333,35.7863888888889
"42b2ca1a-2df8-43da-9962-193b5d642bd3","Approved","2025-05-16T18:21:17.600491+00:00","USGS-03453500","00060",,"00003","2021-10-22","1bbff9d98cea4a6789d1e831dc2925da","ft^3/s","1950",-82.6608333333333,35.7863888888889
"fcb394e3-2d57-4a23-a0d6-ef928bf53315","Approved","2025-05-16T18:21:17.600491+00:00","USGS-03453500","00060",,"00003","2021-10-23","1bbff9d98cea4a6789d1e831dc2925da","ft^3/s","1900",-82.6608333333333,35.7863888888889
"8ccc7419-d0e0-4975-a495-a29dcd2681ef","Approved","2025-05-16T18:21:17.600491+00:00","USGS-03453500","00060",,"00003","2021-10-24","1bbff9d98cea4a6789d1e831dc2925da","ft^3/s","1840",-82.6608333333333,35.7863888888889
"6ff52f77-58c6-4ab2-92ab-4148943dbba7","Approved","2025-05-16T18:21:17.600491+00:00","USGS-03453500","00060",,"00003","2021-10-25","1bbff9d98cea4a6789d1e831dc2925da","ft^3/s","1800",-82.6608333333333,35.7863888888889
"46a88ae5-12dc-49a9-b74b-f9eb4f0a40d8","Approved","2025-05-16T18:21:17.600491+00:00","USGS-03453500","00060",,"00003","2021-10-26","1bbff9d98cea4a6789d1e831dc2925da","ft^3/s","1780",-82.6608333333333,35.7863888888889
"d1a16bc5-bf58-4334-ac9e-2d95fcccc6cc","Approved","2025-05-16T18:21:17.600491+00:00","USGS-03453500","00060",,"00003","2021-10-27","1bbff9d98cea4a6789d1e831dc2925da","ft^3/s","1740",-82.6608333333333,35.7863888888889
"0c5cc06b-7332-4970-9388-353311f53d34","Approved","2025-05-16T18:21:17.600491+00:00","USGS-03453500","00060",,"00003","2021-10-28","1bbff9d98cea4a6789d1e831dc2925da","ft^3/s","1700",-82.6608333333333,35.7863888888889
"e0142e83-d372-47df-91dd-1f99c94d775f","Approved","2025-05-16T18:21:17.600491+00:00","USGS-03453500","00060",,"00003","2021-10-29","1bbff9d98cea4a6789d1e831dc2925da","ft^3/s","2070",-82.6608333333333,35.7863888888889
"69758dfc-3d97-4d85-bd50-d7804bb5d669","Approved","2025-05-16T18:21:17.600491+00:00","USGS-03453500","00060",,"00003","2021-10-30","1bbff9d98cea4a6789d1e831dc2925da","ft^3/s","2320",-82.6608333333333,35.7863888888889
"a17d3e0c-e277-406a-bff9-aa2a4e69b20b","Approved","2025-05-16T18:21:17.600491+00:00","USGS-03453500","00060",,"00003","2021-10-31","1bbff9d98cea4a6789d1e831dc2925da","ft^3/s","2020",-82.6608333333333,35.7863888888889
"3c99ca4b-a210-4739-a98a-f0d5247abb81","Approved","2025-05-16T18:21:17.600491+00:00","USGS-03453500","00060",,"00003","2021-11-01","1bbff9d98cea4a6789d1e831dc2925da","ft^3/s","1850",-82.6608333333333,35.7863888888889
"cfc0fb31-a030-47a8-9fe4-531ec95624df","Approved","2025-05-16T18:21:17.600491+00:00","USGS-03453500","00060",,"00003","2021-11-02","1bbff9d98cea4a6789d1e831dc2925da","ft^3/s","1750",-82.6608333333333,35.7863888888889
"93de5401-cf8a-4e55-99b8-8fae3ce3b48c","Approved","2025-05-16T18:21:17.600491+00:00","USGS-03453500","00060",,"00003","2021-11-03","1bbff9d98cea4a6789d1e831dc2925da","ft^3/s","1690",-82.6608333333333,35.7863888888889
"d6f3f929-be22-49f3-a07e-cc62defe9b0c","Approved","2025-05-16T18:21:17.600491+00:00","USGS-03453500","00060",,"00003","2021-11-04","1bbff9d98cea4a6789d1e831dc2925da","ft^3/s","1690",-82.6608333333333,35.7863888888889
"b26b9b12-f9a2-4202-ad91-b0114215fe49","Approved","2025-05-16T18:21:17.600491+00:00","USGS-03453500","00060",,"00003","2021-11-05","1bbff9d98cea4a6789d1e831dc2925da","ft^3/s","1720",-82.6608333333333,35.7863888888889
"84e53ced-3586-4785-90ef-be90d04e2440","Approved","2025-05-16T18:21:17.600491+00:00","USGS-03453500","00060",,"00003","2021-11-06","1bbff9d98cea4a6789d1e831dc2925da","ft^3/s","1660",-82.6608333333333,35.7863888888889
"b3568514-dce2-441e-a254-1897e1a005fc","Approved","2025-05-16T18:21:17.600491+00:00","USGS-03453500","00060",,"00003","2021-11-07","1bbff9d98cea4a6789d1e831dc2925da","ft^3/s","1600",-82.6608333333333,35.7863888888889
"0aecdbd2-35af-4b5b-8cad-04dcb2a1a496","Approved","2025-05-16T18:21:17.600491+00:00","USGS-03453500","00060",,"00003","2021-11-08","1bbff9d98cea4a6789d1e831dc2925da","ft^3/s","1560",-82.6608333333333,35.7863888888889
"59030227-0775-4d25-b07f-7b089bb5b9ac","Approved","2025-05-16T18:21:17.600491+00:00","USGS-03453500","00060",,"00003","2021-11-09","1bbff9d98cea4a6789d1e831dc2925da","ft^3/s","1540",-82.6608333333333,35.7863888888889
"47b7f7cf-b8a1-4e10-8552-420a0a0615f2","Approved","2025-05-16T18:21:17.600491+00:00","USGS-03453500","00060",,"00003","2021-11-10","1bbff9d98cea4a6789d1e831dc2925da","ft^3/s","1520",-82.6608333333333,35.7863888888889
"65e1a7ed-f6ef-4465-929e-09045738530d","Approved","2025-05-16T18:21:17.600491+00:00","USGS-03453500","00060",,"00003","2021-11-11","1bbff9d98cea4a6789d1e831dc2925da","ft^3/s","1510",-82.6608333333333,35.7863888888889
"e281875c-e722-43f6-b9e1-8187a3e1a011","Approved","2025-05-16T18:21:17.600491+00:00","USGS-03453500","00060",,"00003","2021-11-12","1bbff9d98cea4a6789d1e831dc2925da","ft^3/s","2030",-82.6608333333333,35.7863888888889
"fd3ecd79-05c9-45dc-a9a3-779f54db1ff2","Approved","2025-05-16T18:21:17.600491+00:00","USGS-03453500","00060",,"00003","2021-11-13","1bbff9d98cea4a6789d1e831dc2925da","ft^3/s","2040",-82.6608333333333,35.7863888888889
"8c3ff9be-fa5f-4b31-b303-df56e88bc18a","Approved","2025-05-16T18:21:17.600491+00:00","USGS-03453500","00060",,"00003","2021-11-14","1bbff9d98cea4a6789d1e831dc2925da","ft^3/s","1750",-82.6608333333333,35.7863888888889
"f415a04b-c93a-4e21-863d-b6b87988fb7b","Approved","2025-05-16T18:21:17.600491+00:00","USGS-03453500","00060",,"00003","2021-11-15","1bbff9d98cea4a6789d1e831dc2925da","ft^3/s","1610",-82.6608333333333,35.7863888888889
"72963eeb-abba-47ee-b678-1ac42532e3a4","Approved","2025-05-16T18:21:17.600491+00:00","USGS-03453500","00060",,"00003","2021-11-16","1bbff9d98cea4a6789d1e831dc2925da","ft^3/s","1550",-82.6608333333333,35.7863888888889
"7ebe3bb1-442c-46e4-acc0-6840d03155e8","Approved","2025-05-16T18:21:17.600491+00:00","USGS-03453500","00060",,"00003","2021-11-17","1bbff9d98cea4a6789d1e831dc2925da","ft^3/s","1530",-82.6608333333333,35.7863888888889
"fd61d6e3-d07c-4081-824c-493cb20c8b78","Approved","2025-05-16T18:21:17.600491+00:00","USGS-03453500","00060",,"00003","2021-11-18","1bbff9d98cea4a6789d1e831dc2925da","ft^3/s","1510",-82.6608333333333,35.7863888888889
"3e8bd52b-46c9-496f-9b18-9effc302d225","Approved","2025-05-16T18:21:17.600491+00:00","USGS-03453500","00060",,"00003","2021-11-19","1bbff9d98cea4a6789d1e831dc2925da","ft^3/s","1480",-82.6608333333333,35.7863888888889
"eb58a0bf-5f03-4b4a-91c3-539b066970b8","Approved","2025-05-16T18:21:17.600491+00:00","USGS-03453500","00060",,"00003","2021-11-20","1bbff9d98cea4a6789d1e831dc2925da","ft^3/s","1450",-82.6608333333333,35.7863888888889
"5fb3b164-074c-4281-980a-521d147922bd","Approved","2025-05-16T18:21:17.600491+00:00","USGS-03453500","00060",,"00003","2021-11-21","1bbff9d98cea4a6789d1e831dc2925da","ft^3/s","1430",-82.6608333333333,35.7863888888889
"bbb8f9fb-4086-428f-87bc-d08a7b15f4cc","Approved","2025-05-16T18:21:17.600491+00:00","USGS-03453500","00060",,"00003","2021-11-22","1bbff9d98cea4a6789d1e831dc2925da","ft^3/s","1470",-82.6608333333333,35.7863888888889
"cdb8c2cc-82de-46e3-a07a-ff5686492d3d","Approved","2025-05-16T18:21:17.600491+00:00","USGS-03453500","00060",,"00003","2021-11-23","1bbff9d98cea4a6789d1e831dc2925da","ft^3/s","1480",-82.6608333333333,35.7863888888889
"1f43b84c-5fc2-45fa-83ea-2a4f07a4b714","Approved","2025-05-16T18:21:17.600491+00:00","USGS-03453500","00060",,"00003","2021-11-24","1bbff9d98cea4a6789d1e831dc2925da","ft^3/s","1420",-82.6608333333333,35.7863888888889
"373e1c7d-b886-4733-8224-4e250a01c1e7","Approved","2025-05-16T18:21:17.600491+00:00","USGS-03453500","00060",,"00003","2021-11-25","1bbff9d98cea4a6789d1e831dc2925da","ft^3/s","1390",-82.6608333333333,35.7863888888889
"9ee0cb47-f289-435d-93a8-e19d59f84eec","Approved","2025-05-16T18:21:17.600491+00:00","USGS-03453500","00060",,"00003","2021-11-26","1bbff9d98cea4a6789d1e831dc2925da","ft^3/s","1380",-82.6608333333333,35.7863888888889
"b02e7a9a-1609-4c0c-8975-b628bbd349fa","Approved","2025-05-16T18:21:17.600491+00:00","USGS-03453500","00060",,"00003","2021-11-27","1bbff9d98cea4a6789d1e831dc2925da","ft^3/s","1360",-82.6608333333333,35.7863888888889
"731ab75b-768c-438b-9489-74a66b07b472","Approved","2025-05-16T18:21:17.600491+00:00","USGS-03453500","00060",,"00003","2021-11-28","1bbff9d98cea4a6789d1e831dc2925da","ft^3/s","1350",-82.6608333333333,35.7863888888889
"23c63e61-3bd7-4367-8b5b-38493921528f","Approved","2025-05-16T18:21:17.600491+00:00","USGS-03453500","00060",,"00003","2021-11-29","1bbff9d98cea4a6789d1e831dc2925da","ft^3/s","1330",-82.6608333333333,35.7863888888889
"79759a34-5f6b-4bbe-8fad-46edc13aa93e","Approved","2025-05-16T18:21:17.600491+00:00","USGS-03453500","00060",,"00003","2021-11-30","1bbff9d98cea4a6789d1e831dc2925da","ft^3/s","1310",-82.6608333333333,35.7863888888889
"0b4f96d8-7ff3-4ba0-8dbf-bc7ff4d619e6","Approved","2025-05-16T18:21:17.600491+00:00","USGS-03453500","00060",,"00003","2021-12-01","1bbff9d98cea4a6789d1e831dc2925da","ft^3/s","1300",-82.6608333333333,35.7863888888889
"2ac017a2-6b46-4611-bb98-88ba720560ff","Approved","2025-05-16T18:21:17.600491+00:00","USGS-03453500","00060",,"00003","2021-12-02","1bbff9d98cea4a6789d1e831dc2925da","ft^3/s","1300",-82.6608333333333,35.7863888888889
"657e1299-831a-4dc2-8ac9-87360ad19bc5","Approved","2025-05-16T18:21:17.600491+00:00","USGS-03453500","00060",,"00003","2021-12-03","1bbff9d98cea4a6789d1e831dc2925da","ft^3/s","1290",-82.6608333333333,35.7863888888889
"b55970b4-69ea-4bce-b9f0-2abfd5742a5a","Approved","2025-05-16T18:21:17.600491+00:00","USGS-03453500","00060",,"00003","2021-12-04","1bbff9d98cea4a6789d1e831dc2925da","ft^3/s","1280",-82.6608333333333,35.7863888888889
"74353568-e9d5-439a-b758-9fa804233706","Approved","2025-05-16T18:21:17.600491+00:00","USGS-03453500","00060",,"00003","2021-12-05","1bbff9d98cea4a6789d1e831dc2925da","ft^3/s","1280",-82.6608333333333,35.7863888888889
"0857ba3c-3406-468f-beb9-ce0fd0bdb094","Approved","2025-05-16T18:21:17.600491+00:00","USGS-03453500","00060",,"00003","2021-12-06","1bbff9d98cea4a6789d1e831dc2925da","ft^3/s","1270",-82.6608333333333,35.7863888888889
"0a9bbf55-2635-44df-9d0c-4ddd4f7c93fe","Approved","2025-05-16T18:21:17.600491+00:00","USGS-03453500","00060",,"00003","2021-12-07","1bbff9d98cea4a6789d1e831dc2925da","ft^3/s","1260",-82.6608333333333,35.7863888888889
"7cb68f9f-f42f-4f62-8f91-7d6148c92c68","Approved","2025-05-16T18:21:17.600491+00:00","USGS-03453500","00060",,"00003","2021-12-08","1bbff9d98cea4a6789d1e831dc2925da","ft^3/s","1250",-82.6608333333333,35.7863888888889
"afb2ad53-8347-4650-bd6d-621b68860ae3","Approved","2025-05-16T18:21:17.600491+00:00","USGS-03453500","00060",,"00003","2021-12-09","1bbff9d98cea4a6789d1e831dc2925da","ft^3/s","1260",-82.6608333333333,35.7863888888889
"b2f76e05-cf72-4233-8940-b8675c7d4c32","Approved","2025-05-16T18:21:17.600491+00:00","USGS-03453500","00060",,"00003","2021-12-10","1bbff9d98cea4a6789d1e831dc2925da","ft^3/s","1290",-82.6608333333333,35.7863888888889
"d48a05eb-6d68-472e-b437-4a173712e7a4","Approved","2025-05-16T18:21:17.600491+00:00","USGS-03453500","00060",,"00003","2021-12-11","1bbff9d98cea4a6789d1e831dc2925da","ft^3/s","1270",-82.6608333333333,35.7863888888889
"026edd38-a338-4986-96e1-58055a3680ae","Approved","2025-05-16T18:21:17.600491+00:00","USGS-03453500","00060",,"00003","2021-12-12","1bbff9d98cea4a6789d1e831dc2925da","ft^3/s","1450",-82.6608333333333,35.7863888888889
"ab1f79ad-8f50-429c-9f49-dc7b4d56047f","Approved","2025-05-16T18:21:17.600491+00:00","USGS-03453500","00060",,"00003","2021-12-13","1bbff9d98cea4a6789d1e831dc2925da","ft^3/s","1500",-82.6608333333333,35.7863888888889
"8b541e55-39f0-410a-8e4e-d3aa2ba7d3af","Approved","2025-05-16T18:21:17.600491+00:00","USGS-03453500","00060",,"00003","2021-12-14","1bbff9d98cea4a6789d1e831dc2925da","ft^3/s","1380",-82.6608333333333,35.7863888888889
"ba9f4527-65c0-426e-ab92-264b5970059a","Approved","2025-05-16T18:21:17.600491+00:00","USGS-03453500","00060",,"00003","2021-12-15","1bbff9d98cea4a6789d1e831dc2925da","ft^3/s","1290",-82.6608333333333,35.7863888888889
"f97b18cf-006c-403a-9a6a-af10b9436e74","Approved","2025-05-16T18:21:17.600491+00:00","USGS-03453500","00060",,"00003","2021-12-16","1bbff9d98cea4a6789d1e831dc2925da","ft^3/s","1250",-82.6608333333333,35.7863888888889
"58b64156-73d1-434f-9f08-7e80596c6657","Approved","2025-05-16T18:21:17.600491+00:00","USGS-03453500","00060",,"00003","2021-12-17","1bbff9d98cea4a6789d1e831dc2925da","ft^3/s","1240",-82.6608333333333,35.7863888888889
"26a569f9-b5ee-4280-bd8f-c3819f400468","Approved","2025-05-16T18:21:17.600491+00:00","USGS-03453500","00060",,"00003","2021-12-18","1bbff9d98cea4a6789d1e831dc2925da","ft^3/s","1270",-82.6608333333333,35.7863888888889
"df558639-819d-4126-927d-40e50e9475ce","Approved","2025-05-16T18:21:17.600491+00:00","USGS-03453500","00060",,"00003","2021-12-19","1bbff9d98cea4a6789d1e831dc2925da","ft^3/s","1520",-82.6608333333333,35.7863888888889
"76fd7883-47e2-4062-939e-ec1c6d1c21fa","Approved","2025-05-16T18:21:17.600491+00:00","USGS-03453500","00060",,"00003","2021-12-20","1bbff9d98cea4a6789d1e831dc2925da","ft^3/s","1650",-82.6608333333333,35.7863888888889
"fdcbdfa2-4c9b-45c5-9be7-d7b14028095c","Approved","2025-05-16T18:21:17.600491+00:00","USGS-03453500","00060",,"00003","2021-12-21","1bbff9d98cea4a6789d1e831dc2925da","ft^3/s","1500",-82.6608333333333,35.7863888888889
"9a45ecc3-efd4-4ae9-bc49-cac907f88cb6","Approved","2025-05-16T18:21:17.600491+00:00","USGS-03453500","00060",,"00003","2021-12-22","1bbff9d98cea4a6789d1e831dc2925da","ft^3/s","1390",-82.6608333333333,35.7863888888889
"f4021af7-113f-4455-aa91-81799e6bc8eb","Approved","2025-05-16T18:21:17.600491+00:00","USGS-03453500","00060",,"00003","2021-12-23","1bbff9d98cea4a6789d1e831dc2925da","ft^3/s","1350",-82.6608333333333,35.7863888888889
"06fafd52-2246-462c-ae8c-527a0391f0e4","Approved","2025-05-16T18:21:17.600491+00:00","USGS-03453500","00060",,"00003","2021-12-24","1bbff9d98cea4a6789d1e831dc2925da","ft^3/s","1300",-82.6608333333333,35.7863888888889
"08c746e2-58bf-40ae-9531-cf82857475e3","Approved","2025-05-16T18:21:17.600491+00:00","USGS-03453500","00060",,"00003","2021-12-25","1bbff9d98cea4a6789d1e831dc2925da","ft^3/s","1270",-82.6608333333333,35.7863888888889
"7904c87a-016e-4f5c-b8bf-b4365450f6ac","Approved","2025-05-16T18:21:17.600491+00:00","USGS-03453500","00060",,"00003","2021-12-26","1bbff9d98cea4a6789d1e831dc2925da","ft^3/s","1260",-82.6608333333333,35.7863888888889
"549f8fb2-a237-47f2-9718-411cf0d1854e","Approved","2025-05-16T18:21:17.600491+00:00","USGS-03453500","00060",,"00003","2021-12-27","1bbff9d98cea4a6789d1e831dc2925da","ft^3/s","1250",-82.6608333333333,35.7863888888889
"3f53e7d7-138f-49df-8778-fd09640a588e","Approved","2025-05-16T18:21:17.600491+00:00","USGS-03453500","00060",,"00003","2021-12-28","1bbff9d98cea4a6789d1e831dc2925da","ft^3/s","1240",-82.6608333333333,35.7863888888889
"fcbf5104-f0e9-4a04-8aa1-72dda799278f","Approved","2025-05-16T18:21:17.600491+00:00","USGS-03453500","00060",,"00003","2021-12-29","1bbff9d98cea4a6789d1e831dc2925da","ft^3/s","1250",-82.6608333333333,35.7863888888889
"2db5fa37-3df1-49af-9643-1815a74b08c9","Approved","2025-05-16T18:21:17.600491+00:00","USGS-03453500","00060",,"00003","2021-12-30","1bbff9d98cea4a6789d1e831dc2925da","ft^3/s","1510",-82.6608333333333,35.7863888888889
"7e918aed-22c7-43a1-b31e-3cb88773c713","Approved","2025-05-16T18:21:17.600491+00:00","USGS-03453500","00060",,"00003","2021-12-31","1bbff9d98cea4a6789d1e831dc2925da","ft^3/s","1500",-82.6608333333333,35.7863888888889
"f08311c2-ff32-4812-8a9b-61c70f1dfb8c","Approved","2025-05-16T18:21:17.600491+00:00","USGS-03453500","00060",,"00003","2022-01-01","1bbff9d98cea4a6789d1e831dc2925da","ft^3/s","1430",-82.6608333333333,35.7863888888889
"77b0cea8-0581-40bd-af32-0e26b30713c4","Approved","2025-05-16T18:21:17.600491+00:00","USGS-03453500","00060",,"00003","2022-01-02","1bbff9d98cea4a6789d1e831dc2925da","ft^3/s","2260",-82.6608333333333,35.7863888888889
"4acaa65e-d78a-412a-bf9e-b7645d98fe82","Approved","2025-05-16T18:21:17.600491+00:00","USGS-03453500","00060",,"00003","2022-01-03","1bbff9d98cea4a6789d1e831dc2925da","ft^3/s","4250",-82.6608333333333,35.7863888888889
"0804dbce-ad6a-4c13-a0bb-63948ef8529e","Approved","2025-05-16T18:21:17.600491+00:00","USGS-03453500","00060",,"00003","2022-01-04","1bbff9d98cea4a6789d1e831dc2925da","ft^3/s","3600",-82.6608333333333,35.7863888888889
"6fc030b8-0fff-40ce-b9cd-b9f127323faa","Approved","2025-05-16T18:21:17.600491+00:00","USGS-03453500","00060",,"00003","2022-01-05","1bbff9d98cea4a6789d1e831dc2925da","ft^3/s","2620",-82.6608333333333,35.7863888888889
"e9de2712-61f1-489b-8753-4020d4866e95","Approved","2025-05-16T18:21:17.600491+00:00","USGS-03453500","00060",,"00003","2022-01-06","1bbff9d98cea4a6789d1e831dc2925da","ft^3/s","2160",-82.6608333333333,35.7863888888889
"96edda76-c3e8-461a-ba4e-73cd1ea0a49d","Approved","2025-05-16T18:21:17.600491+00:00","USGS-03453500","00060",,"00003","2022-01-07","1bbff9d98cea4a6789d1e831dc2925da","ft^3/s","1960",-82.6608333333333,35.7863888888889
"8668d820-0045-4543-88ed-08dac6a942a0","Approved","2025-05-16T18:21:17.600491+00:00","USGS-03453500","00060",,"00003","2022-01-08","1bbff9d98cea4a6789d1e831dc2925da","ft^3/s","1770",-82.6608333333333,35.7863888888889
"3c1ebb56-1fad-4fe7-9a3e-b2fe51d0e643","Approved","2025-05-16T18:21:17.600491+00:00","USGS-03453500","00060",,"00003","2022-01-09","1bbff9d98cea4a6789d1e831dc2925da","ft^3/s","1720",-82.6608333333333,35.7863888888889
"55b6fb2e-b57d-468d-8c97-c8933f7c0748","Approved","2025-05-16T18:21:17.600491+00:00","USGS-03453500","00060",,"00003","2022-01-10","1bbff9d98cea4a6789d1e831dc2925da","ft^3/s","2330",-82.6608333333333,35.7863888888889
"7b3b8746-e056-4efd-bb29-62413a0abaa8","Approved","2025-05-16T18:21:17.600491+00:00","USGS-03453500","00060",,"00003","2022-01-11","1bbff9d98cea4a6789d1e831dc2925da","ft^3/s","2220",-82.6608333333333,35.7863888888889
"0477bfc2-b095-475c-b0a8-ed70c73ed8d8","Approved","2025-05-16T18:21:17.600491+00:00","USGS-03453500","00060",,"00003","2022-01-12","1bbff9d98cea4a6789d1e831dc2925da","ft^3/s","1930",-82.6608333333333,35.7863888888889
"9f582a6a-f21f-4c50-a1aa-14e215ac731c","Approved","2025-05-16T18:21:17.600491+00:00","USGS-03453500","00060",,"00003","2022-01-13","1bbff9d98cea4a6789d1e831dc2925da","ft^3/s","1790",-82.6608333333333,35.7863888888889
"4dda492c-5648-48e6-b7d5-2e0ad67fe9be","Approved","2025-05-16T18:21:17.600491+00:00","USGS-03453500","00060",,"00003","2022-01-14","1bbff9d98cea4a6789d1e831dc2925da","ft^3/s","1710",-82.6608333333333,35.7863888888889
"9e2e156d-4b1d-40ef-8e0b-4a5f664559ca","Approved","2025-05-16T18:21:17.600491+00:00","USGS-03453500","00060",,"00003","2022-01-15","1bbff9d98cea4a6789d1e831dc2925da","ft^3/s","1620",-82.6608333333333,35.7863888888889
"921d79a8-a540-44df-af78-2165f462450d","Approved","2025-05-16T18:21:17.600491+00:00","USGS-03453500","00060",,"00003","2022-01-16","1bbff9d98cea4a6789d1e831dc2925da","ft^3/s","1660",-82.6608333333333,35.7863888888889
"c52555e3-0c57-4e81-b51a-00f0759facc9","Approved","2025-05-16T18:21:17.600491+00:00","USGS-03453500","00060",,"00003","2022-01-17","1bbff9d98cea4a6789d1e831dc2925da","ft^3/s","1880",-82.6608333333333,35.7863888888889
"bfcedf7e-d194-4314-ab6a-e11645c6cbe7","Approved","2025-05-16T18:21:17.600491+00:00","USGS-03453500","00060",,"00003","2022-01-18","1bbff9d98cea4a6789d1e831dc2925da","ft^3/s","1810",-82.6608333333333,35.7863888888889
"27d05399-1b99-4d15-9877-6e06b65bde8b","Approved","2025-05-16T18:21:17.600491+00:00","USGS-03453500","00060",,"00003","2022-01-19","1bbff9d98cea4a6789d1e831dc2925da","ft^3/s","1670",-82.6608333333333,35.7863888888889
"d827d9a7-ca35-4942-8e66-8fb815b7c335","Approved","2025-05-16T18:21:17.600491+00:00","USGS-03453500","00060",,"00003","2022-01-20","1bbff9d98cea4a6789d1e831dc2925da","ft^3/s","1980",-82.6608333333333,35.7863888888889
"2ff8fc01-31fc-42f3-a19f-88b40b3e150a","Approved","2025-05-16T18:21:17.600491+00:00","USGS-03453500","00060",,"00003","2022-01-21","1bbff9d98cea4a6789d1e831dc2925da","ft^3/s","2270",-82.6608333333333,35.7863888888889
"7b86a6b6-aff6-405a-8a77-66025b6b7387","Approved","2025-05-16T18:21:17.600491+00:00","USGS-03453500","00060",,"00003","2022-01-22","1bbff9d98cea4a6789d1e831dc2925da","ft^3/s","2100",-82.6608333333333,35.7863888888889
"58810d58-64d6-4893-b754-bc816b52faed","Approved","2025-05-16T18:21:17.600491+00:00","USGS-03453500","00060",,"00003","2022-01-23","1bbff9d98cea4a6789d1e831dc2925da","ft^3/s","1910",-82.6608333333333,35.7863888888889
"31b49225-ad2e-4a7a-a382-4fd537c3409a","Approved","2025-05-16T18:21:17.600491+00:00","USGS-03453500","00060",,"00003","2022-01-24","1bbff9d98cea4a6789d1e831dc2925da","ft^3/s","1810",-82.6608333333333,35.7863888888889
"c61bda50-950d-4d48-a658-38579ec8b1b3","Approved","2025-05-16T18:21:17.600491+00:00","USGS-03453500","00060",,"00003","2022-01-25","1bbff9d98cea4a6789d1e831dc2925da","ft^3/s","1760",-82.6608333333333,35.7863888888889
"ae909891-a094-40d5-a9db-3d5d7a38740c","Approved","2025-05-16T18:21:17.600491+00:00","USGS-03453500","00060",,"00003","2022-01-26","1bbff9d98cea4a6789d1e831dc2925da","ft^3/s","1750",-82.6608333333333,35.7863888888889
"fe1e8781-6205-457c-985d-4c7cfe9764d0","Approved","2025-05-16T18:21:17.600491+00:00","USGS-03453500","00060",,"00003","2022-01-27","1bbff9d98cea4a6789d1e831dc2925da","ft^3/s","1730",-82.6608333333333,35.7863888888889
"3c5b9576-dcba-4a38-8a84-3ad3191041e8","Approved","2025-05-16T18:21:17.600491+00:00","USGS-03453500","00060",,"00003","2022-01-28","1bbff9d98cea4a6789d1e831dc2925da","ft^3/s","1690",-82.6608333333333,35.7863888888889
"843f8549-c9ea-411a-8f04-437767b38a4b","Approved","2025-05-16T18:21:17.600491+00:00","USGS-03453500","00060",,"00003","2022-01-29","1bbff9d98cea4a6789d1e831dc2925da","ft^3/s","1660",-82.6608333333333,35.7863888888889
"1cb9d0d1-f6ce-4992-a683-b7443b00f9c9","Approved","2025-05-16T18:21:17.600491+00:00","USGS-03453500","00060",,"00003","2022-01-30","1bbff9d98cea4a6789d1e831dc2925da","ft^3/s","1570",-82.6608333333333,35.7863888888889
"6362155b-672c-4a1c-96ab-a4c98bcff6a8","Approved","2025-05-16T18:21:17.600491+00:00","USGS-03453500","00060",,"00003","2022-01-31","1bbff9d98cea4a6789d1e831dc2925da","ft^3/s","1550",-82.6608333333333,35.7863888888889
"8a3128a9-1075-47d4-a1d5-dd8f25f0540b","Approved","2025-05-16T18:21:17.600491+00:00","USGS-03453500","00060",,"00003","2022-02-01","1bbff9d98cea4a6789d1e831dc2925da","ft^3/s","1520",-82.6608333333333,35.7863888888889
"b2ed5210-c320-474b-844e-e1b88971a4be","Approved","2025-05-16T18:21:17.600491+00:00","USGS-03453500","00060",,"00003","2022-02-02","1bbff9d98cea4a6789d1e831dc2925da","ft^3/s","1490",-82.6608333333333,35.7863888888889
"598f5f17-0df5-467c-b397-246e4b1f9176","Approved","2025-05-16T18:21:17.600491+00:00","USGS-03453500","00060",,"00003","2022-02-03","1bbff9d98cea4a6789d1e831dc2925da","ft^3/s","2010",-82.6608333333333,35.7863888888889
"40d50a3f-b3c8-4569-8fe3-93151a331959","Approved","2025-05-16T18:21:17.600491+00:00","USGS-03453500","00060",,"00003","2022-02-04","1bbff9d98cea4a6789d1e831dc2925da","ft^3/s","9870",-82.6608333333333,35.7863888888889
"a775383e-0255-45a0-908d-2e21f36672fa","Approved","2025-05-16T18:21:17.600491+00:00","USGS-03453500","00060",,"00003","2022-02-05","1bbff9d98cea4a6789d1e831dc2925da","ft^3/s","9300",-82.6608333333333,35.7863888888889
"1994170c-9ac6-4a38-bb5c-9fe86b69e9e5","Approved","2025-05-16T18:21:17.600491+00:00","USGS-03453500","00060",,"00003","2022-02-06","1bbff9d98cea4a6789d1e831dc2925da","ft^3/s","7890",-82.6608333333333,35.7863888888889
"db678c61-5f20-48a2-8737-12dcde503d4a","Approved","2025-05-16T18:21:17.600491+00:00","USGS-03453500","00060",,"00003","2022-02-07","1bbff9d98cea4a6789d1e831dc2925da","ft^3/s","6760",-82.6608333333333,35.7863888888889
"cbb5fa04-b900-4b29-9389-450467302361","Approved","2025-05-16T18:21:17.600491+00:00","USGS-03453500","00060",,"00003","2022-02-08","1bbff9d98cea4a6789d1e831dc2925da","ft^3/s","4120",-82.6608333333333,35.7863888888889
"f0077066-b9b8-45e9-80f5-9eaf769b92c5","Approved","2025-05-16T18:21:17.600491+00:00","USGS-03453500","00060",,"00003","2022-02-09","1bbff9d98cea4a6789d1e831dc2925da","ft^3/s","3280",-82.6608333333333,35.7863888888889
"457a7e4f-09bf-4568-8f94-7bf71b5113a9","Approved","2025-05-16T18:21:17.600491+00:00","USGS-03453500","00060",,"00003","2022-02-10","1bbff9d98cea4a6789d1e831dc2925da","ft^3/s","2910",-82.6608333333333,35.7863888888889
"a24466e3-d2ca-4491-a9a1-e2f758a278a3","Approved","2025-05-16T18:21:17.600491+00:00","USGS-03453500","00060",,"00003","2022-02-11","1bbff9d98cea4a6789d1e831dc2925da","ft^3/s","2620",-82.6608333333333,35.7863888888889
"32e3dea9-0a51-41ac-a14f-dd255456337a","Approved","2025-05-16T18:21:17.600491+00:00","USGS-03453500","00060",,"00003","2022-02-12","1bbff9d98cea4a6789d1e831dc2925da","ft^3/s","2420",-82.6608333333333,35.7863888888889
"0cf8bea8-2948-4527-a1bf-23850a5ca6fe","Approved","2025-05-16T18:21:17.600491+00:00","USGS-03453500","00060",,"00003","2022-02-13","1bbff9d98cea4a6789d1e831dc2925da","ft^3/s","2250",-82.6608333333333,35.7863888888889
"0afd7d69-0315-4e97-abd4-bdfc8435defc","Approved","2025-05-16T18:21:17.600491+00:00","USGS-03453500","00060",,"00003","2022-02-14","1bbff9d98cea4a6789d1e831dc2925da","ft^3/s","2110",-82.6608333333333,35.7863888888889
"19d740ae-f9e7-4c77-bcef-b87ed8bb61cb","Approved","2025-05-16T18:21:17.600491+00:00","USGS-03453500","00060",,"00003","2022-02-15","1bbff9d98cea4a6789d1e831dc2925da","ft^3/s","1990",-82.6608333333333,35.7863888888889
"d770dbb1-fa59-42ad-b141-68d47c240650","Approved","2025-05-16T18:21:17.600491+00:00","USGS-03453500","00060",,"00003","2022-02-16","1bbff9d98cea4a6789d1e831dc2925da","ft^3/s","1900",-82.6608333333333,35.7863888888889
"b4d9d963-23fa-4258-a9d0-043935414bbf","Approved","2025-05-16T18:21:17.600491+00:00","USGS-03453500","00060",,"00003","2022-02-17","1bbff9d98cea4a6789d1e831dc2925da","ft^3/s","1860",-82.6608333333333,35.7863888888889
"b60b6b8a-277a-4794-83d5-53f3e3f6f3aa","Approved","2025-05-16T18:21:17.600491+00:00","USGS-03453500","00060",,"00003","2022-02-18","1bbff9d98cea4a6789d1e831dc2925da","ft^3/s","3550",-82.6608333333333,35.7863888888889
"fa21480d-485f-42e7-a613-afceb029ada7","Approved","2025-05-16T18:21:17.600491+00:00","USGS-03453500","00060",,"00003","2022-02-19","1bbff9d98cea4a6789d1e831dc2925da","ft^3/s","3760",-82.6608333333333,35.7863888888889
"76d029dd-b253-4be4-b539-28f61d99d08e","Approved","2025-05-16T18:21:17.600491+00:00","USGS-03453500","00060",,"00003","2022-02-20","1bbff9d98cea4a6789d1e831dc2925da","ft^3/s","2840",-82.6608333333333,35.7863888888889
"e3d44433-6223-48b8-9bea-1383a6449684","Approved","2025-05-16T18:21:17.600491+00:00","USGS-03453500","00060",,"00003","2022-02-21","1bbff9d98cea4a6789d1e831dc2925da","ft^3/s","2450",-82.6608333333333,35.7863888888889
"eaaeabd4-31f4-4816-9957-4d5e883cae11","Approved","2025-05-16T18:21:17.600491+00:00","USGS-03453500","00060",,"00003","2022-02-22","1bbff9d98cea4a6789d1e831dc2925da","ft^3/s","2310",-82.6608333333333,35.7863888888889
"35387b15-aca5-4441-90cb-da72ee183368","Approved","2025-05-16T18:21:17.600491+00:00","USGS-03453500","00060",,"00003","2022-02-23","1bbff9d98cea4a6789d1e831dc2925da","ft^3/s","5720",-82.6608333333333,35.7863888888889
"47e733a3-700a-4c97-aa1b-4cd9003b8278","Approved","2025-05-16T18:21:17.600491+00:00","USGS-03453500","00060",,"00003","2022-02-24","1bbff9d98cea4a6789d1e831dc2925da","ft^3/s","4790",-82.6608333333333,35.7863888888889
"544648e8-c720-4ffc-9937-56388b9df2f7","Approved","2025-05-16T18:21:17.600491+00:00","USGS-03453500","00060",,"00003","2022-02-25","1bbff9d98cea4a6789d1e831dc2925da","ft^3/s","3920",-82.6608333333333,35.7863888888889
"bf58516b-239f-45df-bdb0-64a3e8195aad","Approved","2025-05-16T18:21:17.600491+00:00","USGS-03453500","00060",,"00003","2022-02-26","1bbff9d98cea4a6789d1e831dc2925da","ft^3/s","3410",-82.6608333333333,35.7863888888889
"eb2b70d5-2990-4fc8-b493-868f545c59f2","Approved","2025-05-16T18:21:17.600491+00:00","USGS-03453500","00060",,"00003","2022-02-27","1bbff9d98cea4a6789d1e831dc2925da","ft^3/s","4160",-82.6608333333333,35.7863888888889
"dd62ff48-0cac-4c0d-b59a-2da7bb4edfe1","Approved","2025-05-16T18:21:17.600491+00:00","USGS-03453500","00060",,"00003","2022-02-28","1bbff9d98cea4a6789d1e831dc2925da","ft^3/s","4490",-82.6608333333333,35.7863888888889
"6124a098-2433-46f3-bab0-3d6134f2e587","Approved","2025-05-16T18:21:17.600491+00:00","USGS-03453500","00060",,"00003","2022-03-01","1bbff9d98cea4a6789d1e831dc2925da","ft^3/s","3610",-82.6608333333333,35.7863888888889
"12d85b16-e40b-406c-9299-921cf07bb2f2","Approved","2025-05-16T18:21:17.600491+00:00","USGS-03453500","00060",,"00003","2022-03-02","1bbff9d98cea4a6789d1e831dc2925da","ft^3/s","3110",-82.6608333333333,35.7863888888889
"9ba5255a-ec23-4d8e-b555-958f137d8e51","Approved","2025-05-16T18:21:17.600491+00:00","USGS-03453500","00060",,"00003","2022-03-03","1bbff9d98cea4a6789d1e831dc2925da","ft^3/s","2780",-82.6608333333333,35.7863888888889
"9b2909f6-ea80-4f42-8bf9-37b9f197c8da","Approved","2025-05-16T18:21:17.600491+00:00","USGS-03453500","00060",,"00003","2022-03-04","1bbff9d98cea4a6789d1e831dc2925da","ft^3/s","2540",-82.6608333333333,35.7863888888889
"f5f5b18a-b061-4730-b282-2940a7eecbfd","Approved","2025-05-16T18:21:17.600491+00:00","USGS-03453500","00060",,"00003","2022-03-05","1bbff9d98cea4a6789d1e831dc2925da","ft^3/s","2350",-82.6608333333333,35.7863888888889
"bfbf8018-5f2c-4ba6-ad3a-e8043d8fd7fa","Approved","2025-05-16T18:21:17.600491+00:00","USGS-03453500","00060",,"00003","2022-03-06","1bbff9d98cea4a6789d1e831dc2925da","ft^3/s","2230",-82.6608333333333,35.7863888888889
"163f4553-6489-406f-b37d-67b98af048f6","Approved","2025-05-16T18:21:17.600491+00:00","USGS-03453500","00060",,"00003","2022-03-07","1bbff9d98cea4a6789d1e831dc2925da","ft^3/s","2200",-82.6608333333333,35.7863888888889
"4ea44bdf-821b-4a7d-b058-ac626f90c6e5","Approved","2025-05-16T18:21:17.600491+00:00","USGS-03453500","00060",,"00003","2022-03-08","1bbff9d98cea4a6789d1e831dc2925da","ft^3/s","2490",-82.6608333333333,35.7863888888889
"aa84334e-5ddd-4028-bc2c-bc3a8661a958","Approved","2025-05-16T18:21:17.600491+00:00","USGS-03453500","00060",,"00003","2022-03-09","1bbff9d98cea4a6789d1e831dc2925da","ft^3/s","4770",-82.6608333333333,35.7863888888889
"795eaa9f-6dac-4dd3-9a0f-4a41a5d19f25","Approved","2025-05-16T18:21:17.600491+00:00","USGS-03453500","00060",,"00003","2022-03-10","1bbff9d98cea4a6789d1e831dc2925da","ft^3/s","5380",-82.6608333333333,35.7863888888889
"53ee54a7-9791-42ce-a6fd-e6ba2ebd51d0","Approved","2025-05-16T18:21:17.600491+00:00","USGS-03453500","00060",,"00003","2022-03-11","1bbff9d98cea4a6789d1e831dc2925da","ft^3/s","4020",-82.6608333333333,35.7863888888889
"bfc3abe2-77fd-4b46-95d4-3f1078d52dbb","Approved","2025-05-16T18:21:17.600491+00:00","USGS-03453500","00060",,"00003","2022-03-12","1bbff9d98cea4a6789d1e831dc2925da","ft^3/s","3710",-82.6608333333333,35.7863888888889
"44e7ffe5-11d2-43c7-91f8-bdb4011f4211","Approved","2025-05-16T18:21:17.600491+00:00","USGS-03453500","00060",,"00003","2022-03-13","1bbff9d98cea4a6789d1e831dc2925da","ft^3/s","3370",-82.6608333333333,35.7863888888889
"0c78c68b-da76-41a6-b873-e3bf2c2502f3","Approved","2025-05-16T18:21:17.600491+00:00","USGS-03453500","00060",,"00003","2022-03-14","1bbff9d98cea4a6789d1e831dc2925da","ft^3/s","3010",-82.6608333333333,35.7863888888889
"3f043c06-d504-4ef8-8d2d-5844fd44b24e","Approved","2025-05-16T18:21:17.600491+00:00","USGS-03453500","00060",,"00003","2022-03-15","1bbff9d98cea4a6789d1e831dc2925da","ft^3/s","2770",-82.6608333333333,35.7863888888889
"b706bf57-89fa-4e37-8eef-8af0446b0b9a","Approved","2025-05-16T18:21:17.600491+00:00","USGS-03453500","00060",,"00003","2022-03-16","1bbff9d98cea4a6789d1e831dc2925da","ft^3/s","3110",-82.6608333333333,35.7863888888889
"770efa0b-8304-4a62-b7db-2b965e751df6","Approved","2025-05-16T18:21:17.600491+00:00","USGS-03453500","00060",,"00003","2022-03-17","1bbff9d98cea4a6789d1e831dc2925da","ft^3/s","4040",-82.6608333333333,35.7863888888889
"c57d24f9-7bab-4f3e-b161-2b434cb8d3f6","Approved","2025-05-16T18:21:17.600491+00:00","USGS-03453500","00060",,"00003","2022-03-18","1bbff9d98cea4a6789d1e831dc2925da","ft^3/s","3460",-82.6608333333333,35.7863888888889
"8b59d055-d4b8-446a-8a07-5dd7da06d4a0","Approved","2025-05-16T18:21:17.600491+00:00","USGS-03453500","00060",,"00003","2022-03-19","1bbff9d98cea4a6789d1e831dc2925da","ft^3/s","3150",-82.6608333333333,35.7863888888889
"c9eebfff-d29e-495b-8538-6b89e8adef4d","Approved","2025-05-16T18:21:17.600491+00:00","USGS-03453500","00060",,"00003","2022-03-20","1bbff9d98cea4a6789d1e831dc2925da","ft^3/s","2900",-82.6608333333333,35.7863888888889
"5897bceb-ecc3-4f08-8b9e-01b579e91a19","Approved","2025-05-16T18:21:17.600491+00:00","USGS-03453500","00060",,"00003","2022-03-21","1bbff9d98cea4a6789d1e831dc2925da","ft^3/s","2640",-82.6608333333333,35.7863888888889
"3df7ebe6-5b8f-47b1-bccd-f47edc231e56","Approved","2025-05-16T18:21:17.600491+00:00","USGS-03453500","00060",,"00003","2022-03-22","1bbff9d98cea4a6789d1e831dc2925da","ft^3/s","2480",-82.6608333333333,35.7863888888889
"0844e978-3b2a-4a23-9677-dd9778b20b52","Approved","2025-05-16T18:21:17.600491+00:00","USGS-03453500","00060",,"00003","2022-03-23","1bbff9d98cea4a6789d1e831dc2925da","ft^3/s","3610",-82.6608333333333,35.7863888888889
"4c0158a9-e6a2-4b2f-b5f6-1e5b768f3581","Approved","2025-05-16T18:21:17.600491+00:00","USGS-03453500","00060",,"00003","2022-03-24","1bbff9d98cea4a6789d1e831dc2925da","ft^3/s","7900",-82.6608333333333,35.7863888888889
"14f24149-dba9-48b9-9142-e420bcb895ff","Approved","2025-05-16T18:21:17.600491+00:00","USGS-03453500","00060",,"00003","2022-03-25","1bbff9d98cea4a6789d1e831dc2925da","ft^3/s","7810",-82.6608333333333,35.7863888888889
"fe5d594a-8577-411d-8a6a-a005d751f810","Approved","2025-05-16T18:21:17.600491+00:00","USGS-03453500","00060",,"00003","2022-03-26","1bbff9d98cea4a6789d1e831dc2925da","ft^3/s","7060",-82.6608333333333,35.7863888888889
"57be0006-5f0e-48bc-a3e5-d1a0d1e8849b","Approved","2025-05-16T18:21:17.600491+00:00","USGS-03453500","00060",,"00003","2022-03-27","1bbff9d98cea4a6789d1e831dc2925da","ft^3/s","4880",-82.6608333333333,35.7863888888889
"644a66c8-ecd5-4aae-a07e-f95ce6ff0fe3","Approved","2025-05-16T18:21:17.600491+00:00","USGS-03453500","00060",,"00003","2022-03-28","1bbff9d98cea4a6789d1e831dc2925da","ft^3/s","3640",-82.6608333333333,35.7863888888889
"28345c7c-d486-4e38-ad56-eb47cb0913c5","Approved","2025-05-16T18:21:17.600491+00:00","USGS-03453500","00060",,"00003","2022-03-29","1bbff9d98cea4a6789d1e831dc2925da","ft^3/s","3300",-82.6608333333333,35.7863888888889
"a458c62a-1b65-4637-8f5d-c5e1a3d00a42","Approved","2025-05-16T18:21:17.600491+00:00","USGS-03453500","00060",,"00003","2022-03-30","1bbff9d98cea4a6789d1e831dc2925da","ft^3/s","3060",-82.6608333333333,35.7863888888889
"38850858-68bc-4d4e-b85b-367091ed8aed","Approved","2025-05-16T18:21:17.600491+00:00","USGS-03453500","00060",,"00003","2022-03-31","1bbff9d98cea4a6789d1e831dc2925da","ft^3/s","3850",-82.6608333333333,35.7863888888889
"ab291f51-1c1a-4c06-9cc5-fef8e8c25853","Approved","2025-05-16T18:21:17.600491+00:00","USGS-03453500","00060",,"00003","2022-04-01","1bbff9d98cea4a6789d1e831dc2925da","ft^3/s","5220",-82.6608333333333,35.7863888888889
"acf11461-40c2-4a48-bbea-0a32c95d886c","Approved","2025-05-16T18:21:17.600491+00:00","USGS-03453500","00060",,"00003","2022-04-02","1bbff9d98cea4a6789d1e831dc2925da","ft^3/s","4320",-82.6608333333333,35.7863888888889
"6e47a1a0-f6bd-47de-9556-afe5b2e87c00","Approved","2025-05-16T18:21:17.600491+00:00","USGS-03453500","00060",,"00003","2022-04-03","1bbff9d98cea4a6789d1e831dc2925da","ft^3/s","3560",-82.6608333333333,35.7863888888889
"ab6f1a6f-88c5-48f0-a4b9-e7e1608a7b1f","Approved","2025-05-16T18:21:17.600491+00:00","USGS-03453500","00060",,"00003","2022-04-04","1bbff9d98cea4a6789d1e831dc2925da","ft^3/s","3260",-82.6608333333333,35.7863888888889
"b97f93f0-12ad-4b3d-8cff-e5c308baad0e","Approved","2025-05-16T18:21:17.600491+00:00","USGS-03453500","00060",,"00003","2022-04-05","1bbff9d98cea4a6789d1e831dc2925da","ft^3/s","3170",-82.6608333333333,35.7863888888889
"15c87a2f-43ca-44a7-81f1-6acf32e3199d","Approved","2025-05-16T18:21:17.600491+00:00","USGS-03453500","00060",,"00003","2022-04-06","1bbff9d98cea4a6789d1e831dc2925da","ft^3/s","3850",-82.6608333333333,35.7863888888889
"73eac5f9-3642-4896-a988-5da7fc5d8643","Approved","2025-05-16T18:21:17.600491+00:00","USGS-03453500","00060",,"00003","2022-04-07","1bbff9d98cea4a6789d1e831dc2925da","ft^3/s","3940",-82.6608333333333,35.7863888888889
"a871425a-8d9c-4f2b-8203-a9465c2184c5","Approved","2025-05-16T18:21:17.600491+00:00","USGS-03453500","00060",,"00003","2022-04-08","1bbff9d98cea4a6789d1e831dc2925da","ft^3/s","3350",-82.6608333333333,35.7863888888889
"4b502c2d-66c8-4c35-b29b-6d1f012514cc","Approved","2025-05-16T18:21:17.600491+00:00","USGS-03453500","00060",,"00003","2022-04-09","1bbff9d98cea4a6789d1e831dc2925da","ft^3/s","3110",-82.6608333333333,35.7863888888889
"05f06d21-90eb-4db1-9224-10a45c3f0302","Approved","2025-05-16T18:21:17.600491+00:00","USGS-03453500","00060",,"00003","2022-04-10","1bbff9d98cea4a6789d1e831dc2925da","ft^3/s","2940",-82.6608333333333,35.7863888888889
"bb98a90f-f267-4258-b90d-305f02cb7539","Approved","2025-05-16T18:21:17.600491+00:00","USGS-03453500","00060",,"00003","2022-04-11","1bbff9d98cea4a6789d1e831dc2925da","ft^3/s","2780",-82.6608333333333,35.7863888888889
"af6c041b-94a0-4479-915c-051d714028bd","Approved","2025-05-16T18:21:17.600491+00:00","USGS-03453500","00060",,"00003","2022-04-12","1bbff9d98cea4a6789d1e831dc2925da","ft^3/s","3060",-82.6608333333333,35.7863888888889
"15e1a81e-237b-47e1-a874-9d8e6100a557","Approved","2025-05-16T18:21:17.600491+00:00","USGS-03453500","00060",,"00003","2022-04-13","1bbff9d98cea4a6789d1e831dc2925da","ft^3/s","3120",-82.6608333333333,35.7863888888889
"8d907f89-7797-4f70-9e2b-0f0007efac4d","Approved","2025-05-16T18:21:17.600491+00:00","USGS-03453500","00060",,"00003","2022-04-14","1bbff9d98cea4a6789d1e831dc2925da","ft^3/s","2860",-82.6608333333333,35.7863888888889
"a07c9ee1-b416-402b-996b-bbd0058d1cf3","Approved","2025-05-16T18:21:17.600491+00:00","USGS-03453500","00060",,"00003","2022-04-15","1bbff9d98cea4a6789d1e831dc2925da","ft^3/s","2680",-82.6608333333333,35.7863888888889
"5ade8a33-9340-4321-8ed1-e92d55e6b7b8","Approved","2025-05-16T18:21:17.600491+00:00","USGS-03453500","00060",,"00003","2022-04-16","1bbff9d98cea4a6789d1e831dc2925da","ft^3/s","2620",-82.6608333333333,35.7863888888889
"1756f8a5-7490-4f27-8341-eeab0491255d","Approved","2025-05-16T18:21:17.600491+00:00","USGS-03453500","00060",,"00003","2022-04-17","1bbff9d98cea4a6789d1e831dc2925da","ft^3/s","2530",-82.6608333333333,35.7863888888889
"a8686ac5-7c0a-4c82-a6c2-ab622bfc1b5c","Approved","2025-05-16T18:21:17.600491+00:00","USGS-03453500","00060",,"00003","2022-04-18","1bbff9d98cea4a6789d1e831dc2925da","ft^3/s","3370",-82.6608333333333,35.7863888888889
"0fd89a6e-45f2-4559-b86f-da7e277f6250","Approved","2025-05-16T18:21:17.600491+00:00","USGS-03453500","00060",,"00003","2022-04-19","1bbff9d98cea4a6789d1e831dc2925da","ft^3/s","3990",-82.6608333333333,35.7863888888889
"2bfd0e87-ba38-4f34-9441-6011b85d48a0","Approved","2025-05-16T18:21:17.600491+00:00","USGS-03453500","00060",,"00003","2022-04-20","1bbff9d98cea4a6789d1e831dc2925da","ft^3/s","3180",-82.6608333333333,35.7863888888889
"ec34cd7f-e2f4-43ae-b652-8e8b0863fe20","Approved","2025-05-16T18:21:17.600491+00:00","USGS-03453500","00060",,"00003","2022-04-21","1bbff9d98cea4a6789d1e831dc2925da","ft^3/s","2810",-82.6608333333333,35.7863888888889
"2ec03555-0f91-44db-90f7-cfa0218ca929","Approved","2025-05-16T18:21:17.600491+00:00","USGS-03453500","00060",,"00003","2022-04-22","1bbff9d98cea4a6789d1e831dc2925da","ft^3/s","2640",-82.6608333333333,35.7863888888889
"2c9a3c6e-17af-43aa-8eef-27802a96feca","Approved","2025-05-16T18:21:17.600491+00:00","USGS-03453500","00060",,"00003","2022-04-23","1bbff9d98cea4a6789d1e831dc2925da","ft^3/s","2530",-82.6608333333333,35.7863888888889
"04a12878-4120-482d-bdc0-21d43d9569f3","Approved","2025-05-16T18:21:17.600491+00:00","USGS-03453500","00060",,"00003","2022-04-24","1bbff9d98cea4a6789d1e831dc2925da","ft^3/s","2420",-82.6608333333333,35.7863888888889
"ebda9faf-4702-461d-b2e4-10aa1ceb9d07","Approved","2025-05-16T18:21:17.600491+00:00","USGS-03453500","00060",,"00003","2022-04-25","1bbff9d98cea4a6789d1e831dc2925da","ft^3/s","2330",-82.6608333333333,35.7863888888889
"d96f62f0-6c36-40a5-8947-56d2cb3ffc24","Approved","2025-05-16T18:21:17.600491+00:00","USGS-03453500","00060",,"00003","2022-04-26","1bbff9d98cea4a6789d1e831dc2925da","ft^3/s","2310",-82.6608333333333,35.7863888888889
"9866baac-6989-4c0a-9104-9a6c90c46e03","Approved","2025-05-16T18:21:17.600491+00:00","USGS-03453500","00060",,"00003","2022-04-27","1bbff9d98cea4a6789d1e831dc2925da","ft^3/s","2260",-82.6608333333333,35.7863888888889
"5a53896e-3da0-487b-9e4f-c4d97aa15049","Approved","2025-05-16T18:21:17.600491+00:00","USGS-03453500","00060",,"00003","2022-04-28","1bbff9d98cea4a6789d1e831dc2925da","ft^3/s","2120",-82.6608333333333,35.7863888888889
"a1f3df92-ec11-4661-a9ce-e7d78fc83caa","Approved","2025-05-16T18:21:17.600491+00:00","USGS-03453500","00060",,"00003","2022-04-29","1bbff9d98cea4a6789d1e831dc2925da","ft^3/s","2050",-82.6608333333333,35.7863888888889
"2e169d6e-0ee2-44dc-8b7c-e81190273923","Approved","2025-05-16T18:21:17.600491+00:00","USGS-03453500","00060",,"00003","2022-04-30","1bbff9d98cea4a6789d1e831dc2925da","ft^3/s","2000",-82.6608333333333,35.7863888888889
"cdebdac5-eb69-4a1b-9cd8-bdccf4f58e6d","Approved","2025-05-16T18:21:17.600491+00:00","USGS-03453500","00060",,"00003","2022-05-01","1bbff9d98cea4a6789d1e831dc2925da","ft^3/s","1960",-82.6608333333333,35.7863888888889
"86802082-3053-4435-9e8a-9667874689ea","Approved","2025-05-16T18:21:17.600491+00:00","USGS-03453500","00060",,"00003","2022-05-02","1bbff9d98cea4a6789d1e831dc2925da","ft^3/s","1930",-82.6608333333333,35.7863888888889
"bf431c9a-4be5-4717-9271-5be50746ab56","Approved","2025-05-16T18:21:17.600491+00:00","USGS-03453500","00060",,"00003","2022-05-03","1bbff9d98cea4a6789d1e831dc2925da","ft^3/s","1880",-82.6608333333333,35.7863888888889
"c9225fa8-037e-4186-acfd-df6cb8098ca3","Approved","2025-05-16T18:21:17.600491+00:00","USGS-03453500","00060",,"00003","2022-05-04","1bbff9d98cea4a6789d1e831dc2925da","ft^3/s","1920",-82.6608333333333,35.7863888888889
"90d40f4b-81e4-4bbd-9c70-95760422dfdf","Approved","2025-05-16T18:21:17.600491+00:00","USGS-03453500","00060",,"00003","2022-05-05","1bbff9d98cea4a6789d1e831dc2925da","ft^3/s","1810",-82.6608333333333,35.7863888888889
"fab9a3a1-258c-46c7-ba85-83aceae02a87","Approved","2025-05-16T18:21:17.600491+00:00","USGS-03453500","00060",,"00003","2022-05-06","1bbff9d98cea4a6789d1e831dc2925da","ft^3/s","2010",-82.6608333333333,35.7863888888889
"533a3fb5-6c67-4175-aecd-fe8d421b7a08","Approved","2025-05-16T18:21:17.600491+00:00","USGS-03453500","00060",,"00003","2022-05-07","1bbff9d98cea4a6789d1e831dc2925da","ft^3/s","2620",-82.6608333333333,35.7863888888889
"15d31ab8-ee7d-4ac3-920f-aa55ff3205e1","Approved","2025-05-16T18:21:17.600491+00:00","USGS-03453500","00060",,"00003","2022-05-08","1bbff9d98cea4a6789d1e831dc2925da","ft^3/s","2150",-82.6608333333333,35.7863888888889
"fb007dd8-92c8-42f2-925e-2096f363e04e","Approved","2025-05-16T18:21:17.600491+00:00","USGS-03453500","00060",,"00003","2022-05-09","1bbff9d98cea4a6789d1e831dc2925da","ft^3/s","1890",-82.6608333333333,35.7863888888889
"e056df85-e1cb-49c7-a83a-2ae47aef4546","Approved","2025-05-16T18:21:17.600491+00:00","USGS-03453500","00060",,"00003","2022-05-10","1bbff9d98cea4a6789d1e831dc2925da","ft^3/s","1790",-82.6608333333333,35.7863888888889
"ec160abd-f5c5-42d0-a7fa-60099f6a7d88","Approved","2025-05-16T18:21:17.600491+00:00","USGS-03453500","00060",,"00003","2022-05-11","1bbff9d98cea4a6789d1e831dc2925da","ft^3/s","1730",-82.6608333333333,35.7863888888889
"c0b173ee-841a-4c7f-bd06-27ec06ac7acd","Approved","2025-05-16T18:21:17.600491+00:00","USGS-03453500","00060",,"00003","2022-05-12","1bbff9d98cea4a6789d1e831dc2925da","ft^3/s","1670",-82.6608333333333,35.7863888888889
"9e7a2ea8-1364-45a8-9659-097571a42c07","Approved","2025-05-16T18:21:17.600491+00:00","USGS-03453500","00060",,"00003","2022-05-13","1bbff9d98cea4a6789d1e831dc2925da","ft^3/s","1660",-82.6608333333333,35.7863888888889
"583cfcb8-fd7a-44f1-b0d7-3611a682767f","Approved","2025-05-16T18:21:17.600491+00:00","USGS-03453500","00060",,"00003","2022-05-14","1bbff9d98cea4a6789d1e831dc2925da","ft^3/s","1740",-82.6608333333333,35.7863888888889
"93de65c8-a951-4282-b38f-a31d31617198","Approved","2025-05-16T18:21:17.600491+00:00","USGS-03453500","00060",,"00003","2022-05-15","1bbff9d98cea4a6789d1e831dc2925da","ft^3/s","1960",-82.6608333333333,35.7863888888889
"05cde770-1967-4edb-9f47-e4efc30eef2d","Approved","2025-05-16T18:21:17.600491+00:00","USGS-03453500","00060",,"00003","2022-05-16","1bbff9d98cea4a6789d1e831dc2925da","ft^3/s","1960",-82.6608333333333,35.7863888888889
"f3cadfd6-c4d3-4b66-96e6-b6ccf7fe4db6","Approved","2025-05-16T18:21:17.600491+00:00","USGS-03453500","00060",,"00003","2022-05-17","1bbff9d98cea4a6789d1e831dc2925da","ft^3/s","1790",-82.6608333333333,35.7863888888889
"7bd6fe6c-717a-43f4-b7b5-ede19223c83e","Approved","2025-05-16T18:21:17.600491+00:00","USGS-03453500","00060",,"00003","2022-05-18","1bbff9d98cea4a6789d1e831dc2925da","ft^3/s","1620",-82.6608333333333,35.7863888888889
"9236ebfc-0fe6-40ef-bf90-591350e58f1c","Approved","2025-05-16T18:21:17.600491+00:00","USGS-03453500","00060",,"00003","2022-05-19","1bbff9d98cea4a6789d1e831dc2925da","ft^3/s","1650",-82.6608333333333,35.7863888888889
"4d0db71b-5900-4cd5-b907-888e7fd4160f","Approved","2025-05-16T18:21:17.600491+00:00","USGS-03453500","00060",,"00003","2022-05-20","1bbff9d98cea4a6789d1e831dc2925da","ft^3/s","1580",-82.6608333333333,35.7863888888889
"f96e8bf0-224d-4d5a-9182-2a9657de6d52","Approved","2025-05-16T18:21:17.600491+00:00","USGS-03453500","00060",,"00003","2022-05-21","1bbff9d98cea4a6789d1e831dc2925da","ft^3/s","1480",-82.6608333333333,35.7863888888889
"5a1f32d2-9f8d-4421-b4dd-bf9a905d6e45","Approved","2025-05-16T18:21:17.600491+00:00","USGS-03453500","00060",,"00003","2022-05-22","1bbff9d98cea4a6789d1e831dc2925da","ft^3/s","1750",-82.6608333333333,35.7863888888889
"e318e62c-1441-462f-b570-05031d43692d","Approved","2025-05-16T18:21:17.600491+00:00","USGS-03453500","00060",,"00003","2022-05-23","1bbff9d98cea4a6789d1e831dc2925da","ft^3/s","4300",-82.6608333333333,35.7863888888889
"1dae8136-d509-4011-9ebc-dcf0ded3f00b","Approved","2025-05-16T18:21:17.600491+00:00","USGS-03453500","00060",,"00003","2022-05-24","1bbff9d98cea4a6789d1e831dc2925da","ft^3/s","7380",-82.6608333333333,35.7863888888889
"5fa1121b-3c20-4b7b-b0f5-51e7b0052fbe","Approved","2025-05-16T18:21:17.600491+00:00","USGS-03453500","00060",,"00003","2022-05-25","1bbff9d98cea4a6789d1e831dc2925da","ft^3/s","5080",-82.6608333333333,35.7863888888889
"b919c966-9be8-4f32-824a-a7f3cb1d0b2e","Approved","2025-05-16T18:21:17.600491+00:00","USGS-03453500","00060",,"00003","2022-05-26","1bbff9d98cea4a6789d1e831dc2925da","ft^3/s","5590",-82.6608333333333,35.7863888888889
"f272fa25-efad-4b8e-b547-e6e46aeb0e66","Approved","2025-05-16T18:21:17.600491+00:00","USGS-03453500","00060",,"00003","2022-05-27","1bbff9d98cea4a6789d1e831dc2925da","ft^3/s","15900",-82.6608333333333,35.7863888888889
"9fe9a423-e2b2-44aa-b331-ad7d262f685a","Approved","2025-05-16T18:21:17.600491+00:00","USGS-03453500","00060",,"00003","2022-05-28","1bbff9d98cea4a6789d1e831dc2925da","ft^3/s","9990",-82.6608333333333,35.7863888888889
"0281f61f-86dd-4268-8447-512adbc54b1e","Approved","2025-05-16T18:21:17.600491+00:00","USGS-03453500","00060",,"00003","2022-05-29","1bbff9d98cea4a6789d1e831dc2925da","ft^3/s","8330",-82.6608333333333,35.7863888888889
"bcc23468-aaed-4ede-8ac3-263d70a52252","Approved","2025-05-16T18:21:17.600491+00:00","USGS-03453500","00060",,"00003","2022-05-30","1bbff9d98cea4a6789d1e831dc2925da","ft^3/s","7570",-82.6608333333333,35.7863888888889
"1c7c97f4-0dab-4899-950d-01c21b7e3c68","Approved","2025-05-16T18:21:17.600491+00:00","USGS-03453500","00060",,"00003","2022-05-31","1bbff9d98cea4a6789d1e831dc2925da","ft^3/s","5020",-82.6608333333333,35.7863888888889
"4a114d96-4791-4d78-bc39-0401db29d00a","Approved","2025-05-16T18:21:17.600491+00:00","USGS-03453500","00060",,"00003","2022-06-01","1bbff9d98cea4a6789d1e831dc2925da","ft^3/s","3810",-82.6608333333333,35.7863888888889
"b965fec8-db82-44e6-b4f7-2b2e2ef74696","Approved","2025-05-16T18:21:17.600491+00:00","USGS-03453500","00060",,"00003","2022-06-02","1bbff9d98cea4a6789d1e831dc2925da","ft^3/s","3450",-82.6608333333333,35.7863888888889
"e39fd1d5-44e4-4f4c-a7ad-564df94cd56a","Approved","2025-05-16T18:21:17.600491+00:00","USGS-03453500","00060",,"00003","2022-06-03","1bbff9d98cea4a6789d1e831dc2925da","ft^3/s","3380",-82.6608333333333,35.7863888888889
"003c30ec-b66f-42be-99b8-f7f5784a22d8","Approved","2025-05-16T18:21:17.600491+00:00","USGS-03453500","00060",,"00003","2022-06-04","1bbff9d98cea4a6789d1e831dc2925da","ft^3/s","3220",-82.6608333333333,35.7863888888889
"158a7cdc-a123-4c65-a920-62b2da67adfa","Approved","2025-05-16T18:21:17.600491+00:00","USGS-03453500","00060",,"00003","2022-06-05","1bbff9d98cea4a6789d1e831dc2925da","ft^3/s","2890",-82.6608333333333,35.7863888888889
"3aee9dc7-548b-4ccc-9838-7d05b3be3a42","Approved","2025-05-16T18:21:17.600491+00:00","USGS-03453500","00060",,"00003","2022-06-06","1bbff9d98cea4a6789d1e831dc2925da","ft^3/s","2600",-82.6608333333333,35.7863888888889
"d235aa34-cf82-410e-a629-7e74e82107fb","Approved","2025-05-16T18:21:17.600491+00:00","USGS-03453500","00060",,"00003","2022-06-07","1bbff9d98cea4a6789d1e831dc2925da","ft^3/s","2440",-82.6608333333333,35.7863888888889
"0c2c2523-88ba-4ba8-a0d5-42245efb373b","Approved","2025-05-16T18:21:17.600491+00:00","USGS-03453500","00060",,"00003","2022-06-08","1bbff9d98cea4a6789d1e831dc2925da","ft^3/s","2400",-82.6608333333333,35.7863888888889
"fd45d0d6-fb30-4f57-8462-38c11f3647b2","Approved","2025-05-16T18:21:17.600491+00:00","USGS-03453500","00060",,"00003","2022-06-09","1bbff9d98cea4a6789d1e831dc2925da","ft^3/s","2620",-82.6608333333333,35.7863888888889
"c1bec90b-34eb-47ef-afad-617bdc9044dc","Approved","2025-05-16T18:21:17.600491+00:00","USGS-03453500","00060",,"00003","2022-06-10","1bbff9d98cea4a6789d1e831dc2925da","ft^3/s","2310",-82.6608333333333,35.7863888888889
"f2989ffe-d13e-4952-946e-35d558ae3702","Approved","2025-05-16T18:21:17.600491+00:00","USGS-03453500","00060",,"00003","2022-06-11","1bbff9d98cea4a6789d1e831dc2925da","ft^3/s","2120",-82.6608333333333,35.7863888888889
"4001aba6-deb4-4233-962e-b4471557ddb1","Approved","2025-05-16T18:21:17.600491+00:00","USGS-03453500","00060",,"00003","2022-06-12","1bbff9d98cea4a6789d1e831dc2925da","ft^3/s","2030",-82.6608333333333,35.7863888888889
"5f893d1f-ae98-4687-989b-5b9d8b782c85","Approved","2025-05-16T18:21:17.600491+00:00","USGS-03453500","00060",,"00003","2022-06-13","1bbff9d98cea4a6789d1e831dc2925da","ft^3/s","1950",-82.6608333333333,35.7863888888889
"6c2cbcb4-7370-41f6-b13f-3529e8b65be2","Approved","2025-05-16T18:21:17.600491+00:00","USGS-03453500","00060",,"00003","2022-06-14","1bbff9d98cea4a6789d1e831dc2925da","ft^3/s","2110",-82.6608333333333,35.7863888888889
"03f49efd-61cb-436a-a97e-c16b87b7c148","Approved","2025-05-16T18:21:17.600491+00:00","USGS-03453500","00060",,"00003","2022-06-15","1bbff9d98cea4a6789d1e831dc2925da","ft^3/s","2060",-82.6608333333333,35.7863888888889
"edde0215-d0ee-40a3-b258-ff4dc6bbdcff","Approved","2025-05-16T18:21:17.600491+00:00","USGS-03453500","00060",,"00003","2022-06-16","1bbff9d98cea4a6789d1e831dc2925da","ft^3/s","1860",-82.6608333333333,35.7863888888889
"58142e57-3471-413c-be75-c886bb4435cf","Approved","2025-05-16T18:21:17.600491+00:00","USGS-03453500","00060",,"00003","2022-06-17","1bbff9d98cea4a6789d1e831dc2925da","ft^3/s","2000",-82.6608333333333,35.7863888888889
"2403e386-9dfe-4a80-a059-810bb79d85e9","Approved","2025-05-16T18:21:17.600491+00:00","USGS-03453500","00060",,"00003","2022-06-18","1bbff9d98cea4a6789d1e831dc2925da","ft^3/s","2080",-82.6608333333333,35.7863888888889
"532b1144-9278-4122-b36e-c3a09f8c83e2","Approved","2025-05-16T18:21:17.600491+00:00","USGS-03453500","00060",,"00003","2022-06-19","1bbff9d98cea4a6789d1e831dc2925da","ft^3/s","1730",-82.6608333333333,35.7863888888889
"f6e5ad63-2ca7-4a2c-9fef-2b9d16d2d5d0","Approved","2025-05-16T18:21:17.600491+00:00","USGS-03453500","00060",,"00003","2022-06-20","1bbff9d98cea4a6789d1e831dc2925da","ft^3/s","1590",-82.6608333333333,35.7863888888889
"cb707b8b-f396-4440-a1bc-8c1f75e364bc","Approved","2025-05-16T18:21:17.600491+00:00","USGS-03453500","00060",,"00003","2022-06-21","1bbff9d98cea4a6789d1e831dc2925da","ft^3/s","1500",-82.6608333333333,35.7863888888889
"cc126317-18c8-4f3a-8424-5680c8ae4619","Approved","2025-05-16T18:21:17.600491+00:00","USGS-03453500","00060",,"00003","2022-06-22","1bbff9d98cea4a6789d1e831dc2925da","ft^3/s","1450",-82.6608333333333,35.7863888888889
"ab7cd63c-e951-408a-b742-3af19bee182e","Approved","2025-05-16T18:21:17.600491+00:00","USGS-03453500","00060",,"00003","2022-06-23","1bbff9d98cea4a6789d1e831dc2925da","ft^3/s","1400",-82.6608333333333,35.7863888888889
"b4666b7f-5976-4ce2-85af-d9f2b097185a","Approved","2025-05-16T18:21:17.600491+00:00","USGS-03453500","00060",,"00003","2022-06-24","1bbff9d98cea4a6789d1e831dc2925da","ft^3/s","1350",-82.6608333333333,35.7863888888889
"17759d9b-693e-44ee-8446-2464922efdfe","Approved","2025-05-16T18:21:17.600491+00:00","USGS-03453500","00060",,"00003","2022-06-25","1bbff9d98cea4a6789d1e831dc2925da","ft^3/s","1350",-82.6608333333333,35.7863888888889
"48aa2bb9-ec17-4581-b37e-43c82625f820","Approved","2025-05-16T18:21:17.600491+00:00","USGS-03453500","00060",,"00003","2022-06-26","1bbff9d98cea4a6789d1e831dc2925da","ft^3/s","1410",-82.6608333333333,35.7863888888889
"0284e2c7-1274-49f8-8c50-093e2bf10cc8","Approved","2025-05-16T18:21:17.600491+00:00","USGS-03453500","00060",,"00003","2022-06-27","1bbff9d98cea4a6789d1e831dc2925da","ft^3/s","1490",-82.6608333333333,35.7863888888889
"533d105f-ccbe-462a-b3ec-21fddeae4fca","Approved","2025-05-16T18:21:17.600491+00:00","USGS-03453500","00060",,"00003","2022-06-28","1bbff9d98cea4a6789d1e831dc2925da","ft^3/s","1410",-82.6608333333333,35.7863888888889
"46cdfe62-6a92-4724-97d0-20074179bd9f","Approved","2025-05-16T18:21:17.600491+00:00","USGS-03453500","00060",,"00003","2022-06-29","1bbff9d98cea4a6789d1e831dc2925da","ft^3/s","1340",-82.6608333333333,35.7863888888889
"89988638-5d1b-4ee5-a241-fcfbf0b40cfb","Approved","2025-05-16T18:21:17.600491+00:00","USGS-03453500","00060",,"00003","2022-06-30","1bbff9d98cea4a6789d1e831dc2925da","ft^3/s","1490",-82.6608333333333,35.7863888888889
"7f0be997-f1cd-4e0b-aede-e337ae84839f","Approved","2025-05-16T18:21:17.600491+00:00","USGS-03453500","00060",,"00003","2022-07-01","1bbff9d98cea4a6789d1e831dc2925da","ft^3/s","1420",-82.6608333333333,35.7863888888889
"8867ead2-bfb6-45ed-96b9-7c013faae3ff","Approved","2025-05-16T18:21:17.600491+00:00","USGS-03453500","00060",,"00003","2022-07-02","1bbff9d98cea4a6789d1e831dc2925da","ft^3/s","1560",-82.6608333333333,35.7863888888889
"e6117c4a-154e-4fd3-ad5e-02866bce38e2","Approved","2025-05-16T18:21:17.600491+00:00","USGS-03453500","00060",,"00003","2022-07-03","1bbff9d98cea4a6789d1e831dc2925da","ft^3/s","1860",-82.6608333333333,35.7863888888889
"b502e565-0ac7-434b-b6fa-d9dda99d6573","Approved","2025-05-16T18:21:17.600491+00:00","USGS-03453500","00060",,"00003","2022-07-04","1bbff9d98cea4a6789d1e831dc2925da","ft^3/s","1960",-82.6608333333333,35.7863888888889
"442b2144-869f-4ab7-be00-eb31a9fd2a38","Approved","2025-05-16T18:21:17.600491+00:00","USGS-03453500","00060",,"00003","2022-07-05","1bbff9d98cea4a6789d1e831dc2925da","ft^3/s","2080",-82.6608333333333,35.7863888888889
"46f965ac-371c-4c3c-abbd-1d7343474e87","Approved","2025-05-16T18:21:17.600491+00:00","USGS-03453500","00060",,"00003","2022-07-06","1bbff9d98cea4a6789d1e831dc2925da","ft^3/s","2680",-82.6608333333333,35.7863888888889
"c6c42c6c-caa3-426e-9b63-68557173e0e0","Approved","2025-05-16T18:21:17.600491+00:00","USGS-03453500","00060",,"00003","2022-07-07","1bbff9d98cea4a6789d1e831dc2925da","ft^3/s","2340",-82.6608333333333,35.7863888888889
"5cf3680c-fb0d-41c7-b97f-b5935c8157ec","Approved","2025-05-16T18:21:17.600491+00:00","USGS-03453500","00060",,"00003","2022-07-08","1bbff9d98cea4a6789d1e831dc2925da","ft^3/s","2330",-82.6608333333333,35.7863888888889
"00c557ee-a7a0-4561-a108-98735ca6f0f3","Approved","2025-05-16T18:21:17.600491+00:00","USGS-03453500","00060",,"00003","2022-07-09","1bbff9d98cea4a6789d1e831dc2925da","ft^3/s","1960",-82.6608333333333,35.7863888888889
"dda5eb0f-1aae-4886-a5be-c760bee5f832","Approved","2025-05-16T18:21:17.600491+00:00","USGS-03453500","00060",,"00003","2022-07-10","1bbff9d98cea4a6789d1e831dc2925da","ft^3/s","3130",-82.6608333333333,35.7863888888889
"bf9e5826-5363-4ab2-b825-c4cb3d03d221","Approved","2025-05-16T18:21:17.600491+00:00","USGS-03453500","00060",,"00003","2022-07-11","1bbff9d98cea4a6789d1e831dc2925da","ft^3/s","2540",-82.6608333333333,35.7863888888889
"15c00340-5bf2-4843-9255-7346fac22799","Approved","2025-05-16T18:21:17.600491+00:00","USGS-03453500","00060",,"00003","2022-07-12","1bbff9d98cea4a6789d1e831dc2925da","ft^3/s","2180",-82.6608333333333,35.7863888888889
"7db4ea1b-25b7-441c-80f4-f81e03aded6e","Approved","2025-05-16T18:21:17.600491+00:00","USGS-03453500","00060",,"00003","2022-07-13","1bbff9d98cea4a6789d1e831dc2925da","ft^3/s","2550",-82.6608333333333,35.7863888888889
"f829380b-c924-4b91-ae07-0414a6befd98","Approved","2025-05-16T18:21:17.600491+00:00","USGS-03453500","00060",,"00003","2022-07-14","1bbff9d98cea4a6789d1e831dc2925da","ft^3/s","2290",-82.6608333333333,35.7863888888889
"a7b0c39e-7b76-42cf-9237-53d8376ad619","Approved","2025-05-16T18:21:17.600491+00:00","USGS-03453500","00060",,"00003","2022-07-15","1bbff9d98cea4a6789d1e831dc2925da","ft^3/s","1710",-82.6608333333333,35.7863888888889
"6f7d3086-3ad6-486a-8254-b99a80a5133a","Approved","2025-05-16T18:21:17.600491+00:00","USGS-03453500","00060",,"00003","2022-07-16","1bbff9d98cea4a6789d1e831dc2925da","ft^3/s","1620",-82.6608333333333,35.7863888888889
"435ddbcf-cacc-47dc-ba89-6f8515cba9d0","Approved","2025-05-16T18:21:17.600491+00:00","USGS-03453500","00060",,"00003","2022-07-17","1bbff9d98cea4a6789d1e831dc2925da","ft^3/s","1570",-82.6608333333333,35.7863888888889
"9bd03df8-edeb-44db-9694-82aac97bb79c","Approved","2025-05-16T18:21:17.600491+00:00","USGS-03453500","00060",,"00003","2022-07-18","1bbff9d98cea4a6789d1e831dc2925da","ft^3/s","1580",-82.6608333333333,35.7863888888889
"df5bf4eb-7e42-4b37-a1d4-c2d533e49d0e","Approved","2025-05-16T18:21:17.600491+00:00","USGS-03453500","00060",,"00003","2022-07-19","1bbff9d98cea4a6789d1e831dc2925da","ft^3/s","1630",-82.6608333333333,35.7863888888889
"ac56ced6-cb82-449d-ad83-f84bd9353764","Approved","2025-05-16T18:21:17.600491+00:00","USGS-03453500","00060",,"00003","2022-07-20","1bbff9d98cea4a6789d1e831dc2925da","ft^3/s","1910",-82.6608333333333,35.7863888888889
"1b8fedf5-62c0-48c9-a1ac-cbbad4fc7e73","Approved","2025-05-16T18:21:17.600491+00:00","USGS-03453500","00060",,"00003","2022-07-21","1bbff9d98cea4a6789d1e831dc2925da","ft^3/s","1700",-82.6608333333333,35.7863888888889
"8c028113-1177-46d0-a407-4ea81a8648a5","Approved","2025-05-16T18:21:17.600491+00:00","USGS-03453500","00060",,"00003","2022-07-22","1bbff9d98cea4a6789d1e831dc2925da","ft^3/s","1420",-82.6608333333333,35.7863888888889
"211f215f-038c-45a2-bd11-27f9f399db7b","Approved","2025-05-16T18:21:17.600491+00:00","USGS-03453500","00060",,"00003","2022-07-23","1bbff9d98cea4a6789d1e831dc2925da","ft^3/s","1300",-82.6608333333333,35.7863888888889
"75696e15-d77d-45fd-ad50-cd15a4f0686e","Approved","2025-05-16T18:21:17.600491+00:00","USGS-03453500","00060",,"00003","2022-07-24","1bbff9d98cea4a6789d1e831dc2925da","ft^3/s","1300",-82.6608333333333,35.7863888888889
"b00acf64-e8c0-4c70-8047-ccae0d75b6bb","Approved","2025-05-16T18:21:17.600491+00:00","USGS-03453500","00060",,"00003","2022-07-25","1bbff9d98cea4a6789d1e831dc2925da","ft^3/s","1210",-82.6608333333333,35.7863888888889
"1eb25904-7133-43a2-bc62-692377310729","Approved","2025-05-16T18:21:17.600491+00:00","USGS-03453500","00060",,"00003","2022-07-26","1bbff9d98cea4a6789d1e831dc2925da","ft^3/s","1380",-82.6608333333333,35.7863888888889
"9c9930ae-4c88-4492-9a8c-292863f61479","Approved","2025-05-16T18:21:17.600491+00:00","USGS-03453500","00060",,"00003","2022-07-27","1bbff9d98cea4a6789d1e831dc2925da","ft^3/s","1420",-82.6608333333333,35.7863888888889
"270d25b6-c46f-4a76-9c9d-c58939e71300","Approved","2025-05-16T18:21:17.600491+00:00","USGS-03453500","00060",,"00003","2022-07-28","1bbff9d98cea4a6789d1e831dc2925da","ft^3/s","1330",-82.6608333333333,35.7863888888889
"f9acd9b1-458f-4b3c-b2f7-5058e5a37f0d","Approved","2025-05-16T18:21:17.600491+00:00","USGS-03453500","00060",,"00003","2022-07-29","1bbff9d98cea4a6789d1e831dc2925da","ft^3/s","2180",-82.6608333333333,35.7863888888889
"d6212cd1-b20b-4c11-83cf-73cd18aff327","Approved","2025-05-16T18:21:17.600491+00:00","USGS-03453500","00060",,"00003","2022-07-30","1bbff9d98cea4a6789d1e831dc2925da","ft^3/s","1540",-82.6608333333333,35.7863888888889
"7cea1c37-9586-4a2e-b8a2-65995645e409","Approved","2025-05-16T18:21:17.600491+00:00","USGS-03453500","00060",,"00003","2022-07-31","1bbff9d98cea4a6789d1e831dc2925da","ft^3/s","3700",-82.6608333333333,35.7863888888889
"7bd5cd40-c3d6-4813-ad90-4a51ba3d67c9","Approved","2025-05-16T18:21:17.600491+00:00","USGS-03453500","00060",,"00003","2022-08-01","1bbff9d98cea4a6789d1e831dc2925da","ft^3/s","2580",-82.6608333333333,35.7863888888889
"279c2668-89c8-4e5d-8f80-88664cced2c4","Approved","2025-05-16T18:21:17.600491+00:00","USGS-03453500","00060",,"00003","2022-08-02","1bbff9d98cea4a6789d1e831dc2925da","ft^3/s","1810",-82.6608333333333,35.7863888888889
"68826a10-908f-4b44-8b25-8d1aa37109df","Approved","2025-05-16T18:21:17.600491+00:00","USGS-03453500","00060",,"00003","2022-08-03","1bbff9d98cea4a6789d1e831dc2925da","ft^3/s","1530",-82.6608333333333,35.7863888888889
"b99eebe8-d489-4a68-ae9e-f548cacb477a","Approved","2025-05-16T18:21:17.600491+00:00","USGS-03453500","00060",,"00003","2022-08-04","1bbff9d98cea4a6789d1e831dc2925da","ft^3/s","1500",-82.6608333333333,35.7863888888889
"2e580187-9252-4812-acdc-7976550cc714","Approved","2025-05-16T18:21:17.600491+00:00","USGS-03453500","00060",,"00003","2022-08-05","1bbff9d98cea4a6789d1e831dc2925da","ft^3/s","1750",-82.6608333333333,35.7863888888889
"f0bf708d-c0b6-402c-acc5-9b098b080976","Approved","2025-05-16T18:21:17.600491+00:00","USGS-03453500","00060",,"00003","2022-08-06","1bbff9d98cea4a6789d1e831dc2925da","ft^3/s","2030",-82.6608333333333,35.7863888888889
"927d6ebb-2fd5-4a9b-9bac-82fd40bf2e8a","Approved","2025-05-16T18:21:17.600491+00:00","USGS-03453500","00060",,"00003","2022-08-07","1bbff9d98cea4a6789d1e831dc2925da","ft^3/s","3110",-82.6608333333333,35.7863888888889
"81e816bd-d407-442d-9279-6bfde0bc6f5c","Approved","2025-05-16T18:21:17.600491+00:00","USGS-03453500","00060",,"00003","2022-08-08","1bbff9d98cea4a6789d1e831dc2925da","ft^3/s","2580",-82.6608333333333,35.7863888888889
"6a067172-9cfb-4a72-ad34-994dc6163380","Approved","2025-05-16T18:21:17.600491+00:00","USGS-03453500","00060",,"00003","2022-08-09","1bbff9d98cea4a6789d1e831dc2925da","ft^3/s","1950",-82.6608333333333,35.7863888888889
"6bfff2f4-43b5-4a7b-9f0c-65a0f0b8bf02","Approved","2025-05-16T18:21:17.600491+00:00","USGS-03453500","00060",,"00003","2022-08-10","1bbff9d98cea4a6789d1e831dc2925da","ft^3/s","1990",-82.6608333333333,35.7863888888889
"3b863f10-b2ab-4fe7-9fbe-871e2c22e06f","Approved","2025-05-16T18:21:17.600491+00:00","USGS-03453500","00060",,"00003","2022-08-11","1bbff9d98cea4a6789d1e831dc2925da","ft^3/s","1740",-82.6608333333333,35.7863888888889
"52c4c6c5-d55a-4eb9-9675-6270199687f7","Approved","2025-05-16T18:21:17.600491+00:00","USGS-03453500","00060",,"00003","2022-08-12","1bbff9d98cea4a6789d1e831dc2925da","ft^3/s","2330",-82.6608333333333,35.7863888888889
"0cb7ab94-21fb-43f4-88f9-8ddaae8f2e09","Approved","2025-05-16T18:21:17.600491+00:00","USGS-03453500","00060",,"00003","2022-08-13","1bbff9d98cea4a6789d1e831dc2925da","ft^3/s","2120",-82.6608333333333,35.7863888888889
"cc2b832c-18a6-4b6f-b2dc-16682219d702","Approved","2025-05-16T18:21:17.600491+00:00","USGS-03453500","00060",,"00003","2022-08-14","1bbff9d98cea4a6789d1e831dc2925da","ft^3/s","1660",-82.6608333333333,35.7863888888889
"988e21d7-01f3-4744-ae21-fcc4437b703f","Approved","2025-05-16T18:21:17.600491+00:00","USGS-03453500","00060",,"00003","2022-08-15","1bbff9d98cea4a6789d1e831dc2925da","ft^3/s","1440",-82.6608333333333,35.7863888888889
"ac622ca2-452c-43b2-84ce-cfeead340f60","Approved","2025-05-16T18:21:17.600491+00:00","USGS-03453500","00060",,"00003","2022-08-16","1bbff9d98cea4a6789d1e831dc2925da","ft^3/s","1360",-82.6608333333333,35.7863888888889
"1b65fe5b-e3dc-4e50-9111-e9315ba25701","Approved","2025-05-16T18:21:17.600491+00:00","USGS-03453500","00060",,"00003","2022-08-17","1bbff9d98cea4a6789d1e831dc2925da","ft^3/s","1530",-82.6608333333333,35.7863888888889
"28f5c991-c9ae-487c-9f68-6487470c9c54","Approved","2025-05-16T18:21:17.600491+00:00","USGS-03453500","00060",,"00003","2022-08-18","1bbff9d98cea4a6789d1e831dc2925da","ft^3/s","1530",-82.6608333333333,35.7863888888889
"8f4ea2f8-02de-4f88-8105-94a8eab0d072","Approved","2025-05-16T18:21:17.600491+00:00","USGS-03453500","00060",,"00003","2022-08-19","1bbff9d98cea4a6789d1e831dc2925da","ft^3/s","1480",-82.6608333333333,35.7863888888889
"4d00c978-f2d4-4138-b929-c4d3b6b07389","Approved","2025-05-16T18:21:17.600491+00:00","USGS-03453500","00060",,"00003","2022-08-20","1bbff9d98cea4a6789d1e831dc2925da","ft^3/s","1670",-82.6608333333333,35.7863888888889
"b36910ae-16de-4517-9eb6-7c3c5f992b6d","Approved","2025-05-16T18:21:17.600491+00:00","USGS-03453500","00060",,"00003","2022-08-21","1bbff9d98cea4a6789d1e831dc2925da","ft^3/s","1810",-82.6608333333333,35.7863888888889
"a7b30aca-e766-4bce-a433-c2aff30bf8b1","Approved","2025-05-16T18:21:17.600491+00:00","USGS-03453500","00060",,"00003","2022-08-22","1bbff9d98cea4a6789d1e831dc2925da","ft^3/s","2510",-82.6608333333333,35.7863888888889
"aacb62c7-c747-47c2-a67c-cf3b78a59ef9","Approved","2025-05-16T18:21:17.600491+00:00","USGS-03453500","00060",,"00003","2022-08-23","1bbff9d98cea4a6789d1e831dc2925da","ft^3/s","2160",-82.6608333333333,35.7863888888889
"3672e1f9-a972-4624-96de-064ca0627cfe","Approved","2025-05-16T18:21:17.600491+00:00","USGS-03453500","00060",,"00003","2022-08-24","1bbff9d98cea4a6789d1e831dc2925da","ft^3/s","1600",-82.6608333333333,35.7863888888889
"3ea06a64-7f2a-45fe-b00b-83c8faf10c71","Approved","2025-05-16T18:21:17.600491+00:00","USGS-03453500","00060",,"00003","2022-08-25","1bbff9d98cea4a6789d1e831dc2925da","ft^3/s","1550",-82.6608333333333,35.7863888888889
"2614d169-0d07-499e-9619-8939fd4f36a2","Approved","2025-05-16T18:21:17.600491+00:00","USGS-03453500","00060",,"00003","2022-08-26","1bbff9d98cea4a6789d1e831dc2925da","ft^3/s","1460",-82.6608333333333,35.7863888888889
"b0e15c49-f639-46ef-a372-36263c14c34b","Approved","2025-05-16T18:21:17.600491+00:00","USGS-03453500","00060",,"00003","2022-08-27","1bbff9d98cea4a6789d1e831dc2925da","ft^3/s","1930",-82.6608333333333,35.7863888888889
"3d6f0a2a-01b6-4cc6-b26d-63f2610af97d","Approved","2025-05-16T18:21:17.600491+00:00","USGS-03453500","00060",,"00003","2022-08-28","1bbff9d98cea4a6789d1e831dc2925da","ft^3/s","1530",-82.6608333333333,35.7863888888889
"a1252be1-1986-44cb-90f2-6f0acc1af664","Approved","2025-05-16T18:21:17.600491+00:00","USGS-03453500","00060",,"00003","2022-08-29","1bbff9d98cea4a6789d1e831dc2925da","ft^3/s","1350",-82.6608333333333,35.7863888888889
"5438f5e8-0f03-43fa-9b71-edd88a13de7d","Approved","2025-05-16T18:21:17.600491+00:00","USGS-03453500","00060",,"00003","2022-08-30","1bbff9d98cea4a6789d1e831dc2925da","ft^3/s","1280",-82.6608333333333,35.7863888888889
"4b1386b3-cefe-4538-8255-3058d36f8331","Approved","2025-05-16T18:21:17.600491+00:00","USGS-03453500","00060",,"00003","2022-08-31","1bbff9d98cea4a6789d1e831dc2925da","ft^3/s","1270",-82.6608333333333,35.7863888888889
"7cc77a84-1a19-4a8d-91ca-abc8df38ddf0","Approved","2025-05-16T18:21:17.600491+00:00","USGS-03453500","00060",,"00003","2022-09-01","1bbff9d98cea4a6789d1e831dc2925da","ft^3/s","1160",-82.6608333333333,35.7863888888889
"81510d34-70fc-423a-b515-99de034c8ddc","Approved","2025-05-16T18:21:17.600491+00:00","USGS-03453500","00060",,"00003","2022-09-02","1bbff9d98cea4a6789d1e831dc2925da","ft^3/s","1080",-82.6608333333333,35.7863888888889
"82976b76-69b4-4dd5-b743-f8aa89bd933c","Approved","2025-05-16T18:21:17.600491+00:00","USGS-03453500","00060",,"00003","2022-09-03","1bbff9d98cea4a6789d1e831dc2925da","ft^3/s","1050",-82.6608333333333,35.7863888888889
"330c0ae6-01ae-498e-9c96-21954123b8c2","Approved","2025-05-16T18:21:17.600491+00:00","USGS-03453500","00060",,"00003","2022-09-04","1bbff9d98cea4a6789d1e831dc2925da","ft^3/s","1330",-82.6608333333333,35.7863888888889
"584df454-e3ed-4bff-8333-cbaec8a4239f","Approved","2025-05-16T18:21:17.600491+00:00","USGS-03453500","00060",,"00003","2022-09-05","1bbff9d98cea4a6789d1e831dc2925da","ft^3/s","4600",-82.6608333333333,35.7863888888889
"f81ee713-85fc-4074-b483-01783931e50d","Approved","2025-05-16T18:21:17.600491+00:00","USGS-03453500","00060",,"00003","2022-09-06","1bbff9d98cea4a6789d1e831dc2925da","ft^3/s","7470",-82.6608333333333,35.7863888888889
"93d8586d-5a60-4254-87ee-915715495393","Approved","2025-05-16T18:21:17.600491+00:00","USGS-03453500","00060",,"00003","2022-09-07","1bbff9d98cea4a6789d1e831dc2925da","ft^3/s","6620",-82.6608333333333,35.7863888888889
"97e696ce-7257-47ab-b0e6-9c1f9fde7a06","Approved","2025-05-16T18:21:17.600491+00:00","USGS-03453500","00060",,"00003","2022-09-08","1bbff9d98cea4a6789d1e831dc2925da","ft^3/s","6070",-82.6608333333333,35.7863888888889
"eac1d65f-91bf-4860-bd77-347527dacdfc","Approved","2025-05-16T18:21:17.600491+00:00","USGS-03453500","00060",,"00003","2022-09-09","1bbff9d98cea4a6789d1e831dc2925da","ft^3/s","4220",-82.6608333333333,35.7863888888889
"ddd2a861-cec5-4e0a-a196-409c21a4f814","Approved","2025-05-16T18:21:17.600491+00:00","USGS-03453500","00060",,"00003","2022-09-10","1bbff9d98cea4a6789d1e831dc2925da","ft^3/s","3290",-82.6608333333333,35.7863888888889
"40a03456-7827-4b2c-9ce4-18cebf242f4d","Approved","2025-05-16T18:21:17.600491+00:00","USGS-03453500","00060",,"00003","2022-09-11","1bbff9d98cea4a6789d1e831dc2925da","ft^3/s","4620",-82.6608333333333,35.7863888888889
"3c30dc2d-5041-47a4-863d-0013863c2518","Approved","2025-05-16T18:21:17.600491+00:00","USGS-03453500","00060",,"00003","2022-09-12","1bbff9d98cea4a6789d1e831dc2925da","ft^3/s","3530",-82.6608333333333,35.7863888888889
"cd79ed31-7837-43d7-a3dc-006e3bb1ddc9","Approved","2025-05-16T18:21:17.600491+00:00","USGS-03453500","00060",,"00003","2022-09-13","1bbff9d98cea4a6789d1e831dc2925da","ft^3/s","2830",-82.6608333333333,35.7863888888889
"5465bdef-0081-469e-82b2-fd66828b3fc1","Approved","2025-05-16T18:21:17.600491+00:00","USGS-03453500","00060",,"00003","2022-09-14","1bbff9d98cea4a6789d1e831dc2925da","ft^3/s","2350",-82.6608333333333,35.7863888888889
"a4935a77-4ad5-48a9-8b8b-feeff531087e","Approved","2025-05-16T18:21:17.600491+00:00","USGS-03453500","00060",,"00003","2022-09-15","1bbff9d98cea4a6789d1e831dc2925da","ft^3/s","2100",-82.6608333333333,35.7863888888889
"891431ba-cd29-4f2a-a392-e1b049a3f69b","Approved","2025-05-16T18:21:17.600491+00:00","USGS-03453500","00060",,"00003","2022-09-16","1bbff9d98cea4a6789d1e831dc2925da","ft^3/s","1930",-82.6608333333333,35.7863888888889
"a011d2d1-92cb-4dde-a3fd-b9507e9f7133","Approved","2025-05-16T18:21:17.600491+00:00","USGS-03453500","00060",,"00003","2022-09-17","1bbff9d98cea4a6789d1e831dc2925da","ft^3/s","1790",-82.6608333333333,35.7863888888889
"3afe2aae-e59b-46e3-99a3-0af76b8073ab","Approved","2025-05-16T18:21:17.600491+00:00","USGS-03453500","00060",,"00003","2022-09-18","1bbff9d98cea4a6789d1e831dc2925da","ft^3/s","1690",-82.6608333333333,35.7863888888889
"3b33c657-ba49-4e34-9932-016651dcb380","Approved","2025-05-16T18:21:17.600491+00:00","USGS-03453500","00060",,"00003","2022-09-19","1bbff9d98cea4a6789d1e831dc2925da","ft^3/s","1610",-82.6608333333333,35.7863888888889
"9f3d879d-dbf3-4ae6-83d1-229cd3b0c11b","Approved","2025-05-16T18:21:17.600491+00:00","USGS-03453500","00060",,"00003","2022-09-20","1bbff9d98cea4a6789d1e831dc2925da","ft^3/s","1550",-82.6608333333333,35.7863888888889
"d1a72c94-6de2-4ae5-b28d-e0caef4a8a72","Approved","2025-05-16T18:21:17.600491+00:00","USGS-03453500","00060",,"00003","2022-09-21","1bbff9d98cea4a6789d1e831dc2925da","ft^3/s","1470",-82.6608333333333,35.7863888888889
"461aee4c-5abb-4403-934e-6a8f9d5bc846","Approved","2025-05-16T18:21:17.600491+00:00","USGS-03453500","00060",,"00003","2022-09-22","1bbff9d98cea4a6789d1e831dc2925da","ft^3/s","1410",-82.6608333333333,35.7863888888889
"98318b39-eedf-496e-a17d-510deedb20d8","Approved","2025-05-16T18:21:17.600491+00:00","USGS-03453500","00060",,"00003","2022-09-23","1bbff9d98cea4a6789d1e831dc2925da","ft^3/s","1340",-82.6608333333333,35.7863888888889
"cee714ce-67c1-438a-b70d-e577b4f3c02c","Approved","2025-05-16T18:21:17.600491+00:00","USGS-03453500","00060",,"00003","2022-09-24","1bbff9d98cea4a6789d1e831dc2925da","ft^3/s","1280",-82.6608333333333,35.7863888888889
"3cc4dc7c-9a7a-4e91-8254-c5c8482e8cef","Approved","2025-05-16T18:21:17.600491+00:00","USGS-03453500","00060",,"00003","2022-09-25","1bbff9d98cea4a6789d1e831dc2925da","ft^3/s","1250",-82.6608333333333,35.7863888888889
"9c4aa10d-d72d-4591-891a-63d9db6d290b","Approved","2025-05-16T18:21:17.600491+00:00","USGS-03453500","00060",,"00003","2022-09-26","1bbff9d98cea4a6789d1e831dc2925da","ft^3/s","1270",-82.6608333333333,35.7863888888889
"a5da182c-a428-4c06-81ea-3080c8e7d461","Approved","2025-05-16T18:21:17.600491+00:00","USGS-03453500","00060",,"00003","2022-09-27","1bbff9d98cea4a6789d1e831dc2925da","ft^3/s","1210",-82.6608333333333,35.7863888888889
"fdbd8b93-96b6-4a88-b4c3-730261d77fa1","Approved","2025-05-16T18:21:17.600491+00:00","USGS-03453500","00060",,"00003","2022-09-28","1bbff9d98cea4a6789d1e831dc2925da","ft^3/s","1150",-82.6608333333333,35.7863888888889
"58e97014-d9ef-4f7a-bd2c-d79fdd155ce1","Approved","2025-05-16T18:21:17.600491+00:00","USGS-03453500","00060",,"00003","2022-09-29","1bbff9d98cea4a6789d1e831dc2925da","ft^3/s","1110",-82.6608333333333,35.7863888888889
"ca511330-4cf9-48b1-8580-f1af0c0bc438","Approved","2025-05-16T18:21:17.600491+00:00","USGS-03453500","00060",,"00003","2022-09-30","1bbff9d98cea4a6789d1e831dc2925da","ft^3/s","1120",-82.6608333333333,35.7863888888889
"67ffe072-6d8c-43ba-9e85-997e304ebf32","Approved","2025-05-16T18:21:17.600491+00:00","USGS-03453500","00060",,"00003","2022-10-01","1bbff9d98cea4a6789d1e831dc2925da","ft^3/s","1450",-82.6608333333333,35.7863888888889
"1f82bf4c-bd5e-4ba5-9ac1-0fdfe12b6680","Approved","2025-05-16T18:21:17.600491+00:00","USGS-03453500","00060",,"00003","2022-10-02","1bbff9d98cea4a6789d1e831dc2925da","ft^3/s","1330",-82.6608333333333,35.7863888888889
"2658e47b-e52a-4eda-b76f-301b699c51ad","Approved","2025-05-16T18:21:17.600491+00:00","USGS-03453500","00060",,"00003","2022-10-03","1bbff9d98cea4a6789d1e831dc2925da","ft^3/s","1180",-82.6608333333333,35.7863888888889
"e26e0ff6-b57c-4ab1-88d9-2bc1c199f34e","Approved","2025-05-16T18:21:17.600491+00:00","USGS-03453500","00060",,"00003","2022-10-04","1bbff9d98cea4a6789d1e831dc2925da","ft^3/s","1120",-82.6608333333333,35.7863888888889
"21f6f934-037f-48f6-b7df-02cd95bbb0b5","Approved","2025-05-16T18:21:17.600491+00:00","USGS-03453500","00060",,"00003","2022-10-05","1bbff9d98cea4a6789d1e831dc2925da","ft^3/s","1080",-82.6608333333333,35.7863888888889
"fd5bdd4c-dbb5-420c-a29a-8e8042365ea4","Approved","2025-05-16T18:21:17.600491+00:00","USGS-03453500","00060",,"00003","2022-10-06","1bbff9d98cea4a6789d1e831dc2925da","ft^3/s","1050",-82.6608333333333,35.7863888888889
"9bf3359e-3133-4225-9a31-08cc3cfb15ee","Approved","2025-05-16T18:21:17.600491+00:00","USGS-03453500","00060",,"00003","2022-10-07","1bbff9d98cea4a6789d1e831dc2925da","ft^3/s","1030",-82.6608333333333,35.7863888888889
"0ff68219-ea5c-42b5-8bb6-36291a3d515b","Approved","2025-05-16T18:21:17.600491+00:00","USGS-03453500","00060",,"00003","2022-10-08","1bbff9d98cea4a6789d1e831dc2925da","ft^3/s","1000",-82.6608333333333,35.7863888888889
"69602787-7928-429d-9fe4-1c0bbcd516f6","Approved","2025-05-16T18:21:17.600491+00:00","USGS-03453500","00060",,"00003","2022-10-09","1bbff9d98cea4a6789d1e831dc2925da","ft^3/s","980",-82.6608333333333,35.7863888888889
"458a66ca-f9a8-4fb4-b1d9-ad460c08293c","Approved","2025-05-16T18:21:17.600491+00:00","USGS-03453500","00060",,"00003","2022-10-10","1bbff9d98cea4a6789d1e831dc2925da","ft^3/s","975",-82.6608333333333,35.7863888888889
"8b3ad424-dcf3-46c1-a1ac-b140b44570f7","Approved","2025-05-16T18:21:17.600491+00:00","USGS-03453500","00060",,"00003","2022-10-11","1bbff9d98cea4a6789d1e831dc2925da","ft^3/s","965",-82.6608333333333,35.7863888888889
"8c213d14-7ca3-49a2-a222-f3344e295635","Approved","2025-05-16T18:21:17.600491+00:00","USGS-03453500","00060",,"00003","2022-10-12","1bbff9d98cea4a6789d1e831dc2925da","ft^3/s","961",-82.6608333333333,35.7863888888889
"10e71469-439b-4836-8567-0bea9b0b8003","Approved","2025-05-16T18:21:17.600491+00:00","USGS-03453500","00060",,"00003","2022-10-13","1bbff9d98cea4a6789d1e831dc2925da","ft^3/s","964",-82.6608333333333,35.7863888888889
"e9d551f0-5204-4778-967a-97c6a920f0c4","Approved","2025-05-16T18:21:17.600491+00:00","USGS-03453500","00060",,"00003","2022-10-14","1bbff9d98cea4a6789d1e831dc2925da","ft^3/s","964",-82.6608333333333,35.7863888888889
"0ba12269-887e-4975-908a-5274fd0d9961","Approved","2025-05-16T18:21:17.600491+00:00","USGS-03453500","00060",,"00003","2022-10-15","1bbff9d98cea4a6789d1e831dc2925da","ft^3/s","912",-82.6608333333333,35.7863888888889
"352e7671-a0bc-448b-aaa9-e78b30e74448","Approved","2025-05-16T18:21:17.600491+00:00","USGS-03453500","00060",,"00003","2022-10-16","1bbff9d98cea4a6789d1e831dc2925da","ft^3/s","913",-82.6608333333333,35.7863888888889
"0e6b29a6-f377-4f53-964c-741086731f9e","Approved","2025-05-16T18:21:17.600491+00:00","USGS-03453500","00060",,"00003","2022-10-17","1bbff9d98cea4a6789d1e831dc2925da","ft^3/s","1120",-82.6608333333333,35.7863888888889
"5cf27bed-4398-4602-8aaf-95d8c4517a38","Approved","2025-05-16T18:21:17.600491+00:00","USGS-03453500","00060",,"00003","2022-10-18","1bbff9d98cea4a6789d1e831dc2925da","ft^3/s","999",-82.6608333333333,35.7863888888889
"4589b82a-da65-4b64-8329-f06cd2e42696","Approved","2025-05-16T18:21:17.600491+00:00","USGS-03453500","00060",,"00003","2022-10-19","1bbff9d98cea4a6789d1e831dc2925da","ft^3/s","878",-82.6608333333333,35.7863888888889
"2714c7a0-960e-4f20-af3b-dfb346840b1e","Approved","2025-05-16T18:21:17.600491+00:00","USGS-03453500","00060",,"00003","2022-10-20","1bbff9d98cea4a6789d1e831dc2925da","ft^3/s","890",-82.6608333333333,35.7863888888889
"6e18617f-aa8d-4799-89b7-845981f10cb8","Approved","2025-05-16T18:21:17.600491+00:00","USGS-03453500","00060",,"00003","2022-10-21","1bbff9d98cea4a6789d1e831dc2925da","ft^3/s","896",-82.6608333333333,35.7863888888889
"94c53aec-5728-4188-9905-2dc99d020f1e","Approved","2025-05-16T18:21:17.600491+00:00","USGS-03453500","00060",,"00003","2022-10-22","1bbff9d98cea4a6789d1e831dc2925da","ft^3/s","898",-82.6608333333333,35.7863888888889
"72235493-ac97-443c-921d-4017f8ff9508","Approved","2025-05-16T18:21:17.600491+00:00","USGS-03453500","00060",,"00003","2022-10-23","1bbff9d98cea4a6789d1e831dc2925da","ft^3/s","894",-82.6608333333333,35.7863888888889
"1b2155ca-b6bf-4956-b709-5122bbe998e2","Approved","2025-05-16T18:21:17.600491+00:00","USGS-03453500","00060",,"00003","2022-10-24","1bbff9d98cea4a6789d1e831dc2925da","ft^3/s","895",-82.6608333333333,35.7863888888889
"9e11d8a2-12bb-4796-8cc9-bfbc9783c22e","Approved","2025-05-16T18:21:17.600491+00:00","USGS-03453500","00060",,"00003","2022-10-25","1bbff9d98cea4a6789d1e831dc2925da","ft^3/s","888",-82.6608333333333,35.7863888888889
"277c6d0a-07a7-4404-96bd-b37c86d3d66e","Approved","2025-05-16T18:21:17.600491+00:00","USGS-03453500","00060",,"00003","2022-10-26","1bbff9d98cea4a6789d1e831dc2925da","ft^3/s","902",-82.6608333333333,35.7863888888889
"63dc4f6f-4588-4325-b286-af63259ff7ac","Approved","2025-05-16T18:21:17.600491+00:00","USGS-03453500","00060",,"00003","2022-10-27","1bbff9d98cea4a6789d1e831dc2925da","ft^3/s","924",-82.6608333333333,35.7863888888889
"1de36b6f-bdf5-44ee-8aa4-50c4a7a4710c","Approved","2025-05-16T18:21:17.600491+00:00","USGS-03453500","00060",,"00003","2022-10-28","1bbff9d98cea4a6789d1e831dc2925da","ft^3/s","930",-82.6608333333333,35.7863888888889
"c13c4060-9c4d-43fc-bfc6-8b774e19a459","Approved","2025-05-16T18:21:17.600491+00:00","USGS-03453500","00060",,"00003","2022-10-29","1bbff9d98cea4a6789d1e831dc2925da","ft^3/s","898",-82.6608333333333,35.7863888888889
"e43a03b5-d1ca-4d2a-9091-e145b96c3729","Approved","2025-05-16T18:21:17.600491+00:00","USGS-03453500","00060",,"00003","2022-10-30","1bbff9d98cea4a6789d1e831dc2925da","ft^3/s","897",-82.6608333333333,35.7863888888889
"74debf02-06a3-440b-9651-11b559ae7000","Approved","2025-05-16T18:21:17.600491+00:00","USGS-03453500","00060",,"00003","2022-10-31","1bbff9d98cea4a6789d1e831dc2925da","ft^3/s","932",-82.6608333333333,35.7863888888889
"b6a1e326-9588-4e7c-bbcd-620c595ffc2d","Approved","2025-05-16T18:21:17.600491+00:00","USGS-03453500","00060",,"00003","2022-11-01","1bbff9d98cea4a6789d1e831dc2925da","ft^3/s","1180",-82.6608333333333,35.7863888888889
"6930733f-4788-4351-a1c7-09150fb6d2ce","Approved","2025-05-16T18:21:17.600491+00:00","USGS-03453500","00060",,"00003","2022-11-02","1bbff9d98cea4a6789d1e831dc2925da","ft^3/s","1220",-82.6608333333333,35.7863888888889
"b28214c7-2f4d-4f6b-869b-755150c2325f","Approved","2025-05-16T18:21:17.600491+00:00","USGS-03453500","00060",,"00003","2022-11-03","1bbff9d98cea4a6789d1e831dc2925da","ft^3/s","992",-82.6608333333333,35.7863888888889
"8bfee3df-9338-4bbc-a0a1-0fb5754d2518","Approved","2025-05-16T18:21:17.600491+00:00","USGS-03453500","00060",,"00003","2022-11-04","1bbff9d98cea4a6789d1e831dc2925da","ft^3/s","954",-82.6608333333333,35.7863888888889
"96fda7d7-556c-45f4-988f-34dd2fc4998c","Approved","2025-05-16T18:21:17.600491+00:00","USGS-03453500","00060",,"00003","2022-11-05","1bbff9d98cea4a6789d1e831dc2925da","ft^3/s","950",-82.6608333333333,35.7863888888889
"d19e6d00-6395-4813-b2f2-7c67a6c5cbb5","Approved","2025-05-16T18:21:17.600491+00:00","USGS-03453500","00060",,"00003","2022-11-06","1bbff9d98cea4a6789d1e831dc2925da","ft^3/s","1140",-82.6608333333333,35.7863888888889
"10fde04c-c0d4-40e2-b4bb-5a8b686d1a9e","Approved","2025-05-16T18:21:17.600491+00:00","USGS-03453500","00060",,"00003","2022-11-07","1bbff9d98cea4a6789d1e831dc2925da","ft^3/s","1320",-82.6608333333333,35.7863888888889
"9175ce60-183c-4a26-b2b0-2bdf4edead42","Approved","2025-05-16T18:21:17.600491+00:00","USGS-03453500","00060",,"00003","2022-11-08","1bbff9d98cea4a6789d1e831dc2925da","ft^3/s","1220",-82.6608333333333,35.7863888888889
"d72e56a7-52ee-4171-987c-caf5820f4d2f","Approved","2025-05-16T18:21:17.600491+00:00","USGS-03453500","00060",,"00003","2022-11-09","1bbff9d98cea4a6789d1e831dc2925da","ft^3/s","1040",-82.6608333333333,35.7863888888889
"52866b8d-da3b-4baf-92c1-c64b701e2ecd","Approved","2025-05-16T18:21:17.600491+00:00","USGS-03453500","00060",,"00003","2022-11-10","1bbff9d98cea4a6789d1e831dc2925da","ft^3/s","976",-82.6608333333333,35.7863888888889
"63b8a7b9-7a5e-4dc7-8866-db4445f7eacc","Approved","2025-05-16T18:21:17.600491+00:00","USGS-03453500","00060",,"00003","2022-11-11","1bbff9d98cea4a6789d1e831dc2925da","ft^3/s","3270",-82.6608333333333,35.7863888888889
"0a2bce47-a9f6-45b4-acb4-5b0ddc97b282","Approved","2025-05-16T18:21:17.600491+00:00","USGS-03453500","00060",,"00003","2022-11-12","1bbff9d98cea4a6789d1e831dc2925da","ft^3/s","6760",-82.6608333333333,35.7863888888889
"ca463071-1a1d-4d32-a784-92c0bb446ac2","Approved","2025-05-16T18:21:17.600491+00:00","USGS-03453500","00060",,"00003","2022-11-13","1bbff9d98cea4a6789d1e831dc2925da","ft^3/s","5000",-82.6608333333333,35.7863888888889
"fe7d4303-cac2-469a-bfca-242cd9a9e8ad","Approved","2025-05-16T18:21:17.600491+00:00","USGS-03453500","00060",,"00003","2022-11-14","1bbff9d98cea4a6789d1e831dc2925da","ft^3/s","2590",-82.6608333333333,35.7863888888889
"a453de57-d58f-4c67-8eac-e017ae521676","Approved","2025-05-16T18:21:17.600491+00:00","USGS-03453500","00060",,"00003","2022-11-15","1bbff9d98cea4a6789d1e831dc2925da","ft^3/s","2020",-82.6608333333333,35.7863888888889
"fc38ee5b-de04-4ae7-9cb7-2564055bd13f","Approved","2025-05-16T18:21:17.600491+00:00","USGS-03453500","00060",,"00003","2022-11-16","1bbff9d98cea4a6789d1e831dc2925da","ft^3/s","2490",-82.6608333333333,35.7863888888889
"326e2e11-d9d2-4a53-bfec-7cf8441ca3a5","Approved","2025-05-16T18:21:17.600491+00:00","USGS-03453500","00060",,"00003","2022-11-17","1bbff9d98cea4a6789d1e831dc2925da","ft^3/s","2380",-82.6608333333333,35.7863888888889
"4ef6613e-2aeb-48b8-9024-1e42b0aea4ad","Approved","2025-05-16T18:21:17.600491+00:00","USGS-03453500","00060",,"00003","2022-11-18","1bbff9d98cea4a6789d1e831dc2925da","ft^3/s","1930",-82.6608333333333,35.7863888888889
"2d059d87-71f9-49f6-95c5-3448980fa54f","Approved","2025-05-16T18:21:17.600491+00:00","USGS-03453500","00060",,"00003","2022-11-19","1bbff9d98cea4a6789d1e831dc2925da","ft^3/s","1710",-82.6608333333333,35.7863888888889
"ea64e5c8-31b7-4428-8e8e-039ee092626d","Approved","2025-05-16T18:21:17.600491+00:00","USGS-03453500","00060",,"00003","2022-11-20","1bbff9d98cea4a6789d1e831dc2925da","ft^3/s","1580",-82.6608333333333,35.7863888888889
"2d2b47aa-8d6b-43ce-bbbd-f7bc58b1f204","Approved","2025-05-16T18:21:17.600491+00:00","USGS-03453500","00060",,"00003","2022-11-21","1bbff9d98cea4a6789d1e831dc2925da","ft^3/s","1470",-82.6608333333333,35.7863888888889
"8e4d2094-dc35-4335-bcda-1059ad8f1e0b","Approved","2025-05-16T18:21:17.600491+00:00","USGS-03453500","00060",,"00003","2022-11-22","1bbff9d98cea4a6789d1e831dc2925da","ft^3/s","1400",-82.6608333333333,35.7863888888889
"0925985d-8d8b-4702-9d06-a80373f8f372","Approved","2025-05-16T18:21:17.600491+00:00","USGS-03453500","00060",,"00003","2022-11-23","1bbff9d98cea4a6789d1e831dc2925da","ft^3/s","1360",-82.6608333333333,35.7863888888889
"d98e7135-a6f2-4f87-a1e0-5622a979d2b1","Approved","2025-05-16T18:21:17.600491+00:00","USGS-03453500","00060",,"00003","2022-11-24","1bbff9d98cea4a6789d1e831dc2925da","ft^3/s","1320",-82.6608333333333,35.7863888888889
"2a4f2275-5d74-4be3-a0a1-f40db91aa57a","Approved","2025-05-16T18:21:17.600491+00:00","USGS-03453500","00060",,"00003","2022-11-25","1bbff9d98cea4a6789d1e831dc2925da","ft^3/s","1290",-82.6608333333333,35.7863888888889
"80446129-ac24-4048-be51-50661cf6cfa0","Approved","2025-05-16T18:21:17.600491+00:00","USGS-03453500","00060",,"00003","2022-11-26","1bbff9d98cea4a6789d1e831dc2925da","ft^3/s","1270",-82.6608333333333,35.7863888888889
"a23dfccb-5cda-4ddc-ac23-92340cd0802b","Approved","2025-05-16T18:21:17.600491+00:00","USGS-03453500","00060",,"00003","2022-11-27","1bbff9d98cea4a6789d1e831dc2925da","ft^3/s","1290",-82.6608333333333,35.7863888888889
"4aa9e67f-2158-4846-9c57-a17d27e8d725","Approved","2025-05-16T18:21:17.600491+00:00","USGS-03453500","00060",,"00003","2022-11-28","1bbff9d98cea4a6789d1e831dc2925da","ft^3/s","1570",-82.6608333333333,35.7863888888889
"68f5dc62-f079-40c2-a7bc-32a1cf173e4f","Approved","2025-05-16T18:21:17.600491+00:00","USGS-03453500","00060",,"00003","2022-11-29","1bbff9d98cea4a6789d1e831dc2925da","ft^3/s","1500",-82.6608333333333,35.7863888888889
"8a3c44b1-a1df-4b73-a498-6520a329f5c4","Approved","2025-05-16T18:21:17.600491+00:00","USGS-03453500","00060",,"00003","2022-11-30","1bbff9d98cea4a6789d1e831dc2925da","ft^3/s","3560",-82.6608333333333,35.7863888888889
"b935dcfd-0744-434e-86a6-74713db01ffb","Approved","2025-05-16T18:21:17.600491+00:00","USGS-03453500","00060",,"00003","2022-12-01","1bbff9d98cea4a6789d1e831dc2925da","ft^3/s","4460",-82.6608333333333,35.7863888888889
"517f9039-e3be-41d2-93d0-876752fc2d14","Approved","2025-05-16T18:21:17.600491+00:00","USGS-03453500","00060",,"00003","2022-12-02","1bbff9d98cea4a6789d1e831dc2925da","ft^3/s","2940",-82.6608333333333,35.7863888888889
"dbc7a27f-0e8d-47a9-a1a4-4384d7a1b139","Approved","2025-05-16T18:21:17.600491+00:00","USGS-03453500","00060",,"00003","2022-12-03","1bbff9d98cea4a6789d1e831dc2925da","ft^3/s","2260",-82.6608333333333,35.7863888888889
"da3563d7-b8e3-4f59-8263-a6fef495aafa","Approved","2025-05-16T18:21:17.600491+00:00","USGS-03453500","00060",,"00003","2022-12-04","1bbff9d98cea4a6789d1e831dc2925da","ft^3/s","2010",-82.6608333333333,35.7863888888889
"28fca2bf-b87d-4587-846d-f7f50ef8d281","Approved","2025-05-16T18:21:17.600491+00:00","USGS-03453500","00060",,"00003","2022-12-05","1bbff9d98cea4a6789d1e831dc2925da","ft^3/s","1850",-82.6608333333333,35.7863888888889
"efc38d18-79c6-45ef-989d-5a02cc03131d","Approved","2025-05-16T18:21:17.600491+00:00","USGS-03453500","00060",,"00003","2022-12-06","1bbff9d98cea4a6789d1e831dc2925da","ft^3/s","2160",-82.6608333333333,35.7863888888889
"0cbe455c-a665-41ff-8d67-7a50f18dc7ba","Approved","2025-05-16T18:21:17.600491+00:00","USGS-03453500","00060",,"00003","2022-12-07","1bbff9d98cea4a6789d1e831dc2925da","ft^3/s","2700",-82.6608333333333,35.7863888888889
"07ab6741-004a-41b5-9efa-4bcef1bc568e","Approved","2025-05-16T18:21:17.600491+00:00","USGS-03453500","00060",,"00003","2022-12-08","1bbff9d98cea4a6789d1e831dc2925da","ft^3/s","3120",-82.6608333333333,35.7863888888889
"57da3fc2-35c8-4e3f-a5d5-e8908d01fe42","Approved","2025-05-16T18:21:17.600491+00:00","USGS-03453500","00060",,"00003","2022-12-09","1bbff9d98cea4a6789d1e831dc2925da","ft^3/s","3520",-82.6608333333333,35.7863888888889
"eb8fd47d-7c1c-4010-9acb-ecec517a1b19","Approved","2025-05-16T18:21:17.600491+00:00","USGS-03453500","00060",,"00003","2022-12-10","1bbff9d98cea4a6789d1e831dc2925da","ft^3/s","3230",-82.6608333333333,35.7863888888889
"231bd583-b01b-4b12-81fd-8218f25f1fd3","Approved","2025-05-16T18:21:17.600491+00:00","USGS-03453500","00060",,"00003","2022-12-11","1bbff9d98cea4a6789d1e831dc2925da","ft^3/s","2780",-82.6608333333333,35.7863888888889
"cfde3fcc-f1e3-4345-9078-dcff40dcbf62","Approved","2025-05-16T18:21:17.600491+00:00","USGS-03453500","00060",,"00003","2022-12-12","1bbff9d98cea4a6789d1e831dc2925da","ft^3/s","2470",-82.6608333333333,35.7863888888889
"a1165d26-67eb-4933-9aab-8647c9a39def","Approved","2025-05-16T18:21:17.600491+00:00","USGS-03453500","00060",,"00003","2022-12-13","1bbff9d98cea4a6789d1e831dc2925da","ft^3/s","2240",-82.6608333333333,35.7863888888889
"e8cf8306-23e0-4ffa-ad73-ee9351266cb1","Approved","2025-05-16T18:21:17.600491+00:00","USGS-03453500","00060",,"00003","2022-12-14","1bbff9d98cea4a6789d1e831dc2925da","ft^3/s","2060",-82.6608333333333,35.7863888888889
"f97dc145-39a3-4f29-9e27-d341c6d8c25d","Approved","2025-05-16T18:21:17.600491+00:00","USGS-03453500","00060",,"00003","2022-12-15","1bbff9d98cea4a6789d1e831dc2925da","ft^3/s","4290",-82.6608333333333,35.7863888888889
"b79eafb8-bf72-4911-959d-ff05c54b50d8","Approved","2025-05-16T18:21:17.600491+00:00","USGS-03453500","00060",,"00003","2022-12-16","1bbff9d98cea4a6789d1e831dc2925da","ft^3/s","6310",-82.6608333333333,35.7863888888889
"cae59db0-1978-486c-b252-a54745058d37","Approved","2025-05-16T18:21:17.600491+00:00","USGS-03453500","00060",,"00003","2022-12-17","1bbff9d98cea4a6789d1e831dc2925da","ft^3/s","5390",-82.6608333333333,35.7863888888889
"5f314f9a-d629-4e7e-935c-6f2c26d324a3","Approved","2025-05-16T18:21:17.600491+00:00","USGS-03453500","00060",,"00003","2022-12-18","1bbff9d98cea4a6789d1e831dc2925da","ft^3/s","3610",-82.6608333333333,35.7863888888889
"b01473d0-7d75-45f5-87bb-0dcde852d50f","Approved","2025-05-16T18:21:17.600491+00:00","USGS-03453500","00060",,"00003","2022-12-19","1bbff9d98cea4a6789d1e831dc2925da","ft^3/s","2930",-82.6608333333333,35.7863888888889
"3ff2ff45-3e4c-4f9c-b521-e9bd801e67ae","Approved","2025-05-16T18:21:17.600491+00:00","USGS-03453500","00060",,"00003","2022-12-20","1bbff9d98cea4a6789d1e831dc2925da","ft^3/s","2590",-82.6608333333333,35.7863888888889
"0796b3ef-9c3a-4671-888c-47fca2b3a5a7","Approved","2025-05-16T18:21:17.600491+00:00","USGS-03453500","00060",,"00003","2022-12-21","1bbff9d98cea4a6789d1e831dc2925da","ft^3/s","2380",-82.6608333333333,35.7863888888889
"3ffb5e96-971e-44c1-9422-8848a48db346","Approved","2025-05-16T18:21:17.600491+00:00","USGS-03453500","00060",,"00003","2022-12-22","1bbff9d98cea4a6789d1e831dc2925da","ft^3/s","2270",-82.6608333333333,35.7863888888889
"4e4b1d05-fb6c-4608-9020-199c97721c32","Approved","2025-05-16T18:21:17.600491+00:00","USGS-03453500","00060",,"00003","2022-12-23","1bbff9d98cea4a6789d1e831dc2925da","ft^3/s","2310",-82.6608333333333,35.7863888888889
"82affe7f-e383-4b32-86a6-1a2baa0fb64e","Approved","2025-05-16T18:21:17.600491+00:00","USGS-03453500","00060",,"00003","2022-12-24","1bbff9d98cea4a6789d1e831dc2925da","ft^3/s","2030",-82.6608333333333,35.7863888888889
"368f8265-d287-43c9-9eb0-5bbdd8827c9a","Approved","2025-05-16T18:21:17.600491+00:00","USGS-03453500","00060",,"00003","2022-12-25","1bbff9d98cea4a6789d1e831dc2925da","ft^3/s","2020",-82.6608333333333,35.7863888888889
"cb757375-2c68-4349-9a95-2baadb195543","Approved","2025-05-16T18:21:17.600491+00:00","USGS-03453500","00060",,"00003","2022-12-26","1bbff9d98cea4a6789d1e831dc2925da","ft^3/s","1990",-82.6608333333333,35.7863888888889
"a25c63be-2227-4484-a170-9e02830fb7c7","Approved","2025-05-16T18:21:17.600491+00:00","USGS-03453500","00060",,"00003","2022-12-27","1bbff9d98cea4a6789d1e831dc2925da","ft^3/s","1870",-82.6608333333333,35.7863888888889
"6566f40d-5846-48d4-9bc4-9073c8c57207","Approved","2025-05-16T18:21:17.600491+00:00","USGS-03453500","00060",,"00003","2022-12-28","1bbff9d98cea4a6789d1e831dc2925da","ft^3/s","1780",-82.6608333333333,35.7863888888889
"67ca931d-6be3-46dc-bfe6-32d55b6cef79","Approved","2025-05-16T18:21:17.600491+00:00","USGS-03453500","00060",,"00003","2022-12-29","1bbff9d98cea4a6789d1e831dc2925da","ft^3/s","1720",-82.6608333333333,35.7863888888889
"eee96dc6-fd09-424b-a5ce-16240ef151df","Approved","2025-05-16T18:21:17.600491+00:00","USGS-03453500","00060",,"00003","2022-12-30","1bbff9d98cea4a6789d1e831dc2925da","ft^3/s","1700",-82.6608333333333,35.7863888888889
"2b711452-f976-4471-bc37-54d5c4cb6f15","Approved","2025-05-16T18:21:17.600491+00:00","USGS-03453500","00060",,"00003","2022-12-31","1bbff9d98cea4a6789d1e831dc2925da","ft^3/s","1750",-82.6608333333333,35.7863888888889
"b2ef87bf-2265-4a78-b240-7596f00e3bfa","Approved","2025-05-16T18:21:17.600491+00:00","USGS-03453500","00060",,"00003","2023-01-01","1bbff9d98cea4a6789d1e831dc2925da","ft^3/s","1830",-82.6608333333333,35.7863888888889
"32bb2a5c-37e2-47b6-8f69-8ab0d0e6bf76","Approved","2025-05-16T18:21:17.600491+00:00","USGS-03453500","00060",,"00003","2023-01-02","1bbff9d98cea4a6789d1e831dc2925da","ft^3/s","1780",-82.6608333333333,35.7863888888889
"77779410-96bb-4ea3-8f28-1de2b096d5ac","Approved","2025-05-16T18:21:17.600491+00:00","USGS-03453500","00060",,"00003","2023-01-03","1bbff9d98cea4a6789d1e831dc2925da","ft^3/s","1720",-82.6608333333333,35.7863888888889
"126ed192-39b3-421e-953c-25401d4cdfaa","Approved","2025-05-16T18:21:17.600491+00:00","USGS-03453500","00060",,"00003","2023-01-04","1bbff9d98cea4a6789d1e831dc2925da","ft^3/s","4320",-82.6608333333333,35.7863888888889
"6d46a918-07d8-4421-8882-3a83d388d586","Approved","2025-05-16T18:21:17.600491+00:00","USGS-03453500","00060",,"00003","2023-01-05","1bbff9d98cea4a6789d1e831dc2925da","ft^3/s","5710",-82.6608333333333,35.7863888888889
"b690d204-eb08-4251-ab49-64948958f57d","Approved","2025-05-16T18:21:17.600491+00:00","USGS-03453500","00060",,"00003","2023-01-06","1bbff9d98cea4a6789d1e831dc2925da","ft^3/s","3990",-82.6608333333333,35.7863888888889
"f5c9d9da-52f4-4dcd-a027-3cbc77b74598","Approved","2025-05-16T18:21:17.600491+00:00","USGS-03453500","00060",,"00003","2023-01-07","1bbff9d98cea4a6789d1e831dc2925da","ft^3/s","3070",-82.6608333333333,35.7863888888889
"67bbee5f-5d1e-4217-a3e2-dc0374095161","Approved","2025-05-16T18:21:17.600491+00:00","USGS-03453500","00060",,"00003","2023-01-08","1bbff9d98cea4a6789d1e831dc2925da","ft^3/s","2770",-82.6608333333333,35.7863888888889
"a6918e33-90c7-4a03-a2c5-9decf21c0536","Approved","2025-05-16T18:21:17.600491+00:00","USGS-03453500","00060",,"00003","2023-01-09","1bbff9d98cea4a6789d1e831dc2925da","ft^3/s","3270",-82.6608333333333,35.7863888888889
"63b04244-b35d-43ae-b154-29244179cb58","Approved","2025-05-16T18:21:17.600491+00:00","USGS-03453500","00060",,"00003","2023-01-10","1bbff9d98cea4a6789d1e831dc2925da","ft^3/s","2900",-82.6608333333333,35.7863888888889
"74b03351-4173-4beb-a69d-31e318283a6d","Approved","2025-05-16T18:21:17.600491+00:00","USGS-03453500","00060",,"00003","2023-01-11","1bbff9d98cea4a6789d1e831dc2925da","ft^3/s","2590",-82.6608333333333,35.7863888888889
"0083743d-cb9a-44cc-bbb6-2f881989cc9a","Approved","2025-05-16T18:21:17.600491+00:00","USGS-03453500","00060",,"00003","2023-01-12","1bbff9d98cea4a6789d1e831dc2925da","ft^3/s","2630",-82.6608333333333,35.7863888888889
"85133a3e-0f26-43ba-8937-86024eeaf9a3","Approved","2025-05-16T18:21:17.600491+00:00","USGS-03453500","00060",,"00003","2023-01-13","1bbff9d98cea4a6789d1e831dc2925da","ft^3/s","4590",-82.6608333333333,35.7863888888889
"5de23afb-0bce-4d53-99e0-78d1b6c88fb7","Approved","2025-05-16T18:21:17.600491+00:00","USGS-03453500","00060",,"00003","2023-01-14","1bbff9d98cea4a6789d1e831dc2925da","ft^3/s","3990",-82.6608333333333,35.7863888888889
"46e404f5-0028-4076-aa5e-d62c9c056cf6","Approved","2025-05-16T18:21:17.600491+00:00","USGS-03453500","00060",,"00003","2023-01-15","1bbff9d98cea4a6789d1e831dc2925da","ft^3/s","3210",-82.6608333333333,35.7863888888889
"2d5e6ce7-45d8-494c-98a6-755b78dbe800","Approved","2025-05-16T18:21:17.600491+00:00","USGS-03453500","00060",,"00003","2023-01-16","1bbff9d98cea4a6789d1e831dc2925da","ft^3/s","2850",-82.6608333333333,35.7863888888889
"0b0aff0c-a42c-4884-80ef-085f355cf53c","Approved","2025-05-16T18:21:17.600491+00:00","USGS-03453500","00060",,"00003","2023-01-17","1bbff9d98cea4a6789d1e831dc2925da","ft^3/s","2700",-82.6608333333333,35.7863888888889
"60aa66e1-c758-4fd7-85a6-dd2f6435bd90","Approved","2025-05-16T18:21:17.600491+00:00","USGS-03453500","00060",,"00003","2023-01-18","1bbff9d98cea4a6789d1e831dc2925da","ft^3/s","2570",-82.6608333333333,35.7863888888889
"16045ba5-cc45-4c08-9d6c-10aac3019b31","Approved","2025-05-16T18:21:17.600491+00:00","USGS-03453500","00060",,"00003","2023-01-19","1bbff9d98cea4a6789d1e831dc2925da","ft^3/s","2460",-82.6608333333333,35.7863888888889
"08e1de7f-6c81-4fa1-9ba3-9f5a0d2f0275","Approved","2025-05-16T18:21:17.600491+00:00","USGS-03453500","00060",,"00003","2023-01-20","1bbff9d98cea4a6789d1e831dc2925da","ft^3/s","2460",-82.6608333333333,35.7863888888889
"edd3c719-59fd-4bdc-ab64-672f961e9f48","Approved","2025-05-16T18:21:17.600491+00:00","USGS-03453500","00060",,"00003","2023-01-21","1bbff9d98cea4a6789d1e831dc2925da","ft^3/s","2360",-82.6608333333333,35.7863888888889
"c68b0e49-76c1-4221-bf86-894c7a50f6c6","Approved","2025-05-16T18:21:17.600491+00:00","USGS-03453500","00060",,"00003","2023-01-22","1bbff9d98cea4a6789d1e831dc2925da","ft^3/s","2320",-82.6608333333333,35.7863888888889
"b9d6bef1-6265-435c-87f4-289b13aae08b","Approved","2025-05-16T18:21:17.600491+00:00","USGS-03453500","00060",,"00003","2023-01-23","1bbff9d98cea4a6789d1e831dc2925da","ft^3/s","2770",-82.6608333333333,35.7863888888889
"c385a91b-1324-403a-9f6d-654cc6f81283","Approved","2025-05-16T18:21:17.600491+00:00","USGS-03453500","00060",,"00003","2023-01-24","1bbff9d98cea4a6789d1e831dc2925da","ft^3/s","2590",-82.6608333333333,35.7863888888889
"d118acbb-1cec-4077-8b53-7dacdf9d16a4","Approved","2025-05-16T18:21:17.600491+00:00","USGS-03453500","00060",,"00003","2023-01-25","1bbff9d98cea4a6789d1e831dc2925da","ft^3/s","3640",-82.6608333333333,35.7863888888889
"9389d409-7a4c-41bd-94ae-fe763d987844","Approved","2025-05-16T18:21:17.600491+00:00","USGS-03453500","00060",,"00003","2023-01-26","1bbff9d98cea4a6789d1e831dc2925da","ft^3/s","6050",-82.6608333333333,35.7863888888889
"96666580-6ff4-4fc3-a701-4862caaea50b","Approved","2025-05-16T18:21:17.600491+00:00","USGS-03453500","00060",,"00003","2023-01-27","1bbff9d98cea4a6789d1e831dc2925da","ft^3/s","4700",-82.6608333333333,35.7863888888889
"08357201-ad60-484b-8e4f-c4816f9bffc0","Approved","2025-05-16T18:21:17.600491+00:00","USGS-03453500","00060",,"00003","2023-01-28","1bbff9d98cea4a6789d1e831dc2925da","ft^3/s","3550",-82.6608333333333,35.7863888888889
"65f7351d-b336-447e-9300-6594e19003d9","Approved","2025-05-16T18:21:17.600491+00:00","USGS-03453500","00060",,"00003","2023-01-29","1bbff9d98cea4a6789d1e831dc2925da","ft^3/s","3140",-82.6608333333333,35.7863888888889
"74255673-b0fb-44e2-85d5-490b71b0ee04","Approved","2025-05-16T18:21:17.600491+00:00","USGS-03453500","00060",,"00003","2023-01-30","1bbff9d98cea4a6789d1e831dc2925da","ft^3/s","3080",-82.6608333333333,35.7863888888889
"1ffbbdea-e17c-41d2-b537-e9ba82463c2a","Approved","2025-05-16T18:21:17.600491+00:00","USGS-03453500","00060",,"00003","2023-01-31","1bbff9d98cea4a6789d1e831dc2925da","ft^3/s","2930",-82.6608333333333,35.7863888888889
"327ad548-d134-4927-a981-d21ced40349f","Approved","2025-05-16T18:21:17.600491+00:00","USGS-03453500","00060",,"00003","2023-02-01","1bbff9d98cea4a6789d1e831dc2925da","ft^3/s","2800",-82.6608333333333,35.7863888888889
"776d73ff-a2cf-4856-9fdf-7efd67fb6c76","Approved","2025-05-16T18:21:17.600491+00:00","USGS-03453500","00060",,"00003","2023-02-02","1bbff9d98cea4a6789d1e831dc2925da","ft^3/s","2920",-82.6608333333333,35.7863888888889
"392c965b-8d74-47b9-a2f8-251cedb02370","Approved","2025-05-16T18:21:17.600491+00:00","USGS-03453500","00060",,"00003","2023-02-03","1bbff9d98cea4a6789d1e831dc2925da","ft^3/s","3440",-82.6608333333333,35.7863888888889
"852320ab-68b2-4e42-bd1e-0f0971d5df14","Approved","2025-05-16T18:21:17.600491+00:00","USGS-03453500","00060",,"00003","2023-02-04","1bbff9d98cea4a6789d1e831dc2925da","ft^3/s","3160",-82.6608333333333,35.7863888888889
"2825bb62-ff1d-4753-aaf3-c06b9e0839e4","Approved","2025-05-16T18:21:17.600491+00:00","USGS-03453500","00060",,"00003","2023-02-05","1bbff9d98cea4a6789d1e831dc2925da","ft^3/s","2790",-82.6608333333333,35.7863888888889
"4cd11db7-521d-4b1f-a630-a1802977dbce","Approved","2025-05-16T18:21:17.600491+00:00","USGS-03453500","00060",,"00003","2023-02-06","1bbff9d98cea4a6789d1e831dc2925da","ft^3/s","2610",-82.6608333333333,35.7863888888889
"179f47c2-f9af-415f-b0d5-95d7c8f8ea62","Approved","2025-05-16T18:21:17.600491+00:00","USGS-03453500","00060",,"00003","2023-02-07","1bbff9d98cea4a6789d1e831dc2925da","ft^3/s","2450",-82.6608333333333,35.7863888888889
"a72cd85b-558e-4e9b-8710-95d0daabefa1","Approved","2025-05-16T18:21:17.600491+00:00","USGS-03453500","00060",,"00003","2023-02-08","1bbff9d98cea4a6789d1e831dc2925da","ft^3/s","2310",-82.6608333333333,35.7863888888889
"7928224b-c576-41ea-8a60-10c6e9c41fd6","Approved","2025-05-16T18:21:17.600491+00:00","USGS-03453500","00060",,"00003","2023-02-09","1bbff9d98cea4a6789d1e831dc2925da","ft^3/s","2240",-82.6608333333333,35.7863888888889
"ae247319-7e53-4cb7-8bf9-3662e97fe49d","Approved","2025-05-16T18:21:17.600491+00:00","USGS-03453500","00060",,"00003","2023-02-10","1bbff9d98cea4a6789d1e831dc2925da","ft^3/s","2190",-82.6608333333333,35.7863888888889
"0ef9f32f-978d-44f3-a1c7-7ad3712ddd5d","Approved","2025-05-16T18:21:17.600491+00:00","USGS-03453500","00060",,"00003","2023-02-11","1bbff9d98cea4a6789d1e831dc2925da","ft^3/s","2110",-82.6608333333333,35.7863888888889
"6415858a-58e0-41ac-84bd-6c9191a30748","Approved","2025-05-16T18:21:17.600491+00:00","USGS-03453500","00060",,"00003","2023-02-12","1bbff9d98cea4a6789d1e831dc2925da","ft^3/s","3360",-82.6608333333333,35.7863888888889
"3d09f94e-d5e9-4622-a386-3c77c44fcebe","Approved","2025-05-16T18:21:17.600491+00:00","USGS-03453500","00060",,"00003","2023-02-13","1bbff9d98cea4a6789d1e831dc2925da","ft^3/s","4140",-82.6608333333333,35.7863888888889
"8bf9ea1d-e469-47ac-95db-68c7ba581f45","Approved","2025-05-16T18:21:17.600491+00:00","USGS-03453500","00060",,"00003","2023-02-14","1bbff9d98cea4a6789d1e831dc2925da","ft^3/s","3270",-82.6608333333333,35.7863888888889
"bc8fecfa-e9f3-4ca2-bdd2-3ce95c678303","Approved","2025-05-16T18:21:17.600491+00:00","USGS-03453500","00060",,"00003","2023-02-15","1bbff9d98cea4a6789d1e831dc2925da","ft^3/s","2840",-82.6608333333333,35.7863888888889
"42bc0ae4-c591-4470-a4d5-9788e0bdaa7b","Approved","2025-05-16T18:21:17.600491+00:00","USGS-03453500","00060",,"00003","2023-02-16","1bbff9d98cea4a6789d1e831dc2925da","ft^3/s","2640",-82.6608333333333,35.7863888888889
"fb5ffbab-a12b-41b4-b6d9-35cc050495d7","Approved","2025-05-16T18:21:17.600491+00:00","USGS-03453500","00060",,"00003","2023-02-17","1bbff9d98cea4a6789d1e831dc2925da","ft^3/s","5370",-82.6608333333333,35.7863888888889
"3404b569-0d4a-4113-b64d-466a4d857169","Approved","2025-05-16T18:21:17.600491+00:00","USGS-03453500","00060",,"00003","2023-02-18","1bbff9d98cea4a6789d1e831dc2925da","ft^3/s","6230",-82.6608333333333,35.7863888888889
"c5f58165-f3a2-4e71-873d-29108abcdb29","Approved","2025-05-16T18:21:17.600491+00:00","USGS-03453500","00060",,"00003","2023-02-19","1bbff9d98cea4a6789d1e831dc2925da","ft^3/s","4550",-82.6608333333333,35.7863888888889
"e3bb1e08-27e5-4f4d-908c-521749a25a40","Approved","2025-05-16T18:21:17.600491+00:00","USGS-03453500","00060",,"00003","2023-02-20","1bbff9d98cea4a6789d1e831dc2925da","ft^3/s","3710",-82.6608333333333,35.7863888888889
"3f1b706f-0992-42b3-8568-76ac7a223271","Approved","2025-05-16T18:21:17.600491+00:00","USGS-03453500","00060",,"00003","2023-02-21","1bbff9d98cea4a6789d1e831dc2925da","ft^3/s","3420",-82.6608333333333,35.7863888888889
"2eeb69d4-0579-491e-bd6e-417cf66ea595","Approved","2025-05-16T18:21:17.600491+00:00","USGS-03453500","00060",,"00003","2023-02-22","1bbff9d98cea4a6789d1e831dc2925da","ft^3/s","3130",-82.6608333333333,35.7863888888889
"a6b209a8-79e4-4e22-a623-849ac4f6f6c6","Approved","2025-05-16T18:21:17.600491+00:00","USGS-03453500","00060",,"00003","2023-02-23","1bbff9d98cea4a6789d1e831dc2925da","ft^3/s","2870",-82.6608333333333,35.7863888888889
"cba1ed36-bb90-4ae8-bc63-38d4c669d379","Approved","2025-05-16T18:21:17.600491+00:00","USGS-03453500","00060",,"00003","2023-02-24","1bbff9d98cea4a6789d1e831dc2925da","ft^3/s","2700",-82.6608333333333,35.7863888888889
"e4bea018-23e7-45d1-bc05-fa5303655054","Approved","2025-05-16T18:21:17.600491+00:00","USGS-03453500","00060",,"00003","2023-02-25","1bbff9d98cea4a6789d1e831dc2925da","ft^3/s","2640",-82.6608333333333,35.7863888888889
"c33bd7b4-2ea4-4833-8671-9632a82e3a55","Approved","2025-05-16T18:21:17.600491+00:00","USGS-03453500","00060",,"00003","2023-02-26","1bbff9d98cea4a6789d1e831dc2925da","ft^3/s","2760",-82.6608333333333,35.7863888888889
"476edc92-31d5-4a81-ab84-8ea3ab8fc8ab","Approved","2025-05-16T18:21:17.600491+00:00","USGS-03453500","00060",,"00003","2023-02-27","1bbff9d98cea4a6789d1e831dc2925da","ft^3/s","2560",-82.6608333333333,35.7863888888889
"6e105926-2018-46a2-9fad-27aed5d1c2d6","Approved","2025-05-16T18:21:17.600491+00:00","USGS-03453500","00060",,"00003","2023-02-28","1bbff9d98cea4a6789d1e831dc2925da","ft^3/s","2590",-82.6608333333333,35.7863888888889
"adbd9fe1-6084-433c-9f14-bca6ee5db050","Approved","2025-05-16T18:21:17.600491+00:00","USGS-03453500","00060",,"00003","2023-03-01","1bbff9d98cea4a6789d1e831dc2925da","ft^3/s","2540",-82.6608333333333,35.7863888888889
"2a2283ed-4136-4678-bc55-1dc8d66e0705","Approved","2025-05-16T18:21:17.600491+00:00","USGS-03453500","00060",,"00003","2023-03-02","1bbff9d98cea4a6789d1e831dc2925da","ft^3/s","4370",-82.6608333333333,35.7863888888889
"1d32da92-73a0-489e-8e00-136acc607dd2","Approved","2025-05-16T18:21:17.600491+00:00","USGS-03453500","00060",,"00003","2023-03-03","1bbff9d98cea4a6789d1e831dc2925da","ft^3/s","4530",-82.6608333333333,35.7863888888889
"0c3a95bf-5167-4468-a27f-ec72f85dfce0","Approved","2025-05-16T18:21:17.600491+00:00","USGS-03453500","00060",,"00003","2023-03-04","1bbff9d98cea4a6789d1e831dc2925da","ft^3/s","5900",-82.6608333333333,35.7863888888889
"538084d7-4244-4847-9c38-42fe5f4959db","Approved","2025-05-16T18:21:17.600491+00:00","USGS-03453500","00060",,"00003","2023-03-05","1bbff9d98cea4a6789d1e831dc2925da","ft^3/s","4800",-82.6608333333333,35.7863888888889
"18d90487-68b9-488e-a414-90fdfd0cd444","Approved","2025-05-16T18:21:17.600491+00:00","USGS-03453500","00060",,"00003","2023-03-06","1bbff9d98cea4a6789d1e831dc2925da","ft^3/s","3810",-82.6608333333333,35.7863888888889
"2b764a53-5c78-4075-a89d-f38c80f04ab8","Approved","2025-05-16T18:21:17.600491+00:00","USGS-03453500","00060",,"00003","2023-03-07","1bbff9d98cea4a6789d1e831dc2925da","ft^3/s","3360",-82.6608333333333,35.7863888888889
"041cd670-5a02-420b-a5fb-80454c31d1f4","Approved","2025-05-16T18:21:17.600491+00:00","USGS-03453500","00060",,"00003","2023-03-08","1bbff9d98cea4a6789d1e831dc2925da","ft^3/s","3010",-82.6608333333333,35.7863888888889
"3cbd6082-29b4-4301-8175-3d9b7ae02e05","Approved","2025-05-16T18:21:17.600491+00:00","USGS-03453500","00060",,"00003","2023-03-09","1bbff9d98cea4a6789d1e831dc2925da","ft^3/s","2770",-82.6608333333333,35.7863888888889
"0234fade-8cda-49b7-a1f7-2599ca95c3f4","Approved","2025-05-16T18:21:17.600491+00:00","USGS-03453500","00060",,"00003","2023-03-10","1bbff9d98cea4a6789d1e831dc2925da","ft^3/s","2630",-82.6608333333333,35.7863888888889
"9a456691-e345-4685-abc1-22105b39f50b","Approved","2025-05-16T18:21:17.600491+00:00","USGS-03453500","00060",,"00003","2023-03-11","1bbff9d98cea4a6789d1e831dc2925da","ft^3/s","2490",-82.6608333333333,35.7863888888889
"3bfb2b4f-2087-4863-a60f-dd46673e01eb","Approved","2025-05-16T18:21:17.600491+00:00","USGS-03453500","00060",,"00003","2023-03-12","1bbff9d98cea4a6789d1e831dc2925da","ft^3/s","3080",-82.6608333333333,35.7863888888889
"0009c35f-49ba-4db9-8290-5a949b0834c7","Approved","2025-05-16T18:21:17.600491+00:00","USGS-03453500","00060",,"00003","2023-03-13","1bbff9d98cea4a6789d1e831dc2925da","ft^3/s","3380",-82.6608333333333,35.7863888888889
"54c00dc8-cfde-420d-9de1-1375aa9ff64a","Approved","2025-05-16T18:21:17.600491+00:00","USGS-03453500","00060",,"00003","2023-03-14","1bbff9d98cea4a6789d1e831dc2925da","ft^3/s","2950",-82.6608333333333,35.7863888888889
"e4d0dd2e-b8c0-4ee6-99a9-4fbcbab8ae38","Approved","2025-05-16T18:21:17.600491+00:00","USGS-03453500","00060",,"00003","2023-03-15","1bbff9d98cea4a6789d1e831dc2925da","ft^3/s","2620",-82.6608333333333,35.7863888888889
"4044135c-f022-4aba-8e3f-866ef4c78476","Approved","2025-05-16T18:21:17.600491+00:00","USGS-03453500","00060",,"00003","2023-03-16","1bbff9d98cea4a6789d1e831dc2925da","ft^3/s","2450",-82.6608333333333,35.7863888888889
"624175ec-9bd1-4268-85d9-24df71c50d66","Approved","2025-05-16T18:21:17.600491+00:00","USGS-03453500","00060",,"00003","2023-03-17","1bbff9d98cea4a6789d1e831dc2925da","ft^3/s","2360",-82.6608333333333,35.7863888888889
"9811660c-4182-4422-97eb-2f56eb883122","Approved","2025-05-16T18:21:17.600491+00:00","USGS-03453500","00060",,"00003","2023-03-18","1bbff9d98cea4a6789d1e831dc2925da","ft^3/s","2400",-82.6608333333333,35.7863888888889
"70ab244c-df89-4e15-8ae4-932549872333","Approved","2025-05-16T18:21:17.600491+00:00","USGS-03453500","00060",,"00003","2023-03-19","1bbff9d98cea4a6789d1e831dc2925da","ft^3/s","2330",-82.6608333333333,35.7863888888889
"382a0412-ceb4-4235-b359-bb0e0fd485cd","Approved","2025-05-16T18:21:17.600491+00:00","USGS-03453500","00060",,"00003","2023-03-20","1bbff9d98cea4a6789d1e831dc2925da","ft^3/s","2160",-82.6608333333333,35.7863888888889
"95f5ab40-b173-4fb9-8b29-e785bc7086e8","Approved","2025-05-16T18:21:17.600491+00:00","USGS-03453500","00060",,"00003","2023-03-21","1bbff9d98cea4a6789d1e831dc2925da","ft^3/s","2090",-82.6608333333333,35.7863888888889
"8062282d-2b40-4eeb-b64c-42a6dbc23218","Approved","2025-05-16T18:21:17.600491+00:00","USGS-03453500","00060",,"00003","2023-03-22","1bbff9d98cea4a6789d1e831dc2925da","ft^3/s","2120",-82.6608333333333,35.7863888888889
"7f61d8b1-5c8b-4696-85a6-7a81fbce9a93","Approved","2025-05-16T18:21:17.600491+00:00","USGS-03453500","00060",,"00003","2023-03-23","1bbff9d98cea4a6789d1e831dc2925da","ft^3/s","2210",-82.6608333333333,35.7863888888889
"6aa19eca-71ad-4f9a-8c7d-331d4ca5649b","Approved","2025-05-16T18:21:17.600491+00:00","USGS-03453500","00060",,"00003","2023-03-24","1bbff9d98cea4a6789d1e831dc2925da","ft^3/s","2100",-82.6608333333333,35.7863888888889
"64328950-e7d8-4a01-8e31-bd45a679ac4b","Approved","2025-05-16T18:21:17.600491+00:00","USGS-03453500","00060",,"00003","2023-03-25","1bbff9d98cea4a6789d1e831dc2925da","ft^3/s","2300",-82.6608333333333,35.7863888888889
"28b8b59e-b048-4008-ba6e-28925cf33695","Approved","2025-05-16T18:21:17.600491+00:00","USGS-03453500","00060",,"00003","2023-03-26","1bbff9d98cea4a6789d1e831dc2925da","ft^3/s","2290",-82.6608333333333,35.7863888888889
"536841c2-8230-4e8b-a07b-ad6e7cb0d601","Approved","2025-05-16T18:21:17.600491+00:00","USGS-03453500","00060",,"00003","2023-03-27","1bbff9d98cea4a6789d1e831dc2925da","ft^3/s","2150",-82.6608333333333,35.7863888888889
"bd3d6aa2-20b1-4f18-8e44-ee88781b9c82","Approved","2025-05-16T18:21:17.600491+00:00","USGS-03453500","00060",,"00003","2023-03-28","1bbff9d98cea4a6789d1e831dc2925da","ft^3/s","2040",-82.6608333333333,35.7863888888889
"c8268bcd-bee3-4c59-89cf-58b665482403","Approved","2025-05-16T18:21:17.600491+00:00","USGS-03453500","00060",,"00003","2023-03-29","1bbff9d98cea4a6789d1e831dc2925da","ft^3/s","1960",-82.6608333333333,35.7863888888889
"d5c4b330-8b14-4609-a60c-d74093fdc18a","Approved","2025-05-16T18:21:17.600491+00:00","USGS-03453500","00060",,"00003","2023-03-30","1bbff9d98cea4a6789d1e831dc2925da","ft^3/s","1890",-82.6608333333333,35.7863888888889
"fed6e409-20a2-4f42-b503-112f44b098f4","Approved","2025-05-16T18:21:17.600491+00:00","USGS-03453500","00060",,"00003","2023-03-31","1bbff9d98cea4a6789d1e831dc2925da","ft^3/s","1840",-82.6608333333333,35.7863888888889
"eb4071a0-1cf8-4178-a9d4-03edc5cdd190","Approved","2025-05-16T18:21:17.600491+00:00","USGS-03453500","00060",,"00003","2023-04-01","1bbff9d98cea4a6789d1e831dc2925da","ft^3/s","2120",-82.6608333333333,35.7863888888889
"3ac98824-c26d-4b57-9857-19ce3f476f62","Approved","2025-05-16T18:21:17.600491+00:00","USGS-03453500","00060",,"00003","2023-04-02","1bbff9d98cea4a6789d1e831dc2925da","ft^3/s","2100",-82.6608333333333,35.7863888888889
"97d32aff-7a79-4e9e-b586-e8e91f880898","Approved","2025-05-16T18:21:17.600491+00:00","USGS-03453500","00060",,"00003","2023-04-03","1bbff9d98cea4a6789d1e831dc2925da","ft^3/s","1940",-82.6608333333333,35.7863888888889
"14db18d5-65c0-4539-87c8-c14b60188242","Approved","2025-05-16T18:21:17.600491+00:00","USGS-03453500","00060",,"00003","2023-04-04","1bbff9d98cea4a6789d1e831dc2925da","ft^3/s","1860",-82.6608333333333,35.7863888888889
"847f90ac-27e6-4ae3-9267-b79a79d870a5","Approved","2025-05-16T18:21:17.600491+00:00","USGS-03453500","00060",,"00003","2023-04-05","1bbff9d98cea4a6789d1e831dc2925da","ft^3/s","1820",-82.6608333333333,35.7863888888889
"a24c6613-1b03-4555-afd9-61490b956ec8","Approved","2025-05-16T18:21:17.600491+00:00","USGS-03453500","00060",,"00003","2023-04-06","1bbff9d98cea4a6789d1e831dc2925da","ft^3/s","1790",-82.6608333333333,35.7863888888889
"685c17d3-fda6-4d30-967e-09426b0ad388","Approved","2025-05-16T18:21:17.600491+00:00","USGS-03453500","00060",,"00003","2023-04-07","1bbff9d98cea4a6789d1e831dc2925da","ft^3/s","3520",-82.6608333333333,35.7863888888889
"5dd4f273-6f41-4db8-8823-9f56070f858f","Approved","2025-05-16T18:21:17.600491+00:00","USGS-03453500","00060",,"00003","2023-04-08","1bbff9d98cea4a6789d1e831dc2925da","ft^3/s","6230",-82.6608333333333,35.7863888888889
"3456b290-c558-42c8-a99e-e7d492992ef5","Approved","2025-05-16T18:21:17.600491+00:00","USGS-03453500","00060",,"00003","2023-04-09","1bbff9d98cea4a6789d1e831dc2925da","ft^3/s","7140",-82.6608333333333,35.7863888888889
"6ed8bb74-a75f-4437-8806-2cefe76610af","Approved","2025-05-16T18:21:17.600491+00:00","USGS-03453500","00060",,"00003","2023-04-10","1bbff9d98cea4a6789d1e831dc2925da","ft^3/s","5090",-82.6608333333333,35.7863888888889
"6d0d5b74-3d9c-4eae-8f25-8cdee68e791e","Approved","2025-05-16T18:21:17.600491+00:00","USGS-03453500","00060",,"00003","2023-04-11","1bbff9d98cea4a6789d1e831dc2925da","ft^3/s","3800",-82.6608333333333,35.7863888888889
"cc939348-4a2f-48ee-8018-3880030b6525","Approved","2025-05-16T18:21:17.600491+00:00","USGS-03453500","00060",,"00003","2023-04-12","1bbff9d98cea4a6789d1e831dc2925da","ft^3/s","3250",-82.6608333333333,35.7863888888889
"65903d30-101d-4f8b-98df-3be6a8bff16d","Approved","2025-05-16T18:21:17.600491+00:00","USGS-03453500","00060",,"00003","2023-04-13","1bbff9d98cea4a6789d1e831dc2925da","ft^3/s","2910",-82.6608333333333,35.7863888888889
"9cc1d4b0-9b30-4717-aca9-f476df8f0854","Approved","2025-05-16T18:21:17.600491+00:00","USGS-03453500","00060",,"00003","2023-04-14","1bbff9d98cea4a6789d1e831dc2925da","ft^3/s","2760",-82.6608333333333,35.7863888888889
"741caaed-860f-4c05-8fa5-c8fd893045de","Approved","2025-05-16T18:21:17.600491+00:00","USGS-03453500","00060",,"00003","2023-04-15","1bbff9d98cea4a6789d1e831dc2925da","ft^3/s","2900",-82.6608333333333,35.7863888888889
"ae9cb921-f26d-4b7a-a4ca-d24efc83d4a2","Approved","2025-05-16T18:21:17.600491+00:00","USGS-03453500","00060",,"00003","2023-04-16","1bbff9d98cea4a6789d1e831dc2925da","ft^3/s","2700",-82.6608333333333,35.7863888888889
"752379ae-8ea2-4c7f-8350-fb22559c557c","Approved","2025-05-16T18:21:17.600491+00:00","USGS-03453500","00060",,"00003","2023-04-17","1bbff9d98cea4a6789d1e831dc2925da","ft^3/s","2480",-82.6608333333333,35.7863888888889
"f7d65706-2195-43f9-a5b6-9d204c304ae3","Approved","2025-05-16T18:21:17.600491+00:00","USGS-03453500","00060",,"00003","2023-04-18","1bbff9d98cea4a6789d1e831dc2925da","ft^3/s","2300",-82.6608333333333,35.7863888888889
"9e09888b-29e9-456d-b361-17bd8bb12920","Approved","2025-05-16T18:21:17.600491+00:00","USGS-03453500","00060",,"00003","2023-04-19","1bbff9d98cea4a6789d1e831dc2925da","ft^3/s","2130",-82.6608333333333,35.7863888888889
"18f9488b-2e49-44b7-beba-32f6a3aa5c33","Approved","2025-05-16T18:21:17.600491+00:00","USGS-03453500","00060",,"00003","2023-04-20","1bbff9d98cea4a6789d1e831dc2925da","ft^3/s","2050",-82.6608333333333,35.7863888888889
"f76974de-218e-49c0-aa8a-3e00bd5ba37c","Approved","2025-05-16T18:21:17.600491+00:00","USGS-03453500","00060",,"00003","2023-04-21","1bbff9d98cea4a6789d1e831dc2925da","ft^3/s","1970",-82.6608333333333,35.7863888888889
"a5bd0eaf-a9a2-4ab5-a714-c34fd5af1e88","Approved","2025-05-16T18:21:17.600491+00:00","USGS-03453500","00060",,"00003","2023-04-22","1bbff9d98cea4a6789d1e831dc2925da","ft^3/s","2450",-82.6608333333333,35.7863888888889
"d54e165a-8ea7-4bba-8de0-5716d70f22c7","Approved","2025-05-16T18:21:17.600491+00:00","USGS-03453500","00060",,"00003","2023-04-23","1bbff9d98cea4a6789d1e831dc2925da","ft^3/s","2510",-82.6608333333333,35.7863888888889
"14801285-1f28-4bbc-a7b9-2abf615ef86b","Approved","2025-05-16T18:21:17.600491+00:00","USGS-03453500","00060",,"00003","2023-04-24","1bbff9d98cea4a6789d1e831dc2925da","ft^3/s","2130",-82.6608333333333,35.7863888888889
"7ad1cce2-753b-4398-a60f-c4eb2eb84baf","Approved","2025-05-16T18:21:17.600491+00:00","USGS-03453500","00060",,"00003","2023-04-25","1bbff9d98cea4a6789d1e831dc2925da","ft^3/s","1950",-82.6608333333333,35.7863888888889
"7b8c5733-9d1b-4e81-a5c0-47550764c44b","Approved","2025-05-16T18:21:17.600491+00:00","USGS-03453500","00060",,"00003","2023-04-26","1bbff9d98cea4a6789d1e831dc2925da","ft^3/s","1900",-82.6608333333333,35.7863888888889
"9cf305d1-9edb-4766-a2fe-8c57f305f885","Approved","2025-05-16T18:21:17.600491+00:00","USGS-03453500","00060",,"00003","2023-04-27","1bbff9d98cea4a6789d1e831dc2925da","ft^3/s","2160",-82.6608333333333,35.7863888888889
"4bbe0fcc-31da-4152-9143-2895dbac0fd8","Approved","2025-05-16T18:21:17.600491+00:00","USGS-03453500","00060",,"00003","2023-04-28","1bbff9d98cea4a6789d1e831dc2925da","ft^3/s","3910",-82.6608333333333,35.7863888888889
"14adbb36-11f0-47b3-b215-4ec2d8325ba3","Approved","2025-05-16T18:21:17.600491+00:00","USGS-03453500","00060",,"00003","2023-04-29","1bbff9d98cea4a6789d1e831dc2925da","ft^3/s","4000",-82.6608333333333,35.7863888888889
"c5dd3142-df1d-4564-a7bd-5f4a6f9db977","Approved","2025-05-16T18:21:17.600491+00:00","USGS-03453500","00060",,"00003","2023-04-30","1bbff9d98cea4a6789d1e831dc2925da","ft^3/s","3120",-82.6608333333333,35.7863888888889
"3550924c-cea0-4577-8e7a-292e65fc9a09","Approved","2025-05-16T18:21:17.600491+00:00","USGS-03453500","00060",,"00003","2023-05-01","1bbff9d98cea4a6789d1e831dc2925da","ft^3/s","2830",-82.6608333333333,35.7863888888889
"6ecb6089-4eba-4e7e-9c20-c0c8b8ef44ee","Approved","2025-05-16T18:21:17.600491+00:00","USGS-03453500","00060",,"00003","2023-05-02","1bbff9d98cea4a6789d1e831dc2925da","ft^3/s","2460",-82.6608333333333,35.7863888888889
"007bafbd-dcbb-49c5-919a-559da685b302","Approved","2025-05-16T18:21:17.600491+00:00","USGS-03453500","00060",,"00003","2023-05-03","1bbff9d98cea4a6789d1e831dc2925da","ft^3/s","2250",-82.6608333333333,35.7863888888889
"62677965-413b-4f93-8d58-b6e81d1cf541","Approved","2025-05-16T18:21:17.600491+00:00","USGS-03453500","00060",,"00003","2023-05-04","1bbff9d98cea4a6789d1e831dc2925da","ft^3/s","2110",-82.6608333333333,35.7863888888889
"2314ef1f-86bc-4d8f-b314-a373c5461075","Approved","2025-05-16T18:21:17.600491+00:00","USGS-03453500","00060",,"00003","2023-05-05","1bbff9d98cea4a6789d1e831dc2925da","ft^3/s","2020",-82.6608333333333,35.7863888888889
"9dcc51d3-f6db-4421-9e78-898467f2722a","Approved","2025-05-16T18:21:17.600491+00:00","USGS-03453500","00060",,"00003","2023-05-06","1bbff9d98cea4a6789d1e831dc2925da","ft^3/s","1940",-82.6608333333333,35.7863888888889
"e959ec28-8a02-4799-b994-d4d21366f30a","Approved","2025-05-16T18:21:17.600491+00:00","USGS-03453500","00060",,"00003","2023-05-07","1bbff9d98cea4a6789d1e831dc2925da","ft^3/s","1920",-82.6608333333333,35.7863888888889
"bfc3b032-2fbd-46ea-9218-5f96e0970099","Approved","2025-05-16T18:21:17.600491+00:00","USGS-03453500","00060",,"00003","2023-05-08","1bbff9d98cea4a6789d1e831dc2925da","ft^3/s","2260",-82.6608333333333,35.7863888888889
"2c0bc3fd-4326-4cfb-86df-b8f00cd786f8","Approved","2025-05-16T18:21:17.600491+00:00","USGS-03453500","00060",,"00003","2023-05-09","1bbff9d98cea4a6789d1e831dc2925da","ft^3/s","2180",-82.6608333333333,35.7863888888889
"f46c1842-2f6a-4f81-b215-c5cec4f14696","Approved","2025-05-16T18:21:17.600491+00:00","USGS-03453500","00060",,"00003","2023-05-10","1bbff9d98cea4a6789d1e831dc2925da","ft^3/s","1940",-82.6608333333333,35.7863888888889
"a73ed765-64cd-4862-b9c8-d53b5a1c820b","Approved","2025-05-16T18:21:17.600491+00:00","USGS-03453500","00060",,"00003","2023-05-11","1bbff9d98cea4a6789d1e831dc2925da","ft^3/s","1760",-82.6608333333333,35.7863888888889
"5103b3be-5d00-4c3c-b37b-862195fbe783","Approved","2025-05-16T18:21:17.600491+00:00","USGS-03453500","00060",,"00003","2023-05-12","1bbff9d98cea4a6789d1e831dc2925da","ft^3/s","1760",-82.6608333333333,35.7863888888889
"e4275dbe-c16e-4eae-9264-ccda1f6546f8","Approved","2025-05-16T18:21:17.600491+00:00","USGS-03453500","00060",,"00003","2023-05-13","1bbff9d98cea4a6789d1e831dc2925da","ft^3/s","1930",-82.6608333333333,35.7863888888889
"49da36fa-0bb2-4e34-909f-801cff02fab3","Approved","2025-05-16T18:21:17.600491+00:00","USGS-03453500","00060",,"00003","2023-05-14","1bbff9d98cea4a6789d1e831dc2925da","ft^3/s","1690",-82.6608333333333,35.7863888888889
"525907e9-efc9-43c8-967d-40f2458c30cb","Approved","2025-05-16T18:21:17.600491+00:00","USGS-03453500","00060",,"00003","2023-05-15","1bbff9d98cea4a6789d1e831dc2925da","ft^3/s","1860",-82.6608333333333,35.7863888888889
"b65d456d-4d6a-4d81-b5da-ace738617f61","Approved","2025-05-16T18:21:17.600491+00:00","USGS-03453500","00060",,"00003","2023-05-16","1bbff9d98cea4a6789d1e831dc2925da","ft^3/s","1970",-82.6608333333333,35.7863888888889
"f29af341-93f7-4314-93e4-6cf44e0b8cf0","Approved","2025-05-16T18:21:17.600491+00:00","USGS-03453500","00060",,"00003","2023-05-17","1bbff9d98cea4a6789d1e831dc2925da","ft^3/s","2040",-82.6608333333333,35.7863888888889
"12235425-cf60-4781-8d76-f0d662cd6c2e","Approved","2025-05-16T18:21:17.600491+00:00","USGS-03453500","00060",,"00003","2023-05-18","1bbff9d98cea4a6789d1e831dc2925da","ft^3/s","1760",-82.6608333333333,35.7863888888889
"3cf5f275-e645-4b67-a7a1-744a4d128f7a","Approved","2025-05-16T18:21:17.600491+00:00","USGS-03453500","00060",,"00003","2023-05-19","1bbff9d98cea4a6789d1e831dc2925da","ft^3/s","1660",-82.6608333333333,35.7863888888889
"48c8586a-46ed-41c3-a66a-8e184ee14f26","Approved","2025-05-16T18:21:17.600491+00:00","USGS-03453500","00060",,"00003","2023-05-20","1bbff9d98cea4a6789d1e831dc2925da","ft^3/s","1610",-82.6608333333333,35.7863888888889
"be407806-539c-4e80-b802-930e0ea6d39d","Approved","2025-05-16T18:21:17.600491+00:00","USGS-03453500","00060",,"00003","2023-05-21","1bbff9d98cea4a6789d1e831dc2925da","ft^3/s","1580",-82.6608333333333,35.7863888888889
"c5cf3fb0-78b4-422d-8dcd-dfc215659535","Approved","2025-05-16T18:21:17.600491+00:00","USGS-03453500","00060",,"00003","2023-05-22","1bbff9d98cea4a6789d1e831dc2925da","ft^3/s","1520",-82.6608333333333,35.7863888888889
"496e5bb9-7b9f-4f00-8b73-cfb8586bed59","Approved","2025-05-16T18:21:17.600491+00:00","USGS-03453500","00060",,"00003","2023-05-23","1bbff9d98cea4a6789d1e831dc2925da","ft^3/s","1460",-82.6608333333333,35.7863888888889
"6ff29f93-aace-4042-83dd-a1d4a9a78d91","Approved","2025-05-16T18:21:17.600491+00:00","USGS-03453500","00060",,"00003","2023-05-24","1bbff9d98cea4a6789d1e831dc2925da","ft^3/s","1400",-82.6608333333333,35.7863888888889
"0916567f-40af-4efc-80b6-66cd97dd9374","Approved","2025-05-16T18:21:17.600491+00:00","USGS-03453500","00060",,"00003","2023-05-25","1bbff9d98cea4a6789d1e831dc2925da","ft^3/s","1360",-82.6608333333333,35.7863888888889
"486d8be7-4f86-47d3-bc31-874d6d8462c6","Approved","2025-05-16T18:21:17.600491+00:00","USGS-03453500","00060",,"00003","2023-05-26","1bbff9d98cea4a6789d1e831dc2925da","ft^3/s","1330",-82.6608333333333,35.7863888888889
"34a52d6e-17b6-4178-bddb-60645e27ce07","Approved","2025-05-16T18:21:17.600491+00:00","USGS-03453500","00060",,"00003","2023-05-27","1bbff9d98cea4a6789d1e831dc2925da","ft^3/s","1290",-82.6608333333333,35.7863888888889
"e2da867f-922b-42d0-bfe9-be9ea34fe12a","Approved","2025-05-16T18:21:17.600491+00:00","USGS-03453500","00060",,"00003","2023-05-28","1bbff9d98cea4a6789d1e831dc2925da","ft^3/s","5180",-82.6608333333333,35.7863888888889
"478208a6-74da-4416-b432-87af78c7d918","Approved","2025-05-16T18:21:17.600491+00:00","USGS-03453500","00060",,"00003","2023-05-29","1bbff9d98cea4a6789d1e831dc2925da","ft^3/s","4080",-82.6608333333333,35.7863888888889
"a441a2bf-3f59-4365-a742-58d4098aeb63","Approved","2025-05-16T18:21:17.600491+00:00","USGS-03453500","00060",,"00003","2023-05-30","1bbff9d98cea4a6789d1e831dc2925da","ft^3/s","2570",-82.6608333333333,35.7863888888889
"e4e11a73-b094-435f-8627-2d71f74c4dfc","Approved","2025-05-16T18:21:17.600491+00:00","USGS-03453500","00060",,"00003","2023-05-31","1bbff9d98cea4a6789d1e831dc2925da","ft^3/s","2100",-82.6608333333333,35.7863888888889
"091f6265-c5dd-4dd0-9388-35b066f0719f","Approved","2025-05-16T18:21:17.600491+00:00","USGS-03453500","00060",,"00003","2023-06-01","1bbff9d98cea4a6789d1e831dc2925da","ft^3/s","1910",-82.6608333333333,35.7863888888889
"908fed53-caa8-45a4-9b46-141b605eb69c","Approved","2025-05-16T18:21:17.600491+00:00","USGS-03453500","00060",,"00003","2023-06-02","1bbff9d98cea4a6789d1e831dc2925da","ft^3/s","1790",-82.6608333333333,35.7863888888889
"0e71d512-634d-4394-9411-5b49861fac3f","Approved","2025-05-16T18:21:17.600491+00:00","USGS-03453500","00060",,"00003","2023-06-03","1bbff9d98cea4a6789d1e831dc2925da","ft^3/s","1620",-82.6608333333333,35.7863888888889
"88ccfd7c-3f12-4a03-a2d8-17827294c7f0","Approved","2025-05-16T18:21:17.600491+00:00","USGS-03453500","00060",,"00003","2023-06-04","1bbff9d98cea4a6789d1e831dc2925da","ft^3/s","1580",-82.6608333333333,35.7863888888889
"657840e8-b93a-49a4-8e73-30c5a00ff6ff","Approved","2025-05-16T18:21:17.600491+00:00","USGS-03453500","00060",,"00003","2023-06-05","1bbff9d98cea4a6789d1e831dc2925da","ft^3/s","1560",-82.6608333333333,35.7863888888889
"c46c858e-bdd2-455c-b8ce-41dd0fd2f20a","Approved","2025-05-16T18:21:17.600491+00:00","USGS-03453500","00060",,"00003","2023-06-06","1bbff9d98cea4a6789d1e831dc2925da","ft^3/s","1480",-82.6608333333333,35.7863888888889
"55d503fc-b93d-4ecd-92c8-b006c61dbe7d","Approved","2025-05-16T18:21:17.600491+00:00","USGS-03453500","00060",,"00003","2023-06-07","1bbff9d98cea4a6789d1e831dc2925da","ft^3/s","1410",-82.6608333333333,35.7863888888889
"b7e0faed-bd46-498f-9e83-b2eeb55f16e8","Approved","2025-05-16T18:21:17.600491+00:00","USGS-03453500","00060",,"00003","2023-06-08","1bbff9d98cea4a6789d1e831dc2925da","ft^3/s","1380",-82.6608333333333,35.7863888888889
"5b228a97-784a-47d0-b7d6-895a9dc0c7d4","Approved","2025-05-16T18:21:17.600491+00:00","USGS-03453500","00060",,"00003","2023-06-09","1bbff9d98cea4a6789d1e831dc2925da","ft^3/s","1280",-82.6608333333333,35.7863888888889
"6142d601-3076-464e-a326-a4229657c4e0","Approved","2025-05-16T18:21:17.600491+00:00","USGS-03453500","00060",,"00003","2023-06-10","1bbff9d98cea4a6789d1e831dc2925da","ft^3/s","1240",-82.6608333333333,35.7863888888889
"48588d78-827e-4745-b60e-8c404a105ede","Approved","2025-05-16T18:21:17.600491+00:00","USGS-03453500","00060",,"00003","2023-06-11","1bbff9d98cea4a6789d1e831dc2925da","ft^3/s","1240",-82.6608333333333,35.7863888888889
"310751b2-b94d-4caf-994e-3e2f204be094","Approved","2025-05-16T18:21:17.600491+00:00","USGS-03453500","00060",,"00003","2023-06-12","1bbff9d98cea4a6789d1e831dc2925da","ft^3/s","1890",-82.6608333333333,35.7863888888889
"1b88cd69-ddda-42ba-a766-4cfe62b77506","Approved","2025-05-16T18:21:17.600491+00:00","USGS-03453500","00060",,"00003","2023-06-13","1bbff9d98cea4a6789d1e831dc2925da","ft^3/s","1610",-82.6608333333333,35.7863888888889
"d43a914d-77c3-4dcf-b14c-4247a3f08714","Approved","2025-05-16T18:21:17.600491+00:00","USGS-03453500","00060",,"00003","2023-06-14","1bbff9d98cea4a6789d1e831dc2925da","ft^3/s","1350",-82.6608333333333,35.7863888888889
"bf38f87f-d402-408d-8ba8-be724e8b288a","Approved","2025-05-16T18:21:17.600491+00:00","USGS-03453500","00060",,"00003","2023-06-15","1bbff9d98cea4a6789d1e831dc2925da","ft^3/s","1290",-82.6608333333333,35.7863888888889
"82145dfd-4bdf-4684-b739-736c9ee7b831","Approved","2025-05-16T18:21:17.600491+00:00","USGS-03453500","00060",,"00003","2023-06-16","1bbff9d98cea4a6789d1e831dc2925da","ft^3/s","1300",-82.6608333333333,35.7863888888889
"3dde2342-453a-46e6-90bf-c9f61c03aacf","Approved","2025-05-16T18:21:17.600491+00:00","USGS-03453500","00060",,"00003","2023-06-17","1bbff9d98cea4a6789d1e831dc2925da","ft^3/s","1360",-82.6608333333333,35.7863888888889
"ee16e904-742f-43ea-9176-85337c6abb35","Approved","2025-05-16T18:21:17.600491+00:00","USGS-03453500","00060",,"00003","2023-06-18","1bbff9d98cea4a6789d1e831dc2925da","ft^3/s","1190",-82.6608333333333,35.7863888888889
"637e2071-0dcb-4c66-b1b4-212dc3455f84","Approved","2025-05-16T18:21:17.600491+00:00","USGS-03453500","00060",,"00003","2023-06-19","1bbff9d98cea4a6789d1e831dc2925da","ft^3/s","1150",-82.6608333333333,35.7863888888889
"9a75d8b3-f75b-4b4d-bfd8-9a6ee9477116","Approved","2025-05-16T18:21:17.600491+00:00","USGS-03453500","00060",,"00003","2023-06-20","1bbff9d98cea4a6789d1e831dc2925da","ft^3/s","1250",-82.6608333333333,35.7863888888889
"c0bb7405-cfa7-4a47-a4e4-2f6ac514f3e0","Approved","2025-05-16T18:21:17.600491+00:00","USGS-03453500","00060",,"00003","2023-06-21","1bbff9d98cea4a6789d1e831dc2925da","ft^3/s","3010",-82.6608333333333,35.7863888888889
"33102cff-a3b2-42c9-95e9-0192c9bbb34b","Approved","2025-05-16T18:21:17.600491+00:00","USGS-03453500","00060",,"00003","2023-06-22","1bbff9d98cea4a6789d1e831dc2925da","ft^3/s","5230",-82.6608333333333,35.7863888888889
"02b976fc-9759-4f3b-abc6-d65e9426f967","Approved","2025-05-16T18:21:17.600491+00:00","USGS-03453500","00060",,"00003","2023-06-23","1bbff9d98cea4a6789d1e831dc2925da","ft^3/s","3930",-82.6608333333333,35.7863888888889
"c67b93bb-a6bb-4778-a0e8-90363a7fcacc","Approved","2025-05-16T18:21:17.600491+00:00","USGS-03453500","00060",,"00003","2023-06-24","1bbff9d98cea4a6789d1e831dc2925da","ft^3/s","3140",-82.6608333333333,35.7863888888889
"2b428006-6e8a-4ed5-9df5-00c519ab8d84","Approved","2025-05-16T18:21:17.600491+00:00","USGS-03453500","00060",,"00003","2023-06-25","1bbff9d98cea4a6789d1e831dc2925da","ft^3/s","2460",-82.6608333333333,35.7863888888889
"0607bff1-c0a3-48a6-bcfc-c63834898d6f","Approved","2025-05-16T18:21:17.600491+00:00","USGS-03453500","00060",,"00003","2023-06-26","1bbff9d98cea4a6789d1e831dc2925da","ft^3/s","2350",-82.6608333333333,35.7863888888889
"56ee8f0c-da02-421c-8cec-c294d192c216","Approved","2025-05-16T18:21:17.600491+00:00","USGS-03453500","00060",,"00003","2023-06-27","1bbff9d98cea4a6789d1e831dc2925da","ft^3/s","2130",-82.6608333333333,35.7863888888889
"8af29aac-48f2-4e85-aef3-d3bc9966883c","Approved","2025-05-16T18:21:17.600491+00:00","USGS-03453500","00060",,"00003","2023-06-28","1bbff9d98cea4a6789d1e831dc2925da","ft^3/s","1780",-82.6608333333333,35.7863888888889
"deb73bf5-bfb8-4209-84ce-ea8cd729391b","Approved","2025-05-16T18:21:17.600491+00:00","USGS-03453500","00060",,"00003","2023-06-29","1bbff9d98cea4a6789d1e831dc2925da","ft^3/s","1600",-82.6608333333333,35.7863888888889
"225080fc-aa90-4d8c-ac4d-7aa06ee450e4","Approved","2025-05-16T18:21:17.600491+00:00","USGS-03453500","00060",,"00003","2023-06-30","1bbff9d98cea4a6789d1e831dc2925da","ft^3/s","1520",-82.6608333333333,35.7863888888889
"ad42866f-52c4-4e28-b493-5f854f288122","Approved","2025-05-16T18:21:17.600491+00:00","USGS-03453500","00060",,"00003","2023-07-01","1bbff9d98cea4a6789d1e831dc2925da","ft^3/s","1470",-82.6608333333333,35.7863888888889
"f00bd5e3-46cf-4a73-80a5-0127157b6f64","Approved","2025-05-16T18:21:17.600491+00:00","USGS-03453500","00060",,"00003","2023-07-02","1bbff9d98cea4a6789d1e831dc2925da","ft^3/s","1450",-82.6608333333333,35.7863888888889
"48d4e0ca-69ff-4a15-ac13-711b4547ce53","Approved","2025-05-16T18:21:17.600491+00:00","USGS-03453500","00060",,"00003","2023-07-03","1bbff9d98cea4a6789d1e831dc2925da","ft^3/s","1450",-82.6608333333333,35.7863888888889
"1b725436-0e79-455e-b1f1-0bb487a9c71d","Approved","2025-05-16T18:21:17.600491+00:00","USGS-03453500","00060",,"00003","2023-07-04","1bbff9d98cea4a6789d1e831dc2925da","ft^3/s","1370",-82.6608333333333,35.7863888888889
"50a05493-38d7-4978-90e2-73ce968ac410","Approved","2025-05-16T18:21:17.600491+00:00","USGS-03453500","00060",,"00003","2023-07-05","1bbff9d98cea4a6789d1e831dc2925da","ft^3/s","1460",-82.6608333333333,35.7863888888889
"06afa139-57f3-4410-956e-c7adb2a5334a","Approved","2025-05-16T18:21:17.600491+00:00","USGS-03453500","00060",,"00003","2023-07-06","1bbff9d98cea4a6789d1e831dc2925da","ft^3/s","2110",-82.6608333333333,35.7863888888889
"67cd160a-59e2-4020-846f-4f363d732cf6","Approved","2025-05-16T18:21:17.600491+00:00","USGS-03453500","00060",,"00003","2023-07-07","1bbff9d98cea4a6789d1e831dc2925da","ft^3/s","1510",-82.6608333333333,35.7863888888889
"fe490b0f-45fe-4101-96c1-be9b4062cef6","Approved","2025-05-16T18:21:17.600491+00:00","USGS-03453500","00060",,"00003","2023-07-08","1bbff9d98cea4a6789d1e831dc2925da","ft^3/s","1420",-82.6608333333333,35.7863888888889
"a0650b9e-5358-4157-9ba4-9be5ae983339","Approved","2025-05-16T18:21:17.600491+00:00","USGS-03453500","00060",,"00003","2023-07-09","1bbff9d98cea4a6789d1e831dc2925da","ft^3/s","1490",-82.6608333333333,35.7863888888889
"680c24c8-af40-4783-9f9d-088ae4e6e4cd","Approved","2025-05-16T18:21:17.600491+00:00","USGS-03453500","00060",,"00003","2023-07-10","1bbff9d98cea4a6789d1e831dc2925da","ft^3/s","1520",-82.6608333333333,35.7863888888889
"f5dd2e9a-a3ce-4f69-81b1-5c7b36bfc353","Approved","2025-05-16T18:21:17.600491+00:00","USGS-03453500","00060",,"00003","2023-07-11","1bbff9d98cea4a6789d1e831dc2925da","ft^3/s","1290",-82.6608333333333,35.7863888888889
"e64c1ade-3a0e-4454-9096-5ad7b94dc5c6","Approved","2025-05-16T18:21:17.600491+00:00","USGS-03453500","00060",,"00003","2023-07-12","1bbff9d98cea4a6789d1e831dc2925da","ft^3/s","1210",-82.6608333333333,35.7863888888889
"aa9283ea-a993-473a-b95d-53b68c3e6e51","Approved","2025-05-16T18:21:17.600491+00:00","USGS-03453500","00060",,"00003","2023-07-13","1bbff9d98cea4a6789d1e831dc2925da","ft^3/s","1140",-82.6608333333333,35.7863888888889
"8b765b1d-c5f6-41ef-aba0-191aba6af2ab","Approved","2025-05-16T18:21:17.600491+00:00","USGS-03453500","00060",,"00003","2023-07-14","1bbff9d98cea4a6789d1e831dc2925da","ft^3/s","1410",-82.6608333333333,35.7863888888889
"9747e0e7-a6b7-4515-b889-2d22e4628bb4","Approved","2025-05-16T18:21:17.600491+00:00","USGS-03453500","00060",,"00003","2023-07-15","1bbff9d98cea4a6789d1e831dc2925da","ft^3/s","1510",-82.6608333333333,35.7863888888889
"bd7c410d-3c96-4dbb-bdc4-d832fc5a7072","Approved","2025-05-16T18:21:17.600491+00:00","USGS-03453500","00060",,"00003","2023-07-16","1bbff9d98cea4a6789d1e831dc2925da","ft^3/s","1990",-82.6608333333333,35.7863888888889
"bbf386ce-867b-44fa-97f8-7c10ab767bf2","Approved","2025-05-16T18:21:17.600491+00:00","USGS-03453500","00060",,"00003","2023-07-17","1bbff9d98cea4a6789d1e831dc2925da","ft^3/s","1580",-82.6608333333333,35.7863888888889
"b5c6d69e-1225-40f7-b96e-51860ea938bb","Approved","2025-05-16T18:21:17.600491+00:00","USGS-03453500","00060",,"00003","2023-07-18","1bbff9d98cea4a6789d1e831dc2925da","ft^3/s","1300",-82.6608333333333,35.7863888888889
"4f579a41-ced2-4fda-85cd-fee220522376","Approved","2025-05-16T18:21:17.600491+00:00","USGS-03453500","00060",,"00003","2023-07-19","1bbff9d98cea4a6789d1e831dc2925da","ft^3/s","1850",-82.6608333333333,35.7863888888889
"27368734-f80e-4e4b-a8d6-41a6b68bed6a","Approved","2025-05-16T18:21:17.600491+00:00","USGS-03453500","00060",,"00003","2023-07-20","1bbff9d98cea4a6789d1e831dc2925da","ft^3/s","2090",-82.6608333333333,35.7863888888889
"b0245bc0-a72f-440c-8f45-6ef20de8d324","Approved","2025-05-16T18:21:17.600491+00:00","USGS-03453500","00060",,"00003","2023-07-21","1bbff9d98cea4a6789d1e831dc2925da","ft^3/s","1830",-82.6608333333333,35.7863888888889
"a9496b2e-fbcb-49a4-a576-ad0a24a769f7","Approved","2025-05-16T18:21:17.600491+00:00","USGS-03453500","00060",,"00003","2023-07-22","1bbff9d98cea4a6789d1e831dc2925da","ft^3/s","1560",-82.6608333333333,35.7863888888889
"3a831bc4-c0f4-4d30-bd4f-336a0867e5fe","Approved","2025-05-16T18:21:17.600491+00:00","USGS-03453500","00060",,"00003","2023-07-23","1bbff9d98cea4a6789d1e831dc2925da","ft^3/s","1380",-82.6608333333333,35.7863888888889
"c01d7814-01e0-42dd-a03f-371c01321543","Approved","2025-05-16T18:21:17.600491+00:00","USGS-03453500","00060",,"00003","2023-07-24","1bbff9d98cea4a6789d1e831dc2925da","ft^3/s","1650",-82.6608333333333,35.7863888888889
"7f1e37d2-88be-42dc-bb1b-3cd28ead3e76","Approved","2025-05-16T18:21:17.600491+00:00","USGS-03453500","00060",,"00003","2023-07-25","1bbff9d98cea4a6789d1e831dc2925da","ft^3/s","1370",-82.6608333333333,35.7863888888889
"4d73f9f0-0667-4474-96b4-b045760417ab","Approved","2025-05-16T18:21:17.600491+00:00","USGS-03453500","00060",,"00003","2023-07-26","1bbff9d98cea4a6789d1e831dc2925da","ft^3/s","1210",-82.6608333333333,35.7863888888889
"612a317e-5481-4507-86d3-50aed1bc12f4","Approved","2025-05-16T18:21:17.600491+00:00","USGS-03453500","00060",,"00003","2023-07-27","1bbff9d98cea4a6789d1e831dc2925da","ft^3/s","1170",-82.6608333333333,35.7863888888889
"b0743be8-7b53-434c-a248-4d69bf6de083","Approved","2025-05-16T18:21:17.600491+00:00","USGS-03453500","00060",,"00003","2023-07-28","1bbff9d98cea4a6789d1e831dc2925da","ft^3/s","1180",-82.6608333333333,35.7863888888889
"2ddf3344-0378-4233-8e25-58e3eb152b10","Approved","2025-05-16T18:21:17.600491+00:00","USGS-03453500","00060",,"00003","2023-07-29","1bbff9d98cea4a6789d1e831dc2925da","ft^3/s","1200",-82.6608333333333,35.7863888888889
"283a09a0-4225-4cf9-b151-1aba72191011","Approved","2025-05-16T18:21:17.600491+00:00","USGS-03453500","00060",,"00003","2023-07-30","1bbff9d98cea4a6789d1e831dc2925da","ft^3/s","1350",-82.6608333333333,35.7863888888889
"7cd69402-5a3e-41dd-bd9c-570179ca24b6","Approved","2025-05-16T18:21:17.600491+00:00","USGS-03453500","00060",,"00003","2023-07-31","1bbff9d98cea4a6789d1e831dc2925da","ft^3/s","1230",-82.6608333333333,35.7863888888889
"6f839cc2-f4f8-429f-a721-9f1ad516d0c0","Approved","2025-05-16T18:21:17.600491+00:00","USGS-03453500","00060",,"00003","2023-08-01","1bbff9d98cea4a6789d1e831dc2925da","ft^3/s","1060",-82.6608333333333,35.7863888888889
"961323fd-c13c-43e9-b534-43da77a2c537","Approved","2025-05-16T18:21:17.600491+00:00","USGS-03453500","00060",,"00003","2023-08-02","1bbff9d98cea4a6789d1e831dc2925da","ft^3/s","1030",-82.6608333333333,35.7863888888889
"b17e13a0-3814-423e-a44c-5a558f3a0808","Approved","2025-05-16T18:21:17.600491+00:00","USGS-03453500","00060",,"00003","2023-08-03","1bbff9d98cea4a6789d1e831dc2925da","ft^3/s","1620",-82.6608333333333,35.7863888888889
"6f5f3b5c-ba0e-43e7-8a06-79994cdc898d","Approved","2025-05-16T18:21:17.600491+00:00","USGS-03453500","00060",,"00003","2023-08-04","1bbff9d98cea4a6789d1e831dc2925da","ft^3/s","1870",-82.6608333333333,35.7863888888889
"7a78093e-89d3-4bf3-b769-5d95f3a7ae7d","Approved","2025-05-16T18:21:17.600491+00:00","USGS-03453500","00060",,"00003","2023-08-05","1bbff9d98cea4a6789d1e831dc2925da","ft^3/s","1500",-82.6608333333333,35.7863888888889
"907b936b-45a4-40c9-8762-df65f4a429c1","Approved","2025-05-16T18:21:17.600491+00:00","USGS-03453500","00060",,"00003","2023-08-06","1bbff9d98cea4a6789d1e831dc2925da","ft^3/s","1200",-82.6608333333333,35.7863888888889
"18a05b3f-9408-48c8-8fa5-6911ef583599","Approved","2025-05-16T18:21:17.600491+00:00","USGS-03453500","00060",,"00003","2023-08-07","1bbff9d98cea4a6789d1e831dc2925da","ft^3/s","1220",-82.6608333333333,35.7863888888889
"df8ec329-e079-4752-8a5d-5a9cd76db531","Approved","2025-05-16T18:21:17.600491+00:00","USGS-03453500","00060",,"00003","2023-08-08","1bbff9d98cea4a6789d1e831dc2925da","ft^3/s","1390",-82.6608333333333,35.7863888888889
"f573f6ba-c75c-4987-9be6-49632636b1a9","Approved","2025-05-16T18:21:17.600491+00:00","USGS-03453500","00060",,"00003","2023-08-09","1bbff9d98cea4a6789d1e831dc2925da","ft^3/s","1150",-82.6608333333333,35.7863888888889
"4f94bede-d3a2-49c4-aebb-e68ed2914374","Approved","2025-05-16T18:21:17.600491+00:00","USGS-03453500","00060",,"00003","2023-08-10","1bbff9d98cea4a6789d1e831dc2925da","ft^3/s","1640",-82.6608333333333,35.7863888888889
"943751df-5af4-422a-b725-9e1e9bcaa9b8","Approved","2025-05-16T18:21:17.600491+00:00","USGS-03453500","00060",,"00003","2023-08-11","1bbff9d98cea4a6789d1e831dc2925da","ft^3/s","1840",-82.6608333333333,35.7863888888889
"f3d6d224-533d-4873-94ab-336055120f8c","Approved","2025-05-16T18:21:17.600491+00:00","USGS-03453500","00060",,"00003","2023-08-12","1bbff9d98cea4a6789d1e831dc2925da","ft^3/s","1650",-82.6608333333333,35.7863888888889
"71a10be4-54c5-4164-8411-ecd73e67a328","Approved","2025-05-16T18:21:17.600491+00:00","USGS-03453500","00060",,"00003","2023-08-13","1bbff9d98cea4a6789d1e831dc2925da","ft^3/s","2150",-82.6608333333333,35.7863888888889
"a34482df-df46-4baf-b1fe-12b2aac27588","Approved","2025-05-16T18:21:17.600491+00:00","USGS-03453500","00060",,"00003","2023-08-14","1bbff9d98cea4a6789d1e831dc2925da","ft^3/s","1390",-82.6608333333333,35.7863888888889
"ca23b7fe-4682-4347-9f4c-325541fefbda","Approved","2025-05-16T18:21:17.600491+00:00","USGS-03453500","00060",,"00003","2023-08-15","1bbff9d98cea4a6789d1e831dc2925da","ft^3/s","1710",-82.6608333333333,35.7863888888889
"a2e92688-706e-474e-a6f5-7bf9ef02f402","Approved","2025-05-16T18:21:17.600491+00:00","USGS-03453500","00060",,"00003","2023-08-16","1bbff9d98cea4a6789d1e831dc2925da","ft^3/s","1340",-82.6608333333333,35.7863888888889
"19d98a42-82b1-4acb-aa6e-30b2a819ae06","Approved","2025-05-16T18:21:17.600491+00:00","USGS-03453500","00060",,"00003","2023-08-17","1bbff9d98cea4a6789d1e831dc2925da","ft^3/s","1140",-82.6608333333333,35.7863888888889
"3554a547-4f71-4deb-9961-1f9b9b9a8928","Approved","2025-05-16T18:21:17.600491+00:00","USGS-03453500","00060",,"00003","2023-08-18","1bbff9d98cea4a6789d1e831dc2925da","ft^3/s","999",-82.6608333333333,35.7863888888889
"88950975-4be3-4860-8548-bf7c6f78c3c7","Approved","2025-05-16T18:21:17.600491+00:00","USGS-03453500","00060",,"00003","2023-08-19","1bbff9d98cea4a6789d1e831dc2925da","ft^3/s","958",-82.6608333333333,35.7863888888889
"ba4fdd2c-4633-4d70-92d8-c44a8c86dfd0","Approved","2025-05-16T18:21:17.600491+00:00","USGS-03453500","00060",,"00003","2023-08-20","1bbff9d98cea4a6789d1e831dc2925da","ft^3/s","915",-82.6608333333333,35.7863888888889
"610ec258-0aa9-4f22-9093-fbad3f914216","Approved","2025-05-16T18:21:17.600491+00:00","USGS-03453500","00060",,"00003","2023-08-21","1bbff9d98cea4a6789d1e831dc2925da","ft^3/s","890",-82.6608333333333,35.7863888888889
"094d2f89-3c7b-4da3-a25d-1f6965c9d7ef","Approved","2025-05-16T18:21:17.600491+00:00","USGS-03453500","00060",,"00003","2023-08-22","1bbff9d98cea4a6789d1e831dc2925da","ft^3/s","854",-82.6608333333333,35.7863888888889
"ecd9166a-e7f8-48c5-a07e-e6e301f9b92e","Approved","2025-05-16T18:21:17.600491+00:00","USGS-03453500","00060",,"00003","2023-08-23","1bbff9d98cea4a6789d1e831dc2925da","ft^3/s","829",-82.6608333333333,35.7863888888889
"9dd9c2d9-cb09-4ce3-83bd-887aa65a3c22","Approved","2025-05-16T18:21:17.600491+00:00","USGS-03453500","00060",,"00003","2023-08-24","1bbff9d98cea4a6789d1e831dc2925da","ft^3/s","803",-82.6608333333333,35.7863888888889
"3af433ca-a2c0-4e85-8d81-91726c617696","Approved","2025-05-16T18:21:17.600491+00:00","USGS-03453500","00060",,"00003","2023-08-25","1bbff9d98cea4a6789d1e831dc2925da","ft^3/s","783",-82.6608333333333,35.7863888888889
"a6f11eb5-8d65-4cda-9e06-7d402780b01f","Approved","2025-05-16T18:21:17.600491+00:00","USGS-03453500","00060",,"00003","2023-08-26","1bbff9d98cea4a6789d1e831dc2925da","ft^3/s","781",-82.6608333333333,35.7863888888889
"d9f8bbd4-5750-481f-8b32-7130064cf6a7","Approved","2025-05-16T18:21:17.600491+00:00","USGS-03453500","00060",,"00003","2023-08-27","1bbff9d98cea4a6789d1e831dc2925da","ft^3/s","794",-82.6608333333333,35.7863888888889
"075b6d67-b16f-4fac-b91e-310dc6bd6769","Approved","2025-05-16T18:21:17.600491+00:00","USGS-03453500","00060",,"00003","2023-08-28","1bbff9d98cea4a6789d1e831dc2925da","ft^3/s","963",-82.6608333333333,35.7863888888889
"35ef0e26-1830-4fbf-9273-6120a2cf55f4","Approved","2025-05-16T18:21:17.600491+00:00","USGS-03453500","00060",,"00003","2023-08-29","1bbff9d98cea4a6789d1e831dc2925da","ft^3/s","1970",-82.6608333333333,35.7863888888889
"a1d7ec04-9987-4d3d-958a-7a2b05de98a4","Approved","2025-05-16T18:21:17.600491+00:00","USGS-03453500","00060",,"00003","2023-08-30","1bbff9d98cea4a6789d1e831dc2925da","ft^3/s","3080",-82.6608333333333,35.7863888888889
"328b2ad4-aca2-4acf-821a-fe8817ae5417","Approved","2025-05-16T18:21:17.600491+00:00","USGS-03453500","00060",,"00003","2023-08-31","1bbff9d98cea4a6789d1e831dc2925da","ft^3/s","2110",-82.6608333333333,35.7863888888889
"441e72be-7ab8-4dbc-bb65-79df7b8c3c39","Approved","2025-05-16T18:21:17.600491+00:00","USGS-03453500","00060",,"00003","2023-09-01","1bbff9d98cea4a6789d1e831dc2925da","ft^3/s","1350",-82.6608333333333,35.7863888888889
"dbca3062-7525-4fa3-8211-d091c92b02fc","Approved","2025-05-16T18:21:17.600491+00:00","USGS-03453500","00060",,"00003","2023-09-02","1bbff9d98cea4a6789d1e831dc2925da","ft^3/s","1120",-82.6608333333333,35.7863888888889
"76104137-a95c-42c0-8184-a9332d1a662f","Approved","2025-05-16T18:21:17.600491+00:00","USGS-03453500","00060",,"00003","2023-09-03","1bbff9d98cea4a6789d1e831dc2925da","ft^3/s","990",-82.6608333333333,35.7863888888889
"17a6308f-e105-4362-be28-6cb8b6643f66","Approved","2025-05-16T18:21:17.600491+00:00","USGS-03453500","00060",,"00003","2023-09-04","1bbff9d98cea4a6789d1e831dc2925da","ft^3/s","962",-82.6608333333333,35.7863888888889
"68b04623-f718-462a-b7d3-683e6cb6881f","Approved","2025-05-16T18:21:17.600491+00:00","USGS-03453500","00060",,"00003","2023-09-05","1bbff9d98cea4a6789d1e831dc2925da","ft^3/s","918",-82.6608333333333,35.7863888888889
"a870a0a6-1d5a-42f2-b0c1-e3d70b6c0f29","Approved","2025-05-16T18:21:17.600491+00:00","USGS-03453500","00060",,"00003","2023-09-06","1bbff9d98cea4a6789d1e831dc2925da","ft^3/s","875",-82.6608333333333,35.7863888888889
"ee93e8b3-c385-486f-937a-c7dbc1b31c8c","Approved","2025-05-16T18:21:17.600491+00:00","USGS-03453500","00060",,"00003","2023-09-07","1bbff9d98cea4a6789d1e831dc2925da","ft^3/s","877",-82.6608333333333,35.7863888888889
"2d388867-ce63-4331-8bfe-54d92c2d3944","Approved","2025-05-16T18:21:17.600491+00:00","USGS-03453500","00060",,"00003","2023-09-08","1bbff9d98cea4a6789d1e831dc2925da","ft^3/s","1350",-82.6608333333333,35.7863888888889
"13a66f27-5aa3-41c0-bd4c-453b903e3f3a","Approved","2025-05-16T18:21:17.600491+00:00","USGS-03453500","00060",,"00003","2023-09-09","1bbff9d98cea4a6789d1e831dc2925da","ft^3/s","1160",-82.6608333333333,35.7863888888889
"704df6a2-e576-4144-b7bd-af78733a5f50","Approved","2025-05-16T18:21:17.600491+00:00","USGS-03453500","00060",,"00003","2023-09-10","1bbff9d98cea4a6789d1e831dc2925da","ft^3/s","1290",-82.6608333333333,35.7863888888889
"d2f74a96-f0f9-4a86-b6d3-b3041d6279c0","Approved","2025-05-16T18:21:17.600491+00:00","USGS-03453500","00060",,"00003","2023-09-11","1bbff9d98cea4a6789d1e831dc2925da","ft^3/s","1530",-82.6608333333333,35.7863888888889
"80febb71-c93d-466c-9177-6e2848580aaa","Approved","2025-05-16T18:21:17.600491+00:00","USGS-03453500","00060",,"00003","2023-09-12","1bbff9d98cea4a6789d1e831dc2925da","ft^3/s","1250",-82.6608333333333,35.7863888888889
"b6ad1ccb-b227-4e5d-b9bf-5e039065a408","Approved","2025-05-16T18:21:17.600491+00:00","USGS-03453500","00060",,"00003","2023-09-13","1bbff9d98cea4a6789d1e831dc2925da","ft^3/s","1090",-82.6608333333333,35.7863888888889
"5f3a1679-02c0-4f62-8540-8739b309647c","Approved","2025-05-16T18:21:17.600491+00:00","USGS-03453500","00060",,"00003","2023-09-14","1bbff9d98cea4a6789d1e831dc2925da","ft^3/s","995",-82.6608333333333,35.7863888888889
"9f40a171-7185-44ef-b1eb-1b81dfcb6be4","Approved","2025-05-16T18:21:17.600491+00:00","USGS-03453500","00060",,"00003","2023-09-15","1bbff9d98cea4a6789d1e831dc2925da","ft^3/s","998",-82.6608333333333,35.7863888888889
"48154abc-5886-44aa-9061-fde88669b9f8","Approved","2025-05-16T18:21:17.600491+00:00","USGS-03453500","00060",,"00003","2023-09-16","1bbff9d98cea4a6789d1e831dc2925da","ft^3/s","933",-82.6608333333333,35.7863888888889
"e319dee8-8044-49c1-a0ea-173d89f851d3","Approved","2025-05-16T18:21:17.600491+00:00","USGS-03453500","00060",,"00003","2023-09-17","1bbff9d98cea4a6789d1e831dc2925da","ft^3/s","1230",-82.6608333333333,35.7863888888889
"35b5fe4b-78fb-4bb7-9fdd-d74f2befb892","Approved","2025-05-16T18:21:17.600491+00:00","USGS-03453500","00060",,"00003","2023-09-18","1bbff9d98cea4a6789d1e831dc2925da","ft^3/s","1180",-82.6608333333333,35.7863888888889
"fe16efd0-a233-4a57-86fa-6c72d131e1d0","Approved","2025-05-16T18:21:17.600491+00:00","USGS-03453500","00060",,"00003","2023-09-19","1bbff9d98cea4a6789d1e831dc2925da","ft^3/s","1000",-82.6608333333333,35.7863888888889
"3832cc4b-c926-40e8-b9de-702847fe39ed","Approved","2025-05-16T18:21:17.600491+00:00","USGS-03453500","00060",,"00003","2023-09-20","1bbff9d98cea4a6789d1e831dc2925da","ft^3/s","905",-82.6608333333333,35.7863888888889
"c92b2561-d68f-4941-81ac-2da6fbf8d88b","Approved","2025-05-16T18:21:17.600491+00:00","USGS-03453500","00060",,"00003","2023-09-21","1bbff9d98cea4a6789d1e831dc2925da","ft^3/s","852",-82.6608333333333,35.7863888888889
"785cdbe4-0246-4012-99a0-5c5636c2d9d1","Approved","2025-05-16T18:21:17.600491+00:00","USGS-03453500","00060",,"00003","2023-09-22","1bbff9d98cea4a6789d1e831dc2925da","ft^3/s","824",-82.6608333333333,35.7863888888889
"96de4f2e-7ad1-466c-ab91-a25c7a55728b","Approved","2025-05-16T18:21:17.600491+00:00","USGS-03453500","00060",,"00003","2023-09-23","1bbff9d98cea4a6789d1e831dc2925da","ft^3/s","815",-82.6608333333333,35.7863888888889
"269902f7-9724-4ea9-9e8d-a0a9de8e897d","Approved","2025-05-16T18:21:17.600491+00:00","USGS-03453500","00060",,"00003","2023-09-24","1bbff9d98cea4a6789d1e831dc2925da","ft^3/s","792",-82.6608333333333,35.7863888888889
"fbe43067-8a8a-479c-80fd-715da24fc6c9","Approved","2025-05-16T18:21:17.600491+00:00","USGS-03453500","00060",,"00003","2023-09-25","1bbff9d98cea4a6789d1e831dc2925da","ft^3/s","775",-82.6608333333333,35.7863888888889
"8aabf4cb-ef8a-45c8-bb78-6a97c6f546a5","Approved","2025-05-16T18:21:17.600491+00:00","USGS-03453500","00060",,"00003","2023-09-26","1bbff9d98cea4a6789d1e831dc2925da","ft^3/s","766",-82.6608333333333,35.7863888888889
"eebce289-d334-4cb7-94c4-ad94477128aa","Approved","2025-05-16T18:21:17.600491+00:00","USGS-03453500","00060",,"00003","2023-09-27","1bbff9d98cea4a6789d1e831dc2925da","ft^3/s","767",-82.6608333333333,35.7863888888889
"6637b412-68c7-4996-bfb6-8f970cf96680","Approved","2025-05-16T18:21:17.600491+00:00","USGS-03453500","00060",,"00003","2023-09-28","1bbff9d98cea4a6789d1e831dc2925da","ft^3/s","768",-82.6608333333333,35.7863888888889
"8cc56bfd-6f3c-4fe8-b9f8-28890a5997df","Approved","2025-05-16T18:21:17.600491+00:00","USGS-03453500","00060",,"00003","2023-09-29","1bbff9d98cea4a6789d1e831dc2925da","ft^3/s","793",-82.6608333333333,35.7863888888889
"ba420aa0-d256-4af1-afdf-69da375d24fe","Approved","2025-05-16T18:21:17.600491+00:00","USGS-03453500","00060",,"00003","2023-09-30","1bbff9d98cea4a6789d1e831dc2925da","ft^3/s","775",-82.6608333333333,35.7863888888889
"961db89d-70e8-49d4-9a12-b66c3aa0073f","Approved","2025-05-16T18:21:17.600491+00:00","USGS-03453500","00060",,"00003","2023-10-01","1bbff9d98cea4a6789d1e831dc2925da","ft^3/s","754",-82.6608333333333,35.7863888888889
"509c9556-3696-4d45-95f0-77785baf1187","Approved","2025-05-16T18:21:17.600491+00:00","USGS-03453500","00060",,"00003","2023-10-02","1bbff9d98cea4a6789d1e831dc2925da","ft^3/s","736",-82.6608333333333,35.7863888888889
"6d23f2f8-d92c-4f01-9288-551564015cab","Approved","2025-05-16T18:21:17.600491+00:00","USGS-03453500","00060",,"00003","2023-10-03","1bbff9d98cea4a6789d1e831dc2925da","ft^3/s","721",-82.6608333333333,35.7863888888889
"d64bd5bd-bb2d-4738-b4b9-08f0f949f731","Approved","2025-05-16T18:21:17.600491+00:00","USGS-03453500","00060",,"00003","2023-10-04","1bbff9d98cea4a6789d1e831dc2925da","ft^3/s","709",-82.6608333333333,35.7863888888889
"22575448-8458-4610-83d5-1f8ae5996b65","Approved","2025-05-16T18:21:17.600491+00:00","USGS-03453500","00060",,"00003","2023-10-05","1bbff9d98cea4a6789d1e831dc2925da","ft^3/s","705",-82.6608333333333,35.7863888888889
"a0565c35-10ad-457c-975a-f5858011f9bb","Approved","2025-05-16T18:21:17.600491+00:00","USGS-03453500","00060",,"00003","2023-10-06","1bbff9d98cea4a6789d1e831dc2925da","ft^3/s","696",-82.6608333333333,35.7863888888889
"b4172799-b0c2-48cd-a9fd-f76b7f85f0ea","Approved","2025-05-16T18:21:17.600491+00:00","USGS-03453500","00060",,"00003","2023-10-07","1bbff9d98cea4a6789d1e831dc2925da","ft^3/s","741",-82.6608333333333,35.7863888888889
"aaa595b2-6a56-4047-955f-8c919d3050db","Approved","2025-05-16T18:21:17.600491+00:00","USGS-03453500","00060",,"00003","2023-10-08","1bbff9d98cea4a6789d1e831dc2925da","ft^3/s","727",-82.6608333333333,35.7863888888889
"0e5303e4-2939-4465-bf9c-6260a14a8df5","Approved","2025-05-16T18:21:17.600491+00:00","USGS-03453500","00060",,"00003","2023-10-09","1bbff9d98cea4a6789d1e831dc2925da","ft^3/s","690",-82.6608333333333,35.7863888888889
"43a841e3-5ba7-4746-8d6d-4713c57ad1d6","Approved","2025-05-16T18:21:17.600491+00:00","USGS-03453500","00060",,"00003","2023-10-10","1bbff9d98cea4a6789d1e831dc2925da","ft^3/s","684",-82.6608333333333,35.7863888888889
"93ba37b4-cd93-42dc-851f-6697d50b17be","Approved","2025-05-16T18:21:17.600491+00:00","USGS-03453500","00060",,"00003","2023-10-11","1bbff9d98cea4a6789d1e831dc2925da","ft^3/s","685",-82.6608333333333,35.7863888888889
"9cf1e96f-0bad-49b4-a4e3-5584eef5672f","Approved","2025-05-16T18:21:17.600491+00:00","USGS-03453500","00060",,"00003","2023-10-12","1bbff9d98cea4a6789d1e831dc2925da","ft^3/s","740",-82.6608333333333,35.7863888888889
"8f406ae6-db71-497c-8216-a73b5b339192","Approved","2025-05-16T18:21:17.600491+00:00","USGS-03453500","00060",,"00003","2023-10-13","1bbff9d98cea4a6789d1e831dc2925da","ft^3/s","816",-82.6608333333333,35.7863888888889
"84b16d30-e22d-4c6f-a4b1-bfc0f8069dd4","Approved","2025-05-16T18:21:17.600491+00:00","USGS-03453500","00060",,"00003","2023-10-14","1bbff9d98cea4a6789d1e831dc2925da","ft^3/s","831",-82.6608333333333,35.7863888888889
"58ff9962-7e61-4565-904f-412605ca872d","Approved","2025-05-16T18:21:17.600491+00:00","USGS-03453500","00060",,"00003","2023-10-15","1bbff9d98cea4a6789d1e831dc2925da","ft^3/s","801",-82.6608333333333,35.7863888888889
"9ebc7c32-1d2c-4cad-92a2-9c7bb17199ee","Approved","2025-05-16T18:21:17.600491+00:00","USGS-03453500","00060",,"00003","2023-10-16","1bbff9d98cea4a6789d1e831dc2925da","ft^3/s","812",-82.6608333333333,35.7863888888889
"b3e3cf86-bc46-4400-a06a-640daf5a0847","Approved","2025-05-16T18:21:17.600491+00:00","USGS-03453500","00060",,"00003","2023-10-17","1bbff9d98cea4a6789d1e831dc2925da","ft^3/s","775",-82.6608333333333,35.7863888888889
"a6a1dddb-5a5b-4ed8-a191-2c8e5d05f32b","Approved","2025-05-16T18:21:17.600491+00:00","USGS-03453500","00060",,"00003","2023-10-18","1bbff9d98cea4a6789d1e831dc2925da","ft^3/s","745",-82.6608333333333,35.7863888888889
"13dd1a08-2753-4345-9295-f882850d2912","Approved","2025-05-16T18:21:17.600491+00:00","USGS-03453500","00060",,"00003","2023-10-19","1bbff9d98cea4a6789d1e831dc2925da","ft^3/s","733",-82.6608333333333,35.7863888888889
"e24030c7-0994-4a41-bc78-316561cd1d64","Approved","2025-05-16T18:21:17.600491+00:00","USGS-03453500","00060",,"00003","2023-10-20","1bbff9d98cea4a6789d1e831dc2925da","ft^3/s","822",-82.6608333333333,35.7863888888889
"c877cfc7-4749-4075-b1c0-704137c97d44","Approved","2025-05-16T18:21:17.600491+00:00","USGS-03453500","00060",,"00003","2023-10-21","1bbff9d98cea4a6789d1e831dc2925da","ft^3/s","878",-82.6608333333333,35.7863888888889
"0c247881-64d6-4d40-85c8-1ad764122fda","Approved","2025-05-16T18:21:17.600491+00:00","USGS-03453500","00060",,"00003","2023-10-22","1bbff9d98cea4a6789d1e831dc2925da","ft^3/s","775",-82.6608333333333,35.7863888888889
"64b35026-cd9b-4382-b4f4-c282c25a304e","Approved","2025-05-16T18:21:17.600491+00:00","USGS-03453500","00060",,"00003","2023-10-23","1bbff9d98cea4a6789d1e831dc2925da","ft^3/s","740",-82.6608333333333,35.7863888888889
"291ea298-ae63-4a74-8c17-865d375f2381","Approved","2025-05-16T18:21:17.600491+00:00","USGS-03453500","00060",,"00003","2023-10-24","1bbff9d98cea4a6789d1e831dc2925da","ft^3/s","738",-82.6608333333333,35.7863888888889
"6db65fe8-2369-48c3-a893-39a77ccc5f95","Approved","2025-05-16T18:21:17.600491+00:00","USGS-03453500","00060",,"00003","2023-10-25","1bbff9d98cea4a6789d1e831dc2925da","ft^3/s","708",-82.6608333333333,35.7863888888889
"ace36559-8211-440a-a97a-1c63fc0c32ae","Approved","2025-05-16T18:21:17.600491+00:00","USGS-03453500","00060",,"00003","2023-10-26","1bbff9d98cea4a6789d1e831dc2925da","ft^3/s","702",-82.6608333333333,35.7863888888889
"d85a58e7-217b-4782-b9b0-0ca0f35779e7","Approved","2025-05-16T18:21:17.600491+00:00","USGS-03453500","00060",,"00003","2023-10-27","1bbff9d98cea4a6789d1e831dc2925da","ft^3/s","701",-82.6608333333333,35.7863888888889
"207594c3-ead4-4073-bc2f-d6a929630213","Approved","2025-05-16T18:21:17.600491+00:00","USGS-03453500","00060",,"00003","2023-10-28","1bbff9d98cea4a6789d1e831dc2925da","ft^3/s","710",-82.6608333333333,35.7863888888889
"25c097cd-ff9c-4361-924f-a028a0703e0c","Approved","2025-05-16T18:21:17.600491+00:00","USGS-03453500","00060",,"00003","2023-10-29","1bbff9d98cea4a6789d1e831dc2925da","ft^3/s","718",-82.6608333333333,35.7863888888889
"188e1504-f0de-4386-ae1d-887d497bebc6","Approved","2025-05-16T18:21:17.600491+00:00","USGS-03453500","00060",,"00003","2023-10-30","1bbff9d98cea4a6789d1e831dc2925da","ft^3/s","718",-82.6608333333333,35.7863888888889
"12c61411-281f-4214-8640-56954ff5879e","Approved","2025-05-16T18:21:17.600491+00:00","USGS-03453500","00060",,"00003","2023-10-31","1bbff9d98cea4a6789d1e831dc2925da","ft^3/s","706",-82.6608333333333,35.7863888888889
"1f81911d-5a96-4a08-aa8d-89153f8c1afb","Approved","2025-05-16T18:21:17.600491+00:00","USGS-03453500","00060",,"00003","2023-11-01","1bbff9d98cea4a6789d1e831dc2925da","ft^3/s","691",-82.6608333333333,35.7863888888889
"be0bfd17-84e0-4843-9897-782a47b44cad","Approved","2025-05-16T18:21:17.600491+00:00","USGS-03453500","00060",,"00003","2023-11-02","1bbff9d98cea4a6789d1e831dc2925da","ft^3/s","680",-82.6608333333333,35.7863888888889
"feb7bcb9-1ba7-423f-8812-1d36d722303b","Approved","2025-05-16T18:21:17.600491+00:00","USGS-03453500","00060",,"00003","2023-11-03","1bbff9d98cea4a6789d1e831dc2925da","ft^3/s","660",-82.6608333333333,35.7863888888889
"cd5dc1a8-5446-4ffd-8836-3090eac0290b","Approved","2025-05-16T18:21:17.600491+00:00","USGS-03453500","00060",,"00003","2023-11-04","1bbff9d98cea4a6789d1e831dc2925da","ft^3/s","680",-82.6608333333333,35.7863888888889
"f482d246-e797-48b7-94fe-148fde0b17b4","Approved","2025-05-16T18:21:17.600491+00:00","USGS-03453500","00060",,"00003","2023-11-05","1bbff9d98cea4a6789d1e831dc2925da","ft^3/s","697",-82.6608333333333,35.7863888888889
"c0eabbae-80f4-4e78-820d-0b76d3db05b5","Approved","2025-05-16T18:21:17.600491+00:00","USGS-03453500","00060",,"00003","2023-11-06","1bbff9d98cea4a6789d1e831dc2925da","ft^3/s","725",-82.6608333333333,35.7863888888889
"04ccc1e1-994c-43ba-b086-2147a49f2e9d","Approved","2025-05-16T18:21:17.600491+00:00","USGS-03453500","00060",,"00003","2023-11-07","1bbff9d98cea4a6789d1e831dc2925da","ft^3/s","701",-82.6608333333333,35.7863888888889
"841d21d7-3267-4e9d-8d35-f7d53ee26daa","Approved","2025-05-16T18:21:17.600491+00:00","USGS-03453500","00060",,"00003","2023-11-08","1bbff9d98cea4a6789d1e831dc2925da","ft^3/s","694",-82.6608333333333,35.7863888888889
"5047ef7a-749d-4490-a54a-4914ad597ec5","Approved","2025-05-16T18:21:17.600491+00:00","USGS-03453500","00060",,"00003","2023-11-09","1bbff9d98cea4a6789d1e831dc2925da","ft^3/s","699",-82.6608333333333,35.7863888888889
"7586ecdb-ba71-46eb-8053-ec484a70943f","Approved","2025-05-16T18:21:17.600491+00:00","USGS-03453500","00060",,"00003","2023-11-10","1bbff9d98cea4a6789d1e831dc2925da","ft^3/s","703",-82.6608333333333,35.7863888888889
"9b30902d-0cf7-4df7-a152-d7f167f90cb1","Approved","2025-05-16T18:21:17.600491+00:00","USGS-03453500","00060",,"00003","2023-11-11","1bbff9d98cea4a6789d1e831dc2925da","ft^3/s","734",-82.6608333333333,35.7863888888889
"d3726432-ad57-48a9-ad73-0f430a23e3f1","Approved","2025-05-16T18:21:17.600491+00:00","USGS-03453500","00060",,"00003","2023-11-12","1bbff9d98cea4a6789d1e831dc2925da","ft^3/s","760",-82.6608333333333,35.7863888888889
"f10c3805-9996-4a21-b996-7fe088623031","Approved","2025-05-16T18:21:17.600491+00:00","USGS-03453500","00060",,"00003","2023-11-13","1bbff9d98cea4a6789d1e831dc2925da","ft^3/s","742",-82.6608333333333,35.7863888888889
"330f5140-6ef5-4c42-831d-86a407ef151d","Approved","2025-05-16T18:21:17.600491+00:00","USGS-03453500","00060",,"00003","2023-11-14","1bbff9d98cea4a6789d1e831dc2925da","ft^3/s","721",-82.6608333333333,35.7863888888889
"447aea3a-1623-4360-a316-a306228599ff","Approved","2025-05-16T18:21:17.600491+00:00","USGS-03453500","00060",,"00003","2023-11-15","1bbff9d98cea4a6789d1e831dc2925da","ft^3/s","702",-82.6608333333333,35.7863888888889
"31301d05-b144-4c23-aca6-3f142d9d2c2e","Approved","2025-05-16T18:21:17.600491+00:00","USGS-03453500","00060",,"00003","2023-11-16","1bbff9d98cea4a6789d1e831dc2925da","ft^3/s","688",-82.6608333333333,35.7863888888889
"de7d82eb-8c63-4389-8b5c-683ef6a4af6a","Approved","2025-05-16T18:21:17.600491+00:00","USGS-03453500","00060",,"00003","2023-11-17","1bbff9d98cea4a6789d1e831dc2925da","ft^3/s","686",-82.6608333333333,35.7863888888889
"549f034a-af0a-49fb-a124-4f2f74438195","Approved","2025-05-16T18:21:17.600491+00:00","USGS-03453500","00060",,"00003","2023-11-18","1bbff9d98cea4a6789d1e831dc2925da","ft^3/s","690",-82.6608333333333,35.7863888888889
"be743f3b-349f-4176-b949-9225aef0dddb","Approved","2025-05-16T18:21:17.600491+00:00","USGS-03453500","00060",,"00003","2023-11-19","1bbff9d98cea4a6789d1e831dc2925da","ft^3/s","691",-82.6608333333333,35.7863888888889
"82c4b759-36f4-48de-a083-eb52026baa23","Approved","2025-05-16T18:21:17.600491+00:00","USGS-03453500","00060",,"00003","2023-11-20","1bbff9d98cea4a6789d1e831dc2925da","ft^3/s","681",-82.6608333333333,35.7863888888889
"76755677-f900-472e-b387-51a27d51e6ee","Approved","2025-05-16T18:21:17.600491+00:00","USGS-03453500","00060",,"00003","2023-11-21","1bbff9d98cea4a6789d1e831dc2925da","ft^3/s","708",-82.6608333333333,35.7863888888889
"299b1b22-4446-432b-b72d-f2e32e694f0b","Approved","2025-05-16T18:21:17.600491+00:00","USGS-03453500","00060",,"00003","2023-11-22","1bbff9d98cea4a6789d1e831dc2925da","ft^3/s","1270",-82.6608333333333,35.7863888888889
"991af1f6-9e24-463e-9a1c-016651967a97","Approved","2025-05-16T18:21:17.600491+00:00","USGS-03453500","00060",,"00003","2023-11-23","1bbff9d98cea4a6789d1e831dc2925da","ft^3/s","1580",-82.6608333333333,35.7863888888889
"b1aeaa45-eab5-4906-9269-6ce32d205e6f","Approved","2025-05-16T18:21:17.600491+00:00","USGS-03453500","00060",,"00003","2023-11-24","1bbff9d98cea4a6789d1e831dc2925da","ft^3/s","1040",-82.6608333333333,35.7863888888889
"74c9d715-95cb-427c-8c4c-90496849193e","Approved","2025-05-16T18:21:17.600491+00:00","USGS-03453500","00060",,"00003","2023-11-25","1bbff9d98cea4a6789d1e831dc2925da","ft^3/s","824",-82.6608333333333,35.7863888888889
"e9702170-6284-43ed-87d3-9b25092c7594","Approved","2025-05-16T18:21:17.600491+00:00","USGS-03453500","00060",,"00003","2023-11-26","1bbff9d98cea4a6789d1e831dc2925da","ft^3/s","759",-82.6608333333333,35.7863888888889
"cec1d00c-f403-4275-aea2-1d6d824921ef","Approved","2025-05-16T18:21:17.600491+00:00","USGS-03453500","00060",,"00003","2023-11-27","1bbff9d98cea4a6789d1e831dc2925da","ft^3/s","736",-82.6608333333333,35.7863888888889
"65ba0b27-af20-49f0-8540-aaa6c9438d62","Approved","2025-05-16T18:21:17.600491+00:00","USGS-03453500","00060",,"00003","2023-11-28","1bbff9d98cea4a6789d1e831dc2925da","ft^3/s","711",-82.6608333333333,35.7863888888889
"fa448019-9307-4fe7-ac01-aac3d2ea01e4","Approved","2025-05-16T18:21:17.600491+00:00","USGS-03453500","00060",,"00003","2023-11-29","1bbff9d98cea4a6789d1e831dc2925da","ft^3/s","693",-82.6608333333333,35.7863888888889
"5b33802c-98b7-4b0c-a04a-ed1a7b64998a","Approved","2025-05-16T18:21:17.600491+00:00","USGS-03453500","00060",,"00003","2023-11-30","1bbff9d98cea4a6789d1e831dc2925da","ft^3/s","681",-82.6608333333333,35.7863888888889
"83b2ba4e-e79e-4b0c-b491-311e6ba1cd8c","Approved","2025-05-16T18:21:17.600491+00:00","USGS-03453500","00060",,"00003","2023-12-01","1bbff9d98cea4a6789d1e831dc2925da","ft^3/s","685",-82.6608333333333,35.7863888888889
"75b6a54f-8105-4ecf-b582-94db58b17795","Approved","2025-05-16T18:21:17.600491+00:00","USGS-03453500","00060",,"00003","2023-12-02","1bbff9d98cea4a6789d1e831dc2925da","ft^3/s","697",-82.6608333333333,35.7863888888889
"80db5109-5b23-4859-990a-ade3f31bb090","Approved","2025-05-16T18:21:17.600491+00:00","USGS-03453500","00060",,"00003","2023-12-03","1bbff9d98cea4a6789d1e831dc2925da","ft^3/s","847",-82.6608333333333,35.7863888888889
"6229f775-77a9-4dde-9310-8c2052570cbb","Approved","2025-05-16T18:21:17.600491+00:00","USGS-03453500","00060",,"00003","2023-12-04","1bbff9d98cea4a6789d1e831dc2925da","ft^3/s","873",-82.6608333333333,35.7863888888889
"7bcf654e-290c-4103-a911-7b39a78823ae","Approved","2025-05-16T18:21:17.600491+00:00","USGS-03453500","00060",,"00003","2023-12-05","1bbff9d98cea4a6789d1e831dc2925da","ft^3/s","840",-82.6608333333333,35.7863888888889
"f0c7ec3c-4df9-4a01-9372-4f2237d8ac2a","Approved","2025-05-16T18:21:17.600491+00:00","USGS-03453500","00060",,"00003","2023-12-06","1bbff9d98cea4a6789d1e831dc2925da","ft^3/s","782",-82.6608333333333,35.7863888888889
"8eb384aa-1b04-4f50-b2d6-24433cd8c9e2","Approved","2025-05-16T18:21:17.600491+00:00","USGS-03453500","00060",,"00003","2023-12-07","1bbff9d98cea4a6789d1e831dc2925da","ft^3/s","738",-82.6608333333333,35.7863888888889
"9a85210f-7708-4d51-ab64-da0a7c16e63d","Approved","2025-05-16T18:21:17.600491+00:00","USGS-03453500","00060",,"00003","2023-12-08","1bbff9d98cea4a6789d1e831dc2925da","ft^3/s","711",-82.6608333333333,35.7863888888889
"edd95167-4a31-4e6d-8b3e-bea6fcb6bd91","Approved","2025-05-16T18:21:17.600491+00:00","USGS-03453500","00060",,"00003","2023-12-09","1bbff9d98cea4a6789d1e831dc2925da","ft^3/s","746",-82.6608333333333,35.7863888888889
"8da44fa4-ebc0-455f-8074-3a35963775dc","Approved","2025-05-16T18:21:17.600491+00:00","USGS-03453500","00060",,"00003","2023-12-10","1bbff9d98cea4a6789d1e831dc2925da","ft^3/s","3850",-82.6608333333333,35.7863888888889
"579fa4ed-fa5c-45b7-8eda-fbf9b473fab3","Approved","2025-05-16T18:21:17.600491+00:00","USGS-03453500","00060",,"00003","2023-12-11","1bbff9d98cea4a6789d1e831dc2925da","ft^3/s","5310",-82.6608333333333,35.7863888888889
"c70cdbe0-9227-4a4e-928f-5ab3ccad8735","Approved","2025-05-16T18:21:17.600491+00:00","USGS-03453500","00060",,"00003","2023-12-12","1bbff9d98cea4a6789d1e831dc2925da","ft^3/s","3040",-82.6608333333333,35.7863888888889
"ce2d2b39-a64f-455c-b3e3-4d74c5a7be5b","Approved","2025-05-16T18:21:17.600491+00:00","USGS-03453500","00060",,"00003","2023-12-13","1bbff9d98cea4a6789d1e831dc2925da","ft^3/s","1770",-82.6608333333333,35.7863888888889
"f9332946-7222-40e0-b877-f89b0d4b7355","Approved","2025-05-16T18:21:17.600491+00:00","USGS-03453500","00060",,"00003","2023-12-14","1bbff9d98cea4a6789d1e831dc2925da","ft^3/s","1400",-82.6608333333333,35.7863888888889
"6a77a9f3-f43a-4569-a0e1-934ebd0b0d2d","Approved","2025-05-16T18:21:17.600491+00:00","USGS-03453500","00060",,"00003","2023-12-15","1bbff9d98cea4a6789d1e831dc2925da","ft^3/s","1220",-82.6608333333333,35.7863888888889
"756c4c21-b1f0-4eb1-93fe-ba0a80218799","Approved","2025-05-16T18:21:17.600491+00:00","USGS-03453500","00060",,"00003","2023-12-16","1bbff9d98cea4a6789d1e831dc2925da","ft^3/s","1120",-82.6608333333333,35.7863888888889
"408b1446-0b83-4517-bd71-a773b69fff63","Approved","2025-05-16T18:21:17.600491+00:00","USGS-03453500","00060",,"00003","2023-12-17","1bbff9d98cea4a6789d1e831dc2925da","ft^3/s","1080",-82.6608333333333,35.7863888888889
"7befda13-86fb-49e4-91fd-6577d619838d","Approved","2025-05-16T18:21:17.600491+00:00","USGS-03453500","00060",,"00003","2023-12-18","1bbff9d98cea4a6789d1e831dc2925da","ft^3/s","1190",-82.6608333333333,35.7863888888889
"cd34252c-990b-497c-8016-3e2d2c7f1c2e","Approved","2025-05-16T18:21:17.600491+00:00","USGS-03453500","00060",,"00003","2023-12-19","1bbff9d98cea4a6789d1e831dc2925da","ft^3/s","1220",-82.6608333333333,35.7863888888889
"63f0caca-0ff7-4b4f-b0eb-cf5d6b28c30c","Approved","2025-05-16T18:21:17.600491+00:00","USGS-03453500","00060",,"00003","2023-12-20","1bbff9d98cea4a6789d1e831dc2925da","ft^3/s","1070",-82.6608333333333,35.7863888888889
"0eb5567b-f0d0-4bcb-81fa-568f2fa7d89f","Approved","2025-05-16T18:21:17.600491+00:00","USGS-03453500","00060",,"00003","2023-12-21","1bbff9d98cea4a6789d1e831dc2925da","ft^3/s","1010",-82.6608333333333,35.7863888888889
"29c75613-cb81-461b-810c-f21555f00838","Approved","2025-05-16T18:21:17.600491+00:00","USGS-03453500","00060",,"00003","2023-12-22","1bbff9d98cea4a6789d1e831dc2925da","ft^3/s","987",-82.6608333333333,35.7863888888889
"895db0a2-d713-4fa6-9a66-9c76022076fe","Approved","2025-05-16T18:21:17.600491+00:00","USGS-03453500","00060",,"00003","2023-12-23","1bbff9d98cea4a6789d1e831dc2925da","ft^3/s","965",-82.6608333333333,35.7863888888889
"a735d281-9a1e-4211-ba1f-07822e2b5996","Approved","2025-05-16T18:21:17.600491+00:00","USGS-03453500","00060",,"00003","2023-12-24","1bbff9d98cea4a6789d1e831dc2925da","ft^3/s","939",-82.6608333333333,35.7863888888889
"cb056589-6379-490e-8268-c1edfb01caa4","Approved","2025-05-16T18:21:17.600491+00:00","USGS-03453500","00060",,"00003","2023-12-25","1bbff9d98cea4a6789d1e831dc2925da","ft^3/s","925",-82.6608333333333,35.7863888888889
"4598b2a1-2b1b-4ec5-807a-213ff9d32298","Approved","2025-05-16T18:21:17.600491+00:00","USGS-03453500","00060",,"00003","2023-12-26","1bbff9d98cea4a6789d1e831dc2925da","ft^3/s","6350",-82.6608333333333,35.7863888888889
"3069e1d7-9886-44eb-856c-9f89661b980c","Approved","2025-05-16T18:21:17.600491+00:00","USGS-03453500","00060",,"00003","2023-12-27","1bbff9d98cea4a6789d1e831dc2925da","ft^3/s","8430",-82.6608333333333,35.7863888888889
"d0b7de29-8a1b-4124-9599-6444db87b897","Approved","2025-05-16T18:21:17.600491+00:00","USGS-03453500","00060",,"00003","2023-12-28","1bbff9d98cea4a6789d1e831dc2925da","ft^3/s","7640",-82.6608333333333,35.7863888888889
"b35b0c2f-bcac-4604-a614-ad2befa597f8","Approved","2025-05-16T18:21:17.600491+00:00","USGS-03453500","00060",,"00003","2023-12-29","1bbff9d98cea4a6789d1e831dc2925da","ft^3/s","5310",-82.6608333333333,35.7863888888889
"25feee46-2c1f-407a-ba7b-e3c3d444667e","Approved","2025-05-16T18:21:17.600491+00:00","USGS-03453500","00060",,"00003","2023-12-30","1bbff9d98cea4a6789d1e831dc2925da","ft^3/s","2740",-82.6608333333333,35.7863888888889
"a24898d5-37d4-48c7-a999-bcb3c333b63c","Approved","2025-05-16T18:21:17.600491+00:00","USGS-03453500","00060",,"00003","2023-12-31","1bbff9d98cea4a6789d1e831dc2925da","ft^3/s","2170",-82.6608333333333,35.7863888888889