Station,Date,Discharge,Longitude,Latitude
USGS-02068500,2021-01-01,357.0,-80.3030555555556,36.515
USGS-02068500,2021-01-02,426.0,-80.3030555555556,36.515
USGS-02068500,2021-01-03,374.0,-80.3030555555556,36.515
USGS-02068500,2021-01-04,356.0,-80.3030555555556,36.515
USGS-02068500,2021-01-05,316.0,-80.3030555555556,36.515
USGS-02068500,2021-01-06,292.0,-80.3030555555556,36.515
USGS-02068500,2021-01-07,269.0,-80.3030555555556,36.515
USGS-02068500,2021-01-08,271.0,-80.3030555555556,36.515
USGS-02068500,2021-01-09,269.0,-80.3030555555556,36.515
USGS-02068500,2021-01-10,259.0,-80.3030555555556,36.515
USGS-02068500,2021-01-11,256.0,-80.3030555555556,36.515
USGS-02068500,2021-01-12,305.0,-80.3030555555556,36.515
USGS-02068500,2021-01-13,284.0,-80.3030555555556,36.515
USGS-02068500,2021-01-14,277.0,-80.3030555555556,36.515
USGS-02068500,2021-01-15,280.0,-80.3030555555556,36.515
USGS-02068500,2021-01-16,279.0,-80.3030555555556,36.515
USGS-02068500,2021-01-17,267.0,-80.3030555555556,36.515
USGS-02068500,2021-01-18,241.0,-80.3030555555556,36.515
USGS-02068500,2021-01-19,236.0,-80.3030555555556,36.515
USGS-02068500,2021-01-20,237.0,-80.3030555555556,36.515
USGS-02068500,2021-01-21,237.0,-80.3030555555556,36.515
USGS-02068500,2021-01-22,235.0,-80.3030555555556,36.515
USGS-02068500,2021-01-23,231.0,-80.3030555555556,36.515
USGS-02068500,2021-01-24,231.0,-80.3030555555556,36.515
USGS-02068500,2021-01-25,234.0,-80.3030555555556,36.515
USGS-02068500,2021-01-26,637.0,-80.3030555555556,36.515
USGS-02068500,2021-01-27,324.0,-80.3030555555556,36.515
USGS-02068500,2021-01-28,422.0,-80.3030555555556,36.515
USGS-02068500,2021-01-29,388.0,-80.3030555555556,36.515
USGS-02068500,2021-01-30,364.0,-80.3030555555556,36.515
USGS-02068500,2021-01-31,383.0,-80.3030555555556,36.515
USGS-02068500,2021-02-01,345.0,-80.3030555555556,36.515
USGS-02068500,2021-02-02,326.0,-80.3030555555556,36.515
USGS-02068500,2021-02-03,238.0,-80.3030555555556,36.515
USGS-02068500,2021-02-04,229.0,-80.3030555555556,36.515
USGS-02068500,2021-02-05,237.0,-80.3030555555556,36.515
USGS-02068500,2021-02-06,231.0,-80.3030555555556,36.515
USGS-02068500,2021-02-07,272.0,-80.3030555555556,36.515
USGS-02068500,2021-02-08,299.0,-80.3030555555556,36.515
USGS-02068500,2021-02-09,319.0,-80.3030555555556,36.515
USGS-02068500,2021-02-10,222.0,-80.3030555555556,36.515
USGS-02068500,2021-02-11,251.0,-80.3030555555556,36.515
USGS-02068500,2021-02-12,373.0,-80.3030555555556,36.515
USGS-02068500,2021-02-13,602.0,-80.3030555555556,36.515
USGS-02068500,2021-02-14,420.0,-80.3030555555556,36.515
USGS-02068500,2021-02-15,458.0,-80.3030555555556,36.515
USGS-02068500,2021-02-16,805.0,-80.3030555555556,36.515
USGS-02068500,2021-02-17,441.0,-80.3030555555556,36.515
USGS-02068500,2021-02-18,447.0,-80.3030555555556,36.515
USGS-02068500,2021-02-19,390.0,-80.3030555555556,36.515
USGS-02068500,2021-02-20,332.0,-80.3030555555556,36.515
USGS-02068500,2021-02-21,390.0,-80.3030555555556,36.515
USGS-02068500,2021-02-22,414.0,-80.3030555555556,36.515
USGS-02068500,2021-02-23,366.0,-80.3030555555556,36.515
USGS-02068500,2021-02-24,322.0,-80.3030555555556,36.515
USGS-02068500,2021-02-25,313.0,-80.3030555555556,36.515
USGS-02068500,2021-02-26,346.0,-80.3030555555556,36.515
USGS-02068500,2021-02-27,369.0,-80.3030555555556,36.515
USGS-02068500,2021-02-28,353.0,-80.3030555555556,36.515
USGS-02068500,2021-03-01,314.0,-80.3030555555556,36.515
USGS-02068500,2021-03-02,263.0,-80.3030555555556,36.515
USGS-02068500,2021-03-03,255.0,-80.3030555555556,36.515
USGS-02068500,2021-03-04,255.0,-80.3030555555556,36.515
USGS-02068500,2021-03-05,324.0,-80.3030555555556,36.515
USGS-02068500,2021-03-06,316.0,-80.3030555555556,36.515
USGS-02068500,2021-03-07,311.0,-80.3030555555556,36.515
USGS-02068500,2021-03-08,294.0,-80.3030555555556,36.515
USGS-02068500,2021-03-09,252.0,-80.3030555555556,36.515
USGS-02068500,2021-03-10,254.0,-80.3030555555556,36.515
USGS-02068500,2021-03-11,247.0,-80.3030555555556,36.515
USGS-02068500,2021-03-12,259.0,-80.3030555555556,36.515
USGS-02068500,2021-03-13,257.0,-80.3030555555556,36.515
USGS-02068500,2021-03-14,252.0,-80.3030555555556,36.515
USGS-02068500,2021-03-15,242.0,-80.3030555555556,36.515
USGS-02068500,2021-03-16,266.0,-80.3030555555556,36.515
USGS-02068500,2021-03-17,255.0,-80.3030555555556,36.515
USGS-02068500,2021-03-18,338.0,-80.3030555555556,36.515
USGS-02068500,2021-03-19,665.0,-80.3030555555556,36.515
USGS-02068500,2021-03-20,358.0,-80.3030555555556,36.515
USGS-02068500,2021-03-21,305.0,-80.3030555555556,36.515
USGS-02068500,2021-03-22,290.0,-80.3030555555556,36.515
USGS-02068500,2021-03-23,278.0,-80.3030555555556,36.515
USGS-02068500,2021-03-24,271.0,-80.3030555555556,36.515
USGS-02068500,2021-03-25,278.0,-80.3030555555556,36.515
USGS-02068500,2021-03-26,426.0,-80.3030555555556,36.515
USGS-02068500,2021-03-27,353.0,-80.3030555555556,36.515
USGS-02068500,2021-03-28,459.0,-80.3030555555556,36.515
USGS-02068500,2021-03-29,380.0,-80.3030555555556,36.515
USGS-02068500,2021-03-30,316.0,-80.3030555555556,36.515
USGS-02068500,2021-03-31,389.0,-80.3030555555556,36.515
USGS-02068500,2021-04-01,424.0,-80.3030555555556,36.515
USGS-02068500,2021-04-02,367.0,-80.3030555555556,36.515
USGS-02068500,2021-04-03,351.0,-80.3030555555556,36.515
USGS-02068500,2021-04-04,304.0,-80.3030555555556,36.515
USGS-02068500,2021-04-05,288.0,-80.3030555555556,36.515
USGS-02068500,2021-04-06,282.0,-80.3030555555556,36.515
USGS-02068500,2021-04-07,299.0,-80.3030555555556,36.515
USGS-02068500,2021-04-08,295.0,-80.3030555555556,36.515
USGS-02068500,2021-04-09,299.0,-80.3030555555556,36.515
USGS-02068500,2021-04-10,302.0,-80.3030555555556,36.515
USGS-02068500,2021-04-11,396.0,-80.3030555555556,36.515
USGS-02068500,2021-04-12,311.0,-80.3030555555556,36.515
USGS-02068500,2021-04-13,297.0,-80.3030555555556,36.515
USGS-02068500,2021-04-14,291.0,-80.3030555555556,36.515
USGS-02068500,2021-04-15,292.0,-80.3030555555556,36.515
USGS-02068500,2021-04-16,280.0,-80.3030555555556,36.515
USGS-02068500,2021-04-17,277.0,-80.3030555555556,36.515
USGS-02068500,2021-04-18,276.0,-80.3030555555556,36.515
USGS-02068500,2021-04-19,278.0,-80.3030555555556,36.515
USGS-02068500,2021-04-20,268.0,-80.3030555555556,36.515
USGS-02068500,2021-04-21,266.0,-80.3030555555556,36.515
USGS-02068500,2021-04-22,258.0,-80.3030555555556,36.515
USGS-02068500,2021-04-23,245.0,-80.3030555555556,36.515
USGS-02068500,2021-04-24,256.0,-80.3030555555556,36.515
USGS-02068500,2021-04-25,266.0,-80.3030555555556,36.515
USGS-02068500,2021-04-26,245.0,-80.3030555555556,36.515
USGS-02068500,2021-04-27,236.0,-80.3030555555556,36.515
USGS-02068500,2021-04-28,237.0,-80.3030555555556,36.515
USGS-02068500,2021-04-29,234.0,-80.3030555555556,36.515
USGS-02068500,2021-04-30,223.0,-80.3030555555556,36.515
USGS-02068500,2021-05-01,191.0,-80.3030555555556,36.515
USGS-02068500,2021-05-02,217.0,-80.3030555555556,36.515
USGS-02068500,2021-05-03,302.0,-80.3030555555556,36.515
USGS-02068500,2021-05-04,249.0,-80.3030555555556,36.515
USGS-02068500,2021-05-05,235.0,-80.3030555555556,36.515
USGS-02068500,2021-05-06,230.0,-80.3030555555556,36.515
USGS-02068500,2021-05-07,203.0,-80.3030555555556,36.515
USGS-02068500,2021-05-08,209.0,-80.3030555555556,36.515
USGS-02068500,2021-05-09,219.0,-80.3030555555556,36.515
USGS-02068500,2021-05-10,217.0,-80.3030555555556,36.515
USGS-02068500,2021-05-11,212.0,-80.3030555555556,36.515
USGS-02068500,2021-05-12,213.0,-80.3030555555556,36.515
USGS-02068500,2021-05-13,201.0,-80.3030555555556,36.515
USGS-02068500,2021-05-14,194.0,-80.3030555555556,36.515
USGS-02068500,2021-05-15,194.0,-80.3030555555556,36.515
USGS-02068500,2021-05-16,190.0,-80.3030555555556,36.515
USGS-02068500,2021-05-17,187.0,-80.3030555555556,36.515
USGS-02068500,2021-05-18,179.0,-80.3030555555556,36.515
USGS-02068500,2021-05-19,162.0,-80.3030555555556,36.515
USGS-02068500,2021-05-20,161.0,-80.3030555555556,36.515
USGS-02068500,2021-05-21,155.0,-80.3030555555556,36.515
USGS-02068500,2021-05-22,155.0,-80.3030555555556,36.515
USGS-02068500,2021-05-23,154.0,-80.3030555555556,36.515
USGS-02068500,2021-05-24,153.0,-80.3030555555556,36.515
USGS-02068500,2021-05-25,152.0,-80.3030555555556,36.515
USGS-02068500,2021-05-26,206.0,-80.3030555555556,36.515
USGS-02068500,2021-05-27,157.0,-80.3030555555556,36.515
USGS-02068500,2021-05-28,156.0,-80.3030555555556,36.515
USGS-02068500,2021-05-29,242.0,-80.3030555555556,36.515
USGS-02068500,2021-05-30,190.0,-80.3030555555556,36.515
USGS-02068500,2021-05-31,164.0,-80.3030555555556,36.515
USGS-02068500,2021-06-01,149.0,-80.3030555555556,36.515
USGS-02068500,2021-06-02,149.0,-80.3030555555556,36.515
USGS-02068500,2021-06-03,171.0,-80.3030555555556,36.515
USGS-02068500,2021-06-04,176.0,-80.3030555555556,36.515
USGS-02068500,2021-06-05,146.0,-80.3030555555556,36.515
USGS-02068500,2021-06-06,142.0,-80.3030555555556,36.515
USGS-02068500,2021-06-07,150.0,-80.3030555555556,36.515
USGS-02068500,2021-06-08,158.0,-80.3030555555556,36.515
USGS-02068500,2021-06-09,144.0,-80.3030555555556,36.515
USGS-02068500,2021-06-10,237.0,-80.3030555555556,36.515
USGS-02068500,2021-06-11,190.0,-80.3030555555556,36.515
USGS-02068500,2021-06-12,268.0,-80.3030555555556,36.515
USGS-02068500,2021-06-13,205.0,-80.3030555555556,36.515
USGS-02068500,2021-06-14,189.0,-80.3030555555556,36.515
USGS-02068500,2021-06-15,163.0,-80.3030555555556,36.515
USGS-02068500,2021-06-16,157.0,-80.3030555555556,36.515
USGS-02068500,2021-06-17,151.0,-80.3030555555556,36.515
USGS-02068500,2021-06-18,157.0,-80.3030555555556,36.515
USGS-02068500,2021-06-19,136.0,-80.3030555555556,36.515
USGS-02068500,2021-06-20,134.0,-80.3030555555556,36.515
USGS-02068500,2021-06-21,140.0,-80.3030555555556,36.515
USGS-02068500,2021-06-22,172.0,-80.3030555555556,36.515
USGS-02068500,2021-06-23,161.0,-80.3030555555556,36.515
USGS-02068500,2021-06-24,154.0,-80.3030555555556,36.515
USGS-02068500,2021-06-25,150.0,-80.3030555555556,36.515
USGS-02068500,2021-06-26,124.0,-80.3030555555556,36.515
USGS-02068500,2021-06-27,117.0,-80.3030555555556,36.515
USGS-02068500,2021-06-28,119.0,-80.3030555555556,36.515
USGS-02068500,2021-06-29,152.0,-80.3030555555556,36.515
USGS-02068500,2021-06-30,155.0,-80.3030555555556,36.515
USGS-02068500,2021-07-01,147.0,-80.3030555555556,36.515
USGS-02068500,2021-07-02,267.0,-80.3030555555556,36.515
USGS-02068500,2021-07-03,146.0,-80.3030555555556,36.515
USGS-02068500,2021-07-04,136.0,-80.3030555555556,36.515
USGS-02068500,2021-07-05,126.0,-80.3030555555556,36.515
USGS-02068500,2021-07-06,120.0,-80.3030555555556,36.515
USGS-02068500,2021-07-07,145.0,-80.3030555555556,36.515
USGS-02068500,2021-07-08,147.0,-80.3030555555556,36.515
USGS-02068500,2021-07-09,117.0,-80.3030555555556,36.515
USGS-02068500,2021-07-10,111.0,-80.3030555555556,36.515
USGS-02068500,2021-07-11,119.0,-80.3030555555556,36.515
USGS-02068500,2021-07-12,116.0,-80.3030555555556,36.515
USGS-02068500,2021-07-13,110.0,-80.3030555555556,36.515
USGS-02068500,2021-07-14,107.0,-80.3030555555556,36.515
USGS-02068500,2021-07-15,116.0,-80.3030555555556,36.515
USGS-02068500,2021-07-16,102.0,-80.3030555555556,36.515
USGS-02068500,2021-07-17,119.0,-80.3030555555556,36.515
USGS-02068500,2021-07-18,174.0,-80.3030555555556,36.515
USGS-02068500,2021-07-19,137.0,-80.3030555555556,36.515
USGS-02068500,2021-07-20,116.0,-80.3030555555556,36.515
USGS-02068500,2021-07-21,109.0,-80.3030555555556,36.515
USGS-02068500,2021-07-22,101.0,-80.3030555555556,36.515
USGS-02068500,2021-07-23,102.0,-80.3030555555556,36.515
USGS-02068500,2021-07-24,102.0,-80.3030555555556,36.515
USGS-02068500,2021-07-25,119.0,-80.3030555555556,36.515
USGS-02068500,2021-07-26,291.0,-80.3030555555556,36.515
USGS-02068500,2021-07-27,209.0,-80.3030555555556,36.515
USGS-02068500,2021-07-28,160.0,-80.3030555555556,36.515
USGS-02068500,2021-07-29,153.0,-80.3030555555556,36.515
USGS-02068500,2021-07-30,111.0,-80.3030555555556,36.515
USGS-02068500,2021-07-31,107.0,-80.3030555555556,36.515
USGS-02068500,2021-08-01,104.0,-80.3030555555556,36.515
USGS-02068500,2021-08-02,104.0,-80.3030555555556,36.515
USGS-02068500,2021-08-03,100.0,-80.3030555555556,36.515
USGS-02068500,2021-08-04,97.8,-80.3030555555556,36.515
USGS-02068500,2021-08-05,92.8,-80.3030555555556,36.515
USGS-02068500,2021-08-06,86.3,-80.3030555555556,36.515
USGS-02068500,2021-08-07,90.1,-80.3030555555556,36.515
USGS-02068500,2021-08-08,96.4,-80.3030555555556,36.515
USGS-02068500,2021-08-09,90.8,-80.3030555555556,36.515
USGS-02068500,2021-08-10,107.0,-80.3030555555556,36.515
USGS-02068500,2021-08-11,131.0,-80.3030555555556,36.515
USGS-02068500,2021-08-12,160.0,-80.3030555555556,36.515
USGS-02068500,2021-08-13,161.0,-80.3030555555556,36.515
USGS-02068500,2021-08-14,166.0,-80.3030555555556,36.515
USGS-02068500,2021-08-15,155.0,-80.3030555555556,36.515
USGS-02068500,2021-08-16,230.0,-80.3030555555556,36.515
USGS-02068500,2021-08-17,358.0,-80.3030555555556,36.515
USGS-02068500,2021-08-18,608.0,-80.3030555555556,36.515
USGS-02068500,2021-08-19,200.0,-80.3030555555556,36.515
USGS-02068500,2021-08-20,192.0,-80.3030555555556,36.515
USGS-02068500,2021-08-21,213.0,-80.3030555555556,36.515
USGS-02068500,2021-08-22,201.0,-80.3030555555556,36.515
USGS-02068500,2021-08-23,156.0,-80.3030555555556,36.515
USGS-02068500,2021-08-24,177.0,-80.3030555555556,36.515
USGS-02068500,2021-08-25,172.0,-80.3030555555556,36.515
USGS-02068500,2021-08-26,179.0,-80.3030555555556,36.515
USGS-02068500,2021-08-27,148.0,-80.3030555555556,36.515
USGS-02068500,2021-08-28,130.0,-80.3030555555556,36.515
USGS-02068500,2021-08-29,110.0,-80.3030555555556,36.515
USGS-02068500,2021-08-30,112.0,-80.3030555555556,36.515
USGS-02068500,2021-08-31,116.0,-80.3030555555556,36.515
USGS-02068500,2021-09-01,329.0,-80.3030555555556,36.515
USGS-02068500,2021-09-02,222.0,-80.3030555555556,36.515
USGS-02068500,2021-09-03,172.0,-80.3030555555556,36.515
USGS-02068500,2021-09-04,130.0,-80.3030555555556,36.515
USGS-02068500,2021-09-05,123.0,-80.3030555555556,36.515
USGS-02068500,2021-09-06,140.0,-80.3030555555556,36.515
USGS-02068500,2021-09-07,137.0,-80.3030555555556,36.515
USGS-02068500,2021-09-08,137.0,-80.3030555555556,36.515
USGS-02068500,2021-09-09,128.0,-80.3030555555556,36.515
USGS-02068500,2021-09-10,119.0,-80.3030555555556,36.515
USGS-02068500,2021-09-11,116.0,-80.3030555555556,36.515
USGS-02068500,2021-09-12,118.0,-80.3030555555556,36.515
USGS-02068500,2021-09-13,119.0,-80.3030555555556,36.515
USGS-02068500,2021-09-14,119.0,-80.3030555555556,36.515
USGS-02068500,2021-09-15,114.0,-80.3030555555556,36.515
USGS-02068500,2021-09-16,116.0,-80.3030555555556,36.515
USGS-02068500,2021-09-17,128.0,-80.3030555555556,36.515
USGS-02068500,2021-09-18,119.0,-80.3030555555556,36.515
USGS-02068500,2021-09-19,119.0,-80.3030555555556,36.515
USGS-02068500,2021-09-20,118.0,-80.3030555555556,36.515
USGS-02068500,2021-09-21,490.0,-80.3030555555556,36.515
USGS-02068500,2021-09-22,2240.0,-80.3030555555556,36.515
USGS-02068500,2021-09-23,747.0,-80.3030555555556,36.515
USGS-02068500,2021-09-24,334.0,-80.3030555555556,36.515
USGS-02068500,2021-09-25,263.0,-80.3030555555556,36.515
USGS-02068500,2021-09-26,212.0,-80.3030555555556,36.515
USGS-02068500,2021-09-27,161.0,-80.3030555555556,36.515
USGS-02068500,2021-09-28,150.0,-80.3030555555556,36.515
USGS-02068500,2021-09-29,143.0,-80.3030555555556,36.515
USGS-02068500,2021-09-30,137.0,-80.3030555555556,36.515
USGS-02068500,2021-10-01,132.0,-80.3030555555556,36.515
USGS-02068500,2021-10-02,143.0,-80.3030555555556,36.515
USGS-02068500,2021-10-03,167.0,-80.3030555555556,36.515
USGS-02068500,2021-10-04,149.0,-80.3030555555556,36.515
USGS-02068500,2021-10-05,148.0,-80.3030555555556,36.515
USGS-02068500,2021-10-06,137.0,-80.3030555555556,36.515
USGS-02068500,2021-10-07,138.0,-80.3030555555556,36.515
USGS-02068500,2021-10-08,137.0,-80.3030555555556,36.515
USGS-02068500,2021-10-09,150.0,-80.3030555555556,36.515
USGS-02068500,2021-10-10,155.0,-80.3030555555556,36.515
USGS-02068500,2021-10-11,124.0,-80.3030555555556,36.515
USGS-02068500,2021-10-12,120.0,-80.3030555555556,36.515
USGS-02068500,2021-10-13,120.0,-80.3030555555556,36.515
USGS-02068500,2021-10-14,124.0,-80.3030555555556,36.515
USGS-02068500,2021-10-15,116.0,-80.3030555555556,36.515
USGS-02068500,2021-10-16,116.0,-80.3030555555556,36.515
USGS-02068500,2021-10-17,115.0,-80.3030555555556,36.515
USGS-02068500,2021-10-18,115.0,-80.3030555555556,36.515
USGS-02068500,2021-10-19,114.0,-80.3030555555556,36.515
USGS-02068500,2021-10-20,110.0,-80.3030555555556,36.515
USGS-02068500,2021-10-21,107.0,-80.3030555555556,36.515
USGS-02068500,2021-10-22,105.0,-80.3030555555556,36.515
USGS-02068500,2021-10-23,101.0,-80.3030555555556,36.515
USGS-02068500,2021-10-24,103.0,-80.3030555555556,36.515
USGS-02068500,2021-10-25,116.0,-80.3030555555556,36.515
USGS-02068500,2021-10-26,111.0,-80.3030555555556,36.515
USGS-02068500,2021-10-27,100.0,-80.3030555555556,36.515
USGS-02068500,2021-10-28,105.0,-80.3030555555556,36.515
USGS-02068500,2021-10-29,181.0,-80.3030555555556,36.515
USGS-02068500,2021-10-30,132.0,-80.3030555555556,36.515
USGS-02068500,2021-10-31,115.0,-80.3030555555556,36.515
USGS-02068500,2021-11-01,110.0,-80.3030555555556,36.515
USGS-02068500,2021-11-02,109.0,-80.3030555555556,36.515
USGS-02068500,2021-11-03,108.0,-80.3030555555556,36.515
USGS-02068500,2021-11-04,103.0,-80.3030555555556,36.515
USGS-02068500,2021-11-05,103.0,-80.3030555555556,36.515
USGS-02068500,2021-11-06,103.0,-80.3030555555556,36.515
USGS-02068500,2021-11-07,103.0,-80.3030555555556,36.515
USGS-02068500,2021-11-08,102.0,-80.3030555555556,36.515
USGS-02068500,2021-11-09,99.3,-80.3030555555556,36.515
USGS-02068500,2021-11-10,99.9,-80.3030555555556,36.515
USGS-02068500,2021-11-11,99.7,-80.3030555555556,36.515
USGS-02068500,2021-11-12,123.0,-80.3030555555556,36.515
USGS-02068500,2021-11-13,105.0,-80.3030555555556,36.515
USGS-02068500,2021-11-14,101.0,-80.3030555555556,36.515
USGS-02068500,2021-11-15,101.0,-80.3030555555556,36.515
USGS-02068500,2021-11-16,98.7,-80.3030555555556,36.515
USGS-02068500,2021-11-17,98.9,-80.3030555555556,36.515
USGS-02068500,2021-11-18,99.2,-80.3030555555556,36.515
USGS-02068500,2021-11-19,97.0,-80.3030555555556,36.515
USGS-02068500,2021-11-20,81.1,-80.3030555555556,36.515
USGS-02068500,2021-11-21,82.4,-80.3030555555556,36.515
USGS-02068500,2021-11-22,83.9,-80.3030555555556,36.515
USGS-02068500,2021-11-23,82.9,-80.3030555555556,36.515
USGS-02068500,2021-11-24,81.9,-80.3030555555556,36.515
USGS-02068500,2021-11-25,84.8,-80.3030555555556,36.515
USGS-02068500,2021-11-26,87.8,-80.3030555555556,36.515
USGS-02068500,2021-11-27,86.2,-80.3030555555556,36.515
USGS-02068500,2021-11-28,85.3,-80.3030555555556,36.515
USGS-02068500,2021-11-29,85.1,-80.3030555555556,36.515
USGS-02068500,2021-11-30,85.0,-80.3030555555556,36.515
USGS-02068500,2021-12-01,84.4,-80.3030555555556,36.515
USGS-02068500,2021-12-02,80.4,-80.3030555555556,36.515
USGS-02068500,2021-12-03,72.3,-80.3030555555556,36.515
USGS-02068500,2021-12-04,71.9,-80.3030555555556,36.515
USGS-02068500,2021-12-05,70.2,-80.3030555555556,36.515
USGS-02068500,2021-12-06,70.2,-80.3030555555556,36.515
USGS-02068500,2021-12-07,68.8,-80.3030555555556,36.515
USGS-02068500,2021-12-08,70.0,-80.3030555555556,36.515
USGS-02068500,2021-12-09,70.2,-80.3030555555556,36.515
USGS-02068500,2021-12-10,70.2,-80.3030555555556,36.515
USGS-02068500,2021-12-11,80.3,-80.3030555555556,36.515
USGS-02068500,2021-12-12,91.0,-80.3030555555556,36.515
USGS-02068500,2021-12-13,73.5,-80.3030555555556,36.515
USGS-02068500,2021-12-14,72.2,-80.3030555555556,36.515
USGS-02068500,2021-12-15,70.6,-80.3030555555556,36.515
USGS-02068500,2021-12-16,69.2,-80.3030555555556,36.515
USGS-02068500,2021-12-17,72.0,-80.3030555555556,36.515
USGS-02068500,2021-12-18,73.6,-80.3030555555556,36.515
USGS-02068500,2021-12-19,72.2,-80.3030555555556,36.515
USGS-02068500,2021-12-20,80.5,-80.3030555555556,36.515
USGS-02068500,2021-12-21,77.0,-80.3030555555556,36.515
USGS-02068500,2021-12-22,75.2,-80.3030555555556,36.515
USGS-02068500,2021-12-23,72.2,-80.3030555555556,36.515
USGS-02068500,2021-12-24,72.2,-80.3030555555556,36.515
USGS-02068500,2021-12-25,72.2,-80.3030555555556,36.515
USGS-02068500,2021-12-26,72.2,-80.3030555555556,36.515
USGS-02068500,2021-12-27,71.7,-80.3030555555556,36.515
USGS-02068500,2021-12-28,68.9,-80.3030555555556,36.515
USGS-02068500,2021-12-29,70.6,-80.3030555555556,36.515
USGS-02068500,2021-12-30,77.9,-80.3030555555556,36.515
USGS-02068500,2021-12-31,75.6,-80.3030555555556,36.515
USGS-02068500,2022-01-01,73.0,-80.3030555555556,36.515
USGS-02068500,2022-01-02,130.0,-80.3030555555556,36.515
USGS-02068500,2022-01-03,270.0,-80.3030555555556,36.515
USGS-02068500,2022-01-04,186.0,-80.3030555555556,36.515
USGS-02068500,2022-01-05,140.0,-80.3030555555556,36.515
USGS-02068500,2022-01-06,111.0,-80.3030555555556,36.515
USGS-02068500,2022-01-07,106.0,-80.3030555555556,36.515
USGS-02068500,2022-01-08,97.9,-80.3030555555556,36.515
USGS-02068500,2022-01-09,107.0,-80.3030555555556,36.515
USGS-02068500,2022-01-10,132.0,-80.3030555555556,36.515
USGS-02068500,2022-01-11,106.0,-80.3030555555556,36.515
USGS-02068500,2022-01-12,101.0,-80.3030555555556,36.515
USGS-02068500,2022-01-13,97.5,-80.3030555555556,36.515
USGS-02068500,2022-01-14,97.5,-80.3030555555556,36.515
USGS-02068500,2022-01-15,95.4,-80.3030555555556,36.515
USGS-02068500,2022-01-16,102.0,-80.3030555555556,36.515
USGS-02068500,2022-01-17,135.0,-80.3030555555556,36.515
USGS-02068500,2022-01-18,89.7,-80.3030555555556,36.515
USGS-02068500,2022-01-19,86.0,-80.3030555555556,36.515
USGS-02068500,2022-01-20,96.1,-80.3030555555556,36.515
USGS-02068500,2022-01-21,133.0,-80.3030555555556,36.515
USGS-02068500,2022-01-22,95.1,-80.3030555555556,36.515
USGS-02068500,2022-01-23,96.4,-80.3030555555556,36.515
USGS-02068500,2022-01-24,89.8,-80.3030555555556,36.515
USGS-02068500,2022-01-25,100.0,-80.3030555555556,36.515
USGS-02068500,2022-01-26,96.5,-80.3030555555556,36.515
USGS-02068500,2022-01-27,93.7,-80.3030555555556,36.515
USGS-02068500,2022-01-28,88.3,-80.3030555555556,36.515
USGS-02068500,2022-01-29,96.4,-80.3030555555556,36.515
USGS-02068500,2022-01-30,85.3,-80.3030555555556,36.515
USGS-02068500,2022-01-31,103.0,-80.3030555555556,36.515
USGS-02068500,2022-02-01,89.4,-80.3030555555556,36.515
USGS-02068500,2022-02-02,86.5,-80.3030555555556,36.515
USGS-02068500,2022-02-03,343.0,-80.3030555555556,36.515
USGS-02068500,2022-02-04,1430.0,-80.3030555555556,36.515
USGS-02068500,2022-02-05,670.0,-80.3030555555556,36.515
USGS-02068500,2022-02-06,385.0,-80.3030555555556,36.515
USGS-02068500,2022-02-07,272.0,-80.3030555555556,36.515
USGS-02068500,2022-02-08,223.0,-80.3030555555556,36.515
USGS-02068500,2022-02-09,203.0,-80.3030555555556,36.515
USGS-02068500,2022-02-10,193.0,-80.3030555555556,36.515
USGS-02068500,2022-02-11,182.0,-80.3030555555556,36.515
USGS-02068500,2022-02-12,182.0,-80.3030555555556,36.515
USGS-02068500,2022-02-13,180.0,-80.3030555555556,36.515
USGS-02068500,2022-02-14,167.0,-80.3030555555556,36.515
USGS-02068500,2022-02-15,168.0,-80.3030555555556,36.515
USGS-02068500,2022-02-16,175.0,-80.3030555555556,36.515
USGS-02068500,2022-02-17,182.0,-80.3030555555556,36.515
USGS-02068500,2022-02-18,288.0,-80.3030555555556,36.515
USGS-02068500,2022-02-19,202.0,-80.3030555555556,36.515
USGS-02068500,2022-02-20,187.0,-80.3030555555556,36.515
USGS-02068500,2022-02-21,175.0,-80.3030555555556,36.515
USGS-02068500,2022-02-22,177.0,-80.3030555555556,36.515
USGS-02068500,2022-02-23,265.0,-80.3030555555556,36.515
USGS-02068500,2022-02-24,562.0,-80.3030555555556,36.515
USGS-02068500,2022-02-25,472.0,-80.3030555555556,36.515
USGS-02068500,2022-02-26,325.0,-80.3030555555556,36.515
USGS-02068500,2022-02-27,285.0,-80.3030555555556,36.515
USGS-02068500,2022-02-28,218.0,-80.3030555555556,36.515
USGS-02068500,2022-03-01,207.0,-80.3030555555556,36.515
USGS-02068500,2022-03-02,196.0,-80.3030555555556,36.515
USGS-02068500,2022-03-03,167.0,-80.3030555555556,36.515
USGS-02068500,2022-03-04,162.0,-80.3030555555556,36.515
USGS-02068500,2022-03-05,162.0,-80.3030555555556,36.515
USGS-02068500,2022-03-06,162.0,-80.3030555555556,36.515
USGS-02068500,2022-03-07,162.0,-80.3030555555556,36.515
USGS-02068500,2022-03-08,174.0,-80.3030555555556,36.515
USGS-02068500,2022-03-09,213.0,-80.3030555555556,36.515
USGS-02068500,2022-03-10,226.0,-80.3030555555556,36.515
USGS-02068500,2022-03-11,201.0,-80.3030555555556,36.515
USGS-02068500,2022-03-12,222.0,-80.3030555555556,36.515
USGS-02068500,2022-03-13,192.0,-80.3030555555556,36.515
USGS-02068500,2022-03-14,223.0,-80.3030555555556,36.515
USGS-02068500,2022-03-15,212.0,-80.3030555555556,36.515
USGS-02068500,2022-03-16,181.0,-80.3030555555556,36.515
USGS-02068500,2022-03-17,183.0,-80.3030555555556,36.515
USGS-02068500,2022-03-18,171.0,-80.3030555555556,36.515
USGS-02068500,2022-03-19,171.0,-80.3030555555556,36.515
USGS-02068500,2022-03-20,173.0,-80.3030555555556,36.515
USGS-02068500,2022-03-21,170.0,-80.3030555555556,36.515
USGS-02068500,2022-03-22,169.0,-80.3030555555556,36.515
USGS-02068500,2022-03-23,456.0,-80.3030555555556,36.515
USGS-02068500,2022-03-24,498.0,-80.3030555555556,36.515
USGS-02068500,2022-03-25,328.0,-80.3030555555556,36.515
USGS-02068500,2022-03-26,288.0,-80.3030555555556,36.515
USGS-02068500,2022-03-27,268.0,-80.3030555555556,36.515
USGS-02068500,2022-03-28,255.0,-80.3030555555556,36.515
USGS-02068500,2022-03-29,246.0,-80.3030555555556,36.515
USGS-02068500,2022-03-30,235.0,-80.3030555555556,36.515
USGS-02068500,2022-03-31,239.0,-80.3030555555556,36.515
USGS-02068500,2022-04-01,223.0,-80.3030555555556,36.515
USGS-02068500,2022-04-02,208.0,-80.3030555555556,36.515
USGS-02068500,2022-04-03,206.0,-80.3030555555556,36.515
USGS-02068500,2022-04-04,201.0,-80.3030555555556,36.515
USGS-02068500,2022-04-05,209.0,-80.3030555555556,36.515
USGS-02068500,2022-04-06,351.0,-80.3030555555556,36.515
USGS-02068500,2022-04-07,250.0,-80.3030555555556,36.515
USGS-02068500,2022-04-08,229.0,-80.3030555555556,36.515
USGS-02068500,2022-04-09,219.0,-80.3030555555556,36.515
USGS-02068500,2022-04-10,210.0,-80.3030555555556,36.515
USGS-02068500,2022-04-11,206.0,-80.3030555555556,36.515
USGS-02068500,2022-04-12,201.0,-80.3030555555556,36.515
USGS-02068500,2022-04-13,195.0,-80.3030555555556,36.515
USGS-02068500,2022-04-14,195.0,-80.3030555555556,36.515
USGS-02068500,2022-04-15,191.0,-80.3030555555556,36.515
USGS-02068500,2022-04-16,180.0,-80.3030555555556,36.515
USGS-02068500,2022-04-17,178.0,-80.3030555555556,36.515
USGS-02068500,2022-04-18,306.0,-80.3030555555556,36.515
USGS-02068500,2022-04-19,238.0,-80.3030555555556,36.515
USGS-02068500,2022-04-20,201.0,-80.3030555555556,36.515
USGS-02068500,2022-04-21,192.0,-80.3030555555556,36.515
USGS-02068500,2022-04-22,188.0,-80.3030555555556,36.515
USGS-02068500,2022-04-23,184.0,-80.3030555555556,36.515
USGS-02068500,2022-04-24,178.0,-80.3030555555556,36.515
USGS-02068500,2022-04-25,128.0,-80.3030555555556,36.515
USGS-02068500,2022-04-26,139.0,-80.3030555555556,36.515
USGS-02068500,2022-04-27,129.0,-80.3030555555556,36.515
USGS-02068500,2022-04-28,218.0,-80.3030555555556,36.515
USGS-02068500,2022-04-29,217.0,-80.3030555555556,36.515
USGS-02068500,2022-04-30,174.0,-80.3030555555556,36.515
USGS-02068500,2022-05-01,174.0,-80.3030555555556,36.515
USGS-02068500,2022-05-02,158.0,-80.3030555555556,36.515
USGS-02068500,2022-05-03,150.0,-80.3030555555556,36.515
USGS-02068500,2022-05-04,144.0,-80.3030555555556,36.515
USGS-02068500,2022-05-05,142.0,-80.3030555555556,36.515
USGS-02068500,2022-05-06,145.0,-80.3030555555556,36.515
USGS-02068500,2022-05-07,195.0,-80.3030555555556,36.515
USGS-02068500,2022-05-08,176.0,-80.3030555555556,36.515
USGS-02068500,2022-05-09,154.0,-80.3030555555556,36.515
USGS-02068500,2022-05-10,155.0,-80.3030555555556,36.515
USGS-02068500,2022-05-11,150.0,-80.3030555555556,36.515
USGS-02068500,2022-05-12,113.0,-80.3030555555556,36.515
USGS-02068500,2022-05-13,104.0,-80.3030555555556,36.515
USGS-02068500,2022-05-14,127.0,-80.3030555555556,36.515
USGS-02068500,2022-05-15,185.0,-80.3030555555556,36.515
USGS-02068500,2022-05-16,192.0,-80.3030555555556,36.515
USGS-02068500,2022-05-17,171.0,-80.3030555555556,36.515
USGS-02068500,2022-05-18,161.0,-80.3030555555556,36.515
USGS-02068500,2022-05-19,159.0,-80.3030555555556,36.515
USGS-02068500,2022-05-20,153.0,-80.3030555555556,36.515
USGS-02068500,2022-05-21,109.0,-80.3030555555556,36.515
USGS-02068500,2022-05-22,164.0,-80.3030555555556,36.515
USGS-02068500,2022-05-23,225.0,-80.3030555555556,36.515
USGS-02068500,2022-05-24,443.0,-80.3030555555556,36.515
USGS-02068500,2022-05-25,233.0,-80.3030555555556,36.515
USGS-02068500,2022-05-26,206.0,-80.3030555555556,36.515
USGS-02068500,2022-05-27,1500.0,-80.3030555555556,36.515
USGS-02068500,2022-05-28,583.0,-80.3030555555556,36.515
USGS-02068500,2022-05-29,364.0,-80.3030555555556,36.515
USGS-02068500,2022-05-30,260.0,-80.3030555555556,36.515
USGS-02068500,2022-05-31,181.0,-80.3030555555556,36.515
USGS-02068500,2022-06-01,161.0,-80.3030555555556,36.515
USGS-02068500,2022-06-02,167.0,-80.3030555555556,36.515
USGS-02068500,2022-06-03,179.0,-80.3030555555556,36.515
USGS-02068500,2022-06-04,200.0,-80.3030555555556,36.515
USGS-02068500,2022-06-05,198.0,-80.3030555555556,36.515
USGS-02068500,2022-06-06,155.0,-80.3030555555556,36.515
USGS-02068500,2022-06-07,127.0,-80.3030555555556,36.515
USGS-02068500,2022-06-08,128.0,-80.3030555555556,36.515
USGS-02068500,2022-06-09,143.0,-80.3030555555556,36.515
USGS-02068500,2022-06-10,158.0,-80.3030555555556,36.515
USGS-02068500,2022-06-11,172.0,-80.3030555555556,36.515
USGS-02068500,2022-06-12,172.0,-80.3030555555556,36.515
USGS-02068500,2022-06-13,160.0,-80.3030555555556,36.515
USGS-02068500,2022-06-14,137.0,-80.3030555555556,36.515
USGS-02068500,2022-06-15,113.0,-80.3030555555556,36.515
USGS-02068500,2022-06-16,158.0,-80.3030555555556,36.515
USGS-02068500,2022-06-17,173.0,-80.3030555555556,36.515
USGS-02068500,2022-06-18,104.0,-80.3030555555556,36.515
USGS-02068500,2022-06-19,104.0,-80.3030555555556,36.515
USGS-02068500,2022-06-20,111.0,-80.3030555555556,36.515
USGS-02068500,2022-06-21,104.0,-80.3030555555556,36.515
USGS-02068500,2022-06-22,107.0,-80.3030555555556,36.515
USGS-02068500,2022-06-23,105.0,-80.3030555555556,36.515
USGS-02068500,2022-06-24,106.0,-80.3030555555556,36.515
USGS-02068500,2022-06-25,102.0,-80.3030555555556,36.515
USGS-02068500,2022-06-26,105.0,-80.3030555555556,36.515
USGS-02068500,2022-06-27,116.0,-80.3030555555556,36.515
USGS-02068500,2022-06-28,112.0,-80.3030555555556,36.515
USGS-02068500,2022-06-29,108.0,-80.3030555555556,36.515
USGS-02068500,2022-06-30,151.0,-80.3030555555556,36.515
USGS-02068500,2022-07-01,116.0,-80.3030555555556,36.515
USGS-02068500,2022-07-02,132.0,-80.3030555555556,36.515
USGS-02068500,2022-07-03,202.0,-80.3030555555556,36.515
USGS-02068500,2022-07-04,129.0,-80.3030555555556,36.515
USGS-02068500,2022-07-05,111.0,-80.3030555555556,36.515
USGS-02068500,2022-07-06,132.0,-80.3030555555556,36.515
USGS-02068500,2022-07-07,114.0,-80.3030555555556,36.515
USGS-02068500,2022-07-08,147.0,-80.3030555555556,36.515
USGS-02068500,2022-07-09,196.0,-80.3030555555556,36.515
USGS-02068500,2022-07-10,242.0,-80.3030555555556,36.515
USGS-02068500,2022-07-11,188.0,-80.3030555555556,36.515
USGS-02068500,2022-07-12,131.0,-80.3030555555556,36.515
USGS-02068500,2022-07-13,153.0,-80.3030555555556,36.515
USGS-02068500,2022-07-14,215.0,-80.3030555555556,36.515
USGS-02068500,2022-07-15,159.0,-80.3030555555556,36.515
USGS-02068500,2022-07-16,155.0,-80.3030555555556,36.515
USGS-02068500,2022-07-17,146.0,-80.3030555555556,36.515
USGS-02068500,2022-07-18,136.0,-80.3030555555556,36.515
USGS-02068500,2022-07-19,185.0,-80.3030555555556,36.515
USGS-02068500,2022-07-20,168.0,-80.3030555555556,36.515
USGS-02068500,2022-07-21,183.0,-80.3030555555556,36.515
USGS-02068500,2022-07-22,177.0,-80.3030555555556,36.515
USGS-02068500,2022-07-23,152.0,-80.3030555555556,36.515
USGS-02068500,2022-07-24,125.0,-80.3030555555556,36.515
USGS-02068500,2022-07-25,287.0,-80.3030555555556,36.515
USGS-02068500,2022-07-26,298.0,-80.3030555555556,36.515
USGS-02068500,2022-07-27,260.0,-80.3030555555556,36.515
USGS-02068500,2022-07-28,236.0,-80.3030555555556,36.515
USGS-02068500,2022-07-29,183.0,-80.3030555555556,36.515
USGS-02068500,2022-07-30,141.0,-80.3030555555556,36.515
USGS-02068500,2022-07-31,120.0,-80.3030555555556,36.515
USGS-02068500,2022-08-01,191.0,-80.3030555555556,36.515
USGS-02068500,2022-08-02,152.0,-80.3030555555556,36.515
USGS-02068500,2022-08-03,125.0,-80.3030555555556,36.515
USGS-02068500,2022-08-04,133.0,-80.3030555555556,36.515
USGS-02068500,2022-08-05,116.0,-80.3030555555556,36.515
USGS-02068500,2022-08-06,200.0,-80.3030555555556,36.515
USGS-02068500,2022-08-07,143.0,-80.3030555555556,36.515
USGS-02068500,2022-08-08,134.0,-80.3030555555556,36.515
USGS-02068500,2022-08-09,150.0,-80.3030555555556,36.515
USGS-02068500,2022-08-10,144.0,-80.3030555555556,36.515
USGS-02068500,2022-08-11,162.0,-80.3030555555556,36.515
USGS-02068500,2022-08-12,150.0,-80.3030555555556,36.515
USGS-02068500,2022-08-13,133.0,-80.3030555555556,36.515
USGS-02068500,2022-08-14,125.0,-80.3030555555556,36.515
USGS-02068500,2022-08-15,150.0,-80.3030555555556,36.515
USGS-02068500,2022-08-16,163.0,-80.3030555555556,36.515
USGS-02068500,2022-08-17,143.0,-80.3030555555556,36.515
USGS-02068500,2022-08-18,143.0,-80.3030555555556,36.515
USGS-02068500,2022-08-19,139.0,-80.3030555555556,36.515
USGS-02068500,2022-08-20,104.0,-80.3030555555556,36.515
USGS-02068500,2022-08-21,103.0,-80.3030555555556,36.515
USGS-02068500,2022-08-22,481.0,-80.3030555555556,36.515
USGS-02068500,2022-08-23,256.0,-80.3030555555556,36.515
USGS-02068500,2022-08-24,200.0,-80.3030555555556,36.515
USGS-02068500,2022-08-25,194.0,-80.3030555555556,36.515
USGS-02068500,2022-08-26,183.0,-80.3030555555556,36.515
USGS-02068500,2022-08-27,160.0,-80.3030555555556,36.515
USGS-02068500,2022-08-28,130.0,-80.3030555555556,36.515
USGS-02068500,2022-08-29,146.0,-80.3030555555556,36.515
USGS-02068500,2022-08-30,259.0,-80.3030555555556,36.515
USGS-02068500,2022-08-31,199.0,-80.3030555555556,36.515
USGS-02068500,2022-09-01,148.0,-80.3030555555556,36.515
USGS-02068500,2022-09-02,131.0,-80.3030555555556,36.515
USGS-02068500,2022-09-03,115.0,-80.3030555555556,36.515
USGS-02068500,2022-09-04,119.0,-80.3030555555556,36.515
USGS-02068500,2022-09-05,427.0,-80.3030555555556,36.515
USGS-02068500,2022-09-06,345.0,-80.3030555555556,36.515
USGS-02068500,2022-09-07,292.0,-80.3030555555556,36.515
USGS-02068500,2022-09-08,215.0,-80.3030555555556,36.515
USGS-02068500,2022-09-09,213.0,-80.3030555555556,36.515
USGS-02068500,2022-09-10,266.0,-80.3030555555556,36.515
USGS-02068500,2022-09-11,358.0,-80.3030555555556,36.515
USGS-02068500,2022-09-12,274.0,-80.3030555555556,36.515
USGS-02068500,2022-09-13,178.0,-80.3030555555556,36.515
USGS-02068500,2022-09-14,160.0,-80.3030555555556,36.515
USGS-02068500,2022-09-15,149.0,-80.3030555555556,36.515
USGS-02068500,2022-09-16,141.0,-80.3030555555556,36.515
USGS-02068500,2022-09-17,148.0,-80.3030555555556,36.515
USGS-02068500,2022-09-18,172.0,-80.3030555555556,36.515
USGS-02068500,2022-09-19,130.0,-80.3030555555556,36.515
USGS-02068500,2022-09-20,114.0,-80.3030555555556,36.515
USGS-02068500,2022-09-21,104.0,-80.3030555555556,36.515
USGS-02068500,2022-09-22,116.0,-80.3030555555556,36.515
USGS-02068500,2022-09-23,108.0,-80.3030555555556,36.515
USGS-02068500,2022-09-24,119.0,-80.3030555555556,36.515
USGS-02068500,2022-09-25,144.0,-80.3030555555556,36.515
USGS-02068500,2022-09-26,113.0,-80.3030555555556,36.515
USGS-02068500,2022-09-27,107.0,-80.3030555555556,36.515
USGS-02068500,2022-09-28,152.0,-80.3030555555556,36.515
USGS-02068500,2022-09-29,180.0,-80.3030555555556,36.515
USGS-02068500,2022-09-30,146.0,-80.3030555555556,36.515
USGS-02068500,2022-10-01,175.0,-80.3030555555556,36.515
USGS-02068500,2022-10-02,129.0,-80.3030555555556,36.515
USGS-02068500,2022-10-03,118.0,-80.3030555555556,36.515
USGS-02068500,2022-10-04,113.0,-80.3030555555556,36.515
USGS-02068500,2022-10-05,111.0,-80.3030555555556,36.515
USGS-02068500,2022-10-06,109.0,-80.3030555555556,36.515
USGS-02068500,2022-10-07,114.0,-80.3030555555556,36.515
USGS-02068500,2022-10-08,197.0,-80.3030555555556,36.515
USGS-02068500,2022-10-09,197.0,-80.3030555555556,36.515
USGS-02068500,2022-10-10,159.0,-80.3030555555556,36.515
USGS-02068500,2022-10-11,97.5,-80.3030555555556,36.515
USGS-02068500,2022-10-12,89.3,-80.3030555555556,36.515
USGS-02068500,2022-10-13,158.0,-80.3030555555556,36.515
USGS-02068500,2022-10-14,126.0,-80.3030555555556,36.515
USGS-02068500,2022-10-15,119.0,-80.3030555555556,36.515
USGS-02068500,2022-10-16,154.0,-80.3030555555556,36.515
USGS-02068500,2022-10-17,130.0,-80.3030555555556,36.515
USGS-02068500,2022-10-18,112.0,-80.3030555555556,36.515
USGS-02068500,2022-10-19,111.0,-80.3030555555556,36.515
USGS-02068500,2022-10-20,205.0,-80.3030555555556,36.515
USGS-02068500,2022-10-21,175.0,-80.3030555555556,36.515
USGS-02068500,2022-10-22,100.0,-80.3030555555556,36.515
USGS-02068500,2022-10-23,85.3,-80.3030555555556,36.515
USGS-02068500,2022-10-24,86.5,-80.3030555555556,36.515
USGS-02068500,2022-10-25,86.5,-80.3030555555556,36.515
USGS-02068500,2022-10-26,88.3,-80.3030555555556,36.515
USGS-02068500,2022-10-27,88.6,-80.3030555555556,36.515
USGS-02068500,2022-10-28,88.4,-80.3030555555556,36.515
USGS-02068500,2022-10-29,89.6,-80.3030555555556,36.515
USGS-02068500,2022-10-30,88.8,-80.3030555555556,36.515
USGS-02068500,2022-10-31,99.7,-80.3030555555556,36.515
USGS-02068500,2022-11-01,104.0,-80.3030555555556,36.515
USGS-02068500,2022-11-02,110.0,-80.3030555555556,36.515
USGS-02068500,2022-11-03,104.0,-80.3030555555556,36.515
USGS-02068500,2022-11-04,104.0,-80.3030555555556,36.515
USGS-02068500,2022-11-05,107.0,-80.3030555555556,36.515
USGS-02068500,2022-11-06,399.0,-80.3030555555556,36.515
USGS-02068500,2022-11-07,378.0,-80.3030555555556,36.515
USGS-02068500,2022-11-08,253.0,-80.3030555555556,36.515
USGS-02068500,2022-11-09,218.0,-80.3030555555556,36.515
USGS-02068500,2022-11-10,213.0,-80.3030555555556,36.515
USGS-02068500,2022-11-11,378.0,-80.3030555555556,36.515
USGS-02068500,2022-11-12,547.0,-80.3030555555556,36.515
USGS-02068500,2022-11-13,361.0,-80.3030555555556,36.515
USGS-02068500,2022-11-14,283.0,-80.3030555555556,36.515
USGS-02068500,2022-11-15,293.0,-80.3030555555556,36.515
USGS-02068500,2022-11-16,364.0,-80.3030555555556,36.515
USGS-02068500,2022-11-17,328.0,-80.3030555555556,36.515
USGS-02068500,2022-11-18,313.0,-80.3030555555556,36.515
USGS-02068500,2022-11-19,287.0,-80.3030555555556,36.515
USGS-02068500,2022-11-20,230.0,-80.3030555555556,36.515
USGS-02068500,2022-11-21,223.0,-80.3030555555556,36.515
USGS-02068500,2022-11-22,177.0,-80.3030555555556,36.515
USGS-02068500,2022-11-23,169.0,-80.3030555555556,36.515
USGS-02068500,2022-11-24,165.0,-80.3030555555556,36.515
USGS-02068500,2022-11-25,165.0,-80.3030555555556,36.515
USGS-02068500,2022-11-26,165.0,-80.3030555555556,36.515
USGS-02068500,2022-11-27,172.0,-80.3030555555556,36.515
USGS-02068500,2022-11-28,164.0,-80.3030555555556,36.515
USGS-02068500,2022-11-29,108.0,-80.3030555555556,36.515
USGS-02068500,2022-11-30,181.0,-80.3030555555556,36.515
USGS-02068500,2022-12-01,195.0,-80.3030555555556,36.515
USGS-02068500,2022-12-02,173.0,-80.3030555555556,36.515
USGS-02068500,2022-12-03,186.0,-80.3030555555556,36.515
USGS-02068500,2022-12-04,179.0,-80.3030555555556,36.515
USGS-02068500,2022-12-05,174.0,-80.3030555555556,36.515
USGS-02068500,2022-12-06,176.0,-80.3030555555556,36.515
USGS-02068500,2022-12-07,179.0,-80.3030555555556,36.515
USGS-02068500,2022-12-08,176.0,-80.3030555555556,36.515
USGS-02068500,2022-12-09,199.0,-80.3030555555556,36.515
USGS-02068500,2022-12-10,185.0,-80.3030555555556,36.515
USGS-02068500,2022-12-11,178.0,-80.3030555555556,36.515
USGS-02068500,2022-12-12,173.0,-80.3030555555556,36.515
USGS-02068500,2022-12-13,165.0,-80.3030555555556,36.515
USGS-02068500,2022-12-14,167.0,-80.3030555555556,36.515
USGS-02068500,2022-12-15,407.0,-80.3030555555556,36.515
USGS-02068500,2022-12-16,297.0,-80.3030555555556,36.515
USGS-02068500,2022-12-17,235.0,-80.3030555555556,36.515
USGS-02068500,2022-12-18,217.0,-80.3030555555556,36.515
USGS-02068500,2022-12-19,206.0,-80.3030555555556,36.515
USGS-02068500,2022-12-20,199.0,-80.3030555555556,36.515
USGS-02068500,2022-12-21,194.0,-80.3030555555556,36.515
USGS-02068500,2022-12-22,447.0,-80.3030555555556,36.515
USGS-02068500,2022-12-23,369.0,-80.3030555555556,36.515
USGS-02068500,2022-12-24,294.0,-80.3030555555556,36.515
USGS-02068500,2022-12-25,279.0,-80.3030555555556,36.515
USGS-02068500,2022-12-26,267.0,-80.3030555555556,36.515
USGS-02068500,2022-12-27,236.0,-80.3030555555556,36.515
USGS-02068500,2022-12-28,218.0,-80.3030555555556,36.515
USGS-02068500,2022-12-29,212.0,-80.3030555555556,36.515
USGS-02068500,2022-12-30,222.0,-80.3030555555556,36.515
USGS-02068500,2022-12-31,240.0,-80.3030555555556,36.515
USGS-02068500,2023-01-01,256.0,-80.3030555555556,36.515
USGS-02068500,2023-01-02,225.0,-80.3030555555556,36.515
USGS-02068500,2023-01-03,235.0,-80.3030555555556,36.515
USGS-02068500,2023-01-04,289.0,-80.3030555555556,36.515
USGS-02068500,2023-01-05,267.0,-80.3030555555556,36.515
USGS-02068500,2023-01-06,238.0,-80.3030555555556,36.515
USGS-02068500,2023-01-07,229.0,-80.3030555555556,36.515
USGS-02068500,2023-01-08,230.0,-80.3030555555556,36.515
USGS-02068500,2023-01-09,267.0,-80.3030555555556,36.515
USGS-02068500,2023-01-10,248.0,-80.3030555555556,36.515
USGS-02068500,2023-01-11,221.0,-80.3030555555556,36.515
USGS-02068500,2023-01-12,243.0,-80.3030555555556,36.515
USGS-02068500,2023-01-13,455.0,-80.3030555555556,36.515
USGS-02068500,2023-01-14,317.0,-80.3030555555556,36.515
USGS-02068500,2023-01-15,259.0,-80.3030555555556,36.515
USGS-02068500,2023-01-16,244.0,-80.3030555555556,36.515
USGS-02068500,2023-01-17,239.0,-80.3030555555556,36.515
USGS-02068500,2023-01-18,231.0,-80.3030555555556,36.515
USGS-02068500,2023-01-19,230.0,-80.3030555555556,36.515
USGS-02068500,2023-01-20,223.0,-80.3030555555556,36.515
USGS-02068500,2023-01-21,215.0,-80.3030555555556,36.515
USGS-02068500,2023-01-22,219.0,-80.3030555555556,36.515
USGS-02068500,2023-01-23,222.0,-80.3030555555556,36.515
USGS-02068500,2023-01-24,213.0,-80.3030555555556,36.515
USGS-02068500,2023-01-25,323.0,-80.3030555555556,36.515
USGS-02068500,2023-01-26,308.0,-80.3030555555556,36.515
USGS-02068500,2023-01-27,253.0,-80.3030555555556,36.515
USGS-02068500,2023-01-28,238.0,-80.3030555555556,36.515
USGS-02068500,2023-01-29,240.0,-80.3030555555556,36.515
USGS-02068500,2023-01-30,234.0,-80.3030555555556,36.515
USGS-02068500,2023-01-31,225.0,-80.3030555555556,36.515
USGS-02068500,2023-02-01,251.0,-80.3030555555556,36.515
USGS-02068500,2023-02-02,249.0,-80.3030555555556,36.515
USGS-02068500,2023-02-03,226.0,-80.3030555555556,36.515
USGS-02068500,2023-02-04,206.0,-80.3030555555556,36.515
USGS-02068500,2023-02-05,196.0,-80.3030555555556,36.515
USGS-02068500,2023-02-06,198.0,-80.3030555555556,36.515
USGS-02068500,2023-02-07,196.0,-80.3030555555556,36.515
USGS-02068500,2023-02-08,201.0,-80.3030555555556,36.515
USGS-02068500,2023-02-09,203.0,-80.3030555555556,36.515
USGS-02068500,2023-02-10,165.0,-80.3030555555556,36.515
USGS-02068500,2023-02-11,162.0,-80.3030555555556,36.515
USGS-02068500,2023-02-12,551.0,-80.3030555555556,36.515
USGS-02068500,2023-02-13,670.0,-80.3030555555556,36.515
USGS-02068500,2023-02-14,395.0,-80.3030555555556,36.515
USGS-02068500,2023-02-15,331.0,-80.3030555555556,36.515
USGS-02068500,2023-02-16,306.0,-80.3030555555556,36.515
USGS-02068500,2023-02-17,468.0,-80.3030555555556,36.515
USGS-02068500,2023-02-18,390.0,-80.3030555555556,36.515
USGS-02068500,2023-02-19,340.0,-80.3030555555556,36.515
USGS-02068500,2023-02-20,310.0,-80.3030555555556,36.515
USGS-02068500,2023-02-21,293.0,-80.3030555555556,36.515
USGS-02068500,2023-02-22,284.0,-80.3030555555556,36.515
USGS-02068500,2023-02-23,274.0,-80.3030555555556,36.515
USGS-02068500,2023-02-24,264.0,-80.3030555555556,36.515
USGS-02068500,2023-02-25,263.0,-80.3030555555556,36.515
USGS-02068500,2023-02-26,260.0,-80.3030555555556,36.515
USGS-02068500,2023-02-27,259.0,-80.3030555555556,36.515
USGS-02068500,2023-02-28,260.0,-80.3030555555556,36.515
USGS-02068500,2023-03-01,228.0,-80.3030555555556,36.515
USGS-02068500,2023-03-02,246.0,-80.3030555555556,36.515
USGS-02068500,2023-03-03,300.0,-80.3030555555556,36.515
USGS-02068500,2023-03-04,553.0,-80.3030555555556,36.515
USGS-02068500,2023-03-05,309.0,-80.3030555555556,36.515
USGS-02068500,2023-03-06,278.0,-80.3030555555556,36.515
USGS-02068500,2023-03-07,261.0,-80.3030555555556,36.515
USGS-02068500,2023-03-08,239.0,-80.3030555555556,36.515
USGS-02068500,2023-03-09,231.0,-80.3030555555556,36.515
USGS-02068500,2023-03-10,237.0,-80.3030555555556,36.515
USGS-02068500,2023-03-11,231.0,-80.3030555555556,36.515
USGS-02068500,2023-03-12,235.0,-80.3030555555556,36.515
USGS-02068500,2023-03-13,232.0,-80.3030555555556,36.515
USGS-02068500,2023-03-14,227.0,-80.3030555555556,36.515
USGS-02068500,2023-03-15,217.0,-80.3030555555556,36.515
USGS-02068500,2023-03-16,215.0,-80.3030555555556,36.515
USGS-02068500,2023-03-17,217.0,-80.3030555555556,36.515
USGS-02068500,2023-03-18,218.0,-80.3030555555556,36.515
USGS-02068500,2023-03-19,212.0,-80.3030555555556,36.515
USGS-02068500,2023-03-20,211.0,-80.3030555555556,36.515
USGS-02068500,2023-03-21,200.0,-80.3030555555556,36.515
USGS-02068500,2023-03-22,184.0,-80.3030555555556,36.515
USGS-02068500,2023-03-23,187.0,-80.3030555555556,36.515
USGS-02068500,2023-03-24,185.0,-80.3030555555556,36.515
USGS-02068500,2023-03-25,193.0,-80.3030555555556,36.515
USGS-02068500,2023-03-26,186.0,-80.3030555555556,36.515
USGS-02068500,2023-03-27,183.0,-80.3030555555556,36.515
USGS-02068500,2023-03-28,179.0,-80.3030555555556,36.515
USGS-02068500,2023-03-29,171.0,-80.3030555555556,36.515
USGS-02068500,2023-03-30,164.0,-80.3030555555556,36.515
USGS-02068500,2023-03-31,168.0,-80.3030555555556,36.515
USGS-02068500,2023-04-01,222.0,-80.3030555555556,36.515
USGS-02068500,2023-04-02,207.0,-80.3030555555556,36.515
USGS-02068500,2023-04-03,188.0,-80.3030555555556,36.515
USGS-02068500,2023-04-04,184.0,-80.3030555555556,36.515
USGS-02068500,2023-04-05,181.0,-80.3030555555556,36.515
USGS-02068500,2023-04-06,201.0,-80.3030555555556,36.515
USGS-02068500,2023-04-07,243.0,-80.3030555555556,36.515
USGS-02068500,2023-04-08,254.0,-80.3030555555556,36.515
USGS-02068500,2023-04-09,218.0,-80.3030555555556,36.515
USGS-02068500,2023-04-10,199.0,-80.3030555555556,36.515
USGS-02068500,2023-04-11,190.0,-80.3030555555556,36.515
USGS-02068500,2023-04-12,156.0,-80.3030555555556,36.515
USGS-02068500,2023-04-13,151.0,-80.3030555555556,36.515
USGS-02068500,2023-04-14,197.0,-80.3030555555556,36.515
USGS-02068500,2023-04-15,187.0,-80.3030555555556,36.515
USGS-02068500,2023-04-16,171.0,-80.3030555555556,36.515
USGS-02068500,2023-04-17,245.0,-80.3030555555556,36.515
USGS-02068500,2023-04-18,205.0,-80.3030555555556,36.515
USGS-02068500,2023-04-19,163.0,-80.3030555555556,36.515
USGS-02068500,2023-04-20,156.0,-80.3030555555556,36.515
USGS-02068500,2023-04-21,183.0,-80.3030555555556,36.515
USGS-02068500,2023-04-22,217.0,-80.3030555555556,36.515
USGS-02068500,2023-04-23,198.0,-80.3030555555556,36.515
USGS-02068500,2023-04-24,186.0,-80.3030555555556,36.515
USGS-02068500,2023-04-25,182.0,-80.3030555555556,36.515
USGS-02068500,2023-04-26,179.0,-80.3030555555556,36.515
USGS-02068500,2023-04-27,181.0,-80.3030555555556,36.515
USGS-02068500,2023-04-28,1160.0,-80.3030555555556,36.515
USGS-02068500,2023-04-29,490.0,-80.3030555555556,36.515
USGS-02068500,2023-04-30,395.0,-80.3030555555556,36.515
USGS-02068500,2023-05-01,313.0,-80.3030555555556,36.515
USGS-02068500,2023-05-02,291.0,-80.3030555555556,36.515
USGS-02068500,2023-05-03,277.0,-80.3030555555556,36.515
USGS-02068500,2023-05-04,265.0,-80.3030555555556,36.515
USGS-02068500,2023-05-05,258.0,-80.3030555555556,36.515
USGS-02068500,2023-05-06,250.0,-80.3030555555556,36.515
USGS-02068500,2023-05-07,239.0,-80.3030555555556,36.515
USGS-02068500,2023-05-08,226.0,-80.3030555555556,36.515
USGS-02068500,2023-05-09,214.0,-80.3030555555556,36.515
USGS-02068500,2023-05-10,199.0,-80.3030555555556,36.515
USGS-02068500,2023-05-11,195.0,-80.3030555555556,36.515
USGS-02068500,2023-05-12,183.0,-80.3030555555556,36.515
USGS-02068500,2023-05-13,192.0,-80.3030555555556,36.515
USGS-02068500,2023-05-14,197.0,-80.3030555555556,36.515
USGS-02068500,2023-05-15,157.0,-80.3030555555556,36.515
USGS-02068500,2023-05-16,159.0,-80.3030555555556,36.515
USGS-02068500,2023-05-17,227.0,-80.3030555555556,36.515
USGS-02068500,2023-05-18,190.0,-80.3030555555556,36.515
USGS-02068500,2023-05-19,183.0,-80.3030555555556,36.515
USGS-02068500,2023-05-20,174.0,-80.3030555555556,36.515
USGS-02068500,2023-05-21,141.0,-80.3030555555556,36.515
USGS-02068500,2023-05-22,137.0,-80.3030555555556,36.515
USGS-02068500,2023-05-23,136.0,-80.3030555555556,36.515
USGS-02068500,2023-05-24,136.0,-80.3030555555556,36.515
USGS-02068500,2023-05-25,139.0,-80.3030555555556,36.515
USGS-02068500,2023-05-26,140.0,-80.3030555555556,36.515
USGS-02068500,2023-05-27,144.0,-80.3030555555556,36.515
USGS-02068500,2023-05-28,157.0,-80.3030555555556,36.515
USGS-02068500,2023-05-29,360.0,-80.3030555555556,36.515
USGS-02068500,2023-05-30,272.0,-80.3030555555556,36.515
USGS-02068500,2023-05-31,244.0,-80.3030555555556,36.515
USGS-02068500,2023-06-01,238.0,-80.3030555555556,36.515
USGS-02068500,2023-06-02,228.0,-80.3030555555556,36.515
USGS-02068500,2023-06-03,222.0,-80.3030555555556,36.515
USGS-02068500,2023-06-04,218.0,-80.3030555555556,36.515
USGS-02068500,2023-06-05,218.0,-80.3030555555556,36.515
USGS-02068500,2023-06-06,206.0,-80.3030555555556,36.515
USGS-02068500,2023-06-07,174.0,-80.3030555555556,36.515
USGS-02068500,2023-06-08,178.0,-80.3030555555556,36.515
USGS-02068500,2023-06-09,173.0,-80.3030555555556,36.515
USGS-02068500,2023-06-10,169.0,-80.3030555555556,36.515
USGS-02068500,2023-06-11,171.0,-80.3030555555556,36.515
USGS-02068500,2023-06-12,184.0,-80.3030555555556,36.515
USGS-02068500,2023-06-13,171.0,-80.3030555555556,36.515
USGS-02068500,2023-06-14,165.0,-80.3030555555556,36.515
USGS-02068500,2023-06-15,159.0,-80.3030555555556,36.515
USGS-02068500,2023-06-16,148.0,-80.3030555555556,36.515
USGS-02068500,2023-06-17,117.0,-80.3030555555556,36.515
USGS-02068500,2023-06-18,116.0,-80.3030555555556,36.515
USGS-02068500,2023-06-19,205.0,-80.3030555555556,36.515
USGS-02068500,2023-06-20,435.0,-80.3030555555556,36.515
USGS-02068500,2023-06-21,303.0,-80.3030555555556,36.515
USGS-02068500,2023-06-22,295.0,-80.3030555555556,36.515
USGS-02068500,2023-06-23,274.0,-80.3030555555556,36.515
USGS-02068500,2023-06-24,239.0,-80.3030555555556,36.515
USGS-02068500,2023-06-25,226.0,-80.3030555555556,36.515
USGS-02068500,2023-06-26,219.0,-80.3030555555556,36.515
USGS-02068500,2023-06-27,196.0,-80.3030555555556,36.515
USGS-02068500,2023-06-28,156.0,-80.3030555555556,36.515
USGS-02068500,2023-06-29,147.0,-80.3030555555556,36.515
USGS-02068500,2023-06-30,146.0,-80.3030555555556,36.515
USGS-02068500,2023-07-01,154.0,-80.3030555555556,36.515
USGS-02068500,2023-07-02,162.0,-80.3030555555556,36.515
USGS-02068500,2023-07-03,146.0,-80.3030555555556,36.515
USGS-02068500,2023-07-04,132.0,-80.3030555555556,36.515
USGS-02068500,2023-07-05,128.0,-80.3030555555556,36.515
USGS-02068500,2023-07-06,112.0,-80.3030555555556,36.515
USGS-02068500,2023-07-07,116.0,-80.3030555555556,36.515
USGS-02068500,2023-07-08,131.0,-80.3030555555556,36.515
USGS-02068500,2023-07-09,161.0,-80.3030555555556,36.515
USGS-02068500,2023-07-10,171.0,-80.3030555555556,36.515
USGS-02068500,2023-07-11,109.0,-80.3030555555556,36.515
USGS-02068500,2023-07-12,108.0,-80.3030555555556,36.515
USGS-02068500,2023-07-13,107.0,-80.3030555555556,36.515
USGS-02068500,2023-07-14,114.0,-80.3030555555556,36.515
USGS-02068500,2023-07-15,139.0,-80.3030555555556,36.515
USGS-02068500,2023-07-16,210.0,-80.3030555555556,36.515
USGS-02068500,2023-07-17,116.0,-80.3030555555556,36.515
USGS-02068500,2023-07-18,112.0,-80.3030555555556,36.515
USGS-02068500,2023-07-19,106.0,-80.3030555555556,36.515
USGS-02068500,2023-07-20,106.0,-80.3030555555556,36.515
USGS-02068500,2023-07-21,107.0,-80.3030555555556,36.515
USGS-02068500,2023-07-22,125.0,-80.3030555555556,36.515
USGS-02068500,2023-07-23,156.0,-80.3030555555556,36.515
USGS-02068500,2023-07-24,131.0,-80.3030555555556,36.515
USGS-02068500,2023-07-25,108.0,-80.3030555555556,36.515
USGS-02068500,2023-07-26,96.2,-80.3030555555556,36.515
USGS-02068500,2023-07-27,109.0,-80.3030555555556,36.515
USGS-02068500,2023-07-28,105.0,-80.3030555555556,36.515
USGS-02068500,2023-07-29,121.0,-80.3030555555556,36.515
USGS-02068500,2023-07-30,100.0,-80.3030555555556,36.515
USGS-02068500,2023-07-31,94.1,-80.3030555555556,36.515
USGS-02068500,2023-08-01,92.5,-80.3030555555556,36.515
USGS-02068500,2023-08-02,88.9,-80.3030555555556,36.515
USGS-02068500,2023-08-03,203.0,-80.3030555555556,36.515
USGS-02068500,2023-08-04,381.0,-80.3030555555556,36.515
USGS-02068500,2023-08-05,190.0,-80.3030555555556,36.515
USGS-02068500,2023-08-06,315.0,-80.3030555555556,36.515
USGS-02068500,2023-08-07,329.0,-80.3030555555556,36.515
USGS-02068500,2023-08-08,215.0,-80.3030555555556,36.515
USGS-02068500,2023-08-09,167.0,-80.3030555555556,36.515
USGS-02068500,2023-08-10,157.0,-80.3030555555556,36.515
USGS-02068500,2023-08-11,143.0,-80.3030555555556,36.515
USGS-02068500,2023-08-12,135.0,-80.3030555555556,36.515
USGS-02068500,2023-08-13,138.0,-80.3030555555556,36.515
USGS-02068500,2023-08-14,108.0,-80.3030555555556,36.515
USGS-02068500,2023-08-15,102.0,-80.3030555555556,36.515
USGS-02068500,2023-08-16,96.6,-80.3030555555556,36.515
USGS-02068500,2023-08-17,92.2,-80.3030555555556,36.515
USGS-02068500,2023-08-18,89.6,-80.3030555555556,36.515
USGS-02068500,2023-08-19,94.9,-80.3030555555556,36.515
USGS-02068500,2023-08-20,126.0,-80.3030555555556,36.515
USGS-02068500,2023-08-21,85.1,-80.3030555555556,36.515
USGS-02068500,2023-08-22,82.7,-80.3030555555556,36.515
USGS-02068500,2023-08-23,80.0,-80.3030555555556,36.515
USGS-02068500,2023-08-24,78.0,-80.3030555555556,36.515
USGS-02068500,2023-08-25,95.5,-80.3030555555556,36.515
USGS-02068500,2023-08-26,106.0,-80.3030555555556,36.515
USGS-02068500,2023-08-27,85.1,-80.3030555555556,36.515
USGS-02068500,2023-08-28,2040.0,-80.3030555555556,36.515
USGS-02068500,2023-08-29,349.0,-80.3030555555556,36.515
USGS-02068500,2023-08-30,226.0,-80.3030555555556,36.515
USGS-02068500,2023-08-31,183.0,-80.3030555555556,36.515
USGS-02068500,2023-09-01,157.0,-80.3030555555556,36.515
USGS-02068500,2023-09-02,127.0,-80.3030555555556,36.515
USGS-02068500,2023-09-03,114.0,-80.3030555555556,36.515
USGS-02068500,2023-09-04,109.0,-80.3030555555556,36.515
USGS-02068500,2023-09-05,102.0,-80.3030555555556,36.515
USGS-02068500,2023-09-06,125.0,-80.3030555555556,36.515
USGS-02068500,2023-09-07,128.0,-80.3030555555556,36.515
USGS-02068500,2023-09-08,114.0,-80.3030555555556,36.515
USGS-02068500,2023-09-09,97.7,-80.3030555555556,36.515
USGS-02068500,2023-09-10,119.0,-80.3030555555556,36.515
USGS-02068500,2023-09-11,133.0,-80.3030555555556,36.515
USGS-02068500,2023-09-12,116.0,-80.3030555555556,36.515
USGS-02068500,2023-09-13,146.0,-80.3030555555556,36.515
USGS-02068500,2023-09-14,120.0,-80.3030555555556,36.515
USGS-02068500,2023-09-15,114.0,-80.3030555555556,36.515
USGS-02068500,2023-09-16,111.0,-80.3030555555556,36.515
USGS-02068500,2023-09-17,149.0,-80.3030555555556,36.515
USGS-02068500,2023-09-18,158.0,-80.3030555555556,36.515
USGS-02068500,2023-09-19,124.0,-80.3030555555556,36.515
USGS-02068500,2023-09-20,111.0,-80.3030555555556,36.515
USGS-02068500,2023-09-21,109.0,-80.3030555555556,36.515
USGS-02068500,2023-09-22,109.0,-80.3030555555556,36.515
USGS-02068500,2023-09-23,111.0,-80.3030555555556,36.515
USGS-02068500,2023-09-24,111.0,-80.3030555555556,36.515
USGS-02068500,2023-09-25,109.0,-80.3030555555556,36.515
USGS-02068500,2023-09-26,109.0,-80.3030555555556,36.515
USGS-02068500,2023-09-27,104.0,-80.3030555555556,36.515
USGS-02068500,2023-09-28,104.0,-80.3030555555556,36.515
USGS-02068500,2023-09-29,97.5,-80.3030555555556,36.515
USGS-02068500,2023-09-30,97.5,-80.3030555555556,36.515
USGS-02068500,2023-10-01,97.5,-80.3030555555556,36.515
USGS-02068500,2023-10-02,97.5,-80.3030555555556,36.515
USGS-02068500,2023-10-03,93.2,-80.3030555555556,36.515
USGS-02068500,2023-10-04,87.9,-80.3030555555556,36.515
USGS-02068500,2023-10-05,90.0,-80.3030555555556,36.515
USGS-02068500,2023-10-06,87.1,-80.3030555555556,36.515
USGS-02068500,2023-10-07,87.8,-80.3030555555556,36.515
USGS-02068500,2023-10-08,82.1,-80.3030555555556,36.515
USGS-02068500,2023-10-09,84.4,-80.3030555555556,36.515
USGS-02068500,2023-10-10,87.5,-80.3030555555556,36.515
USGS-02068500,2023-10-11,85.3,-80.3030555555556,36.515
USGS-02068500,2023-10-12,83.9,-80.3030555555556,36.515
USGS-02068500,2023-10-13,81.7,-80.3030555555556,36.515
USGS-02068500,2023-10-14,103.0,-80.3030555555556,36.515
USGS-02068500,2023-10-15,94.3,-80.3030555555556,36.515
USGS-02068500,2023-10-16,85.1,-80.3030555555556,36.515
USGS-02068500,2023-10-17,83.6,-80.3030555555556,36.515
USGS-02068500,2023-10-18,84.5,-80.3030555555556,36.515
USGS-02068500,2023-10-19,84.4,-80.3030555555556,36.515
USGS-02068500,2023-10-20,88.3,-80.3030555555556,36.515
USGS-02068500,2023-10-21,89.6,-80.3030555555556,36.515
USGS-02068500,2023-10-22,83.9,-80.3030555555556,36.515
USGS-02068500,2023-10-23,80.7,-80.3030555555556,36.515
USGS-02068500,2023-10-24,80.7,-80.3030555555556,36.515
USGS-02068500,2023-10-25,74.7,-80.3030555555556,36.515
USGS-02068500,2023-10-26,74.2,-80.3030555555556,36.515
USGS-02068500,2023-10-27,74.2,-80.3030555555556,36.515
USGS-02068500,2023-10-28,74.2,-80.3030555555556,36.515
USGS-02068500,2023-10-29,74.3,-80.3030555555556,36.515
USGS-02068500,2023-10-30,74.2,-80.3030555555556,36.515
USGS-02068500,2023-10-31,74.2,-80.3030555555556,36.515
USGS-02068500,2023-11-01,74.2,-80.3030555555556,36.515
USGS-02068500,2023-11-02,74.5,-80.3030555555556,36.515
USGS-02068500,2023-11-03,74.5,-80.3030555555556,36.515
USGS-02068500,2023-11-04,74.4,-80.3030555555556,36.515
USGS-02068500,2023-11-05,73.5,-80.3030555555556,36.515
USGS-02068500,2023-11-06,75.7,-80.3030555555556,36.515
USGS-02068500,2023-11-07,69.2,-80.3030555555556,36.515
USGS-02068500,2023-11-08,69.6,-80.3030555555556,36.515
USGS-02068500,2023-11-09,70.5,-80.3030555555556,36.515
USGS-02068500,2023-11-10,70.8,-80.3030555555556,36.515
USGS-02068500,2023-11-11,72.0,-80.3030555555556,36.515
USGS-02068500,2023-11-12,71.7,-80.3030555555556,36.515
USGS-02068500,2023-11-13,72.1,-80.3030555555556,36.515
USGS-02068500,2023-11-14,71.7,-80.3030555555556,36.515
USGS-02068500,2023-11-15,69.6,-80.3030555555556,36.515
USGS-02068500,2023-11-16,67.0,-80.3030555555556,36.515
USGS-02068500,2023-11-17,68.3,-80.3030555555556,36.515
USGS-02068500,2023-11-18,68.5,-80.3030555555556,36.515
USGS-02068500,2023-11-19,68.8,-80.3030555555556,36.515
USGS-02068500,2023-11-20,68.3,-80.3030555555556,36.515
USGS-02068500,2023-11-21,106.0,-80.3030555555556,36.515
USGS-02068500,2023-11-22,198.0,-80.3030555555556,36.515
USGS-02068500,2023-11-23,89.6,-80.3030555555556,36.515
USGS-02068500,2023-11-24,84.6,-80.3030555555556,36.515
USGS-02068500,2023-11-25,82.5,-80.3030555555556,36.515
USGS-02068500,2023-11-26,76.7,-80.3030555555556,36.515
USGS-02068500,2023-11-27,75.8,-80.3030555555556,36.515
USGS-02068500,2023-11-28,73.1,-80.3030555555556,36.515
USGS-02068500,2023-11-29,72.1,-80.3030555555556,36.515
USGS-02068500,2023-11-30,72.3,-80.3030555555556,36.515
USGS-02068500,2023-12-01,73.0,-80.3030555555556,36.515
USGS-02068500,2023-12-02,76.5,-80.3030555555556,36.515
USGS-02068500,2023-12-03,96.4,-80.3030555555556,36.515
USGS-02068500,2023-12-04,90.6,-80.3030555555556,36.515
USGS-02068500,2023-12-05,84.3,-80.3030555555556,36.515
USGS-02068500,2023-12-06,79.8,-80.3030555555556,36.515
USGS-02068500,2023-12-07,101.0,-80.3030555555556,36.515
USGS-02068500,2023-12-08,77.9,-80.3030555555556,36.515
USGS-02068500,2023-12-09,78.3,-80.3030555555556,36.515
USGS-02068500,2023-12-10,198.0,-80.3030555555556,36.515
USGS-02068500,2023-12-11,254.0,-80.3030555555556,36.515
USGS-02068500,2023-12-12,166.0,-80.3030555555556,36.515
USGS-02068500,2023-12-13,147.0,-80.3030555555556,36.515
USGS-02068500,2023-12-14,118.0,-80.3030555555556,36.515
USGS-02068500,2023-12-15,114.0,-80.3030555555556,36.515
USGS-02068500,2023-12-16,111.0,-80.3030555555556,36.515
USGS-02068500,2023-12-17,129.0,-80.3030555555556,36.515
USGS-02068500,2023-12-18,182.0,-80.3030555555556,36.515
USGS-02068500,2023-12-19,131.0,-80.3030555555556,36.515
USGS-02068500,2023-12-20,121.0,-80.3030555555556,36.515
USGS-02068500,2023-12-21,114.0,-80.3030555555556,36.515
USGS-02068500,2023-12-22,109.0,-80.3030555555556,36.515
USGS-02068500,2023-12-23,105.0,-80.3030555555556,36.515
USGS-02068500,2023-12-24,105.0,-80.3030555555556,36.515
USGS-02068500,2023-12-25,104.0,-80.3030555555556,36.515
USGS-02068500,2023-12-26,281.0,-80.3030555555556,36.515
USGS-02068500,2023-12-27,757.0,-80.3030555555556,36.515
USGS-02068500,2023-12-28,371.0,-80.3030555555556,36.515
USGS-02068500,2023-12-29,273.0,-80.3030555555556,36.515
USGS-02068500,2023-12-30,228.0,-80.3030555555556,36.515
USGS-02068500,2023-12-31,197.0,-80.3030555555556,36.515
USGS-02097517,2021-01-01,78.7,-79.0197222222222,35.8933333333333
USGS-02097517,2021-01-02,239.0,-79.0197222222222,35.8933333333333
USGS-02097517,2021-01-03,755.0,-79.0197222222222,35.8933333333333
USGS-02097517,2021-01-04,181.0,-79.0197222222222,35.8933333333333
USGS-02097517,2021-01-05,106.0,-79.0197222222222,35.8933333333333
USGS-02097517,2021-01-06,74.2,-79.0197222222222,35.8933333333333
USGS-02097517,2021-01-07,58.8,-79.0197222222222,35.8933333333333
USGS-02097517,2021-01-08,70.8,-79.0197222222222,35.8933333333333
USGS-02097517,2021-01-09,83.5,-79.0197222222222,35.8933333333333
USGS-02097517,2021-01-10,58.8,-79.0197222222222,35.8933333333333
USGS-02097517,2021-01-11,47.2,-79.0197222222222,35.8933333333333
USGS-02097517,2021-01-12,43.8,-79.0197222222222,35.8933333333333
USGS-02097517,2021-01-13,38.1,-79.0197222222222,35.8933333333333
USGS-02097517,2021-01-14,33.9,-79.0197222222222,35.8933333333333
USGS-02097517,2021-01-15,35.8,-79.0197222222222,35.8933333333333
USGS-02097517,2021-01-16,38.7,-79.0197222222222,35.8933333333333
USGS-02097517,2021-01-17,32.7,-79.0197222222222,35.8933333333333
USGS-02097517,2021-01-18,29.4,-79.0197222222222,35.8933333333333
USGS-02097517,2021-01-19,28.3,-79.0197222222222,35.8933333333333
USGS-02097517,2021-01-20,25.5,-79.0197222222222,35.8933333333333
USGS-02097517,2021-01-21,23.8,-79.0197222222222,35.8933333333333
USGS-02097517,2021-01-22,23.2,-79.0197222222222,35.8933333333333
USGS-02097517,2021-01-23,21.0,-79.0197222222222,35.8933333333333
USGS-02097517,2021-01-24,18.5,-79.0197222222222,35.8933333333333
USGS-02097517,2021-01-25,26.8,-79.0197222222222,35.8933333333333
USGS-02097517,2021-01-26,89.2,-79.0197222222222,35.8933333333333
USGS-02097517,2021-01-27,64.2,-79.0197222222222,35.8933333333333
USGS-02097517,2021-01-28,145.0,-79.0197222222222,35.8933333333333
USGS-02097517,2021-01-29,89.5,-79.0197222222222,35.8933333333333
USGS-02097517,2021-01-30,57.0,-79.0197222222222,35.8933333333333
USGS-02097517,2021-01-31,311.0,-79.0197222222222,35.8933333333333
USGS-02097517,2021-02-01,217.0,-79.0197222222222,35.8933333333333
USGS-02097517,2021-02-02,113.0,-79.0197222222222,35.8933333333333
USGS-02097517,2021-02-03,85.3,-79.0197222222222,35.8933333333333
USGS-02097517,2021-02-04,66.8,-79.0197222222222,35.8933333333333
USGS-02097517,2021-02-05,65.5,-79.0197222222222,35.8933333333333
USGS-02097517,2021-02-06,55.8,-79.0197222222222,35.8933333333333
USGS-02097517,2021-02-07,240.0,-79.0197222222222,35.8933333333333
USGS-02097517,2021-02-08,135.0,-79.0197222222222,35.8933333333333
USGS-02097517,2021-02-09,92.7,-79.0197222222222,35.8933333333333
USGS-02097517,2021-02-10,74.2,-79.0197222222222,35.8933333333333
USGS-02097517,2021-02-11,110.0,-79.0197222222222,35.8933333333333
USGS-02097517,2021-02-12,214.0,-79.0197222222222,35.8933333333333
USGS-02097517,2021-02-13,307.0,-79.0197222222222,35.8933333333333
USGS-02097517,2021-02-14,300.0,-79.0197222222222,35.8933333333333
USGS-02097517,2021-02-15,245.0,-79.0197222222222,35.8933333333333
USGS-02097517,2021-02-16,709.0,-79.0197222222222,35.8933333333333
USGS-02097517,2021-02-17,208.0,-79.0197222222222,35.8933333333333
USGS-02097517,2021-02-18,271.0,-79.0197222222222,35.8933333333333
USGS-02097517,2021-02-19,313.0,-79.0197222222222,35.8933333333333
USGS-02097517,2021-02-20,189.0,-79.0197222222222,35.8933333333333
USGS-02097517,2021-02-21,140.0,-79.0197222222222,35.8933333333333
USGS-02097517,2021-02-22,148.0,-79.0197222222222,35.8933333333333
USGS-02097517,2021-02-23,153.0,-79.0197222222222,35.8933333333333
USGS-02097517,2021-02-24,120.0,-79.0197222222222,35.8933333333333
USGS-02097517,2021-02-25,105.0,-79.0197222222222,35.8933333333333
USGS-02097517,2021-02-26,106.0,-79.0197222222222,35.8933333333333
USGS-02097517,2021-02-27,221.0,-79.0197222222222,35.8933333333333
USGS-02097517,2021-02-28,144.0,-79.0197222222222,35.8933333333333
USGS-02097517,2021-03-01,126.0,-79.0197222222222,35.8933333333333
USGS-02097517,2021-03-02,108.0,-79.0197222222222,35.8933333333333
USGS-02097517,2021-03-03,95.2,-79.0197222222222,35.8933333333333
USGS-02097517,2021-03-04,88.2,-79.0197222222222,35.8933333333333
USGS-02097517,2021-03-05,78.2,-79.0197222222222,35.8933333333333
USGS-02097517,2021-03-06,71.6,-79.0197222222222,35.8933333333333
USGS-02097517,2021-03-07,65.6,-79.0197222222222,35.8933333333333
USGS-02097517,2021-03-08,60.9,-79.0197222222222,35.8933333333333
USGS-02097517,2021-03-09,57.7,-79.0197222222222,35.8933333333333
USGS-02097517,2021-03-10,56.3,-79.0197222222222,35.8933333333333
USGS-02097517,2021-03-11,53.9,-79.0197222222222,35.8933333333333
USGS-02097517,2021-03-12,50.7,-79.0197222222222,35.8933333333333
USGS-02097517,2021-03-13,50.4,-79.0197222222222,35.8933333333333
USGS-02097517,2021-03-14,45.2,-79.0197222222222,35.8933333333333
USGS-02097517,2021-03-15,41.9,-79.0197222222222,35.8933333333333
USGS-02097517,2021-03-16,60.2,-79.0197222222222,35.8933333333333
USGS-02097517,2021-03-17,58.7,-79.0197222222222,35.8933333333333
USGS-02097517,2021-03-18,56.1,-79.0197222222222,35.8933333333333
USGS-02097517,2021-03-19,75.1,-79.0197222222222,35.8933333333333
USGS-02097517,2021-03-20,56.1,-79.0197222222222,35.8933333333333
USGS-02097517,2021-03-21,49.0,-79.0197222222222,35.8933333333333
USGS-02097517,2021-03-22,48.4,-79.0197222222222,35.8933333333333
USGS-02097517,2021-03-23,45.6,-79.0197222222222,35.8933333333333
USGS-02097517,2021-03-24,45.9,-79.0197222222222,35.8933333333333
USGS-02097517,2021-03-25,44.2,-79.0197222222222,35.8933333333333
USGS-02097517,2021-03-26,91.4,-79.0197222222222,35.8933333333333
USGS-02097517,2021-03-27,149.0,-79.0197222222222,35.8933333333333
USGS-02097517,2021-03-28,211.0,-79.0197222222222,35.8933333333333
USGS-02097517,2021-03-29,109.0,-79.0197222222222,35.8933333333333
USGS-02097517,2021-03-30,71.9,-79.0197222222222,35.8933333333333
USGS-02097517,2021-03-31,88.8,-79.0197222222222,35.8933333333333
USGS-02097517,2021-04-01,130.0,-79.0197222222222,35.8933333333333
USGS-02097517,2021-04-02,76.2,-79.0197222222222,35.8933333333333
USGS-02097517,2021-04-03,58.6,-79.0197222222222,35.8933333333333
USGS-02097517,2021-04-04,48.8,-79.0197222222222,35.8933333333333
USGS-02097517,2021-04-05,46.8,-79.0197222222222,35.8933333333333
USGS-02097517,2021-04-06,48.4,-79.0197222222222,35.8933333333333
USGS-02097517,2021-04-07,41.4,-79.0197222222222,35.8933333333333
USGS-02097517,2021-04-08,40.7,-79.0197222222222,35.8933333333333
USGS-02097517,2021-04-09,35.9,-79.0197222222222,35.8933333333333
USGS-02097517,2021-04-10,38.6,-79.0197222222222,35.8933333333333
USGS-02097517,2021-04-11,182.0,-79.0197222222222,35.8933333333333
USGS-02097517,2021-04-12,102.0,-79.0197222222222,35.8933333333333
USGS-02097517,2021-04-13,73.2,-79.0197222222222,35.8933333333333
USGS-02097517,2021-04-14,54.4,-79.0197222222222,35.8933333333333
USGS-02097517,2021-04-15,59.1,-79.0197222222222,35.8933333333333
USGS-02097517,2021-04-16,59.9,-79.0197222222222,35.8933333333333
USGS-02097517,2021-04-17,57.1,-79.0197222222222,35.8933333333333
USGS-02097517,2021-04-18,56.5,-79.0197222222222,35.8933333333333
USGS-02097517,2021-04-19,55.8,-79.0197222222222,35.8933333333333
USGS-02097517,2021-04-20,52.3,-79.0197222222222,35.8933333333333
USGS-02097517,2021-04-21,53.5,-79.0197222222222,35.8933333333333
USGS-02097517,2021-04-22,55.0,-79.0197222222222,35.8933333333333
USGS-02097517,2021-04-23,46.3,-79.0197222222222,35.8933333333333
USGS-02097517,2021-04-24,66.7,-79.0197222222222,35.8933333333333
USGS-02097517,2021-04-25,96.1,-79.0197222222222,35.8933333333333
USGS-02097517,2021-04-26,70.4,-79.0197222222222,35.8933333333333
USGS-02097517,2021-04-27,55.0,-79.0197222222222,35.8933333333333
USGS-02097517,2021-04-28,42.2,-79.0197222222222,35.8933333333333
USGS-02097517,2021-04-29,41.7,-79.0197222222222,35.8933333333333
USGS-02097517,2021-04-30,45.4,-79.0197222222222,35.8933333333333
USGS-02097517,2021-05-01,36.5,-79.0197222222222,35.8933333333333
USGS-02097517,2021-05-02,29.7,-79.0197222222222,35.8933333333333
USGS-02097517,2021-05-03,40.8,-79.0197222222222,35.8933333333333
USGS-02097517,2021-05-04,60.3,-79.0197222222222,35.8933333333333
USGS-02097517,2021-05-05,64.1,-79.0197222222222,35.8933333333333
USGS-02097517,2021-05-06,37.8,-79.0197222222222,35.8933333333333
USGS-02097517,2021-05-07,49.9,-79.0197222222222,35.8933333333333
USGS-02097517,2021-05-08,48.8,-79.0197222222222,35.8933333333333
USGS-02097517,2021-05-09,33.1,-79.0197222222222,35.8933333333333
USGS-02097517,2021-05-10,55.5,-79.0197222222222,35.8933333333333
USGS-02097517,2021-05-11,72.5,-79.0197222222222,35.8933333333333
USGS-02097517,2021-05-12,52.8,-79.0197222222222,35.8933333333333
USGS-02097517,2021-05-13,46.2,-79.0197222222222,35.8933333333333
USGS-02097517,2021-05-14,30.7,-79.0197222222222,35.8933333333333
USGS-02097517,2021-05-15,27.0,-79.0197222222222,35.8933333333333
USGS-02097517,2021-05-16,26.5,-79.0197222222222,35.8933333333333
USGS-02097517,2021-05-17,31.6,-79.0197222222222,35.8933333333333
USGS-02097517,2021-05-18,30.7,-79.0197222222222,35.8933333333333
USGS-02097517,2021-05-19,25.0,-79.0197222222222,35.8933333333333
USGS-02097517,2021-05-20,20.3,-79.0197222222222,35.8933333333333
USGS-02097517,2021-05-21,18.4,-79.0197222222222,35.8933333333333
USGS-02097517,2021-05-22,17.1,-79.0197222222222,35.8933333333333
USGS-02097517,2021-05-23,16.4,-79.0197222222222,35.8933333333333
USGS-02097517,2021-05-24,17.3,-79.0197222222222,35.8933333333333
USGS-02097517,2021-05-25,15.4,-79.0197222222222,35.8933333333333
USGS-02097517,2021-05-26,15.0,-79.0197222222222,35.8933333333333
USGS-02097517,2021-05-27,14.8,-79.0197222222222,35.8933333333333
USGS-02097517,2021-05-28,14.9,-79.0197222222222,35.8933333333333
USGS-02097517,2021-05-29,15.2,-79.0197222222222,35.8933333333333
USGS-02097517,2021-05-30,18.4,-79.0197222222222,35.8933333333333
USGS-02097517,2021-05-31,16.9,-79.0197222222222,35.8933333333333
USGS-02097517,2021-06-01,16.2,-79.0197222222222,35.8933333333333
USGS-02097517,2021-06-02,16.3,-79.0197222222222,35.8933333333333
USGS-02097517,2021-06-03,94.2,-79.0197222222222,35.8933333333333
USGS-02097517,2021-06-04,95.3,-79.0197222222222,35.8933333333333
USGS-02097517,2021-06-05,30.6,-79.0197222222222,35.8933333333333
USGS-02097517,2021-06-06,20.6,-79.0197222222222,35.8933333333333
USGS-02097517,2021-06-07,17.7,-79.0197222222222,35.8933333333333
USGS-02097517,2021-06-08,21.3,-79.0197222222222,35.8933333333333
USGS-02097517,2021-06-09,18.9,-79.0197222222222,35.8933333333333
USGS-02097517,2021-06-10,34.8,-79.0197222222222,35.8933333333333
USGS-02097517,2021-06-11,89.0,-79.0197222222222,35.8933333333333
USGS-02097517,2021-06-12,51.2,-79.0197222222222,35.8933333333333
USGS-02097517,2021-06-13,21.4,-79.0197222222222,35.8933333333333
USGS-02097517,2021-06-14,17.7,-79.0197222222222,35.8933333333333
USGS-02097517,2021-06-15,16.9,-79.0197222222222,35.8933333333333
USGS-02097517,2021-06-16,14.8,-79.0197222222222,35.8933333333333
USGS-02097517,2021-06-17,13.8,-79.0197222222222,35.8933333333333
USGS-02097517,2021-06-18,13.3,-79.0197222222222,35.8933333333333
USGS-02097517,2021-06-19,11.2,-79.0197222222222,35.8933333333333
USGS-02097517,2021-06-20,39.3,-79.0197222222222,35.8933333333333
USGS-02097517,2021-06-21,21.8,-79.0197222222222,35.8933333333333
USGS-02097517,2021-06-22,91.7,-79.0197222222222,35.8933333333333
USGS-02097517,2021-06-23,79.6,-79.0197222222222,35.8933333333333
USGS-02097517,2021-06-24,25.0,-79.0197222222222,35.8933333333333
USGS-02097517,2021-06-25,17.2,-79.0197222222222,35.8933333333333
USGS-02097517,2021-06-26,15.9,-79.0197222222222,35.8933333333333
USGS-02097517,2021-06-27,15.8,-79.0197222222222,35.8933333333333
USGS-02097517,2021-06-28,14.7,-79.0197222222222,35.8933333333333
USGS-02097517,2021-06-29,12.2,-79.0197222222222,35.8933333333333
USGS-02097517,2021-06-30,12.2,-79.0197222222222,35.8933333333333
USGS-02097517,2021-07-01,11.7,-79.0197222222222,35.8933333333333
USGS-02097517,2021-07-02,29.7,-79.0197222222222,35.8933333333333
USGS-02097517,2021-07-03,118.0,-79.0197222222222,35.8933333333333
USGS-02097517,2021-07-04,28.6,-79.0197222222222,35.8933333333333
USGS-02097517,2021-07-05,15.6,-79.0197222222222,35.8933333333333
USGS-02097517,2021-07-06,13.3,-79.0197222222222,35.8933333333333
USGS-02097517,2021-07-07,12.6,-79.0197222222222,35.8933333333333
USGS-02097517,2021-07-08,194.0,-79.0197222222222,35.8933333333333
USGS-02097517,2021-07-09,208.0,-79.0197222222222,35.8933333333333
USGS-02097517,2021-07-10,136.0,-79.0197222222222,35.8933333333333
USGS-02097517,2021-07-11,42.4,-79.0197222222222,35.8933333333333
USGS-02097517,2021-07-12,22.4,-79.0197222222222,35.8933333333333
USGS-02097517,2021-07-13,17.3,-79.0197222222222,35.8933333333333
USGS-02097517,2021-07-14,15.7,-79.0197222222222,35.8933333333333
USGS-02097517,2021-07-15,16.6,-79.0197222222222,35.8933333333333
USGS-02097517,2021-07-16,14.1,-79.0197222222222,35.8933333333333
USGS-02097517,2021-07-17,12.8,-79.0197222222222,35.8933333333333
USGS-02097517,2021-07-18,15.7,-79.0197222222222,35.8933333333333
USGS-02097517,2021-07-19,230.0,-79.0197222222222,35.8933333333333
USGS-02097517,2021-07-20,127.0,-79.0197222222222,35.8933333333333
USGS-02097517,2021-07-21,42.7,-79.0197222222222,35.8933333333333
USGS-02097517,2021-07-22,21.7,-79.0197222222222,35.8933333333333
USGS-02097517,2021-07-23,15.4,-79.0197222222222,35.8933333333333
USGS-02097517,2021-07-24,13.7,-79.0197222222222,35.8933333333333
USGS-02097517,2021-07-25,12.9,-79.0197222222222,35.8933333333333
USGS-02097517,2021-07-26,11.9,-79.0197222222222,35.8933333333333
USGS-02097517,2021-07-27,11.9,-79.0197222222222,35.8933333333333
USGS-02097517,2021-07-28,12.0,-79.0197222222222,35.8933333333333
USGS-02097517,2021-07-29,12.2,-79.0197222222222,35.8933333333333
USGS-02097517,2021-07-30,12.2,-79.0197222222222,35.8933333333333
USGS-02097517,2021-07-31,11.8,-79.0197222222222,35.8933333333333
USGS-02097517,2021-08-01,11.7,-79.0197222222222,35.8933333333333
USGS-02097517,2021-08-02,12.1,-79.0197222222222,35.8933333333333
USGS-02097517,2021-08-03,12.0,-79.0197222222222,35.8933333333333
USGS-02097517,2021-08-04,12.2,-79.0197222222222,35.8933333333333
USGS-02097517,2021-08-05,12.0,-79.0197222222222,35.8933333333333
USGS-02097517,2021-08-06,12.2,-79.0197222222222,35.8933333333333
USGS-02097517,2021-08-07,44.8,-79.0197222222222,35.8933333333333
USGS-02097517,2021-08-08,14.2,-79.0197222222222,35.8933333333333
USGS-02097517,2021-08-09,12.6,-79.0197222222222,35.8933333333333
USGS-02097517,2021-08-10,12.1,-79.0197222222222,35.8933333333333
USGS-02097517,2021-08-11,12.1,-79.0197222222222,35.8933333333333
USGS-02097517,2021-08-12,11.9,-79.0197222222222,35.8933333333333
USGS-02097517,2021-08-13,12.3,-79.0197222222222,35.8933333333333
USGS-02097517,2021-08-14,13.0,-79.0197222222222,35.8933333333333
USGS-02097517,2021-08-15,12.9,-79.0197222222222,35.8933333333333
USGS-02097517,2021-08-16,13.0,-79.0197222222222,35.8933333333333
USGS-02097517,2021-08-17,15.0,-79.0197222222222,35.8933333333333
USGS-02097517,2021-08-18,16.6,-79.0197222222222,35.8933333333333
USGS-02097517,2021-08-19,11.7,-79.0197222222222,35.8933333333333
USGS-02097517,2021-08-20,11.4,-79.0197222222222,35.8933333333333
USGS-02097517,2021-08-21,14.8,-79.0197222222222,35.8933333333333
USGS-02097517,2021-08-22,11.5,-79.0197222222222,35.8933333333333
USGS-02097517,2021-08-23,10.6,-79.0197222222222,35.8933333333333
USGS-02097517,2021-08-24,34.5,-79.0197222222222,35.8933333333333
USGS-02097517,2021-08-25,22.3,-79.0197222222222,35.8933333333333
USGS-02097517,2021-08-26,11.2,-79.0197222222222,35.8933333333333
USGS-02097517,2021-08-27,10.4,-79.0197222222222,35.8933333333333
USGS-02097517,2021-08-28,10.3,-79.0197222222222,35.8933333333333
USGS-02097517,2021-08-29,10.3,-79.0197222222222,35.8933333333333
USGS-02097517,2021-08-30,9.12,-79.0197222222222,35.8933333333333
USGS-02097517,2021-08-31,8.96,-79.0197222222222,35.8933333333333
USGS-02097517,2021-09-01,14.4,-79.0197222222222,35.8933333333333
USGS-02097517,2021-09-02,23.9,-79.0197222222222,35.8933333333333
USGS-02097517,2021-09-03,10.7,-79.0197222222222,35.8933333333333
USGS-02097517,2021-09-04,8.78,-79.0197222222222,35.8933333333333
USGS-02097517,2021-09-05,8.53,-79.0197222222222,35.8933333333333
USGS-02097517,2021-09-06,9.61,-79.0197222222222,35.8933333333333
USGS-02097517,2021-09-07,9.89,-79.0197222222222,35.8933333333333
USGS-02097517,2021-09-08,9.63,-79.0197222222222,35.8933333333333
USGS-02097517,2021-09-09,38.5,-79.0197222222222,35.8933333333333
USGS-02097517,2021-09-10,13.3,-79.0197222222222,35.8933333333333
USGS-02097517,2021-09-11,10.6,-79.0197222222222,35.8933333333333
USGS-02097517,2021-09-12,9.97,-79.0197222222222,35.8933333333333
USGS-02097517,2021-09-13,9.84,-79.0197222222222,35.8933333333333
USGS-02097517,2021-09-14,9.74,-79.0197222222222,35.8933333333333
USGS-02097517,2021-09-15,9.77,-79.0197222222222,35.8933333333333
USGS-02097517,2021-09-16,9.88,-79.0197222222222,35.8933333333333
USGS-02097517,2021-09-17,9.12,-79.0197222222222,35.8933333333333
USGS-02097517,2021-09-18,10.2,-79.0197222222222,35.8933333333333
USGS-02097517,2021-09-19,8.92,-79.0197222222222,35.8933333333333
USGS-02097517,2021-09-20,8.98,-79.0197222222222,35.8933333333333
USGS-02097517,2021-09-21,14.7,-79.0197222222222,35.8933333333333
USGS-02097517,2021-09-22,86.1,-79.0197222222222,35.8933333333333
USGS-02097517,2021-09-23,55.3,-79.0197222222222,35.8933333333333
USGS-02097517,2021-09-24,12.4,-79.0197222222222,35.8933333333333
USGS-02097517,2021-09-25,11.8,-79.0197222222222,35.8933333333333
USGS-02097517,2021-09-26,10.3,-79.0197222222222,35.8933333333333
USGS-02097517,2021-09-27,9.68,-79.0197222222222,35.8933333333333
USGS-02097517,2021-09-28,9.41,-79.0197222222222,35.8933333333333
USGS-02097517,2021-09-29,9.16,-79.0197222222222,35.8933333333333
USGS-02097517,2021-09-30,9.36,-79.0197222222222,35.8933333333333
USGS-02097517,2021-10-01,9.54,-79.0197222222222,35.8933333333333
USGS-02097517,2021-10-02,9.01,-79.0197222222222,35.8933333333333
USGS-02097517,2021-10-03,8.62,-79.0197222222222,35.8933333333333
USGS-02097517,2021-10-04,10.5,-79.0197222222222,35.8933333333333
USGS-02097517,2021-10-05,10.2,-79.0197222222222,35.8933333333333
USGS-02097517,2021-10-06,9.13,-79.0197222222222,35.8933333333333
USGS-02097517,2021-10-07,9.53,-79.0197222222222,35.8933333333333
USGS-02097517,2021-10-08,9.95,-79.0197222222222,35.8933333333333
USGS-02097517,2021-10-09,36.7,-79.0197222222222,35.8933333333333
USGS-02097517,2021-10-10,12.0,-79.0197222222222,35.8933333333333
USGS-02097517,2021-10-11,11.1,-79.0197222222222,35.8933333333333
USGS-02097517,2021-10-12,10.7,-79.0197222222222,35.8933333333333
USGS-02097517,2021-10-13,11.3,-79.0197222222222,35.8933333333333
USGS-02097517,2021-10-14,11.3,-79.0197222222222,35.8933333333333
USGS-02097517,2021-10-15,11.7,-79.0197222222222,35.8933333333333
USGS-02097517,2021-10-16,13.2,-79.0197222222222,35.8933333333333
USGS-02097517,2021-10-17,13.2,-79.0197222222222,35.8933333333333
USGS-02097517,2021-10-18,11.9,-79.0197222222222,35.8933333333333
USGS-02097517,2021-10-19,11.1,-79.0197222222222,35.8933333333333
USGS-02097517,2021-10-20,11.8,-79.0197222222222,35.8933333333333
USGS-02097517,2021-10-21,11.5,-79.0197222222222,35.8933333333333
USGS-02097517,2021-10-22,11.8,-79.0197222222222,35.8933333333333
USGS-02097517,2021-10-23,11.6,-79.0197222222222,35.8933333333333
USGS-02097517,2021-10-24,11.9,-79.0197222222222,35.8933333333333
USGS-02097517,2021-10-25,22.4,-79.0197222222222,35.8933333333333
USGS-02097517,2021-10-26,29.5,-79.0197222222222,35.8933333333333
USGS-02097517,2021-10-27,7.91,-79.0197222222222,35.8933333333333
USGS-02097517,2021-10-28,8.01,-79.0197222222222,35.8933333333333
USGS-02097517,2021-10-29,9.52,-79.0197222222222,35.8933333333333
USGS-02097517,2021-10-30,8.05,-79.0197222222222,35.8933333333333
USGS-02097517,2021-10-31,7.65,-79.0197222222222,35.8933333333333
USGS-02097517,2021-11-01,7.58,-79.0197222222222,35.8933333333333
USGS-02097517,2021-11-02,7.7,-79.0197222222222,35.8933333333333
USGS-02097517,2021-11-03,7.71,-79.0197222222222,35.8933333333333
USGS-02097517,2021-11-04,7.82,-79.0197222222222,35.8933333333333
USGS-02097517,2021-11-05,7.83,-79.0197222222222,35.8933333333333
USGS-02097517,2021-11-06,7.76,-79.0197222222222,35.8933333333333
USGS-02097517,2021-11-07,7.98,-79.0197222222222,35.8933333333333
USGS-02097517,2021-11-08,7.73,-79.0197222222222,35.8933333333333
USGS-02097517,2021-11-09,7.39,-79.0197222222222,35.8933333333333
USGS-02097517,2021-11-10,7.44,-79.0197222222222,35.8933333333333
USGS-02097517,2021-11-11,7.55,-79.0197222222222,35.8933333333333
USGS-02097517,2021-11-12,7.81,-79.0197222222222,35.8933333333333
USGS-02097517,2021-11-13,7.76,-79.0197222222222,35.8933333333333
USGS-02097517,2021-11-14,7.85,-79.0197222222222,35.8933333333333
USGS-02097517,2021-11-15,8.32,-79.0197222222222,35.8933333333333
USGS-02097517,2021-11-16,8.12,-79.0197222222222,35.8933333333333
USGS-02097517,2021-11-17,8.66,-79.0197222222222,35.8933333333333
USGS-02097517,2021-11-18,7.69,-79.0197222222222,35.8933333333333
USGS-02097517,2021-11-19,7.57,-79.0197222222222,35.8933333333333
USGS-02097517,2021-11-20,7.63,-79.0197222222222,35.8933333333333
USGS-02097517,2021-11-21,7.01,-79.0197222222222,35.8933333333333
USGS-02097517,2021-11-22,11.9,-79.0197222222222,35.8933333333333
USGS-02097517,2021-11-23,9.39,-79.0197222222222,35.8933333333333
USGS-02097517,2021-11-24,7.68,-79.0197222222222,35.8933333333333
USGS-02097517,2021-11-25,6.99,-79.0197222222222,35.8933333333333
USGS-02097517,2021-11-26,7.51,-79.0197222222222,35.8933333333333
USGS-02097517,2021-11-27,7.51,-79.0197222222222,35.8933333333333
USGS-02097517,2021-11-28,7.56,-79.0197222222222,35.8933333333333
USGS-02097517,2021-11-29,7.97,-79.0197222222222,35.8933333333333
USGS-02097517,2021-11-30,7.87,-79.0197222222222,35.8933333333333
USGS-02097517,2021-12-01,7.95,-79.0197222222222,35.8933333333333
USGS-02097517,2021-12-02,8.11,-79.0197222222222,35.8933333333333
USGS-02097517,2021-12-03,7.78,-79.0197222222222,35.8933333333333
USGS-02097517,2021-12-04,7.88,-79.0197222222222,35.8933333333333
USGS-02097517,2021-12-05,7.78,-79.0197222222222,35.8933333333333
USGS-02097517,2021-12-06,7.9,-79.0197222222222,35.8933333333333
USGS-02097517,2021-12-07,7.94,-79.0197222222222,35.8933333333333
USGS-02097517,2021-12-08,8.2,-79.0197222222222,35.8933333333333
USGS-02097517,2021-12-09,7.77,-79.0197222222222,35.8933333333333
USGS-02097517,2021-12-10,7.75,-79.0197222222222,35.8933333333333
USGS-02097517,2021-12-11,8.6,-79.0197222222222,35.8933333333333
USGS-02097517,2021-12-12,9.59,-79.0197222222222,35.8933333333333
USGS-02097517,2021-12-13,7.83,-79.0197222222222,35.8933333333333
USGS-02097517,2021-12-14,7.31,-79.0197222222222,35.8933333333333
USGS-02097517,2021-12-15,7.32,-79.0197222222222,35.8933333333333
USGS-02097517,2021-12-16,7.3,-79.0197222222222,35.8933333333333
USGS-02097517,2021-12-17,7.19,-79.0197222222222,35.8933333333333
USGS-02097517,2021-12-18,7.1,-79.0197222222222,35.8933333333333
USGS-02097517,2021-12-19,33.5,-79.0197222222222,35.8933333333333
USGS-02097517,2021-12-20,11.7,-79.0197222222222,35.8933333333333
USGS-02097517,2021-12-21,8.16,-79.0197222222222,35.8933333333333
USGS-02097517,2021-12-22,8.82,-79.0197222222222,35.8933333333333
USGS-02097517,2021-12-23,7.63,-79.0197222222222,35.8933333333333
USGS-02097517,2021-12-24,7.21,-79.0197222222222,35.8933333333333
USGS-02097517,2021-12-25,7.02,-79.0197222222222,35.8933333333333
USGS-02097517,2021-12-26,7.0,-79.0197222222222,35.8933333333333
USGS-02097517,2021-12-27,6.96,-79.0197222222222,35.8933333333333
USGS-02097517,2021-12-28,6.98,-79.0197222222222,35.8933333333333
USGS-02097517,2021-12-29,6.91,-79.0197222222222,35.8933333333333
USGS-02097517,2021-12-30,7.36,-79.0197222222222,35.8933333333333
USGS-02097517,2021-12-31,7.25,-79.0197222222222,35.8933333333333
USGS-02097517,2022-01-01,7.26,-79.0197222222222,35.8933333333333
USGS-02097517,2022-01-02,13.4,-79.0197222222222,35.8933333333333
USGS-02097517,2022-01-03,529.0,-79.0197222222222,35.8933333333333
USGS-02097517,2022-01-04,183.0,-79.0197222222222,35.8933333333333
USGS-02097517,2022-01-05,79.1,-79.0197222222222,35.8933333333333
USGS-02097517,2022-01-06,54.6,-79.0197222222222,35.8933333333333
USGS-02097517,2022-01-07,44.2,-79.0197222222222,35.8933333333333
USGS-02097517,2022-01-08,33.7,-79.0197222222222,35.8933333333333
USGS-02097517,2022-01-09,47.7,-79.0197222222222,35.8933333333333
USGS-02097517,2022-01-10,109.0,-79.0197222222222,35.8933333333333
USGS-02097517,2022-01-11,49.3,-79.0197222222222,35.8933333333333
USGS-02097517,2022-01-12,34.7,-79.0197222222222,35.8933333333333
USGS-02097517,2022-01-13,31.1,-79.0197222222222,35.8933333333333
USGS-02097517,2022-01-14,29.0,-79.0197222222222,35.8933333333333
USGS-02097517,2022-01-15,26.6,-79.0197222222222,35.8933333333333
USGS-02097517,2022-01-16,70.9,-79.0197222222222,35.8933333333333
USGS-02097517,2022-01-17,166.0,-79.0197222222222,35.8933333333333
USGS-02097517,2022-01-18,113.0,-79.0197222222222,35.8933333333333
USGS-02097517,2022-01-19,69.1,-79.0197222222222,35.8933333333333
USGS-02097517,2022-01-20,75.1,-79.0197222222222,35.8933333333333
USGS-02097517,2022-01-21,91.7,-79.0197222222222,35.8933333333333
USGS-02097517,2022-01-22,70.8,-79.0197222222222,35.8933333333333
USGS-02097517,2022-01-23,51.6,-79.0197222222222,35.8933333333333
USGS-02097517,2022-01-24,44.5,-79.0197222222222,35.8933333333333
USGS-02097517,2022-01-25,42.9,-79.0197222222222,35.8933333333333
USGS-02097517,2022-01-26,37.5,-79.0197222222222,35.8933333333333
USGS-02097517,2022-01-27,35.3,-79.0197222222222,35.8933333333333
USGS-02097517,2022-01-28,33.0,-79.0197222222222,35.8933333333333
USGS-02097517,2022-01-29,34.9,-79.0197222222222,35.8933333333333
USGS-02097517,2022-01-30,31.8,-79.0197222222222,35.8933333333333
USGS-02097517,2022-01-31,29.4,-79.0197222222222,35.8933333333333
USGS-02097517,2022-02-01,29.2,-79.0197222222222,35.8933333333333
USGS-02097517,2022-02-02,29.2,-79.0197222222222,35.8933333333333
USGS-02097517,2022-02-03,28.5,-79.0197222222222,35.8933333333333
USGS-02097517,2022-02-04,60.2,-79.0197222222222,35.8933333333333
USGS-02097517,2022-02-05,40.4,-79.0197222222222,35.8933333333333
USGS-02097517,2022-02-06,32.6,-79.0197222222222,35.8933333333333
USGS-02097517,2022-02-07,73.9,-79.0197222222222,35.8933333333333
USGS-02097517,2022-02-08,89.7,-79.0197222222222,35.8933333333333
USGS-02097517,2022-02-09,56.2,-79.0197222222222,35.8933333333333
USGS-02097517,2022-02-10,43.1,-79.0197222222222,35.8933333333333
USGS-02097517,2022-02-11,36.0,-79.0197222222222,35.8933333333333
USGS-02097517,2022-02-12,33.0,-79.0197222222222,35.8933333333333
USGS-02097517,2022-02-13,31.7,-79.0197222222222,35.8933333333333
USGS-02097517,2022-02-14,30.9,-79.0197222222222,35.8933333333333
USGS-02097517,2022-02-15,29.5,-79.0197222222222,35.8933333333333
USGS-02097517,2022-02-16,28.4,-79.0197222222222,35.8933333333333
USGS-02097517,2022-02-17,29.6,-79.0197222222222,35.8933333333333
USGS-02097517,2022-02-18,33.0,-79.0197222222222,35.8933333333333
USGS-02097517,2022-02-19,28.9,-79.0197222222222,35.8933333333333
USGS-02097517,2022-02-20,27.7,-79.0197222222222,35.8933333333333
USGS-02097517,2022-02-21,27.4,-79.0197222222222,35.8933333333333
USGS-02097517,2022-02-22,27.5,-79.0197222222222,35.8933333333333
USGS-02097517,2022-02-23,31.7,-79.0197222222222,35.8933333333333
USGS-02097517,2022-02-24,31.4,-79.0197222222222,35.8933333333333
USGS-02097517,2022-02-25,31.7,-79.0197222222222,35.8933333333333
USGS-02097517,2022-02-26,30.1,-79.0197222222222,35.8933333333333
USGS-02097517,2022-02-27,34.4,-79.0197222222222,35.8933333333333
USGS-02097517,2022-02-28,34.1,-79.0197222222222,35.8933333333333
USGS-02097517,2022-03-01,29.7,-79.0197222222222,35.8933333333333
USGS-02097517,2022-03-02,28.8,-79.0197222222222,35.8933333333333
USGS-02097517,2022-03-03,27.8,-79.0197222222222,35.8933333333333
USGS-02097517,2022-03-04,28.1,-79.0197222222222,35.8933333333333
USGS-02097517,2022-03-05,28.2,-79.0197222222222,35.8933333333333
USGS-02097517,2022-03-06,30.7,-79.0197222222222,35.8933333333333
USGS-02097517,2022-03-07,33.5,-79.0197222222222,35.8933333333333
USGS-02097517,2022-03-08,44.7,-79.0197222222222,35.8933333333333
USGS-02097517,2022-03-09,163.0,-79.0197222222222,35.8933333333333
USGS-02097517,2022-03-10,123.0,-79.0197222222222,35.8933333333333
USGS-02097517,2022-03-11,76.9,-79.0197222222222,35.8933333333333
USGS-02097517,2022-03-12,328.0,-79.0197222222222,35.8933333333333
USGS-02097517,2022-03-13,206.0,-79.0197222222222,35.8933333333333
USGS-02097517,2022-03-14,115.0,-79.0197222222222,35.8933333333333
USGS-02097517,2022-03-15,84.4,-79.0197222222222,35.8933333333333
USGS-02097517,2022-03-16,158.0,-79.0197222222222,35.8933333333333
USGS-02097517,2022-03-17,776.0,-79.0197222222222,35.8933333333333
USGS-02097517,2022-03-18,235.0,-79.0197222222222,35.8933333333333
USGS-02097517,2022-03-19,105.0,-79.0197222222222,35.8933333333333
USGS-02097517,2022-03-20,57.2,-79.0197222222222,35.8933333333333
USGS-02097517,2022-03-21,38.8,-79.0197222222222,35.8933333333333
USGS-02097517,2022-03-22,30.1,-79.0197222222222,35.8933333333333
USGS-02097517,2022-03-23,29.5,-79.0197222222222,35.8933333333333
USGS-02097517,2022-03-24,30.1,-79.0197222222222,35.8933333333333
USGS-02097517,2022-03-25,26.1,-79.0197222222222,35.8933333333333
USGS-02097517,2022-03-26,23.6,-79.0197222222222,35.8933333333333
USGS-02097517,2022-03-27,20.8,-79.0197222222222,35.8933333333333
USGS-02097517,2022-03-28,19.4,-79.0197222222222,35.8933333333333
USGS-02097517,2022-03-29,20.5,-79.0197222222222,35.8933333333333
USGS-02097517,2022-03-30,21.8,-79.0197222222222,35.8933333333333
USGS-02097517,2022-03-31,79.0,-79.0197222222222,35.8933333333333
USGS-02097517,2022-04-01,57.3,-79.0197222222222,35.8933333333333
USGS-02097517,2022-04-02,32.1,-79.0197222222222,35.8933333333333
USGS-02097517,2022-04-03,28.4,-79.0197222222222,35.8933333333333
USGS-02097517,2022-04-04,25.2,-79.0197222222222,35.8933333333333
USGS-02097517,2022-04-05,28.8,-79.0197222222222,35.8933333333333
USGS-02097517,2022-04-06,33.9,-79.0197222222222,35.8933333333333
USGS-02097517,2022-04-07,29.0,-79.0197222222222,35.8933333333333
USGS-02097517,2022-04-08,26.0,-79.0197222222222,35.8933333333333
USGS-02097517,2022-04-09,23.0,-79.0197222222222,35.8933333333333
USGS-02097517,2022-04-10,22.0,-79.0197222222222,35.8933333333333
USGS-02097517,2022-04-11,20.5,-79.0197222222222,35.8933333333333
USGS-02097517,2022-04-12,19.9,-79.0197222222222,35.8933333333333
USGS-02097517,2022-04-13,19.9,-79.0197222222222,35.8933333333333
USGS-02097517,2022-04-14,20.3,-79.0197222222222,35.8933333333333
USGS-02097517,2022-04-15,18.4,-79.0197222222222,35.8933333333333
USGS-02097517,2022-04-16,17.9,-79.0197222222222,35.8933333333333
USGS-02097517,2022-04-17,18.3,-79.0197222222222,35.8933333333333
USGS-02097517,2022-04-18,159.0,-79.0197222222222,35.8933333333333
USGS-02097517,2022-04-19,93.6,-79.0197222222222,35.8933333333333
USGS-02097517,2022-04-20,28.6,-79.0197222222222,35.8933333333333
USGS-02097517,2022-04-21,22.1,-79.0197222222222,35.8933333333333
USGS-02097517,2022-04-22,19.0,-79.0197222222222,35.8933333333333
USGS-02097517,2022-04-23,16.8,-79.0197222222222,35.8933333333333
USGS-02097517,2022-04-24,16.0,-79.0197222222222,35.8933333333333
USGS-02097517,2022-04-25,14.6,-79.0197222222222,35.8933333333333
USGS-02097517,2022-04-26,14.1,-79.0197222222222,35.8933333333333
USGS-02097517,2022-04-27,14.3,-79.0197222222222,35.8933333333333
USGS-02097517,2022-04-28,12.6,-79.0197222222222,35.8933333333333
USGS-02097517,2022-04-29,12.0,-79.0197222222222,35.8933333333333
USGS-02097517,2022-04-30,12.2,-79.0197222222222,35.8933333333333
USGS-02097517,2022-05-01,13.6,-79.0197222222222,35.8933333333333
USGS-02097517,2022-05-02,14.1,-79.0197222222222,35.8933333333333
USGS-02097517,2022-05-03,12.4,-79.0197222222222,35.8933333333333
USGS-02097517,2022-05-04,12.0,-79.0197222222222,35.8933333333333
USGS-02097517,2022-05-05,11.3,-79.0197222222222,35.8933333333333
USGS-02097517,2022-05-06,11.6,-79.0197222222222,35.8933333333333
USGS-02097517,2022-05-07,39.8,-79.0197222222222,35.8933333333333
USGS-02097517,2022-05-08,40.6,-79.0197222222222,35.8933333333333
USGS-02097517,2022-05-09,17.4,-79.0197222222222,35.8933333333333
USGS-02097517,2022-05-10,13.9,-79.0197222222222,35.8933333333333
USGS-02097517,2022-05-11,12.7,-79.0197222222222,35.8933333333333
USGS-02097517,2022-05-12,11.6,-79.0197222222222,35.8933333333333
USGS-02097517,2022-05-13,13.3,-79.0197222222222,35.8933333333333
USGS-02097517,2022-05-14,37.5,-79.0197222222222,35.8933333333333
USGS-02097517,2022-05-15,16.8,-79.0197222222222,35.8933333333333
USGS-02097517,2022-05-16,13.4,-79.0197222222222,35.8933333333333
USGS-02097517,2022-05-17,11.4,-79.0197222222222,35.8933333333333
USGS-02097517,2022-05-18,10.2,-79.0197222222222,35.8933333333333
USGS-02097517,2022-05-19,10.1,-79.0197222222222,35.8933333333333
USGS-02097517,2022-05-20,11.1,-79.0197222222222,35.8933333333333
USGS-02097517,2022-05-21,10.3,-79.0197222222222,35.8933333333333
USGS-02097517,2022-05-22,10.3,-79.0197222222222,35.8933333333333
USGS-02097517,2022-05-23,23.1,-79.0197222222222,35.8933333333333
USGS-02097517,2022-05-24,86.6,-79.0197222222222,35.8933333333333
USGS-02097517,2022-05-25,19.8,-79.0197222222222,35.8933333333333
USGS-02097517,2022-05-26,14.4,-79.0197222222222,35.8933333333333
USGS-02097517,2022-05-27,283.0,-79.0197222222222,35.8933333333333
USGS-02097517,2022-05-28,98.6,-79.0197222222222,35.8933333333333
USGS-02097517,2022-05-29,25.2,-79.0197222222222,35.8933333333333
USGS-02097517,2022-05-30,18.1,-79.0197222222222,35.8933333333333
USGS-02097517,2022-05-31,15.9,-79.0197222222222,35.8933333333333
USGS-02097517,2022-06-01,13.2,-79.0197222222222,35.8933333333333
USGS-02097517,2022-06-02,12.1,-79.0197222222222,35.8933333333333
USGS-02097517,2022-06-03,12.4,-79.0197222222222,35.8933333333333
USGS-02097517,2022-06-04,11.8,-79.0197222222222,35.8933333333333
USGS-02097517,2022-06-05,11.2,-79.0197222222222,35.8933333333333
USGS-02097517,2022-06-06,10.5,-79.0197222222222,35.8933333333333
USGS-02097517,2022-06-07,9.01,-79.0197222222222,35.8933333333333
USGS-02097517,2022-06-08,12.1,-79.0197222222222,35.8933333333333
USGS-02097517,2022-06-09,11.5,-79.0197222222222,35.8933333333333
USGS-02097517,2022-06-10,8.79,-79.0197222222222,35.8933333333333
USGS-02097517,2022-06-11,8.1,-79.0197222222222,35.8933333333333
USGS-02097517,2022-06-12,7.53,-79.0197222222222,35.8933333333333
USGS-02097517,2022-06-13,8.3,-79.0197222222222,35.8933333333333
USGS-02097517,2022-06-14,8.43,-79.0197222222222,35.8933333333333
USGS-02097517,2022-06-15,8.65,-79.0197222222222,35.8933333333333
USGS-02097517,2022-06-16,10.2,-79.0197222222222,35.8933333333333
USGS-02097517,2022-06-17,14.4,-79.0197222222222,35.8933333333333
USGS-02097517,2022-06-18,11.7,-79.0197222222222,35.8933333333333
USGS-02097517,2022-06-19,9.14,-79.0197222222222,35.8933333333333
USGS-02097517,2022-06-20,8.52,-79.0197222222222,35.8933333333333
USGS-02097517,2022-06-21,8.49,-79.0197222222222,35.8933333333333
USGS-02097517,2022-06-22,7.65,-79.0197222222222,35.8933333333333
USGS-02097517,2022-06-23,8.2,-79.0197222222222,35.8933333333333
USGS-02097517,2022-06-24,8.9,-79.0197222222222,35.8933333333333
USGS-02097517,2022-06-25,7.62,-79.0197222222222,35.8933333333333
USGS-02097517,2022-06-26,7.86,-79.0197222222222,35.8933333333333
USGS-02097517,2022-06-27,13.3,-79.0197222222222,35.8933333333333
USGS-02097517,2022-06-28,10.2,-79.0197222222222,35.8933333333333
USGS-02097517,2022-06-29,8.63,-79.0197222222222,35.8933333333333
USGS-02097517,2022-06-30,8.92,-79.0197222222222,35.8933333333333
USGS-02097517,2022-07-01,7.89,-79.0197222222222,35.8933333333333
USGS-02097517,2022-07-02,7.7,-79.0197222222222,35.8933333333333
USGS-02097517,2022-07-03,7.52,-79.0197222222222,35.8933333333333
USGS-02097517,2022-07-04,7.97,-79.0197222222222,35.8933333333333
USGS-02097517,2022-07-05,8.11,-79.0197222222222,35.8933333333333
USGS-02097517,2022-07-06,7.4,-79.0197222222222,35.8933333333333
USGS-02097517,2022-07-07,11.4,-79.0197222222222,35.8933333333333
USGS-02097517,2022-07-08,40.6,-79.0197222222222,35.8933333333333
USGS-02097517,2022-07-09,68.2,-79.0197222222222,35.8933333333333
USGS-02097517,2022-07-10,36.2,-79.0197222222222,35.8933333333333
USGS-02097517,2022-07-11,14.0,-79.0197222222222,35.8933333333333
USGS-02097517,2022-07-12,11.0,-79.0197222222222,35.8933333333333
USGS-02097517,2022-07-13,47.5,-79.0197222222222,35.8933333333333
USGS-02097517,2022-07-14,37.7,-79.0197222222222,35.8933333333333
USGS-02097517,2022-07-15,11.0,-79.0197222222222,35.8933333333333
USGS-02097517,2022-07-16,7.77,-79.0197222222222,35.8933333333333
USGS-02097517,2022-07-17,6.77,-79.0197222222222,35.8933333333333
USGS-02097517,2022-07-18,6.38,-79.0197222222222,35.8933333333333
USGS-02097517,2022-07-19,5.93,-79.0197222222222,35.8933333333333
USGS-02097517,2022-07-20,5.69,-79.0197222222222,35.8933333333333
USGS-02097517,2022-07-21,8.01,-79.0197222222222,35.8933333333333
USGS-02097517,2022-07-22,10.6,-79.0197222222222,35.8933333333333
USGS-02097517,2022-07-23,8.02,-79.0197222222222,35.8933333333333
USGS-02097517,2022-07-24,6.62,-79.0197222222222,35.8933333333333
USGS-02097517,2022-07-25,6.17,-79.0197222222222,35.8933333333333
USGS-02097517,2022-07-26,63.3,-79.0197222222222,35.8933333333333
USGS-02097517,2022-07-27,67.3,-79.0197222222222,35.8933333333333
USGS-02097517,2022-07-28,20.7,-79.0197222222222,35.8933333333333
USGS-02097517,2022-07-29,9.89,-79.0197222222222,35.8933333333333
USGS-02097517,2022-07-30,8.25,-79.0197222222222,35.8933333333333
USGS-02097517,2022-07-31,20.5,-79.0197222222222,35.8933333333333
USGS-02097517,2022-08-01,14.0,-79.0197222222222,35.8933333333333
USGS-02097517,2022-08-02,8.07,-79.0197222222222,35.8933333333333
USGS-02097517,2022-08-03,6.39,-79.0197222222222,35.8933333333333
USGS-02097517,2022-08-04,7.4,-79.0197222222222,35.8933333333333
USGS-02097517,2022-08-05,24.1,-79.0197222222222,35.8933333333333
USGS-02097517,2022-08-06,9.58,-79.0197222222222,35.8933333333333
USGS-02097517,2022-08-07,6.99,-79.0197222222222,35.8933333333333
USGS-02097517,2022-08-08,6.28,-79.0197222222222,35.8933333333333
USGS-02097517,2022-08-09,6.04,-79.0197222222222,35.8933333333333
USGS-02097517,2022-08-10,6.04,-79.0197222222222,35.8933333333333
USGS-02097517,2022-08-11,5.71,-79.0197222222222,35.8933333333333
USGS-02097517,2022-08-12,5.56,-79.0197222222222,35.8933333333333
USGS-02097517,2022-08-13,5.3,-79.0197222222222,35.8933333333333
USGS-02097517,2022-08-14,5.23,-79.0197222222222,35.8933333333333
USGS-02097517,2022-08-15,5.68,-79.0197222222222,35.8933333333333
USGS-02097517,2022-08-16,5.48,-79.0197222222222,35.8933333333333
USGS-02097517,2022-08-17,5.44,-79.0197222222222,35.8933333333333
USGS-02097517,2022-08-18,5.3,-79.0197222222222,35.8933333333333
USGS-02097517,2022-08-19,4.99,-79.0197222222222,35.8933333333333
USGS-02097517,2022-08-20,5.14,-79.0197222222222,35.8933333333333
USGS-02097517,2022-08-21,5.95,-79.0197222222222,35.8933333333333
USGS-02097517,2022-08-22,8.99,-79.0197222222222,35.8933333333333
USGS-02097517,2022-08-23,6.08,-79.0197222222222,35.8933333333333
USGS-02097517,2022-08-24,5.62,-79.0197222222222,35.8933333333333
USGS-02097517,2022-08-25,6.16,-79.0197222222222,35.8933333333333
USGS-02097517,2022-08-26,6.44,-79.0197222222222,35.8933333333333
USGS-02097517,2022-08-27,7.65,-79.0197222222222,35.8933333333333
USGS-02097517,2022-08-28,9.75,-79.0197222222222,35.8933333333333
USGS-02097517,2022-08-29,6.43,-79.0197222222222,35.8933333333333
USGS-02097517,2022-08-30,6.15,-79.0197222222222,35.8933333333333
USGS-02097517,2022-08-31,5.84,-79.0197222222222,35.8933333333333
USGS-02097517,2022-09-01,5.88,-79.0197222222222,35.8933333333333
USGS-02097517,2022-09-02,5.77,-79.0197222222222,35.8933333333333
USGS-02097517,2022-09-03,5.41,-79.0197222222222,35.8933333333333
USGS-02097517,2022-09-04,5.26,-79.0197222222222,35.8933333333333
USGS-02097517,2022-09-05,5.63,-79.0197222222222,35.8933333333333
USGS-02097517,2022-09-06,7.74,-79.0197222222222,35.8933333333333
USGS-02097517,2022-09-07,7.31,-79.0197222222222,35.8933333333333
USGS-02097517,2022-09-08,6.87,-79.0197222222222,35.8933333333333
USGS-02097517,2022-09-09,6.25,-79.0197222222222,35.8933333333333
USGS-02097517,2022-09-10,5.97,-79.0197222222222,35.8933333333333
USGS-02097517,2022-09-11,6.18,-79.0197222222222,35.8933333333333
USGS-02097517,2022-09-12,6.23,-79.0197222222222,35.8933333333333
USGS-02097517,2022-09-13,6.64,-79.0197222222222,35.8933333333333
USGS-02097517,2022-09-14,6.03,-79.0197222222222,35.8933333333333
USGS-02097517,2022-09-15,5.78,-79.0197222222222,35.8933333333333
USGS-02097517,2022-09-16,5.72,-79.0197222222222,35.8933333333333
USGS-02097517,2022-09-17,5.67,-79.0197222222222,35.8933333333333
USGS-02097517,2022-09-18,5.45,-79.0197222222222,35.8933333333333
USGS-02097517,2022-09-19,5.31,-79.0197222222222,35.8933333333333
USGS-02097517,2022-09-20,5.14,-79.0197222222222,35.8933333333333
USGS-02097517,2022-09-21,5.02,-79.0197222222222,35.8933333333333
USGS-02097517,2022-09-22,5.23,-79.0197222222222,35.8933333333333
USGS-02097517,2022-09-23,5.93,-79.0197222222222,35.8933333333333
USGS-02097517,2022-09-24,6.01,-79.0197222222222,35.8933333333333
USGS-02097517,2022-09-25,5.97,-79.0197222222222,35.8933333333333
USGS-02097517,2022-09-26,6.2,-79.0197222222222,35.8933333333333
USGS-02097517,2022-09-27,5.97,-79.0197222222222,35.8933333333333
USGS-02097517,2022-09-28,5.56,-79.0197222222222,35.8933333333333
USGS-02097517,2022-09-29,5.14,-79.0197222222222,35.8933333333333
USGS-02097517,2022-09-30,112.0,-79.0197222222222,35.8933333333333
USGS-02097517,2022-10-01,96.6,-79.0197222222222,35.8933333333333
USGS-02097517,2022-10-02,11.0,-79.0197222222222,35.8933333333333
USGS-02097517,2022-10-03,9.19,-79.0197222222222,35.8933333333333
USGS-02097517,2022-10-04,8.34,-79.0197222222222,35.8933333333333
USGS-02097517,2022-10-05,8.35,-79.0197222222222,35.8933333333333
USGS-02097517,2022-10-06,8.21,-79.0197222222222,35.8933333333333
USGS-02097517,2022-10-07,8.47,-79.0197222222222,35.8933333333333
USGS-02097517,2022-10-08,8.94,-79.0197222222222,35.8933333333333
USGS-02097517,2022-10-09,8.95,-79.0197222222222,35.8933333333333
USGS-02097517,2022-10-10,8.49,-79.0197222222222,35.8933333333333
USGS-02097517,2022-10-11,8.25,-79.0197222222222,35.8933333333333
USGS-02097517,2022-10-12,7.83,-79.0197222222222,35.8933333333333
USGS-02097517,2022-10-13,8.2,-79.0197222222222,35.8933333333333
USGS-02097517,2022-10-14,7.88,-79.0197222222222,35.8933333333333
USGS-02097517,2022-10-15,8.3,-79.0197222222222,35.8933333333333
USGS-02097517,2022-10-16,8.54,-79.0197222222222,35.8933333333333
USGS-02097517,2022-10-17,9.37,-79.0197222222222,35.8933333333333
USGS-02097517,2022-10-18,9.49,-79.0197222222222,35.8933333333333
USGS-02097517,2022-10-19,8.24,-79.0197222222222,35.8933333333333
USGS-02097517,2022-10-20,7.82,-79.0197222222222,35.8933333333333
USGS-02097517,2022-10-21,7.63,-79.0197222222222,35.8933333333333
USGS-02097517,2022-10-22,7.86,-79.0197222222222,35.8933333333333
USGS-02097517,2022-10-23,8.19,-79.0197222222222,35.8933333333333
USGS-02097517,2022-10-24,8.55,-79.0197222222222,35.8933333333333
USGS-02097517,2022-10-25,8.47,-79.0197222222222,35.8933333333333
USGS-02097517,2022-10-26,8.61,-79.0197222222222,35.8933333333333
USGS-02097517,2022-10-27,8.23,-79.0197222222222,35.8933333333333
USGS-02097517,2022-10-28,8.21,-79.0197222222222,35.8933333333333
USGS-02097517,2022-10-29,8.27,-79.0197222222222,35.8933333333333
USGS-02097517,2022-10-30,8.43,-79.0197222222222,35.8933333333333
USGS-02097517,2022-10-31,9.47,-79.0197222222222,35.8933333333333
USGS-02097517,2022-11-01,11.5,-79.0197222222222,35.8933333333333
USGS-02097517,2022-11-02,8.63,-79.0197222222222,35.8933333333333
USGS-02097517,2022-11-03,8.46,-79.0197222222222,35.8933333333333
USGS-02097517,2022-11-04,8.47,-79.0197222222222,35.8933333333333
USGS-02097517,2022-11-05,8.56,-79.0197222222222,35.8933333333333
USGS-02097517,2022-11-06,9.19,-79.0197222222222,35.8933333333333
USGS-02097517,2022-11-07,9.4,-79.0197222222222,35.8933333333333
USGS-02097517,2022-11-08,9.84,-79.0197222222222,35.8933333333333
USGS-02097517,2022-11-09,9.79,-79.0197222222222,35.8933333333333
USGS-02097517,2022-11-10,9.35,-79.0197222222222,35.8933333333333
USGS-02097517,2022-11-11,52.8,-79.0197222222222,35.8933333333333
USGS-02097517,2022-11-12,13.8,-79.0197222222222,35.8933333333333
USGS-02097517,2022-11-13,9.3,-79.0197222222222,35.8933333333333
USGS-02097517,2022-11-14,8.69,-79.0197222222222,35.8933333333333
USGS-02097517,2022-11-15,9.78,-79.0197222222222,35.8933333333333
USGS-02097517,2022-11-16,11.0,-79.0197222222222,35.8933333333333
USGS-02097517,2022-11-17,8.76,-79.0197222222222,35.8933333333333
USGS-02097517,2022-11-18,8.45,-79.0197222222222,35.8933333333333
USGS-02097517,2022-11-19,8.4,-79.0197222222222,35.8933333333333
USGS-02097517,2022-11-20,8.76,-79.0197222222222,35.8933333333333
USGS-02097517,2022-11-21,9.09,-79.0197222222222,35.8933333333333
USGS-02097517,2022-11-22,8.96,-79.0197222222222,35.8933333333333
USGS-02097517,2022-11-23,8.47,-79.0197222222222,35.8933333333333
USGS-02097517,2022-11-24,8.15,-79.0197222222222,35.8933333333333
USGS-02097517,2022-11-25,66.4,-79.0197222222222,35.8933333333333
USGS-02097517,2022-11-26,10.9,-79.0197222222222,35.8933333333333
USGS-02097517,2022-11-27,200.0,-79.0197222222222,35.8933333333333
USGS-02097517,2022-11-28,79.3,-79.0197222222222,35.8933333333333
USGS-02097517,2022-11-29,20.1,-79.0197222222222,35.8933333333333
USGS-02097517,2022-11-30,48.7,-79.0197222222222,35.8933333333333
USGS-02097517,2022-12-01,27.2,-79.0197222222222,35.8933333333333
USGS-02097517,2022-12-02,15.6,-79.0197222222222,35.8933333333333
USGS-02097517,2022-12-03,15.1,-79.0197222222222,35.8933333333333
USGS-02097517,2022-12-04,14.3,-79.0197222222222,35.8933333333333
USGS-02097517,2022-12-05,12.3,-79.0197222222222,35.8933333333333
USGS-02097517,2022-12-06,11.7,-79.0197222222222,35.8933333333333
USGS-02097517,2022-12-07,16.7,-79.0197222222222,35.8933333333333
USGS-02097517,2022-12-08,14.1,-79.0197222222222,35.8933333333333
USGS-02097517,2022-12-09,14.8,-79.0197222222222,35.8933333333333
USGS-02097517,2022-12-10,12.7,-79.0197222222222,35.8933333333333
USGS-02097517,2022-12-11,11.7,-79.0197222222222,35.8933333333333
USGS-02097517,2022-12-12,11.3,-79.0197222222222,35.8933333333333
USGS-02097517,2022-12-13,10.6,-79.0197222222222,35.8933333333333
USGS-02097517,2022-12-14,10.4,-79.0197222222222,35.8933333333333
USGS-02097517,2022-12-15,264.0,-79.0197222222222,35.8933333333333
USGS-02097517,2022-12-16,191.0,-79.0197222222222,35.8933333333333
USGS-02097517,2022-12-17,49.9,-79.0197222222222,35.8933333333333
USGS-02097517,2022-12-18,33.3,-79.0197222222222,35.8933333333333
USGS-02097517,2022-12-19,26.6,-79.0197222222222,35.8933333333333
USGS-02097517,2022-12-20,22.3,-79.0197222222222,35.8933333333333
USGS-02097517,2022-12-21,21.2,-79.0197222222222,35.8933333333333
USGS-02097517,2022-12-22,106.0,-79.0197222222222,35.8933333333333
USGS-02097517,2022-12-23,145.0,-79.0197222222222,35.8933333333333
USGS-02097517,2022-12-24,46.9,-79.0197222222222,35.8933333333333
USGS-02097517,2022-12-25,31.5,-79.0197222222222,35.8933333333333
USGS-02097517,2022-12-26,25.8,-79.0197222222222,35.8933333333333
USGS-02097517,2022-12-27,23.9,-79.0197222222222,35.8933333333333
USGS-02097517,2022-12-28,23.2,-79.0197222222222,35.8933333333333
USGS-02097517,2022-12-29,22.6,-79.0197222222222,35.8933333333333
USGS-02097517,2022-12-30,22.7,-79.0197222222222,35.8933333333333
USGS-02097517,2022-12-31,26.4,-79.0197222222222,35.8933333333333
USGS-02097517,2023-01-01,29.7,-79.0197222222222,35.8933333333333
USGS-02097517,2023-01-02,26.9,-79.0197222222222,35.8933333333333
USGS-02097517,2023-01-03,23.9,-79.0197222222222,35.8933333333333
USGS-02097517,2023-01-04,41.3,-79.0197222222222,35.8933333333333
USGS-02097517,2023-01-05,43.7,-79.0197222222222,35.8933333333333
USGS-02097517,2023-01-06,33.1,-79.0197222222222,35.8933333333333
USGS-02097517,2023-01-07,27.0,-79.0197222222222,35.8933333333333
USGS-02097517,2023-01-08,25.2,-79.0197222222222,35.8933333333333
USGS-02097517,2023-01-09,27.5,-79.0197222222222,35.8933333333333
USGS-02097517,2023-01-10,25.1,-79.0197222222222,35.8933333333333
USGS-02097517,2023-01-11,23.2,-79.0197222222222,35.8933333333333
USGS-02097517,2023-01-12,23.9,-79.0197222222222,35.8933333333333
USGS-02097517,2023-01-13,42.7,-79.0197222222222,35.8933333333333
USGS-02097517,2023-01-14,34.0,-79.0197222222222,35.8933333333333
USGS-02097517,2023-01-15,28.4,-79.0197222222222,35.8933333333333
USGS-02097517,2023-01-16,26.1,-79.0197222222222,35.8933333333333
USGS-02097517,2023-01-17,25.6,-79.0197222222222,35.8933333333333
USGS-02097517,2023-01-18,25.6,-79.0197222222222,35.8933333333333
USGS-02097517,2023-01-19,23.9,-79.0197222222222,35.8933333333333
USGS-02097517,2023-01-20,23.6,-79.0197222222222,35.8933333333333
USGS-02097517,2023-01-21,21.4,-79.0197222222222,35.8933333333333
USGS-02097517,2023-01-22,34.3,-79.0197222222222,35.8933333333333
USGS-02097517,2023-01-23,64.9,-79.0197222222222,35.8933333333333
USGS-02097517,2023-01-24,42.9,-79.0197222222222,35.8933333333333
USGS-02097517,2023-01-25,136.0,-79.0197222222222,35.8933333333333
USGS-02097517,2023-01-26,252.0,-79.0197222222222,35.8933333333333
USGS-02097517,2023-01-27,80.2,-79.0197222222222,35.8933333333333
USGS-02097517,2023-01-28,52.6,-79.0197222222222,35.8933333333333
USGS-02097517,2023-01-29,43.8,-79.0197222222222,35.8933333333333
USGS-02097517,2023-01-30,47.4,-79.0197222222222,35.8933333333333
USGS-02097517,2023-01-31,44.4,-79.0197222222222,35.8933333333333
USGS-02097517,2023-02-01,49.1,-79.0197222222222,35.8933333333333
USGS-02097517,2023-02-02,64.4,-79.0197222222222,35.8933333333333
USGS-02097517,2023-02-03,80.2,-79.0197222222222,35.8933333333333
USGS-02097517,2023-02-04,54.2,-79.0197222222222,35.8933333333333
USGS-02097517,2023-02-05,44.8,-79.0197222222222,35.8933333333333
USGS-02097517,2023-02-06,40.9,-79.0197222222222,35.8933333333333
USGS-02097517,2023-02-07,37.1,-79.0197222222222,35.8933333333333
USGS-02097517,2023-02-08,35.0,-79.0197222222222,35.8933333333333
USGS-02097517,2023-02-09,33.0,-79.0197222222222,35.8933333333333
USGS-02097517,2023-02-10,31.5,-79.0197222222222,35.8933333333333
USGS-02097517,2023-02-11,29.9,-79.0197222222222,35.8933333333333
USGS-02097517,2023-02-12,268.0,-79.0197222222222,35.8933333333333
USGS-02097517,2023-02-13,201.0,-79.0197222222222,35.8933333333333
USGS-02097517,2023-02-14,82.6,-79.0197222222222,35.8933333333333
USGS-02097517,2023-02-15,57.5,-79.0197222222222,35.8933333333333
USGS-02097517,2023-02-16,47.3,-79.0197222222222,35.8933333333333
USGS-02097517,2023-02-17,46.6,-79.0197222222222,35.8933333333333
USGS-02097517,2023-02-18,43.7,-79.0197222222222,35.8933333333333
USGS-02097517,2023-02-19,39.0,-79.0197222222222,35.8933333333333
USGS-02097517,2023-02-20,37.7,-79.0197222222222,35.8933333333333
USGS-02097517,2023-02-21,35.7,-79.0197222222222,35.8933333333333
USGS-02097517,2023-02-22,32.9,-79.0197222222222,35.8933333333333
USGS-02097517,2023-02-23,34.0,-79.0197222222222,35.8933333333333
USGS-02097517,2023-02-24,33.6,-79.0197222222222,35.8933333333333
USGS-02097517,2023-02-25,30.2,-79.0197222222222,35.8933333333333
USGS-02097517,2023-02-26,30.7,-79.0197222222222,35.8933333333333
USGS-02097517,2023-02-27,30.6,-79.0197222222222,35.8933333333333
USGS-02097517,2023-02-28,30.4,-79.0197222222222,35.8933333333333
USGS-02097517,2023-03-01,28.8,-79.0197222222222,35.8933333333333
USGS-02097517,2023-03-02,106.0,-79.0197222222222,35.8933333333333
USGS-02097517,2023-03-03,79.3,-79.0197222222222,35.8933333333333
USGS-02097517,2023-03-04,53.0,-79.0197222222222,35.8933333333333
USGS-02097517,2023-03-05,42.2,-79.0197222222222,35.8933333333333
USGS-02097517,2023-03-06,36.5,-79.0197222222222,35.8933333333333
USGS-02097517,2023-03-07,34.0,-79.0197222222222,35.8933333333333
USGS-02097517,2023-03-08,31.0,-79.0197222222222,35.8933333333333
USGS-02097517,2023-03-09,29.8,-79.0197222222222,35.8933333333333
USGS-02097517,2023-03-10,33.1,-79.0197222222222,35.8933333333333
USGS-02097517,2023-03-11,33.7,-79.0197222222222,35.8933333333333
USGS-02097517,2023-03-12,38.2,-79.0197222222222,35.8933333333333
USGS-02097517,2023-03-13,45.4,-79.0197222222222,35.8933333333333
USGS-02097517,2023-03-14,36.6,-79.0197222222222,35.8933333333333
USGS-02097517,2023-03-15,32.6,-79.0197222222222,35.8933333333333
USGS-02097517,2023-03-16,30.2,-79.0197222222222,35.8933333333333
USGS-02097517,2023-03-17,31.6,-79.0197222222222,35.8933333333333
USGS-02097517,2023-03-18,59.8,-79.0197222222222,35.8933333333333
USGS-02097517,2023-03-19,45.6,-79.0197222222222,35.8933333333333
USGS-02097517,2023-03-20,37.0,-79.0197222222222,35.8933333333333
USGS-02097517,2023-03-21,34.1,-79.0197222222222,35.8933333333333
USGS-02097517,2023-03-22,32.1,-79.0197222222222,35.8933333333333
USGS-02097517,2023-03-23,32.2,-79.0197222222222,35.8933333333333
USGS-02097517,2023-03-24,31.1,-79.0197222222222,35.8933333333333
USGS-02097517,2023-03-25,31.2,-79.0197222222222,35.8933333333333
USGS-02097517,2023-03-26,34.6,-79.0197222222222,35.8933333333333
USGS-02097517,2023-03-27,94.7,-79.0197222222222,35.8933333333333
USGS-02097517,2023-03-28,54.4,-79.0197222222222,35.8933333333333
USGS-02097517,2023-03-29,65.6,-79.0197222222222,35.8933333333333
USGS-02097517,2023-03-30,49.0,-79.0197222222222,35.8933333333333
USGS-02097517,2023-03-31,40.6,-79.0197222222222,35.8933333333333
USGS-02097517,2023-04-01,36.8,-79.0197222222222,35.8933333333333
USGS-02097517,2023-04-02,31.8,-79.0197222222222,35.8933333333333
USGS-02097517,2023-04-03,28.4,-79.0197222222222,35.8933333333333
USGS-02097517,2023-04-04,27.8,-79.0197222222222,35.8933333333333
USGS-02097517,2023-04-05,27.9,-79.0197222222222,35.8933333333333
USGS-02097517,2023-04-06,26.2,-79.0197222222222,35.8933333333333
USGS-02097517,2023-04-07,793.0,-79.0197222222222,35.8933333333333
USGS-02097517,2023-04-08,695.0,-79.0197222222222,35.8933333333333
USGS-02097517,2023-04-09,595.0,-79.0197222222222,35.8933333333333
USGS-02097517,2023-04-10,158.0,-79.0197222222222,35.8933333333333
USGS-02097517,2023-04-11,81.9,-79.0197222222222,35.8933333333333
USGS-02097517,2023-04-12,57.5,-79.0197222222222,35.8933333333333
USGS-02097517,2023-04-13,46.5,-79.0197222222222,35.8933333333333
USGS-02097517,2023-04-14,181.0,-79.0197222222222,35.8933333333333
USGS-02097517,2023-04-15,164.0,-79.0197222222222,35.8933333333333
USGS-02097517,2023-04-16,65.4,-79.0197222222222,35.8933333333333
USGS-02097517,2023-04-17,47.9,-79.0197222222222,35.8933333333333
USGS-02097517,2023-04-18,38.8,-79.0197222222222,35.8933333333333
USGS-02097517,2023-04-19,33.7,-79.0197222222222,35.8933333333333
USGS-02097517,2023-04-20,30.9,-79.0197222222222,35.8933333333333
USGS-02097517,2023-04-21,28.8,-79.0197222222222,35.8933333333333
USGS-02097517,2023-04-22,43.6,-79.0197222222222,35.8933333333333
USGS-02097517,2023-04-23,45.5,-79.0197222222222,35.8933333333333
USGS-02097517,2023-04-24,31.2,-79.0197222222222,35.8933333333333
USGS-02097517,2023-04-25,27.9,-79.0197222222222,35.8933333333333
USGS-02097517,2023-04-26,27.2,-79.0197222222222,35.8933333333333
USGS-02097517,2023-04-27,28.7,-79.0197222222222,35.8933333333333
USGS-02097517,2023-04-28,43.2,-79.0197222222222,35.8933333333333
USGS-02097517,2023-04-29,34.7,-79.0197222222222,35.8933333333333
USGS-02097517,2023-04-30,345.0,-79.0197222222222,35.8933333333333
USGS-02097517,2023-05-01,191.0,-79.0197222222222,35.8933333333333
USGS-02097517,2023-05-02,49.5,-79.0197222222222,35.8933333333333
USGS-02097517,2023-05-03,31.8,-79.0197222222222,35.8933333333333
USGS-02097517,2023-05-04,24.9,-79.0197222222222,35.8933333333333
USGS-02097517,2023-05-05,22.0,-79.0197222222222,35.8933333333333
USGS-02097517,2023-05-06,20.3,-79.0197222222222,35.8933333333333
USGS-02097517,2023-05-07,19.6,-79.0197222222222,35.8933333333333
USGS-02097517,2023-05-08,18.6,-79.0197222222222,35.8933333333333
USGS-02097517,2023-05-09,17.7,-79.0197222222222,35.8933333333333
USGS-02097517,2023-05-10,16.0,-79.0197222222222,35.8933333333333
USGS-02097517,2023-05-11,14.6,-79.0197222222222,35.8933333333333
USGS-02097517,2023-05-12,14.3,-79.0197222222222,35.8933333333333
USGS-02097517,2023-05-13,15.5,-79.0197222222222,35.8933333333333
USGS-02097517,2023-05-14,31.3,-79.0197222222222,35.8933333333333
USGS-02097517,2023-05-15,16.8,-79.0197222222222,35.8933333333333
USGS-02097517,2023-05-16,14.7,-79.0197222222222,35.8933333333333
USGS-02097517,2023-05-17,19.1,-79.0197222222222,35.8933333333333
USGS-02097517,2023-05-18,14.8,-79.0197222222222,35.8933333333333
USGS-02097517,2023-05-19,15.9,-79.0197222222222,35.8933333333333
USGS-02097517,2023-05-20,15.5,-79.0197222222222,35.8933333333333
USGS-02097517,2023-05-21,14.6,-79.0197222222222,35.8933333333333
USGS-02097517,2023-05-22,13.7,-79.0197222222222,35.8933333333333
USGS-02097517,2023-05-23,12.8,-79.0197222222222,35.8933333333333
USGS-02097517,2023-05-24,12.2,-79.0197222222222,35.8933333333333
USGS-02097517,2023-05-25,12.0,-79.0197222222222,35.8933333333333
USGS-02097517,2023-05-26,11.5,-79.0197222222222,35.8933333333333
USGS-02097517,2023-05-27,12.6,-79.0197222222222,35.8933333333333
USGS-02097517,2023-05-28,19.0,-79.0197222222222,35.8933333333333
USGS-02097517,2023-05-29,21.5,-79.0197222222222,35.8933333333333
USGS-02097517,2023-05-30,18.3,-79.0197222222222,35.8933333333333
USGS-02097517,2023-05-31,15.9,-79.0197222222222,35.8933333333333
USGS-02097517,2023-06-01,14.5,-79.0197222222222,35.8933333333333
USGS-02097517,2023-06-02,13.9,-79.0197222222222,35.8933333333333
USGS-02097517,2023-06-03,12.6,-79.0197222222222,35.8933333333333
USGS-02097517,2023-06-04,12.2,-79.0197222222222,35.8933333333333
USGS-02097517,2023-06-05,11.8,-79.0197222222222,35.8933333333333
USGS-02097517,2023-06-06,11.3,-79.0197222222222,35.8933333333333
USGS-02097517,2023-06-07,11.2,-79.0197222222222,35.8933333333333
USGS-02097517,2023-06-08,12.2,-79.0197222222222,35.8933333333333
USGS-02097517,2023-06-09,11.2,-79.0197222222222,35.8933333333333
USGS-02097517,2023-06-10,10.1,-79.0197222222222,35.8933333333333
USGS-02097517,2023-06-11,9.82,-79.0197222222222,35.8933333333333
USGS-02097517,2023-06-12,8.94,-79.0197222222222,35.8933333333333
USGS-02097517,2023-06-13,6.92,-79.0197222222222,35.8933333333333
USGS-02097517,2023-06-14,6.07,-79.0197222222222,35.8933333333333
USGS-02097517,2023-06-15,5.92,-79.0197222222222,35.8933333333333
USGS-02097517,2023-06-16,5.77,-79.0197222222222,35.8933333333333
USGS-02097517,2023-06-17,5.24,-79.0197222222222,35.8933333333333
USGS-02097517,2023-06-18,5.45,-79.0197222222222,35.8933333333333
USGS-02097517,2023-06-19,10.3,-79.0197222222222,35.8933333333333
USGS-02097517,2023-06-20,58.1,-79.0197222222222,35.8933333333333
USGS-02097517,2023-06-21,39.2,-79.0197222222222,35.8933333333333
USGS-02097517,2023-06-22,33.2,-79.0197222222222,35.8933333333333
USGS-02097517,2023-06-23,587.0,-79.0197222222222,35.8933333333333
USGS-02097517,2023-06-24,361.0,-79.0197222222222,35.8933333333333
USGS-02097517,2023-06-25,48.3,-79.0197222222222,35.8933333333333
USGS-02097517,2023-06-26,35.5,-79.0197222222222,35.8933333333333
USGS-02097517,2023-06-27,34.2,-79.0197222222222,35.8933333333333
USGS-02097517,2023-06-28,33.3,-79.0197222222222,35.8933333333333
USGS-02097517,2023-06-29,33.3,-79.0197222222222,35.8933333333333
USGS-02097517,2023-06-30,78.9,-79.0197222222222,35.8933333333333
USGS-02097517,2023-07-01,227.0,-79.0197222222222,35.8933333333333
USGS-02097517,2023-07-02,141.0,-79.0197222222222,35.8933333333333
USGS-02097517,2023-07-03,38.9,-79.0197222222222,35.8933333333333
USGS-02097517,2023-07-04,42.8,-79.0197222222222,35.8933333333333
USGS-02097517,2023-07-05,26.3,-79.0197222222222,35.8933333333333
USGS-02097517,2023-07-06,23.3,-79.0197222222222,35.8933333333333
USGS-02097517,2023-07-07,22.7,-79.0197222222222,35.8933333333333
USGS-02097517,2023-07-08,38.7,-79.0197222222222,35.8933333333333
USGS-02097517,2023-07-09,24.7,-79.0197222222222,35.8933333333333
USGS-02097517,2023-07-10,102.0,-79.0197222222222,35.8933333333333
USGS-02097517,2023-07-11,35.9,-79.0197222222222,35.8933333333333
USGS-02097517,2023-07-12,21.8,-79.0197222222222,35.8933333333333
USGS-02097517,2023-07-13,19.4,-79.0197222222222,35.8933333333333
USGS-02097517,2023-07-14,71.4,-79.0197222222222,35.8933333333333
USGS-02097517,2023-07-15,109.0,-79.0197222222222,35.8933333333333
USGS-02097517,2023-07-16,30.6,-79.0197222222222,35.8933333333333
USGS-02097517,2023-07-17,17.9,-79.0197222222222,35.8933333333333
USGS-02097517,2023-07-18,14.5,-79.0197222222222,35.8933333333333
USGS-02097517,2023-07-19,16.7,-79.0197222222222,35.8933333333333
USGS-02097517,2023-07-20,16.8,-79.0197222222222,35.8933333333333
USGS-02097517,2023-07-21,13.5,-79.0197222222222,35.8933333333333
USGS-02097517,2023-07-22,11.8,-79.0197222222222,35.8933333333333
USGS-02097517,2023-07-23,10.6,-79.0197222222222,35.8933333333333
USGS-02097517,2023-07-24,10.5,-79.0197222222222,35.8933333333333
USGS-02097517,2023-07-25,9.96,-79.0197222222222,35.8933333333333
USGS-02097517,2023-07-26,9.14,-79.0197222222222,35.8933333333333
USGS-02097517,2023-07-27,9.25,-79.0197222222222,35.8933333333333
USGS-02097517,2023-07-28,8.78,-79.0197222222222,35.8933333333333
USGS-02097517,2023-07-29,8.44,-79.0197222222222,35.8933333333333
USGS-02097517,2023-07-30,8.43,-79.0197222222222,35.8933333333333
USGS-02097517,2023-07-31,22.1,-79.0197222222222,35.8933333333333
USGS-02097517,2023-08-01,10.5,-79.0197222222222,35.8933333333333
USGS-02097517,2023-08-02,9.02,-79.0197222222222,35.8933333333333
USGS-02097517,2023-08-03,8.47,-79.0197222222222,35.8933333333333
USGS-02097517,2023-08-04,8.19,-79.0197222222222,35.8933333333333
USGS-02097517,2023-08-05,8.06,-79.0197222222222,35.8933333333333
USGS-02097517,2023-08-06,9.52,-79.0197222222222,35.8933333333333
USGS-02097517,2023-08-07,13.4,-79.0197222222222,35.8933333333333
USGS-02097517,2023-08-08,11.4,-79.0197222222222,35.8933333333333
USGS-02097517,2023-08-09,9.91,-79.0197222222222,35.8933333333333
USGS-02097517,2023-08-10,18.8,-79.0197222222222,35.8933333333333
USGS-02097517,2023-08-11,12.7,-79.0197222222222,35.8933333333333
USGS-02097517,2023-08-12,10.3,-79.0197222222222,35.8933333333333
USGS-02097517,2023-08-13,9.12,-79.0197222222222,35.8933333333333
USGS-02097517,2023-08-14,8.7,-79.0197222222222,35.8933333333333
USGS-02097517,2023-08-15,8.42,-79.0197222222222,35.8933333333333
USGS-02097517,2023-08-16,9.07,-79.0197222222222,35.8933333333333
USGS-02097517,2023-08-17,8.95,-79.0197222222222,35.8933333333333
USGS-02097517,2023-08-18,8.73,-79.0197222222222,35.8933333333333
USGS-02097517,2023-08-19,8.2,-79.0197222222222,35.8933333333333
USGS-02097517,2023-08-20,8.32,-79.0197222222222,35.8933333333333
USGS-02097517,2023-08-21,8.51,-79.0197222222222,35.8933333333333
USGS-02097517,2023-08-22,8.23,-79.0197222222222,35.8933333333333
USGS-02097517,2023-08-23,8.1,-79.0197222222222,35.8933333333333
USGS-02097517,2023-08-24,8.1,-79.0197222222222,35.8933333333333
USGS-02097517,2023-08-25,8.12,-79.0197222222222,35.8933333333333
USGS-02097517,2023-08-26,7.49,-79.0197222222222,35.8933333333333
USGS-02097517,2023-08-27,9.89,-79.0197222222222,35.8933333333333
USGS-02097517,2023-08-28,13.2,-79.0197222222222,35.8933333333333
USGS-02097517,2023-08-29,11.6,-79.0197222222222,35.8933333333333
USGS-02097517,2023-08-30,14.4,-79.0197222222222,35.8933333333333
USGS-02097517,2023-08-31,19.8,-79.0197222222222,35.8933333333333
USGS-02097517,2023-09-01,11.1,-79.0197222222222,35.8933333333333
USGS-02097517,2023-09-02,8.69,-79.0197222222222,35.8933333333333
USGS-02097517,2023-09-03,7.39,-79.0197222222222,35.8933333333333
USGS-02097517,2023-09-04,7.66,-79.0197222222222,35.8933333333333
USGS-02097517,2023-09-05,7.89,-79.0197222222222,35.8933333333333
USGS-02097517,2023-09-06,8.07,-79.0197222222222,35.8933333333333
USGS-02097517,2023-09-07,7.9,-79.0197222222222,35.8933333333333
USGS-02097517,2023-09-08,9.16,-79.0197222222222,35.8933333333333
USGS-02097517,2023-09-09,40.2,-79.0197222222222,35.8933333333333
USGS-02097517,2023-09-10,17.6,-79.0197222222222,35.8933333333333
USGS-02097517,2023-09-11,11.2,-79.0197222222222,35.8933333333333
USGS-02097517,2023-09-12,12.5,-79.0197222222222,35.8933333333333
USGS-02097517,2023-09-13,11.4,-79.0197222222222,35.8933333333333
USGS-02097517,2023-09-14,10.5,-79.0197222222222,35.8933333333333
USGS-02097517,2023-09-15,10.6,-79.0197222222222,35.8933333333333
USGS-02097517,2023-09-16,10.4,-79.0197222222222,35.8933333333333
USGS-02097517,2023-09-17,10.8,-79.0197222222222,35.8933333333333
USGS-02097517,2023-09-18,18.1,-79.0197222222222,35.8933333333333
USGS-02097517,2023-09-19,11.5,-79.0197222222222,35.8933333333333
USGS-02097517,2023-09-20,10.2,-79.0197222222222,35.8933333333333
USGS-02097517,2023-09-21,9.84,-79.0197222222222,35.8933333333333
USGS-02097517,2023-09-22,10.7,-79.0197222222222,35.8933333333333
USGS-02097517,2023-09-23,58.8,-79.0197222222222,35.8933333333333
USGS-02097517,2023-09-24,19.3,-79.0197222222222,35.8933333333333
USGS-02097517,2023-09-25,13.0,-79.0197222222222,35.8933333333333
USGS-02097517,2023-09-26,12.0,-79.0197222222222,35.8933333333333
USGS-02097517,2023-09-27,11.6,-79.0197222222222,35.8933333333333
USGS-02097517,2023-09-28,11.5,-79.0197222222222,35.8933333333333
USGS-02097517,2023-09-29,11.4,-79.0197222222222,35.8933333333333
USGS-02097517,2023-09-30,11.2,-79.0197222222222,35.8933333333333
USGS-02097517,2023-10-01,11.3,-79.0197222222222,35.8933333333333
USGS-02097517,2023-10-02,11.2,-79.0197222222222,35.8933333333333
USGS-02097517,2023-10-03,11.2,-79.0197222222222,35.8933333333333
USGS-02097517,2023-10-04,11.3,-79.0197222222222,35.8933333333333
USGS-02097517,2023-10-05,11.2,-79.0197222222222,35.8933333333333
USGS-02097517,2023-10-06,10.8,-79.0197222222222,35.8933333333333
USGS-02097517,2023-10-07,11.1,-79.0197222222222,35.8933333333333
USGS-02097517,2023-10-08,11.1,-79.0197222222222,35.8933333333333
USGS-02097517,2023-10-09,11.1,-79.0197222222222,35.8933333333333
USGS-02097517,2023-10-10,11.0,-79.0197222222222,35.8933333333333
USGS-02097517,2023-10-11,10.9,-79.0197222222222,35.8933333333333
USGS-02097517,2023-10-12,10.8,-79.0197222222222,35.8933333333333
USGS-02097517,2023-10-13,10.2,-79.0197222222222,35.8933333333333
USGS-02097517,2023-10-14,36.9,-79.0197222222222,35.8933333333333
USGS-02097517,2023-10-15,12.8,-79.0197222222222,35.8933333333333
USGS-02097517,2023-10-16,10.7,-79.0197222222222,35.8933333333333
USGS-02097517,2023-10-17,10.3,-79.0197222222222,35.8933333333333
USGS-02097517,2023-10-18,10.0,-79.0197222222222,35.8933333333333
USGS-02097517,2023-10-19,9.31,-79.0197222222222,35.8933333333333
USGS-02097517,2023-10-20,12.4,-79.0197222222222,35.8933333333333
USGS-02097517,2023-10-21,14.0,-79.0197222222222,35.8933333333333
USGS-02097517,2023-10-22,10.2,-79.0197222222222,35.8933333333333
USGS-02097517,2023-10-23,9.99,-79.0197222222222,35.8933333333333
USGS-02097517,2023-10-24,9.76,-79.0197222222222,35.8933333333333
USGS-02097517,2023-10-25,9.7,-79.0197222222222,35.8933333333333
USGS-02097517,2023-10-26,9.74,-79.0197222222222,35.8933333333333
USGS-02097517,2023-10-27,9.31,-79.0197222222222,35.8933333333333
USGS-02097517,2023-10-28,9.11,-79.0197222222222,35.8933333333333
USGS-02097517,2023-10-29,9.35,-79.0197222222222,35.8933333333333
USGS-02097517,2023-10-30,9.39,-79.0197222222222,35.8933333333333
USGS-02097517,2023-10-31,9.46,-79.0197222222222,35.8933333333333
USGS-02097517,2023-11-01,9.99,-79.0197222222222,35.8933333333333
USGS-02097517,2023-11-02,9.94,-79.0197222222222,35.8933333333333
USGS-02097517,2023-11-03,9.93,-79.0197222222222,35.8933333333333
USGS-02097517,2023-11-04,9.54,-79.0197222222222,35.8933333333333
USGS-02097517,2023-11-05,9.44,-79.0197222222222,35.8933333333333
USGS-02097517,2023-11-06,9.76,-79.0197222222222,35.8933333333333
USGS-02097517,2023-11-07,9.15,-79.0197222222222,35.8933333333333
USGS-02097517,2023-11-08,8.88,-79.0197222222222,35.8933333333333
USGS-02097517,2023-11-09,8.65,-79.0197222222222,35.8933333333333
USGS-02097517,2023-11-10,8.86,-79.0197222222222,35.8933333333333
USGS-02097517,2023-11-11,8.94,-79.0197222222222,35.8933333333333
USGS-02097517,2023-11-12,8.77,-79.0197222222222,35.8933333333333
USGS-02097517,2023-11-13,8.89,-79.0197222222222,35.8933333333333
USGS-02097517,2023-11-14,9.0,-79.0197222222222,35.8933333333333
USGS-02097517,2023-11-15,9.66,-79.0197222222222,35.8933333333333
USGS-02097517,2023-11-16,8.82,-79.0197222222222,35.8933333333333
USGS-02097517,2023-11-17,8.94,-79.0197222222222,35.8933333333333
USGS-02097517,2023-11-18,8.79,-79.0197222222222,35.8933333333333
USGS-02097517,2023-11-19,8.7,-79.0197222222222,35.8933333333333
USGS-02097517,2023-11-20,8.81,-79.0197222222222,35.8933333333333
USGS-02097517,2023-11-21,10.7,-79.0197222222222,35.8933333333333
USGS-02097517,2023-11-22,51.2,-79.0197222222222,35.8933333333333
USGS-02097517,2023-11-23,10.2,-79.0197222222222,35.8933333333333
USGS-02097517,2023-11-24,8.51,-79.0197222222222,35.8933333333333
USGS-02097517,2023-11-25,8.13,-79.0197222222222,35.8933333333333
USGS-02097517,2023-11-26,8.09,-79.0197222222222,35.8933333333333
USGS-02097517,2023-11-27,8.57,-79.0197222222222,35.8933333333333
USGS-02097517,2023-11-28,8.28,-79.0197222222222,35.8933333333333
USGS-02097517,2023-11-29,8.33,-79.0197222222222,35.8933333333333
USGS-02097517,2023-11-30,8.26,-79.0197222222222,35.8933333333333
USGS-02097517,2023-12-01,7.1,-79.0197222222222,35.8933333333333
USGS-02097517,2023-12-02,7.76,-79.0197222222222,35.8933333333333
USGS-02097517,2023-12-03,7.87,-79.0197222222222,35.8933333333333
USGS-02097517,2023-12-04,7.92,-79.0197222222222,35.8933333333333
USGS-02097517,2023-12-05,7.86,-79.0197222222222,35.8933333333333
USGS-02097517,2023-12-06,8.06,-79.0197222222222,35.8933333333333
USGS-02097517,2023-12-07,7.81,-79.0197222222222,35.8933333333333
USGS-02097517,2023-12-08,7.8,-79.0197222222222,35.8933333333333
USGS-02097517,2023-12-09,7.61,-79.0197222222222,35.8933333333333
USGS-02097517,2023-12-10,55.8,-79.0197222222222,35.8933333333333
USGS-02097517,2023-12-11,37.1,-79.0197222222222,35.8933333333333
USGS-02097517,2023-12-12,12.0,-79.0197222222222,35.8933333333333
USGS-02097517,2023-12-13,9.87,-79.0197222222222,35.8933333333333
USGS-02097517,2023-12-14,8.92,-79.0197222222222,35.8933333333333
USGS-02097517,2023-12-15,8.31,-79.0197222222222,35.8933333333333
USGS-02097517,2023-12-16,8.4,-79.0197222222222,35.8933333333333
USGS-02097517,2023-12-17,289.0,-79.0197222222222,35.8933333333333
USGS-02097517,2023-12-18,526.0,-79.0197222222222,35.8933333333333
USGS-02097517,2023-12-19,52.8,-79.0197222222222,35.8933333333333
USGS-02097517,2023-12-20,28.4,-79.0197222222222,35.8933333333333
USGS-02097517,2023-12-21,22.8,-79.0197222222222,35.8933333333333
USGS-02097517,2023-12-22,19.2,-79.0197222222222,35.8933333333333
USGS-02097517,2023-12-23,17.0,-79.0197222222222,35.8933333333333
USGS-02097517,2023-12-24,15.3,-79.0197222222222,35.8933333333333
USGS-02097517,2023-12-25,14.0,-79.0197222222222,35.8933333333333
USGS-02097517,2023-12-26,18.4,-79.0197222222222,35.8933333333333
USGS-02097517,2023-12-27,647.0,-79.0197222222222,35.8933333333333
USGS-02097517,2023-12-28,172.0,-79.0197222222222,35.8933333333333
USGS-02097517,2023-12-29,47.0,-79.0197222222222,35.8933333333333
USGS-02097517,2023-12-30,29.7,-79.0197222222222,35.8933333333333
USGS-02097517,2023-12-31,23.6,-79.0197222222222,35.8933333333333
USGS-03453500,2021-01-01,4450.0,-82.6608333333333,35.7863888888889
USGS-03453500,2021-01-02,8180.0,-82.6608333333333,35.7863888888889
USGS-03453500,2021-01-03,7500.0,-82.6608333333333,35.7863888888889
USGS-03453500,2021-01-04,6070.0,-82.6608333333333,35.7863888888889
USGS-03453500,2021-01-05,4640.0,-82.6608333333333,35.7863888888889
USGS-03453500,2021-01-06,4140.0,-82.6608333333333,35.7863888888889
USGS-03453500,2021-01-07,3810.0,-82.6608333333333,35.7863888888889
USGS-03453500,2021-01-08,3730.0,-82.6608333333333,35.7863888888889
USGS-03453500,2021-01-09,3710.0,-82.6608333333333,35.7863888888889
USGS-03453500,2021-01-10,3430.0,-82.6608333333333,35.7863888888889
USGS-03453500,2021-01-11,3270.0,-82.6608333333333,35.7863888888889
USGS-03453500,2021-01-12,3190.0,-82.6608333333333,35.7863888888889
USGS-03453500,2021-01-13,3090.0,-82.6608333333333,35.7863888888889
USGS-03453500,2021-01-14,3000.0,-82.6608333333333,35.7863888888889
USGS-03453500,2021-01-15,2910.0,-82.6608333333333,35.7863888888889
USGS-03453500,2021-01-16,2820.0,-82.6608333333333,35.7863888888889
USGS-03453500,2021-01-17,2720.0,-82.6608333333333,35.7863888888889
USGS-03453500,2021-01-18,2640.0,-82.6608333333333,35.7863888888889
USGS-03453500,2021-01-19,2560.0,-82.6608333333333,35.7863888888889
USGS-03453500,2021-01-20,2500.0,-82.6608333333333,35.7863888888889
USGS-03453500,2021-01-21,2490.0,-82.6608333333333,35.7863888888889
USGS-03453500,2021-01-22,2470.0,-82.6608333333333,35.7863888888889
USGS-03453500,2021-01-23,2390.0,-82.6608333333333,35.7863888888889
USGS-03453500,2021-01-24,2320.0,-82.6608333333333,35.7863888888889
USGS-03453500,2021-01-25,2440.0,-82.6608333333333,35.7863888888889
USGS-03453500,2021-01-26,3860.0,-82.6608333333333,35.7863888888889
USGS-03453500,2021-01-27,3640.0,-82.6608333333333,35.7863888888889
USGS-03453500,2021-01-28,3400.0,-82.6608333333333,35.7863888888889
USGS-03453500,2021-01-29,3000.0,-82.6608333333333,35.7863888888889
USGS-03453500,2021-01-30,2780.0,-82.6608333333333,35.7863888888889
USGS-03453500,2021-01-31,2980.0,-82.6608333333333,35.7863888888889
USGS-03453500,2021-02-01,3580.0,-82.6608333333333,35.7863888888889
USGS-03453500,2021-02-02,3240.0,-82.6608333333333,35.7863888888889
USGS-03453500,2021-02-03,2890.0,-82.6608333333333,35.7863888888889
USGS-03453500,2021-02-04,2720.0,-82.6608333333333,35.7863888888889
USGS-03453500,2021-02-05,2700.0,-82.6608333333333,35.7863888888889
USGS-03453500,2021-02-06,2650.0,-82.6608333333333,35.7863888888889
USGS-03453500,2021-02-07,2680.0,-82.6608333333333,35.7863888888889
USGS-03453500,2021-02-08,2770.0,-82.6608333333333,35.7863888888889
USGS-03453500,2021-02-09,2590.0,-82.6608333333333,35.7863888888889
USGS-03453500,2021-02-10,2540.0,-82.6608333333333,35.7863888888889
USGS-03453500,2021-02-11,2530.0,-82.6608333333333,35.7863888888889
USGS-03453500,2021-02-12,2980.0,-82.6608333333333,35.7863888888889
USGS-03453500,2021-02-13,4570.0,-82.6608333333333,35.7863888888889
USGS-03453500,2021-02-14,5170.0,-82.6608333333333,35.7863888888889
USGS-03453500,2021-02-15,4350.0,-82.6608333333333,35.7863888888889
USGS-03453500,2021-02-16,5990.0,-82.6608333333333,35.7863888888889
USGS-03453500,2021-02-17,5260.0,-82.6608333333333,35.7863888888889
USGS-03453500,2021-02-18,7060.0,-82.6608333333333,35.7863888888889
USGS-03453500,2021-02-19,7020.0,-82.6608333333333,35.7863888888889
USGS-03453500,2021-02-20,5360.0,-82.6608333333333,35.7863888888889
USGS-03453500,2021-02-21,4450.0,-82.6608333333333,35.7863888888889
USGS-03453500,2021-02-22,4160.0,-82.6608333333333,35.7863888888889
USGS-03453500,2021-02-23,4120.0,-82.6608333333333,35.7863888888889
USGS-03453500,2021-02-24,3740.0,-82.6608333333333,35.7863888888889
USGS-03453500,2021-02-25,3440.0,-82.6608333333333,35.7863888888889
USGS-03453500,2021-02-26,3460.0,-82.6608333333333,35.7863888888889
USGS-03453500,2021-02-27,4450.0,-82.6608333333333,35.7863888888889
USGS-03453500,2021-02-28,4070.0,-82.6608333333333,35.7863888888889
USGS-03453500,2021-03-01,5010.0,-82.6608333333333,35.7863888888889
USGS-03453500,2021-03-02,4800.0,-82.6608333333333,35.7863888888889
USGS-03453500,2021-03-03,4120.0,-82.6608333333333,35.7863888888889
USGS-03453500,2021-03-04,3760.0,-82.6608333333333,35.7863888888889
USGS-03453500,2021-03-05,3440.0,-82.6608333333333,35.7863888888889
USGS-03453500,2021-03-06,3180.0,-82.6608333333333,35.7863888888889
USGS-03453500,2021-03-07,3000.0,-82.6608333333333,35.7863888888889
USGS-03453500,2021-03-08,2860.0,-82.6608333333333,35.7863888888889
USGS-03453500,2021-03-09,2750.0,-82.6608333333333,35.7863888888889
USGS-03453500,2021-03-10,2670.0,-82.6608333333333,35.7863888888889
USGS-03453500,2021-03-11,2600.0,-82.6608333333333,35.7863888888889
USGS-03453500,2021-03-12,2550.0,-82.6608333333333,35.7863888888889
USGS-03453500,2021-03-13,2520.0,-82.6608333333333,35.7863888888889
USGS-03453500,2021-03-14,2500.0,-82.6608333333333,35.7863888888889
USGS-03453500,2021-03-15,2440.0,-82.6608333333333,35.7863888888889
USGS-03453500,2021-03-16,2870.0,-82.6608333333333,35.7863888888889
USGS-03453500,2021-03-17,3530.0,-82.6608333333333,35.7863888888889
USGS-03453500,2021-03-18,6760.0,-82.6608333333333,35.7863888888889
USGS-03453500,2021-03-19,8390.0,-82.6608333333333,35.7863888888889
USGS-03453500,2021-03-20,7040.0,-82.6608333333333,35.7863888888889
USGS-03453500,2021-03-21,4790.0,-82.6608333333333,35.7863888888889
USGS-03453500,2021-03-22,4070.0,-82.6608333333333,35.7863888888889
USGS-03453500,2021-03-23,3730.0,-82.6608333333333,35.7863888888889
USGS-03453500,2021-03-24,3520.0,-82.6608333333333,35.7863888888889
USGS-03453500,2021-03-25,5250.0,-82.6608333333333,35.7863888888889
USGS-03453500,2021-03-26,18900.0,-82.6608333333333,35.7863888888889
USGS-03453500,2021-03-27,14200.0,-82.6608333333333,35.7863888888889
USGS-03453500,2021-03-28,12900.0,-82.6608333333333,35.7863888888889
USGS-03453500,2021-03-29,10100.0,-82.6608333333333,35.7863888888889
USGS-03453500,2021-03-30,7270.0,-82.6608333333333,35.7863888888889
USGS-03453500,2021-03-31,7550.0,-82.6608333333333,35.7863888888889
USGS-03453500,2021-04-01,8680.0,-82.6608333333333,35.7863888888889
USGS-03453500,2021-04-02,7300.0,-82.6608333333333,35.7863888888889
USGS-03453500,2021-04-03,5890.0,-82.6608333333333,35.7863888888889
USGS-03453500,2021-04-04,5160.0,-82.6608333333333,35.7863888888889
USGS-03453500,2021-04-05,4740.0,-82.6608333333333,35.7863888888889
USGS-03453500,2021-04-06,4460.0,-82.6608333333333,35.7863888888889
USGS-03453500,2021-04-07,4220.0,-82.6608333333333,35.7863888888889
USGS-03453500,2021-04-08,4020.0,-82.6608333333333,35.7863888888889
USGS-03453500,2021-04-09,3880.0,-82.6608333333333,35.7863888888889
USGS-03453500,2021-04-10,4010.0,-82.6608333333333,35.7863888888889
USGS-03453500,2021-04-11,6030.0,-82.6608333333333,35.7863888888889
USGS-03453500,2021-04-12,5200.0,-82.6608333333333,35.7863888888889
USGS-03453500,2021-04-13,4320.0,-82.6608333333333,35.7863888888889
USGS-03453500,2021-04-14,3980.0,-82.6608333333333,35.7863888888889
USGS-03453500,2021-04-15,3800.0,-82.6608333333333,35.7863888888889
USGS-03453500,2021-04-16,3620.0,-82.6608333333333,35.7863888888889
USGS-03453500,2021-04-17,3470.0,-82.6608333333333,35.7863888888889
USGS-03453500,2021-04-18,3360.0,-82.6608333333333,35.7863888888889
USGS-03453500,2021-04-19,3250.0,-82.6608333333333,35.7863888888889
USGS-03453500,2021-04-20,3130.0,-82.6608333333333,35.7863888888889
USGS-03453500,2021-04-21,3030.0,-82.6608333333333,35.7863888888889
USGS-03453500,2021-04-22,2930.0,-82.6608333333333,35.7863888888889
USGS-03453500,2021-04-23,2880.0,-82.6608333333333,35.7863888888889
USGS-03453500,2021-04-24,3110.0,-82.6608333333333,35.7863888888889
USGS-03453500,2021-04-25,3750.0,-82.6608333333333,35.7863888888889
USGS-03453500,2021-04-26,3310.0,-82.6608333333333,35.7863888888889
USGS-03453500,2021-04-27,2930.0,-82.6608333333333,35.7863888888889
USGS-03453500,2021-04-28,2810.0,-82.6608333333333,35.7863888888889
USGS-03453500,2021-04-29,2730.0,-82.6608333333333,35.7863888888889
USGS-03453500,2021-04-30,2710.0,-82.6608333333333,35.7863888888889
USGS-03453500,2021-05-01,2550.0,-82.6608333333333,35.7863888888889
USGS-03453500,2021-05-02,2470.0,-82.6608333333333,35.7863888888889
USGS-03453500,2021-05-03,3070.0,-82.6608333333333,35.7863888888889
USGS-03453500,2021-05-04,4630.0,-82.6608333333333,35.7863888888889
USGS-03453500,2021-05-05,4660.0,-82.6608333333333,35.7863888888889
USGS-03453500,2021-05-06,3920.0,-82.6608333333333,35.7863888888889
USGS-03453500,2021-05-07,3310.0,-82.6608333333333,35.7863888888889
USGS-03453500,2021-05-08,3020.0,-82.6608333333333,35.7863888888889
USGS-03453500,2021-05-09,2850.0,-82.6608333333333,35.7863888888889
USGS-03453500,2021-05-10,3360.0,-82.6608333333333,35.7863888888889
USGS-03453500,2021-05-11,2900.0,-82.6608333333333,35.7863888888889
USGS-03453500,2021-05-12,3040.0,-82.6608333333333,35.7863888888889
USGS-03453500,2021-05-13,3300.0,-82.6608333333333,35.7863888888889
USGS-03453500,2021-05-14,2910.0,-82.6608333333333,35.7863888888889
USGS-03453500,2021-05-15,2670.0,-82.6608333333333,35.7863888888889
USGS-03453500,2021-05-16,2540.0,-82.6608333333333,35.7863888888889
USGS-03453500,2021-05-17,2440.0,-82.6608333333333,35.7863888888889
USGS-03453500,2021-05-18,2360.0,-82.6608333333333,35.7863888888889
USGS-03453500,2021-05-19,2310.0,-82.6608333333333,35.7863888888889
USGS-03453500,2021-05-20,2230.0,-82.6608333333333,35.7863888888889
USGS-03453500,2021-05-21,2140.0,-82.6608333333333,35.7863888888889
USGS-03453500,2021-05-22,2080.0,-82.6608333333333,35.7863888888889
USGS-03453500,2021-05-23,2030.0,-82.6608333333333,35.7863888888889
USGS-03453500,2021-05-24,1980.0,-82.6608333333333,35.7863888888889
USGS-03453500,2021-05-25,1950.0,-82.6608333333333,35.7863888888889
USGS-03453500,2021-05-26,1970.0,-82.6608333333333,35.7863888888889
USGS-03453500,2021-05-27,1900.0,-82.6608333333333,35.7863888888889
USGS-03453500,2021-05-28,1960.0,-82.6608333333333,35.7863888888889
USGS-03453500,2021-05-29,2410.0,-82.6608333333333,35.7863888888889
USGS-03453500,2021-05-30,2080.0,-82.6608333333333,35.7863888888889
USGS-03453500,2021-05-31,1870.0,-82.6608333333333,35.7863888888889
USGS-03453500,2021-06-01,1780.0,-82.6608333333333,35.7863888888889
USGS-03453500,2021-06-02,1740.0,-82.6608333333333,35.7863888888889
USGS-03453500,2021-06-03,1720.0,-82.6608333333333,35.7863888888889
USGS-03453500,2021-06-04,1770.0,-82.6608333333333,35.7863888888889
USGS-03453500,2021-06-05,1720.0,-82.6608333333333,35.7863888888889
USGS-03453500,2021-06-06,1720.0,-82.6608333333333,35.7863888888889
USGS-03453500,2021-06-07,1670.0,-82.6608333333333,35.7863888888889
USGS-03453500,2021-06-08,1780.0,-82.6608333333333,35.7863888888889
USGS-03453500,2021-06-09,2120.0,-82.6608333333333,35.7863888888889
USGS-03453500,2021-06-10,2420.0,-82.6608333333333,35.7863888888889
USGS-03453500,2021-06-11,2610.0,-82.6608333333333,35.7863888888889
USGS-03453500,2021-06-12,3090.0,-82.6608333333333,35.7863888888889
USGS-03453500,2021-06-13,2690.0,-82.6608333333333,35.7863888888889
USGS-03453500,2021-06-14,2040.0,-82.6608333333333,35.7863888888889
USGS-03453500,2021-06-15,1780.0,-82.6608333333333,35.7863888888889
USGS-03453500,2021-06-16,1660.0,-82.6608333333333,35.7863888888889
USGS-03453500,2021-06-17,1520.0,-82.6608333333333,35.7863888888889
USGS-03453500,2021-06-18,1450.0,-82.6608333333333,35.7863888888889
USGS-03453500,2021-06-19,1420.0,-82.6608333333333,35.7863888888889
USGS-03453500,2021-06-20,1470.0,-82.6608333333333,35.7863888888889
USGS-03453500,2021-06-21,1900.0,-82.6608333333333,35.7863888888889
USGS-03453500,2021-06-22,2090.0,-82.6608333333333,35.7863888888889
USGS-03453500,2021-06-23,1820.0,-82.6608333333333,35.7863888888889
USGS-03453500,2021-06-24,1550.0,-82.6608333333333,35.7863888888889
USGS-03453500,2021-06-25,1420.0,-82.6608333333333,35.7863888888889
USGS-03453500,2021-06-26,1370.0,-82.6608333333333,35.7863888888889
USGS-03453500,2021-06-27,1340.0,-82.6608333333333,35.7863888888889
USGS-03453500,2021-06-28,1450.0,-82.6608333333333,35.7863888888889
USGS-03453500,2021-06-29,1400.0,-82.6608333333333,35.7863888888889
USGS-03453500,2021-06-30,1630.0,-82.6608333333333,35.7863888888889
USGS-03453500,2021-07-01,1770.0,-82.6608333333333,35.7863888888889
USGS-03453500,2021-07-02,2250.0,-82.6608333333333,35.7863888888889
USGS-03453500,2021-07-03,1790.0,-82.6608333333333,35.7863888888889
USGS-03453500,2021-07-04,1510.0,-82.6608333333333,35.7863888888889
USGS-03453500,2021-07-05,1350.0,-82.6608333333333,35.7863888888889
USGS-03453500,2021-07-06,1270.0,-82.6608333333333,35.7863888888889
USGS-03453500,2021-07-07,1200.0,-82.6608333333333,35.7863888888889
USGS-03453500,2021-07-08,1250.0,-82.6608333333333,35.7863888888889
USGS-03453500,2021-07-09,1390.0,-82.6608333333333,35.7863888888889
USGS-03453500,2021-07-10,1420.0,-82.6608333333333,35.7863888888889
USGS-03453500,2021-07-11,1850.0,-82.6608333333333,35.7863888888889
USGS-03453500,2021-07-12,1750.0,-82.6608333333333,35.7863888888889
USGS-03453500,2021-07-13,1620.0,-82.6608333333333,35.7863888888889
USGS-03453500,2021-07-14,1480.0,-82.6608333333333,35.7863888888889
USGS-03453500,2021-07-15,2350.0,-82.6608333333333,35.7863888888889
USGS-03453500,2021-07-16,1740.0,-82.6608333333333,35.7863888888889
USGS-03453500,2021-07-17,1490.0,-82.6608333333333,35.7863888888889
USGS-03453500,2021-07-18,1930.0,-82.6608333333333,35.7863888888889
USGS-03453500,2021-07-19,2620.0,-82.6608333333333,35.7863888888889
USGS-03453500,2021-07-20,2310.0,-82.6608333333333,35.7863888888889
USGS-03453500,2021-07-21,2070.0,-82.6608333333333,35.7863888888889
USGS-03453500,2021-07-22,1690.0,-82.6608333333333,35.7863888888889
USGS-03453500,2021-07-23,1450.0,-82.6608333333333,35.7863888888889
USGS-03453500,2021-07-24,1700.0,-82.6608333333333,35.7863888888889
USGS-03453500,2021-07-25,1600.0,-82.6608333333333,35.7863888888889
USGS-03453500,2021-07-26,1530.0,-82.6608333333333,35.7863888888889
USGS-03453500,2021-07-27,2340.0,-82.6608333333333,35.7863888888889
USGS-03453500,2021-07-28,2260.0,-82.6608333333333,35.7863888888889
USGS-03453500,2021-07-29,1660.0,-82.6608333333333,35.7863888888889
USGS-03453500,2021-07-30,1380.0,-82.6608333333333,35.7863888888889
USGS-03453500,2021-07-31,1250.0,-82.6608333333333,35.7863888888889
USGS-03453500,2021-08-01,1200.0,-82.6608333333333,35.7863888888889
USGS-03453500,2021-08-02,1160.0,-82.6608333333333,35.7863888888889
USGS-03453500,2021-08-03,1110.0,-82.6608333333333,35.7863888888889
USGS-03453500,2021-08-04,1300.0,-82.6608333333333,35.7863888888889
USGS-03453500,2021-08-05,1190.0,-82.6608333333333,35.7863888888889
USGS-03453500,2021-08-06,1110.0,-82.6608333333333,35.7863888888889
USGS-03453500,2021-08-07,1120.0,-82.6608333333333,35.7863888888889
USGS-03453500,2021-08-08,1320.0,-82.6608333333333,35.7863888888889
USGS-03453500,2021-08-09,1240.0,-82.6608333333333,35.7863888888889
USGS-03453500,2021-08-10,1210.0,-82.6608333333333,35.7863888888889
USGS-03453500,2021-08-11,1190.0,-82.6608333333333,35.7863888888889
USGS-03453500,2021-08-12,1340.0,-82.6608333333333,35.7863888888889
USGS-03453500,2021-08-13,1150.0,-82.6608333333333,35.7863888888889
USGS-03453500,2021-08-14,1200.0,-82.6608333333333,35.7863888888889
USGS-03453500,2021-08-15,2340.0,-82.6608333333333,35.7863888888889
USGS-03453500,2021-08-16,3790.0,-82.6608333333333,35.7863888888889
USGS-03453500,2021-08-17,15300.0,-82.6608333333333,35.7863888888889
USGS-03453500,2021-08-18,20500.0,-82.6608333333333,35.7863888888889
USGS-03453500,2021-08-19,11800.0,-82.6608333333333,35.7863888888889
USGS-03453500,2021-08-20,11500.0,-82.6608333333333,35.7863888888889
USGS-03453500,2021-08-21,9110.0,-82.6608333333333,35.7863888888889
USGS-03453500,2021-08-22,6260.0,-82.6608333333333,35.7863888888889
USGS-03453500,2021-08-23,3900.0,-82.6608333333333,35.7863888888889
USGS-03453500,2021-08-24,3190.0,-82.6608333333333,35.7863888888889
USGS-03453500,2021-08-25,2840.0,-82.6608333333333,35.7863888888889
USGS-03453500,2021-08-26,2650.0,-82.6608333333333,35.7863888888889
USGS-03453500,2021-08-27,2860.0,-82.6608333333333,35.7863888888889
USGS-03453500,2021-08-28,2320.0,-82.6608333333333,35.7863888888889
USGS-03453500,2021-08-29,2100.0,-82.6608333333333,35.7863888888889
USGS-03453500,2021-08-30,1950.0,-82.6608333333333,35.7863888888889
USGS-03453500,2021-08-31,1910.0,-82.6608333333333,35.7863888888889
USGS-03453500,2021-09-01,4200.0,-82.6608333333333,35.7863888888889
USGS-03453500,2021-09-02,5240.0,-82.6608333333333,35.7863888888889
USGS-03453500,2021-09-03,3960.0,-82.6608333333333,35.7863888888889
USGS-03453500,2021-09-04,2870.0,-82.6608333333333,35.7863888888889
USGS-03453500,2021-09-05,2470.0,-82.6608333333333,35.7863888888889
USGS-03453500,2021-09-06,2260.0,-82.6608333333333,35.7863888888889
USGS-03453500,2021-09-07,2080.0,-82.6608333333333,35.7863888888889
USGS-03453500,2021-09-08,1990.0,-82.6608333333333,35.7863888888889
USGS-03453500,2021-09-09,2380.0,-82.6608333333333,35.7863888888889
USGS-03453500,2021-09-10,1940.0,-82.6608333333333,35.7863888888889
USGS-03453500,2021-09-11,1760.0,-82.6608333333333,35.7863888888889
USGS-03453500,2021-09-12,1670.0,-82.6608333333333,35.7863888888889
USGS-03453500,2021-09-13,1600.0,-82.6608333333333,35.7863888888889
USGS-03453500,2021-09-14,1550.0,-82.6608333333333,35.7863888888889
USGS-03453500,2021-09-15,1510.0,-82.6608333333333,35.7863888888889
USGS-03453500,2021-09-16,1530.0,-82.6608333333333,35.7863888888889
USGS-03453500,2021-09-17,1620.0,-82.6608333333333,35.7863888888889
USGS-03453500,2021-09-18,1590.0,-82.6608333333333,35.7863888888889
USGS-03453500,2021-09-19,1540.0,-82.6608333333333,35.7863888888889
USGS-03453500,2021-09-20,1620.0,-82.6608333333333,35.7863888888889
USGS-03453500,2021-09-21,1880.0,-82.6608333333333,35.7863888888889
USGS-03453500,2021-09-22,2660.0,-82.6608333333333,35.7863888888889
USGS-03453500,2021-09-23,2960.0,-82.6608333333333,35.7863888888889
USGS-03453500,2021-09-24,2270.0,-82.6608333333333,35.7863888888889
USGS-03453500,2021-09-25,1880.0,-82.6608333333333,35.7863888888889
USGS-03453500,2021-09-26,1710.0,-82.6608333333333,35.7863888888889
USGS-03453500,2021-09-27,1590.0,-82.6608333333333,35.7863888888889
USGS-03453500,2021-09-28,1500.0,-82.6608333333333,35.7863888888889
USGS-03453500,2021-09-29,1450.0,-82.6608333333333,35.7863888888889
USGS-03453500,2021-09-30,1400.0,-82.6608333333333,35.7863888888889
USGS-03453500,2021-10-01,1350.0,-82.6608333333333,35.7863888888889
USGS-03453500,2021-10-02,1320.0,-82.6608333333333,35.7863888888889
USGS-03453500,2021-10-03,1330.0,-82.6608333333333,35.7863888888889
USGS-03453500,2021-10-04,1470.0,-82.6608333333333,35.7863888888889
USGS-03453500,2021-10-05,1570.0,-82.6608333333333,35.7863888888889
USGS-03453500,2021-10-06,2900.0,-82.6608333333333,35.7863888888889
USGS-03453500,2021-10-07,10200.0,-82.6608333333333,35.7863888888889
USGS-03453500,2021-10-08,11400.0,-82.6608333333333,35.7863888888889
USGS-03453500,2021-10-09,9830.0,-82.6608333333333,35.7863888888889
USGS-03453500,2021-10-10,7690.0,-82.6608333333333,35.7863888888889
USGS-03453500,2021-10-11,5410.0,-82.6608333333333,35.7863888888889
USGS-03453500,2021-10-12,3830.0,-82.6608333333333,35.7863888888889
USGS-03453500,2021-10-13,3340.0,-82.6608333333333,35.7863888888889
USGS-03453500,2021-10-14,2990.0,-82.6608333333333,35.7863888888889
USGS-03453500,2021-10-15,2740.0,-82.6608333333333,35.7863888888889
USGS-03453500,2021-10-16,2550.0,-82.6608333333333,35.7863888888889
USGS-03453500,2021-10-17,2350.0,-82.6608333333333,35.7863888888889
USGS-03453500,2021-10-18,2220.0,-82.6608333333333,35.7863888888889
USGS-03453500,2021-10-19,2130.0,-82.6608333333333,35.7863888888889
USGS-03453500,2021-10-20,2060.0,-82.6608333333333,35.7863888888889
USGS-03453500,2021-10-21,1990.0,-82.6608333333333,35.7863888888889
USGS-03453500,2021-10-22,1950.0,-82.6608333333333,35.7863888888889
USGS-03453500,2021-10-23,1900.0,-82.6608333333333,35.7863888888889
USGS-03453500,2021-10-24,1840.0,-82.6608333333333,35.7863888888889
USGS-03453500,2021-10-25,1800.0,-82.6608333333333,35.7863888888889
USGS-03453500,2021-10-26,1780.0,-82.6608333333333,35.7863888888889
USGS-03453500,2021-10-27,1740.0,-82.6608333333333,35.7863888888889
USGS-03453500,2021-10-28,1700.0,-82.6608333333333,35.7863888888889
USGS-03453500,2021-10-29,2070.0,-82.6608333333333,35.7863888888889
USGS-03453500,2021-10-30,2320.0,-82.6608333333333,35.7863888888889
USGS-03453500,2021-10-31,2020.0,-82.6608333333333,35.7863888888889
USGS-03453500,2021-11-01,1850.0,-82.6608333333333,35.7863888888889
USGS-03453500,2021-11-02,1750.0,-82.6608333333333,35.7863888888889
USGS-03453500,2021-11-03,1690.0,-82.6608333333333,35.7863888888889
USGS-03453500,2021-11-04,1690.0,-82.6608333333333,35.7863888888889
USGS-03453500,2021-11-05,1720.0,-82.6608333333333,35.7863888888889
USGS-03453500,2021-11-06,1660.0,-82.6608333333333,35.7863888888889
USGS-03453500,2021-11-07,1600.0,-82.6608333333333,35.7863888888889
USGS-03453500,2021-11-08,1560.0,-82.6608333333333,35.7863888888889
USGS-03453500,2021-11-09,1540.0,-82.6608333333333,35.7863888888889
USGS-03453500,2021-11-10,1520.0,-82.6608333333333,35.7863888888889
USGS-03453500,2021-11-11,1510.0,-82.6608333333333,35.7863888888889
USGS-03453500,2021-11-12,2030.0,-82.6608333333333,35.7863888888889
USGS-03453500,2021-11-13,2040.0,-82.6608333333333,35.7863888888889
USGS-03453500,2021-11-14,1750.0,-82.6608333333333,35.7863888888889
USGS-03453500,2021-11-15,1610.0,-82.6608333333333,35.7863888888889
USGS-03453500,2021-11-16,1550.0,-82.6608333333333,35.7863888888889
USGS-03453500,2021-11-17,1530.0,-82.6608333333333,35.7863888888889
USGS-03453500,2021-11-18,1510.0,-82.6608333333333,35.7863888888889
USGS-03453500,2021-11-19,1480.0,-82.6608333333333,35.7863888888889
USGS-03453500,2021-11-20,1450.0,-82.6608333333333,35.7863888888889
USGS-03453500,2021-11-21,1430.0,-82.6608333333333,35.7863888888889
USGS-03453500,2021-11-22,1470.0,-82.6608333333333,35.7863888888889
USGS-03453500,2021-11-23,1480.0,-82.6608333333333,35.7863888888889
USGS-03453500,2021-11-24,1420.0,-82.6608333333333,35.7863888888889
USGS-03453500,2021-11-25,1390.0,-82.6608333333333,35.7863888888889
USGS-03453500,2021-11-26,1380.0,-82.6608333333333,35.7863888888889
USGS-03453500,2021-11-27,1360.0,-82.6608333333333,35.7863888888889
USGS-03453500,2021-11-28,1350.0,-82.6608333333333,35.7863888888889
USGS-03453500,2021-11-29,1330.0,-82.6608333333333,35.7863888888889
USGS-03453500,2021-11-30,1310.0,-82.6608333333333,35.7863888888889
USGS-03453500,2021-12-01,1300.0,-82.6608333333333,35.7863888888889
USGS-03453500,2021-12-02,1300.0,-82.6608333333333,35.7863888888889
USGS-03453500,2021-12-03,1290.0,-82.6608333333333,35.7863888888889
USGS-03453500,2021-12-04,1280.0,-82.6608333333333,35.7863888888889
USGS-03453500,2021-12-05,1280.0,-82.6608333333333,35.7863888888889
USGS-03453500,2021-12-06,1270.0,-82.6608333333333,35.7863888888889
USGS-03453500,2021-12-07,1260.0,-82.6608333333333,35.7863888888889
USGS-03453500,2021-12-08,1250.0,-82.6608333333333,35.7863888888889
USGS-03453500,2021-12-09,1260.0,-82.6608333333333,35.7863888888889
USGS-03453500,2021-12-10,1290.0,-82.6608333333333,35.7863888888889
USGS-03453500,2021-12-11,1270.0,-82.6608333333333,35.7863888888889
USGS-03453500,2021-12-12,1450.0,-82.6608333333333,35.7863888888889
USGS-03453500,2021-12-13,1500.0,-82.6608333333333,35.7863888888889
USGS-03453500,2021-12-14,1380.0,-82.6608333333333,35.7863888888889
USGS-03453500,2021-12-15,1290.0,-82.6608333333333,35.7863888888889
USGS-03453500,2021-12-16,1250.0,-82.6608333333333,35.7863888888889
USGS-03453500,2021-12-17,1240.0,-82.6608333333333,35.7863888888889
USGS-03453500,2021-12-18,1270.0,-82.6608333333333,35.7863888888889
USGS-03453500,2021-12-19,1520.0,-82.6608333333333,35.7863888888889
USGS-03453500,2021-12-20,1650.0,-82.6608333333333,35.7863888888889
USGS-03453500,2021-12-21,1500.0,-82.6608333333333,35.7863888888889
USGS-03453500,2021-12-22,1390.0,-82.6608333333333,35.7863888888889
USGS-03453500,2021-12-23,1350.0,-82.6608333333333,35.7863888888889
USGS-03453500,2021-12-24,1300.0,-82.6608333333333,35.7863888888889
USGS-03453500,2021-12-25,1270.0,-82.6608333333333,35.7863888888889
USGS-03453500,2021-12-26,1260.0,-82.6608333333333,35.7863888888889
USGS-03453500,2021-12-27,1250.0,-82.6608333333333,35.7863888888889
USGS-03453500,2021-12-28,1240.0,-82.6608333333333,35.7863888888889
USGS-03453500,2021-12-29,1250.0,-82.6608333333333,35.7863888888889
USGS-03453500,2021-12-30,1510.0,-82.6608333333333,35.7863888888889
USGS-03453500,2021-12-31,1500.0,-82.6608333333333,35.7863888888889
USGS-03453500,2022-01-01,1430.0,-82.6608333333333,35.7863888888889
USGS-03453500,2022-01-02,2260.0,-82.6608333333333,35.7863888888889
USGS-03453500,2022-01-03,4250.0,-82.6608333333333,35.7863888888889
USGS-03453500,2022-01-04,3600.0,-82.6608333333333,35.7863888888889
USGS-03453500,2022-01-05,2620.0,-82.6608333333333,35.7863888888889
USGS-03453500,2022-01-06,2160.0,-82.6608333333333,35.7863888888889
USGS-03453500,2022-01-07,1960.0,-82.6608333333333,35.7863888888889
USGS-03453500,2022-01-08,1770.0,-82.6608333333333,35.7863888888889
USGS-03453500,2022-01-09,1720.0,-82.6608333333333,35.7863888888889
USGS-03453500,2022-01-10,2330.0,-82.6608333333333,35.7863888888889
USGS-03453500,2022-01-11,2220.0,-82.6608333333333,35.7863888888889
USGS-03453500,2022-01-12,1930.0,-82.6608333333333,35.7863888888889
USGS-03453500,2022-01-13,1790.0,-82.6608333333333,35.7863888888889
USGS-03453500,2022-01-14,1710.0,-82.6608333333333,35.7863888888889
USGS-03453500,2022-01-15,1620.0,-82.6608333333333,35.7863888888889
USGS-03453500,2022-01-16,1660.0,-82.6608333333333,35.7863888888889
USGS-03453500,2022-01-17,1880.0,-82.6608333333333,35.7863888888889
USGS-03453500,2022-01-18,1810.0,-82.6608333333333,35.7863888888889
USGS-03453500,2022-01-19,1670.0,-82.6608333333333,35.7863888888889
USGS-03453500,2022-01-20,1980.0,-82.6608333333333,35.7863888888889
USGS-03453500,2022-01-21,2270.0,-82.6608333333333,35.7863888888889
USGS-03453500,2022-01-22,2100.0,-82.6608333333333,35.7863888888889
USGS-03453500,2022-01-23,1910.0,-82.6608333333333,35.7863888888889
USGS-03453500,2022-01-24,1810.0,-82.6608333333333,35.7863888888889
USGS-03453500,2022-01-25,1760.0,-82.6608333333333,35.7863888888889
USGS-03453500,2022-01-26,1750.0,-82.6608333333333,35.7863888888889
USGS-03453500,2022-01-27,1730.0,-82.6608333333333,35.7863888888889
USGS-03453500,2022-01-28,1690.0,-82.6608333333333,35.7863888888889
USGS-03453500,2022-01-29,1660.0,-82.6608333333333,35.7863888888889
USGS-03453500,2022-01-30,1570.0,-82.6608333333333,35.7863888888889
USGS-03453500,2022-01-31,1550.0,-82.6608333333333,35.7863888888889
USGS-03453500,2022-02-01,1520.0,-82.6608333333333,35.7863888888889
USGS-03453500,2022-02-02,1490.0,-82.6608333333333,35.7863888888889
USGS-03453500,2022-02-03,2010.0,-82.6608333333333,35.7863888888889
USGS-03453500,2022-02-04,9870.0,-82.6608333333333,35.7863888888889
USGS-03453500,2022-02-05,9300.0,-82.6608333333333,35.7863888888889
USGS-03453500,2022-02-06,7890.0,-82.6608333333333,35.7863888888889
USGS-03453500,2022-02-07,6760.0,-82.6608333333333,35.7863888888889
USGS-03453500,2022-02-08,4120.0,-82.6608333333333,35.7863888888889
USGS-03453500,2022-02-09,3280.0,-82.6608333333333,35.7863888888889
USGS-03453500,2022-02-10,2910.0,-82.6608333333333,35.7863888888889
USGS-03453500,2022-02-11,2620.0,-82.6608333333333,35.7863888888889
USGS-03453500,2022-02-12,2420.0,-82.6608333333333,35.7863888888889
USGS-03453500,2022-02-13,2250.0,-82.6608333333333,35.7863888888889
USGS-03453500,2022-02-14,2110.0,-82.6608333333333,35.7863888888889
USGS-03453500,2022-02-15,1990.0,-82.6608333333333,35.7863888888889
USGS-03453500,2022-02-16,1900.0,-82.6608333333333,35.7863888888889
USGS-03453500,2022-02-17,1860.0,-82.6608333333333,35.7863888888889
USGS-03453500,2022-02-18,3550.0,-82.6608333333333,35.7863888888889
USGS-03453500,2022-02-19,3760.0,-82.6608333333333,35.7863888888889
USGS-03453500,2022-02-20,2840.0,-82.6608333333333,35.7863888888889
USGS-03453500,2022-02-21,2450.0,-82.6608333333333,35.7863888888889
USGS-03453500,2022-02-22,2310.0,-82.6608333333333,35.7863888888889
USGS-03453500,2022-02-23,5720.0,-82.6608333333333,35.7863888888889
USGS-03453500,2022-02-24,4790.0,-82.6608333333333,35.7863888888889
USGS-03453500,2022-02-25,3920.0,-82.6608333333333,35.7863888888889
USGS-03453500,2022-02-26,3410.0,-82.6608333333333,35.7863888888889
USGS-03453500,2022-02-27,4160.0,-82.6608333333333,35.7863888888889
USGS-03453500,2022-02-28,4490.0,-82.6608333333333,35.7863888888889
USGS-03453500,2022-03-01,3610.0,-82.6608333333333,35.7863888888889
USGS-03453500,2022-03-02,3110.0,-82.6608333333333,35.7863888888889
USGS-03453500,2022-03-03,2780.0,-82.6608333333333,35.7863888888889
USGS-03453500,2022-03-04,2540.0,-82.6608333333333,35.7863888888889
USGS-03453500,2022-03-05,2350.0,-82.6608333333333,35.7863888888889
USGS-03453500,2022-03-06,2230.0,-82.6608333333333,35.7863888888889
USGS-03453500,2022-03-07,2200.0,-82.6608333333333,35.7863888888889
USGS-03453500,2022-03-08,2490.0,-82.6608333333333,35.7863888888889
USGS-03453500,2022-03-09,4770.0,-82.6608333333333,35.7863888888889
USGS-03453500,2022-03-10,5380.0,-82.6608333333333,35.7863888888889
USGS-03453500,2022-03-11,4020.0,-82.6608333333333,35.7863888888889
USGS-03453500,2022-03-12,3710.0,-82.6608333333333,35.7863888888889
USGS-03453500,2022-03-13,3370.0,-82.6608333333333,35.7863888888889
USGS-03453500,2022-03-14,3010.0,-82.6608333333333,35.7863888888889
USGS-03453500,2022-03-15,2770.0,-82.6608333333333,35.7863888888889
USGS-03453500,2022-03-16,3110.0,-82.6608333333333,35.7863888888889
USGS-03453500,2022-03-17,4040.0,-82.6608333333333,35.7863888888889
USGS-03453500,2022-03-18,3460.0,-82.6608333333333,35.7863888888889
USGS-03453500,2022-03-19,3150.0,-82.6608333333333,35.7863888888889
USGS-03453500,2022-03-20,2900.0,-82.6608333333333,35.7863888888889
USGS-03453500,2022-03-21,2640.0,-82.6608333333333,35.7863888888889
USGS-03453500,2022-03-22,2480.0,-82.6608333333333,35.7863888888889
USGS-03453500,2022-03-23,3610.0,-82.6608333333333,35.7863888888889
USGS-03453500,2022-03-24,7900.0,-82.6608333333333,35.7863888888889
USGS-03453500,2022-03-25,7810.0,-82.6608333333333,35.7863888888889
USGS-03453500,2022-03-26,7060.0,-82.6608333333333,35.7863888888889
USGS-03453500,2022-03-27,4880.0,-82.6608333333333,35.7863888888889
USGS-03453500,2022-03-28,3640.0,-82.6608333333333,35.7863888888889
USGS-03453500,2022-03-29,3300.0,-82.6608333333333,35.7863888888889
USGS-03453500,2022-03-30,3060.0,-82.6608333333333,35.7863888888889
USGS-03453500,2022-03-31,3850.0,-82.6608333333333,35.7863888888889
USGS-03453500,2022-04-01,5220.0,-82.6608333333333,35.7863888888889
USGS-03453500,2022-04-02,4320.0,-82.6608333333333,35.7863888888889
USGS-03453500,2022-04-03,3560.0,-82.6608333333333,35.7863888888889
USGS-03453500,2022-04-04,3260.0,-82.6608333333333,35.7863888888889
USGS-03453500,2022-04-05,3170.0,-82.6608333333333,35.7863888888889
USGS-03453500,2022-04-06,3850.0,-82.6608333333333,35.7863888888889
USGS-03453500,2022-04-07,3940.0,-82.6608333333333,35.7863888888889
USGS-03453500,2022-04-08,3350.0,-82.6608333333333,35.7863888888889
USGS-03453500,2022-04-09,3110.0,-82.6608333333333,35.7863888888889
USGS-03453500,2022-04-10,2940.0,-82.6608333333333,35.7863888888889
USGS-03453500,2022-04-11,2780.0,-82.6608333333333,35.7863888888889
USGS-03453500,2022-04-12,3060.0,-82.6608333333333,35.7863888888889
USGS-03453500,2022-04-13,3120.0,-82.6608333333333,35.7863888888889
USGS-03453500,2022-04-14,2860.0,-82.6608333333333,35.7863888888889
USGS-03453500,2022-04-15,2680.0,-82.6608333333333,35.7863888888889
USGS-03453500,2022-04-16,2620.0,-82.6608333333333,35.7863888888889
USGS-03453500,2022-04-17,2530.0,-82.6608333333333,35.7863888888889
USGS-03453500,2022-04-18,3370.0,-82.6608333333333,35.7863888888889
USGS-03453500,2022-04-19,3990.0,-82.6608333333333,35.7863888888889
USGS-03453500,2022-04-20,3180.0,-82.6608333333333,35.7863888888889
USGS-03453500,2022-04-21,2810.0,-82.6608333333333,35.7863888888889
USGS-03453500,2022-04-22,2640.0,-82.6608333333333,35.7863888888889
USGS-03453500,2022-04-23,2530.0,-82.6608333333333,35.7863888888889
USGS-03453500,2022-04-24,2420.0,-82.6608333333333,35.7863888888889
USGS-03453500,2022-04-25,2330.0,-82.6608333333333,35.7863888888889
USGS-03453500,2022-04-26,2310.0,-82.6608333333333,35.7863888888889
USGS-03453500,2022-04-27,2260.0,-82.6608333333333,35.7863888888889
USGS-03453500,2022-04-28,2120.0,-82.6608333333333,35.7863888888889
USGS-03453500,2022-04-29,2050.0,-82.6608333333333,35.7863888888889
USGS-03453500,2022-04-30,2000.0,-82.6608333333333,35.7863888888889
USGS-03453500,2022-05-01,1960.0,-82.6608333333333,35.7863888888889
USGS-03453500,2022-05-02,1930.0,-82.6608333333333,35.7863888888889
USGS-03453500,2022-05-03,1880.0,-82.6608333333333,35.7863888888889
USGS-03453500,2022-05-04,1920.0,-82.6608333333333,35.7863888888889
USGS-03453500,2022-05-05,1810.0,-82.6608333333333,35.7863888888889
USGS-03453500,2022-05-06,2010.0,-82.6608333333333,35.7863888888889
USGS-03453500,2022-05-07,2620.0,-82.6608333333333,35.7863888888889
USGS-03453500,2022-05-08,2150.0,-82.6608333333333,35.7863888888889
USGS-03453500,2022-05-09,1890.0,-82.6608333333333,35.7863888888889
USGS-03453500,2022-05-10,1790.0,-82.6608333333333,35.7863888888889
USGS-03453500,2022-05-11,1730.0,-82.6608333333333,35.7863888888889
USGS-03453500,2022-05-12,1670.0,-82.6608333333333,35.7863888888889
USGS-03453500,2022-05-13,1660.0,-82.6608333333333,35.7863888888889
USGS-03453500,2022-05-14,1740.0,-82.6608333333333,35.7863888888889
USGS-03453500,2022-05-15,1960.0,-82.6608333333333,35.7863888888889
USGS-03453500,2022-05-16,1960.0,-82.6608333333333,35.7863888888889
USGS-03453500,2022-05-17,1790.0,-82.6608333333333,35.7863888888889
USGS-03453500,2022-05-18,1620.0,-82.6608333333333,35.7863888888889
USGS-03453500,2022-05-19,1650.0,-82.6608333333333,35.7863888888889
USGS-03453500,2022-05-20,1580.0,-82.6608333333333,35.7863888888889
USGS-03453500,2022-05-21,1480.0,-82.6608333333333,35.7863888888889
USGS-03453500,2022-05-22,1750.0,-82.6608333333333,35.7863888888889
USGS-03453500,2022-05-23,4300.0,-82.6608333333333,35.7863888888889
USGS-03453500,2022-05-24,7380.0,-82.6608333333333,35.7863888888889
USGS-03453500,2022-05-25,5080.0,-82.6608333333333,35.7863888888889
USGS-03453500,2022-05-26,5590.0,-82.6608333333333,35.7863888888889
USGS-03453500,2022-05-27,15900.0,-82.6608333333333,35.7863888888889
USGS-03453500,2022-05-28,9990.0,-82.6608333333333,35.7863888888889
USGS-03453500,2022-05-29,8330.0,-82.6608333333333,35.7863888888889
USGS-03453500,2022-05-30,7570.0,-82.6608333333333,35.7863888888889
USGS-03453500,2022-05-31,5020.0,-82.6608333333333,35.7863888888889
USGS-03453500,2022-06-01,3810.0,-82.6608333333333,35.7863888888889
USGS-03453500,2022-06-02,3450.0,-82.6608333333333,35.7863888888889
USGS-03453500,2022-06-03,3380.0,-82.6608333333333,35.7863888888889
USGS-03453500,2022-06-04,3220.0,-82.6608333333333,35.7863888888889
USGS-03453500,2022-06-05,2890.0,-82.6608333333333,35.7863888888889
USGS-03453500,2022-06-06,2600.0,-82.6608333333333,35.7863888888889
USGS-03453500,2022-06-07,2440.0,-82.6608333333333,35.7863888888889
USGS-03453500,2022-06-08,2400.0,-82.6608333333333,35.7863888888889
USGS-03453500,2022-06-09,2620.0,-82.6608333333333,35.7863888888889
USGS-03453500,2022-06-10,2310.0,-82.6608333333333,35.7863888888889
USGS-03453500,2022-06-11,2120.0,-82.6608333333333,35.7863888888889
USGS-03453500,2022-06-12,2030.0,-82.6608333333333,35.7863888888889
USGS-03453500,2022-06-13,1950.0,-82.6608333333333,35.7863888888889
USGS-03453500,2022-06-14,2110.0,-82.6608333333333,35.7863888888889
USGS-03453500,2022-06-15,2060.0,-82.6608333333333,35.7863888888889
USGS-03453500,2022-06-16,1860.0,-82.6608333333333,35.7863888888889
USGS-03453500,2022-06-17,2000.0,-82.6608333333333,35.7863888888889
USGS-03453500,2022-06-18,2080.0,-82.6608333333333,35.7863888888889
USGS-03453500,2022-06-19,1730.0,-82.6608333333333,35.7863888888889
USGS-03453500,2022-06-20,1590.0,-82.6608333333333,35.7863888888889
USGS-03453500,2022-06-21,1500.0,-82.6608333333333,35.7863888888889
USGS-03453500,2022-06-22,1450.0,-82.6608333333333,35.7863888888889
USGS-03453500,2022-06-23,1400.0,-82.6608333333333,35.7863888888889
USGS-03453500,2022-06-24,1350.0,-82.6608333333333,35.7863888888889
USGS-03453500,2022-06-25,1350.0,-82.6608333333333,35.7863888888889
USGS-03453500,2022-06-26,1410.0,-82.6608333333333,35.7863888888889
USGS-03453500,2022-06-27,1490.0,-82.6608333333333,35.7863888888889
USGS-03453500,2022-06-28,1410.0,-82.6608333333333,35.7863888888889
USGS-03453500,2022-06-29,1340.0,-82.6608333333333,35.7863888888889
USGS-03453500,2022-06-30,1490.0,-82.6608333333333,35.7863888888889
USGS-03453500,2022-07-01,1420.0,-82.6608333333333,35.7863888888889
USGS-03453500,2022-07-02,1560.0,-82.6608333333333,35.7863888888889
USGS-03453500,2022-07-03,1860.0,-82.6608333333333,35.7863888888889
USGS-03453500,2022-07-04,1960.0,-82.6608333333333,35.7863888888889
USGS-03453500,2022-07-05,2080.0,-82.6608333333333,35.7863888888889
USGS-03453500,2022-07-06,2680.0,-82.6608333333333,35.7863888888889
USGS-03453500,2022-07-07,2340.0,-82.6608333333333,35.7863888888889
USGS-03453500,2022-07-08,2330.0,-82.6608333333333,35.7863888888889
USGS-03453500,2022-07-09,1960.0,-82.6608333333333,35.7863888888889
USGS-03453500,2022-07-10,3130.0,-82.6608333333333,35.7863888888889
USGS-03453500,2022-07-11,2540.0,-82.6608333333333,35.7863888888889
USGS-03453500,2022-07-12,2180.0,-82.6608333333333,35.7863888888889
USGS-03453500,2022-07-13,2550.0,-82.6608333333333,35.7863888888889
USGS-03453500,2022-07-14,2290.0,-82.6608333333333,35.7863888888889
USGS-03453500,2022-07-15,1710.0,-82.6608333333333,35.7863888888889
USGS-03453500,2022-07-16,1620.0,-82.6608333333333,35.7863888888889
USGS-03453500,2022-07-17,1570.0,-82.6608333333333,35.7863888888889
USGS-03453500,2022-07-18,1580.0,-82.6608333333333,35.7863888888889
USGS-03453500,2022-07-19,1630.0,-82.6608333333333,35.7863888888889
USGS-03453500,2022-07-20,1910.0,-82.6608333333333,35.7863888888889
USGS-03453500,2022-07-21,1700.0,-82.6608333333333,35.7863888888889
USGS-03453500,2022-07-22,1420.0,-82.6608333333333,35.7863888888889
USGS-03453500,2022-07-23,1300.0,-82.6608333333333,35.7863888888889
USGS-03453500,2022-07-24,1300.0,-82.6608333333333,35.7863888888889
USGS-03453500,2022-07-25,1210.0,-82.6608333333333,35.7863888888889
USGS-03453500,2022-07-26,1380.0,-82.6608333333333,35.7863888888889
USGS-03453500,2022-07-27,1420.0,-82.6608333333333,35.7863888888889
USGS-03453500,2022-07-28,1330.0,-82.6608333333333,35.7863888888889
USGS-03453500,2022-07-29,2180.0,-82.6608333333333,35.7863888888889
USGS-03453500,2022-07-30,1540.0,-82.6608333333333,35.7863888888889
USGS-03453500,2022-07-31,3700.0,-82.6608333333333,35.7863888888889
USGS-03453500,2022-08-01,2580.0,-82.6608333333333,35.7863888888889
USGS-03453500,2022-08-02,1810.0,-82.6608333333333,35.7863888888889
USGS-03453500,2022-08-03,1530.0,-82.6608333333333,35.7863888888889
USGS-03453500,2022-08-04,1500.0,-82.6608333333333,35.7863888888889
USGS-03453500,2022-08-05,1750.0,-82.6608333333333,35.7863888888889
USGS-03453500,2022-08-06,2030.0,-82.6608333333333,35.7863888888889
USGS-03453500,2022-08-07,3110.0,-82.6608333333333,35.7863888888889
USGS-03453500,2022-08-08,2580.0,-82.6608333333333,35.7863888888889
USGS-03453500,2022-08-09,1950.0,-82.6608333333333,35.7863888888889
USGS-03453500,2022-08-10,1990.0,-82.6608333333333,35.7863888888889
USGS-03453500,2022-08-11,1740.0,-82.6608333333333,35.7863888888889
USGS-03453500,2022-08-12,2330.0,-82.6608333333333,35.7863888888889
USGS-03453500,2022-08-13,2120.0,-82.6608333333333,35.7863888888889
USGS-03453500,2022-08-14,1660.0,-82.6608333333333,35.7863888888889
USGS-03453500,2022-08-15,1440.0,-82.6608333333333,35.7863888888889
USGS-03453500,2022-08-16,1360.0,-82.6608333333333,35.7863888888889
USGS-03453500,2022-08-17,1530.0,-82.6608333333333,35.7863888888889
USGS-03453500,2022-08-18,1530.0,-82.6608333333333,35.7863888888889
USGS-03453500,2022-08-19,1480.0,-82.6608333333333,35.7863888888889
USGS-03453500,2022-08-20,1670.0,-82.6608333333333,35.7863888888889
USGS-03453500,2022-08-21,1810.0,-82.6608333333333,35.7863888888889
USGS-03453500,2022-08-22,2510.0,-82.6608333333333,35.7863888888889
USGS-03453500,2022-08-23,2160.0,-82.6608333333333,35.7863888888889
USGS-03453500,2022-08-24,1600.0,-82.6608333333333,35.7863888888889
USGS-03453500,2022-08-25,1550.0,-82.6608333333333,35.7863888888889
USGS-03453500,2022-08-26,1460.0,-82.6608333333333,35.7863888888889
USGS-03453500,2022-08-27,1930.0,-82.6608333333333,35.7863888888889
USGS-03453500,2022-08-28,1530.0,-82.6608333333333,35.7863888888889
USGS-03453500,2022-08-29,1350.0,-82.6608333333333,35.7863888888889
USGS-03453500,2022-08-30,1280.0,-82.6608333333333,35.7863888888889
USGS-03453500,2022-08-31,1270.0,-82.6608333333333,35.7863888888889
USGS-03453500,2022-09-01,1160.0,-82.6608333333333,35.7863888888889
USGS-03453500,2022-09-02,1080.0,-82.6608333333333,35.7863888888889
USGS-03453500,2022-09-03,1050.0,-82.6608333333333,35.7863888888889
USGS-03453500,2022-09-04,1330.0,-82.6608333333333,35.7863888888889
USGS-03453500,2022-09-05,4600.0,-82.6608333333333,35.7863888888889
USGS-03453500,2022-09-06,7470.0,-82.6608333333333,35.7863888888889
USGS-03453500,2022-09-07,6620.0,-82.6608333333333,35.7863888888889
USGS-03453500,2022-09-08,6070.0,-82.6608333333333,35.7863888888889
USGS-03453500,2022-09-09,4220.0,-82.6608333333333,35.7863888888889
USGS-03453500,2022-09-10,3290.0,-82.6608333333333,35.7863888888889
USGS-03453500,2022-09-11,4620.0,-82.6608333333333,35.7863888888889
USGS-03453500,2022-09-12,3530.0,-82.6608333333333,35.7863888888889
USGS-03453500,2022-09-13,2830.0,-82.6608333333333,35.7863888888889
USGS-03453500,2022-09-14,2350.0,-82.6608333333333,35.7863888888889
USGS-03453500,2022-09-15,2100.0,-82.6608333333333,35.7863888888889
USGS-03453500,2022-09-16,1930.0,-82.6608333333333,35.7863888888889
USGS-03453500,2022-09-17,1790.0,-82.6608333333333,35.7863888888889
USGS-03453500,2022-09-18,1690.0,-82.6608333333333,35.7863888888889
USGS-03453500,2022-09-19,1610.0,-82.6608333333333,35.7863888888889
USGS-03453500,2022-09-20,1550.0,-82.6608333333333,35.7863888888889
USGS-03453500,2022-09-21,1470.0,-82.6608333333333,35.7863888888889
USGS-03453500,2022-09-22,1410.0,-82.6608333333333,35.7863888888889
USGS-03453500,2022-09-23,1340.0,-82.6608333333333,35.7863888888889
USGS-03453500,2022-09-24,1280.0,-82.6608333333333,35.7863888888889
USGS-03453500,2022-09-25,1250.0,-82.6608333333333,35.7863888888889
USGS-03453500,2022-09-26,1270.0,-82.6608333333333,35.7863888888889
USGS-03453500,2022-09-27,1210.0,-82.6608333333333,35.7863888888889
USGS-03453500,2022-09-28,1150.0,-82.6608333333333,35.7863888888889
USGS-03453500,2022-09-29,1110.0,-82.6608333333333,35.7863888888889
USGS-03453500,2022-09-30,1120.0,-82.6608333333333,35.7863888888889
USGS-03453500,2022-10-01,1450.0,-82.6608333333333,35.7863888888889
USGS-03453500,2022-10-02,1330.0,-82.6608333333333,35.7863888888889
USGS-03453500,2022-10-03,1180.0,-82.6608333333333,35.7863888888889
USGS-03453500,2022-10-04,1120.0,-82.6608333333333,35.7863888888889
USGS-03453500,2022-10-05,1080.0,-82.6608333333333,35.7863888888889
USGS-03453500,2022-10-06,1050.0,-82.6608333333333,35.7863888888889
USGS-03453500,2022-10-07,1030.0,-82.6608333333333,35.7863888888889
USGS-03453500,2022-10-08,1000.0,-82.6608333333333,35.7863888888889
USGS-03453500,2022-10-09,980.0,-82.6608333333333,35.7863888888889
USGS-03453500,2022-10-10,975.0,-82.6608333333333,35.7863888888889
USGS-03453500,2022-10-11,965.0,-82.6608333333333,35.7863888888889
USGS-03453500,2022-10-12,961.0,-82.6608333333333,35.7863888888889
USGS-03453500,2022-10-13,964.0,-82.6608333333333,35.7863888888889
USGS-03453500,2022-10-14,964.0,-82.6608333333333,35.7863888888889
USGS-03453500,2022-10-15,912.0,-82.6608333333333,35.7863888888889
USGS-03453500,2022-10-16,913.0,-82.6608333333333,35.7863888888889
USGS-03453500,2022-10-17,1120.0,-82.6608333333333,35.7863888888889
USGS-03453500,2022-10-18,999.0,-82.6608333333333,35.7863888888889
USGS-03453500,2022-10-19,878.0,-82.6608333333333,35.7863888888889
USGS-03453500,2022-10-20,890.0,-82.6608333333333,35.7863888888889
USGS-03453500,2022-10-21,896.0,-82.6608333333333,35.7863888888889
USGS-03453500,2022-10-22,898.0,-82.6608333333333,35.7863888888889
USGS-03453500,2022-10-23,894.0,-82.6608333333333,35.7863888888889
USGS-03453500,2022-10-24,895.0,-82.6608333333333,35.7863888888889
USGS-03453500,2022-10-25,888.0,-82.6608333333333,35.7863888888889
USGS-03453500,2022-10-26,902.0,-82.6608333333333,35.7863888888889
USGS-03453500,2022-10-27,924.0,-82.6608333333333,35.7863888888889
USGS-03453500,2022-10-28,930.0,-82.6608333333333,35.7863888888889
USGS-03453500,2022-10-29,898.0,-82.6608333333333,35.7863888888889
USGS-03453500,2022-10-30,897.0,-82.6608333333333,35.7863888888889
USGS-03453500,2022-10-31,932.0,-82.6608333333333,35.7863888888889
USGS-03453500,2022-11-01,1180.0,-82.6608333333333,35.7863888888889
USGS-03453500,2022-11-02,1220.0,-82.6608333333333,35.7863888888889
USGS-03453500,2022-11-03,992.0,-82.6608333333333,35.7863888888889
USGS-03453500,2022-11-04,954.0,-82.6608333333333,35.7863888888889
USGS-03453500,2022-11-05,950.0,-82.6608333333333,35.7863888888889
USGS-03453500,2022-11-06,1140.0,-82.6608333333333,35.7863888888889
USGS-03453500,2022-11-07,1320.0,-82.6608333333333,35.7863888888889
USGS-03453500,2022-11-08,1220.0,-82.6608333333333,35.7863888888889
USGS-03453500,2022-11-09,1040.0,-82.6608333333333,35.7863888888889
USGS-03453500,2022-11-10,976.0,-82.6608333333333,35.7863888888889
USGS-03453500,2022-11-11,3270.0,-82.6608333333333,35.7863888888889
USGS-03453500,2022-11-12,6760.0,-82.6608333333333,35.7863888888889
USGS-03453500,2022-11-13,5000.0,-82.6608333333333,35.7863888888889
USGS-03453500,2022-11-14,2590.0,-82.6608333333333,35.7863888888889
USGS-03453500,2022-11-15,2020.0,-82.6608333333333,35.7863888888889
USGS-03453500,2022-11-16,2490.0,-82.6608333333333,35.7863888888889
USGS-03453500,2022-11-17,2380.0,-82.6608333333333,35.7863888888889
USGS-03453500,2022-11-18,1930.0,-82.6608333333333,35.7863888888889
USGS-03453500,2022-11-19,1710.0,-82.6608333333333,35.7863888888889
USGS-03453500,2022-11-20,1580.0,-82.6608333333333,35.7863888888889
USGS-03453500,2022-11-21,1470.0,-82.6608333333333,35.7863888888889
USGS-03453500,2022-11-22,1400.0,-82.6608333333333,35.7863888888889
USGS-03453500,2022-11-23,1360.0,-82.6608333333333,35.7863888888889
USGS-03453500,2022-11-24,1320.0,-82.6608333333333,35.7863888888889
USGS-03453500,2022-11-25,1290.0,-82.6608333333333,35.7863888888889
USGS-03453500,2022-11-26,1270.0,-82.6608333333333,35.7863888888889
USGS-03453500,2022-11-27,1290.0,-82.6608333333333,35.7863888888889
USGS-03453500,2022-11-28,1570.0,-82.6608333333333,35.7863888888889
USGS-03453500,2022-11-29,1500.0,-82.6608333333333,35.7863888888889
USGS-03453500,2022-11-30,3560.0,-82.6608333333333,35.7863888888889
USGS-03453500,2022-12-01,4460.0,-82.6608333333333,35.7863888888889
USGS-03453500,2022-12-02,2940.0,-82.6608333333333,35.7863888888889
USGS-03453500,2022-12-03,2260.0,-82.6608333333333,35.7863888888889
USGS-03453500,2022-12-04,2010.0,-82.6608333333333,35.7863888888889
USGS-03453500,2022-12-05,1850.0,-82.6608333333333,35.7863888888889
USGS-03453500,2022-12-06,2160.0,-82.6608333333333,35.7863888888889
USGS-03453500,2022-12-07,2700.0,-82.6608333333333,35.7863888888889
USGS-03453500,2022-12-08,3120.0,-82.6608333333333,35.7863888888889
USGS-03453500,2022-12-09,3520.0,-82.6608333333333,35.7863888888889
USGS-03453500,2022-12-10,3230.0,-82.6608333333333,35.7863888888889
USGS-03453500,2022-12-11,2780.0,-82.6608333333333,35.7863888888889
USGS-03453500,2022-12-12,2470.0,-82.6608333333333,35.7863888888889
USGS-03453500,2022-12-13,2240.0,-82.6608333333333,35.7863888888889
USGS-03453500,2022-12-14,2060.0,-82.6608333333333,35.7863888888889
USGS-03453500,2022-12-15,4290.0,-82.6608333333333,35.7863888888889
USGS-03453500,2022-12-16,6310.0,-82.6608333333333,35.7863888888889
USGS-03453500,2022-12-17,5390.0,-82.6608333333333,35.7863888888889
USGS-03453500,2022-12-18,3610.0,-82.6608333333333,35.7863888888889
USGS-03453500,2022-12-19,2930.0,-82.6608333333333,35.7863888888889
USGS-03453500,2022-12-20,2590.0,-82.6608333333333,35.7863888888889
USGS-03453500,2022-12-21,2380.0,-82.6608333333333,35.7863888888889
USGS-03453500,2022-12-22,2270.0,-82.6608333333333,35.7863888888889
USGS-03453500,2022-12-23,2310.0,-82.6608333333333,35.7863888888889
USGS-03453500,2022-12-24,2030.0,-82.6608333333333,35.7863888888889
USGS-03453500,2022-12-25,2020.0,-82.6608333333333,35.7863888888889
USGS-03453500,2022-12-26,1990.0,-82.6608333333333,35.7863888888889
USGS-03453500,2022-12-27,1870.0,-82.6608333333333,35.7863888888889
USGS-03453500,2022-12-28,1780.0,-82.6608333333333,35.7863888888889
USGS-03453500,2022-12-29,1720.0,-82.6608333333333,35.7863888888889
USGS-03453500,2022-12-30,1700.0,-82.6608333333333,35.7863888888889
USGS-03453500,2022-12-31,1750.0,-82.6608333333333,35.7863888888889
USGS-03453500,2023-01-01,1830.0,-82.6608333333333,35.7863888888889
USGS-03453500,2023-01-02,1780.0,-82.6608333333333,35.7863888888889
USGS-03453500,2023-01-03,1720.0,-82.6608333333333,35.7863888888889
USGS-03453500,2023-01-04,4320.0,-82.6608333333333,35.7863888888889
USGS-03453500,2023-01-05,5710.0,-82.6608333333333,35.7863888888889
USGS-03453500,2023-01-06,3990.0,-82.6608333333333,35.7863888888889
USGS-03453500,2023-01-07,3070.0,-82.6608333333333,35.7863888888889
USGS-03453500,2023-01-08,2770.0,-82.6608333333333,35.7863888888889
USGS-03453500,2023-01-09,3270.0,-82.6608333333333,35.7863888888889
USGS-03453500,2023-01-10,2900.0,-82.6608333333333,35.7863888888889
USGS-03453500,2023-01-11,2590.0,-82.6608333333333,35.7863888888889
USGS-03453500,2023-01-12,2630.0,-82.6608333333333,35.7863888888889
USGS-03453500,2023-01-13,4590.0,-82.6608333333333,35.7863888888889
USGS-03453500,2023-01-14,3990.0,-82.6608333333333,35.7863888888889
USGS-03453500,2023-01-15,3210.0,-82.6608333333333,35.7863888888889
USGS-03453500,2023-01-16,2850.0,-82.6608333333333,35.7863888888889
USGS-03453500,2023-01-17,2700.0,-82.6608333333333,35.7863888888889
USGS-03453500,2023-01-18,2570.0,-82.6608333333333,35.7863888888889
USGS-03453500,2023-01-19,2460.0,-82.6608333333333,35.7863888888889
USGS-03453500,2023-01-20,2460.0,-82.6608333333333,35.7863888888889
USGS-03453500,2023-01-21,2360.0,-82.6608333333333,35.7863888888889
USGS-03453500,2023-01-22,2320.0,-82.6608333333333,35.7863888888889
USGS-03453500,2023-01-23,2770.0,-82.6608333333333,35.7863888888889
USGS-03453500,2023-01-24,2590.0,-82.6608333333333,35.7863888888889
USGS-03453500,2023-01-25,3640.0,-82.6608333333333,35.7863888888889
USGS-03453500,2023-01-26,6050.0,-82.6608333333333,35.7863888888889
USGS-03453500,2023-01-27,4700.0,-82.6608333333333,35.7863888888889
USGS-03453500,2023-01-28,3550.0,-82.6608333333333,35.7863888888889
USGS-03453500,2023-01-29,3140.0,-82.6608333333333,35.7863888888889
USGS-03453500,2023-01-30,3080.0,-82.6608333333333,35.7863888888889
USGS-03453500,2023-01-31,2930.0,-82.6608333333333,35.7863888888889
USGS-03453500,2023-02-01,2800.0,-82.6608333333333,35.7863888888889
USGS-03453500,2023-02-02,2920.0,-82.6608333333333,35.7863888888889
USGS-03453500,2023-02-03,3440.0,-82.6608333333333,35.7863888888889
USGS-03453500,2023-02-04,3160.0,-82.6608333333333,35.7863888888889
USGS-03453500,2023-02-05,2790.0,-82.6608333333333,35.7863888888889
USGS-03453500,2023-02-06,2610.0,-82.6608333333333,35.7863888888889
USGS-03453500,2023-02-07,2450.0,-82.6608333333333,35.7863888888889
USGS-03453500,2023-02-08,2310.0,-82.6608333333333,35.7863888888889
USGS-03453500,2023-02-09,2240.0,-82.6608333333333,35.7863888888889
USGS-03453500,2023-02-10,2190.0,-82.6608333333333,35.7863888888889
USGS-03453500,2023-02-11,2110.0,-82.6608333333333,35.7863888888889
USGS-03453500,2023-02-12,3360.0,-82.6608333333333,35.7863888888889
USGS-03453500,2023-02-13,4140.0,-82.6608333333333,35.7863888888889
USGS-03453500,2023-02-14,3270.0,-82.6608333333333,35.7863888888889
USGS-03453500,2023-02-15,2840.0,-82.6608333333333,35.7863888888889
USGS-03453500,2023-02-16,2640.0,-82.6608333333333,35.7863888888889
USGS-03453500,2023-02-17,5370.0,-82.6608333333333,35.7863888888889
USGS-03453500,2023-02-18,6230.0,-82.6608333333333,35.7863888888889
USGS-03453500,2023-02-19,4550.0,-82.6608333333333,35.7863888888889
USGS-03453500,2023-02-20,3710.0,-82.6608333333333,35.7863888888889
USGS-03453500,2023-02-21,3420.0,-82.6608333333333,35.7863888888889
USGS-03453500,2023-02-22,3130.0,-82.6608333333333,35.7863888888889
USGS-03453500,2023-02-23,2870.0,-82.6608333333333,35.7863888888889
USGS-03453500,2023-02-24,2700.0,-82.6608333333333,35.7863888888889
USGS-03453500,2023-02-25,2640.0,-82.6608333333333,35.7863888888889
USGS-03453500,2023-02-26,2760.0,-82.6608333333333,35.7863888888889
USGS-03453500,2023-02-27,2560.0,-82.6608333333333,35.7863888888889
USGS-03453500,2023-02-28,2590.0,-82.6608333333333,35.7863888888889
USGS-03453500,2023-03-01,2540.0,-82.6608333333333,35.7863888888889
USGS-03453500,2023-03-02,4370.0,-82.6608333333333,35.7863888888889
USGS-03453500,2023-03-03,4530.0,-82.6608333333333,35.7863888888889
USGS-03453500,2023-03-04,5900.0,-82.6608333333333,35.7863888888889
USGS-03453500,2023-03-05,4800.0,-82.6608333333333,35.7863888888889
USGS-03453500,2023-03-06,3810.0,-82.6608333333333,35.7863888888889
USGS-03453500,2023-03-07,3360.0,-82.6608333333333,35.7863888888889
USGS-03453500,2023-03-08,3010.0,-82.6608333333333,35.7863888888889
USGS-03453500,2023-03-09,2770.0,-82.6608333333333,35.7863888888889
USGS-03453500,2023-03-10,2630.0,-82.6608333333333,35.7863888888889
USGS-03453500,2023-03-11,2490.0,-82.6608333333333,35.7863888888889
USGS-03453500,2023-03-12,3080.0,-82.6608333333333,35.7863888888889
USGS-03453500,2023-03-13,3380.0,-82.6608333333333,35.7863888888889
USGS-03453500,2023-03-14,2950.0,-82.6608333333333,35.7863888888889
USGS-03453500,2023-03-15,2620.0,-82.6608333333333,35.7863888888889
USGS-03453500,2023-03-16,2450.0,-82.6608333333333,35.7863888888889
USGS-03453500,2023-03-17,2360.0,-82.6608333333333,35.7863888888889
USGS-03453500,2023-03-18,2400.0,-82.6608333333333,35.7863888888889
USGS-03453500,2023-03-19,2330.0,-82.6608333333333,35.7863888888889
USGS-03453500,2023-03-20,2160.0,-82.6608333333333,35.7863888888889
USGS-03453500,2023-03-21,2090.0,-82.6608333333333,35.7863888888889
USGS-03453500,2023-03-22,2120.0,-82.6608333333333,35.7863888888889
USGS-03453500,2023-03-23,2210.0,-82.6608333333333,35.7863888888889
USGS-03453500,2023-03-24,2100.0,-82.6608333333333,35.7863888888889
USGS-03453500,2023-03-25,2300.0,-82.6608333333333,35.7863888888889
USGS-03453500,2023-03-26,2290.0,-82.6608333333333,35.7863888888889
USGS-03453500,2023-03-27,2150.0,-82.6608333333333,35.7863888888889
USGS-03453500,2023-03-28,2040.0,-82.6608333333333,35.7863888888889
USGS-03453500,2023-03-29,1960.0,-82.6608333333333,35.7863888888889
USGS-03453500,2023-03-30,1890.0,-82.6608333333333,35.7863888888889
USGS-03453500,2023-03-31,1840.0,-82.6608333333333,35.7863888888889
USGS-03453500,2023-04-01,2120.0,-82.6608333333333,35.7863888888889
USGS-03453500,2023-04-02,2100.0,-82.6608333333333,35.7863888888889
USGS-03453500,2023-04-03,1940.0,-82.6608333333333,35.7863888888889
USGS-03453500,2023-04-04,1860.0,-82.6608333333333,35.7863888888889
USGS-03453500,2023-04-05,1820.0,-82.6608333333333,35.7863888888889
USGS-03453500,2023-04-06,1790.0,-82.6608333333333,35.7863888888889
USGS-03453500,2023-04-07,3520.0,-82.6608333333333,35.7863888888889
USGS-03453500,2023-04-08,6230.0,-82.6608333333333,35.7863888888889
USGS-03453500,2023-04-09,7140.0,-82.6608333333333,35.7863888888889
USGS-03453500,2023-04-10,5090.0,-82.6608333333333,35.7863888888889
USGS-03453500,2023-04-11,3800.0,-82.6608333333333,35.7863888888889
USGS-03453500,2023-04-12,3250.0,-82.6608333333333,35.7863888888889
USGS-03453500,2023-04-13,2910.0,-82.6608333333333,35.7863888888889
USGS-03453500,2023-04-14,2760.0,-82.6608333333333,35.7863888888889
USGS-03453500,2023-04-15,2900.0,-82.6608333333333,35.7863888888889
USGS-03453500,2023-04-16,2700.0,-82.6608333333333,35.7863888888889
USGS-03453500,2023-04-17,2480.0,-82.6608333333333,35.7863888888889
USGS-03453500,2023-04-18,2300.0,-82.6608333333333,35.7863888888889
USGS-03453500,2023-04-19,2130.0,-82.6608333333333,35.7863888888889
USGS-03453500,2023-04-20,2050.0,-82.6608333333333,35.7863888888889
USGS-03453500,2023-04-21,1970.0,-82.6608333333333,35.7863888888889
USGS-03453500,2023-04-22,2450.0,-82.6608333333333,35.7863888888889
USGS-03453500,2023-04-23,2510.0,-82.6608333333333,35.7863888888889
USGS-03453500,2023-04-24,2130.0,-82.6608333333333,35.7863888888889
USGS-03453500,2023-04-25,1950.0,-82.6608333333333,35.7863888888889
USGS-03453500,2023-04-26,1900.0,-82.6608333333333,35.7863888888889
USGS-03453500,2023-04-27,2160.0,-82.6608333333333,35.7863888888889
USGS-03453500,2023-04-28,3910.0,-82.6608333333333,35.7863888888889
USGS-03453500,2023-04-29,4000.0,-82.6608333333333,35.7863888888889
USGS-03453500,2023-04-30,3120.0,-82.6608333333333,35.7863888888889
USGS-03453500,2023-05-01,2830.0,-82.6608333333333,35.7863888888889
USGS-03453500,2023-05-02,2460.0,-82.6608333333333,35.7863888888889
USGS-03453500,2023-05-03,2250.0,-82.6608333333333,35.7863888888889
USGS-03453500,2023-05-04,2110.0,-82.6608333333333,35.7863888888889
USGS-03453500,2023-05-05,2020.0,-82.6608333333333,35.7863888888889
USGS-03453500,2023-05-06,1940.0,-82.6608333333333,35.7863888888889
USGS-03453500,2023-05-07,1920.0,-82.6608333333333,35.7863888888889
USGS-03453500,2023-05-08,2260.0,-82.6608333333333,35.7863888888889
USGS-03453500,2023-05-09,2180.0,-82.6608333333333,35.7863888888889
USGS-03453500,2023-05-10,1940.0,-82.6608333333333,35.7863888888889
USGS-03453500,2023-05-11,1760.0,-82.6608333333333,35.7863888888889
USGS-03453500,2023-05-12,1760.0,-82.6608333333333,35.7863888888889
USGS-03453500,2023-05-13,1930.0,-82.6608333333333,35.7863888888889
USGS-03453500,2023-05-14,1690.0,-82.6608333333333,35.7863888888889
USGS-03453500,2023-05-15,1860.0,-82.6608333333333,35.7863888888889
USGS-03453500,2023-05-16,1970.0,-82.6608333333333,35.7863888888889
USGS-03453500,2023-05-17,2040.0,-82.6608333333333,35.7863888888889
USGS-03453500,2023-05-18,1760.0,-82.6608333333333,35.7863888888889
USGS-03453500,2023-05-19,1660.0,-82.6608333333333,35.7863888888889
USGS-03453500,2023-05-20,1610.0,-82.6608333333333,35.7863888888889
USGS-03453500,2023-05-21,1580.0,-82.6608333333333,35.7863888888889
USGS-03453500,2023-05-22,1520.0,-82.6608333333333,35.7863888888889
USGS-03453500,2023-05-23,1460.0,-82.6608333333333,35.7863888888889
USGS-03453500,2023-05-24,1400.0,-82.6608333333333,35.7863888888889
USGS-03453500,2023-05-25,1360.0,-82.6608333333333,35.7863888888889
USGS-03453500,2023-05-26,1330.0,-82.6608333333333,35.7863888888889
USGS-03453500,2023-05-27,1290.0,-82.6608333333333,35.7863888888889
USGS-03453500,2023-05-28,5180.0,-82.6608333333333,35.7863888888889
USGS-03453500,2023-05-29,4080.0,-82.6608333333333,35.7863888888889
USGS-03453500,2023-05-30,2570.0,-82.6608333333333,35.7863888888889
USGS-03453500,2023-05-31,2100.0,-82.6608333333333,35.7863888888889
USGS-03453500,2023-06-01,1910.0,-82.6608333333333,35.7863888888889
USGS-03453500,2023-06-02,1790.0,-82.6608333333333,35.7863888888889
USGS-03453500,2023-06-03,1620.0,-82.6608333333333,35.7863888888889
USGS-03453500,2023-06-04,1580.0,-82.6608333333333,35.7863888888889
USGS-03453500,2023-06-05,1560.0,-82.6608333333333,35.7863888888889
USGS-03453500,2023-06-06,1480.0,-82.6608333333333,35.7863888888889
USGS-03453500,2023-06-07,1410.0,-82.6608333333333,35.7863888888889
USGS-03453500,2023-06-08,1380.0,-82.6608333333333,35.7863888888889
USGS-03453500,2023-06-09,1280.0,-82.6608333333333,35.7863888888889
USGS-03453500,2023-06-10,1240.0,-82.6608333333333,35.7863888888889
USGS-03453500,2023-06-11,1240.0,-82.6608333333333,35.7863888888889
USGS-03453500,2023-06-12,1890.0,-82.6608333333333,35.7863888888889
USGS-03453500,2023-06-13,1610.0,-82.6608333333333,35.7863888888889
USGS-03453500,2023-06-14,1350.0,-82.6608333333333,35.7863888888889
USGS-03453500,2023-06-15,1290.0,-82.6608333333333,35.7863888888889
USGS-03453500,2023-06-16,1300.0,-82.6608333333333,35.7863888888889
USGS-03453500,2023-06-17,1360.0,-82.6608333333333,35.7863888888889
USGS-03453500,2023-06-18,1190.0,-82.6608333333333,35.7863888888889
USGS-03453500,2023-06-19,1150.0,-82.6608333333333,35.7863888888889
USGS-03453500,2023-06-20,1250.0,-82.6608333333333,35.7863888888889
USGS-03453500,2023-06-21,3010.0,-82.6608333333333,35.7863888888889
USGS-03453500,2023-06-22,5230.0,-82.6608333333333,35.7863888888889
USGS-03453500,2023-06-23,3930.0,-82.6608333333333,35.7863888888889
USGS-03453500,2023-06-24,3140.0,-82.6608333333333,35.7863888888889
USGS-03453500,2023-06-25,2460.0,-82.6608333333333,35.7863888888889
USGS-03453500,2023-06-26,2350.0,-82.6608333333333,35.7863888888889
USGS-03453500,2023-06-27,2130.0,-82.6608333333333,35.7863888888889
USGS-03453500,2023-06-28,1780.0,-82.6608333333333,35.7863888888889
USGS-03453500,2023-06-29,1600.0,-82.6608333333333,35.7863888888889
USGS-03453500,2023-06-30,1520.0,-82.6608333333333,35.7863888888889
USGS-03453500,2023-07-01,1470.0,-82.6608333333333,35.7863888888889
USGS-03453500,2023-07-02,1450.0,-82.6608333333333,35.7863888888889
USGS-03453500,2023-07-03,1450.0,-82.6608333333333,35.7863888888889
USGS-03453500,2023-07-04,1370.0,-82.6608333333333,35.7863888888889
USGS-03453500,2023-07-05,1460.0,-82.6608333333333,35.7863888888889
USGS-03453500,2023-07-06,2110.0,-82.6608333333333,35.7863888888889
USGS-03453500,2023-07-07,1510.0,-82.6608333333333,35.7863888888889
USGS-03453500,2023-07-08,1420.0,-82.6608333333333,35.7863888888889
USGS-03453500,2023-07-09,1490.0,-82.6608333333333,35.7863888888889
USGS-03453500,2023-07-10,1520.0,-82.6608333333333,35.7863888888889
USGS-03453500,2023-07-11,1290.0,-82.6608333333333,35.7863888888889
USGS-03453500,2023-07-12,1210.0,-82.6608333333333,35.7863888888889
USGS-03453500,2023-07-13,1140.0,-82.6608333333333,35.7863888888889
USGS-03453500,2023-07-14,1410.0,-82.6608333333333,35.7863888888889
USGS-03453500,2023-07-15,1510.0,-82.6608333333333,35.7863888888889
USGS-03453500,2023-07-16,1990.0,-82.6608333333333,35.7863888888889
USGS-03453500,2023-07-17,1580.0,-82.6608333333333,35.7863888888889
USGS-03453500,2023-07-18,1300.0,-82.6608333333333,35.7863888888889
USGS-03453500,2023-07-19,1850.0,-82.6608333333333,35.7863888888889
USGS-03453500,2023-07-20,2090.0,-82.6608333333333,35.7863888888889
USGS-03453500,2023-07-21,1830.0,-82.6608333333333,35.7863888888889
USGS-03453500,2023-07-22,1560.0,-82.6608333333333,35.7863888888889
USGS-03453500,2023-07-23,1380.0,-82.6608333333333,35.7863888888889
USGS-03453500,2023-07-24,1650.0,-82.6608333333333,35.7863888888889
USGS-03453500,2023-07-25,1370.0,-82.6608333333333,35.7863888888889
USGS-03453500,2023-07-26,1210.0,-82.6608333333333,35.7863888888889
USGS-03453500,2023-07-27,1170.0,-82.6608333333333,35.7863888888889
USGS-03453500,2023-07-28,1180.0,-82.6608333333333,35.7863888888889
USGS-03453500,2023-07-29,1200.0,-82.6608333333333,35.7863888888889
USGS-03453500,2023-07-30,1350.0,-82.6608333333333,35.7863888888889
USGS-03453500,2023-07-31,1230.0,-82.6608333333333,35.7863888888889
USGS-03453500,2023-08-01,1060.0,-82.6608333333333,35.7863888888889
USGS-03453500,2023-08-02,1030.0,-82.6608333333333,35.7863888888889
USGS-03453500,2023-08-03,1620.0,-82.6608333333333,35.7863888888889
USGS-03453500,2023-08-04,1870.0,-82.6608333333333,35.7863888888889
USGS-03453500,2023-08-05,1500.0,-82.6608333333333,35.7863888888889
USGS-03453500,2023-08-06,1200.0,-82.6608333333333,35.7863888888889
USGS-03453500,2023-08-07,1220.0,-82.6608333333333,35.7863888888889
USGS-03453500,2023-08-08,1390.0,-82.6608333333333,35.7863888888889
USGS-03453500,2023-08-09,1150.0,-82.6608333333333,35.7863888888889
USGS-03453500,2023-08-10,1640.0,-82.6608333333333,35.7863888888889
USGS-03453500,2023-08-11,1840.0,-82.6608333333333,35.7863888888889
USGS-03453500,2023-08-12,1650.0,-82.6608333333333,35.7863888888889
USGS-03453500,2023-08-13,2150.0,-82.6608333333333,35.7863888888889
USGS-03453500,2023-08-14,1390.0,-82.6608333333333,35.7863888888889
USGS-03453500,2023-08-15,1710.0,-82.6608333333333,35.7863888888889
USGS-03453500,2023-08-16,1340.0,-82.6608333333333,35.7863888888889
USGS-03453500,2023-08-17,1140.0,-82.6608333333333,35.7863888888889
USGS-03453500,2023-08-18,999.0,-82.6608333333333,35.7863888888889
USGS-03453500,2023-08-19,958.0,-82.6608333333333,35.7863888888889
USGS-03453500,2023-08-20,915.0,-82.6608333333333,35.7863888888889
USGS-03453500,2023-08-21,890.0,-82.6608333333333,35.7863888888889
USGS-03453500,2023-08-22,854.0,-82.6608333333333,35.7863888888889
USGS-03453500,2023-08-23,829.0,-82.6608333333333,35.7863888888889
USGS-03453500,2023-08-24,803.0,-82.6608333333333,35.7863888888889
USGS-03453500,2023-08-25,783.0,-82.6608333333333,35.7863888888889
USGS-03453500,2023-08-26,781.0,-82.6608333333333,35.7863888888889
USGS-03453500,2023-08-27,794.0,-82.6608333333333,35.7863888888889
USGS-03453500,2023-08-28,963.0,-82.6608333333333,35.7863888888889
USGS-03453500,2023-08-29,1970.0,-82.6608333333333,35.7863888888889
USGS-03453500,2023-08-30,3080.0,-82.6608333333333,35.7863888888889
USGS-03453500,2023-08-31,2110.0,-82.6608333333333,35.7863888888889
USGS-03453500,2023-09-01,1350.0,-82.6608333333333,35.7863888888889
USGS-03453500,2023-09-02,1120.0,-82.6608333333333,35.7863888888889
USGS-03453500,2023-09-03,990.0,-82.6608333333333,35.7863888888889
USGS-03453500,2023-09-04,962.0,-82.6608333333333,35.7863888888889
USGS-03453500,2023-09-05,918.0,-82.6608333333333,35.7863888888889
USGS-03453500,2023-09-06,875.0,-82.6608333333333,35.7863888888889
USGS-03453500,2023-09-07,877.0,-82.6608333333333,35.7863888888889
USGS-03453500,2023-09-08,1350.0,-82.6608333333333,35.7863888888889
USGS-03453500,2023-09-09,1160.0,-82.6608333333333,35.7863888888889
USGS-03453500,2023-09-10,1290.0,-82.6608333333333,35.7863888888889
USGS-03453500,2023-09-11,1530.0,-82.6608333333333,35.7863888888889
USGS-03453500,2023-09-12,1250.0,-82.6608333333333,35.7863888888889
USGS-03453500,2023-09-13,1090.0,-82.6608333333333,35.7863888888889
USGS-03453500,2023-09-14,995.0,-82.6608333333333,35.7863888888889
USGS-03453500,2023-09-15,998.0,-82.6608333333333,35.7863888888889
USGS-03453500,2023-09-16,933.0,-82.6608333333333,35.7863888888889
USGS-03453500,2023-09-17,1230.0,-82.6608333333333,35.7863888888889
USGS-03453500,2023-09-18,1180.0,-82.6608333333333,35.7863888888889
USGS-03453500,2023-09-19,1000.0,-82.6608333333333,35.7863888888889
USGS-03453500,2023-09-20,905.0,-82.6608333333333,35.7863888888889
USGS-03453500,2023-09-21,852.0,-82.6608333333333,35.7863888888889
USGS-03453500,2023-09-22,824.0,-82.6608333333333,35.7863888888889
USGS-03453500,2023-09-23,815.0,-82.6608333333333,35.7863888888889
USGS-03453500,2023-09-24,792.0,-82.6608333333333,35.7863888888889
USGS-03453500,2023-09-25,775.0,-82.6608333333333,35.7863888888889
USGS-03453500,2023-09-26,766.0,-82.6608333333333,35.7863888888889
USGS-03453500,2023-09-27,767.0,-82.6608333333333,35.7863888888889
USGS-03453500,2023-09-28,768.0,-82.6608333333333,35.7863888888889
USGS-03453500,2023-09-29,793.0,-82.6608333333333,35.7863888888889
USGS-03453500,2023-09-30,775.0,-82.6608333333333,35.7863888888889
USGS-03453500,2023-10-01,754.0,-82.6608333333333,35.7863888888889
USGS-03453500,2023-10-02,736.0,-82.6608333333333,35.7863888888889
USGS-03453500,2023-10-03,721.0,-82.6608333333333,35.7863888888889
USGS-03453500,2023-10-04,709.0,-82.6608333333333,35.7863888888889
USGS-03453500,2023-10-05,705.0,-82.6608333333333,35.7863888888889
USGS-03453500,2023-10-06,696.0,-82.6608333333333,35.7863888888889
USGS-03453500,2023-10-07,741.0,-82.6608333333333,35.7863888888889
USGS-03453500,2023-10-08,727.0,-82.6608333333333,35.7863888888889
USGS-03453500,2023-10-09,690.0,-82.6608333333333,35.7863888888889
USGS-03453500,2023-10-10,684.0,-82.6608333333333,35.7863888888889
USGS-03453500,2023-10-11,685.0,-82.6608333333333,35.7863888888889
USGS-03453500,2023-10-12,740.0,-82.6608333333333,35.7863888888889
USGS-03453500,2023-10-13,816.0,-82.6608333333333,35.7863888888889
USGS-03453500,2023-10-14,831.0,-82.6608333333333,35.7863888888889
USGS-03453500,2023-10-15,801.0,-82.6608333333333,35.7863888888889
USGS-03453500,2023-10-16,812.0,-82.6608333333333,35.7863888888889
USGS-03453500,2023-10-17,775.0,-82.6608333333333,35.7863888888889
USGS-03453500,2023-10-18,745.0,-82.6608333333333,35.7863888888889
USGS-03453500,2023-10-19,733.0,-82.6608333333333,35.7863888888889
USGS-03453500,2023-10-20,822.0,-82.6608333333333,35.7863888888889
USGS-03453500,2023-10-21,878.0,-82.6608333333333,35.7863888888889
USGS-03453500,2023-10-22,775.0,-82.6608333333333,35.7863888888889
USGS-03453500,2023-10-23,740.0,-82.6608333333333,35.7863888888889
USGS-03453500,2023-10-24,738.0,-82.6608333333333,35.7863888888889
USGS-03453500,2023-10-25,708.0,-82.6608333333333,35.7863888888889
USGS-03453500,2023-10-26,702.0,-82.6608333333333,35.7863888888889
USGS-03453500,2023-10-27,701.0,-82.6608333333333,35.7863888888889
USGS-03453500,2023-10-28,710.0,-82.6608333333333,35.7863888888889
USGS-03453500,2023-10-29,718.0,-82.6608333333333,35.7863888888889
USGS-03453500,2023-10-30,718.0,-82.6608333333333,35.7863888888889
USGS-03453500,2023-10-31,706.0,-82.6608333333333,35.7863888888889
USGS-03453500,2023-11-01,691.0,-82.6608333333333,35.7863888888889
USGS-03453500,2023-11-02,680.0,-82.6608333333333,35.7863888888889
USGS-03453500,2023-11-03,660.0,-82.6608333333333,35.7863888888889
USGS-03453500,2023-11-04,680.0,-82.6608333333333,35.7863888888889
USGS-03453500,2023-11-05,697.0,-82.6608333333333,35.7863888888889
USGS-03453500,2023-11-06,725.0,-82.6608333333333,35.7863888888889
USGS-03453500,2023-11-07,701.0,-82.6608333333333,35.7863888888889
USGS-03453500,2023-11-08,694.0,-82.6608333333333,35.7863888888889
USGS-03453500,2023-11-09,699.0,-82.6608333333333,35.7863888888889
USGS-03453500,2023-11-10,703.0,-82.6608333333333,35.7863888888889
USGS-03453500,2023-11-11,734.0,-82.6608333333333,35.7863888888889
USGS-03453500,2023-11-12,760.0,-82.6608333333333,35.7863888888889
USGS-03453500,2023-11-13,742.0,-82.6608333333333,35.7863888888889
USGS-03453500,2023-11-14,721.0,-82.6608333333333,35.7863888888889
USGS-03453500,2023-11-15,702.0,-82.6608333333333,35.7863888888889
USGS-03453500,2023-11-16,688.0,-82.6608333333333,35.7863888888889
USGS-03453500,2023-11-17,686.0,-82.6608333333333,35.7863888888889
USGS-03453500,2023-11-18,690.0,-82.6608333333333,35.7863888888889
USGS-03453500,2023-11-19,691.0,-82.6608333333333,35.7863888888889
USGS-03453500,2023-11-20,681.0,-82.6608333333333,35.7863888888889
USGS-03453500,2023-11-21,708.0,-82.6608333333333,35.7863888888889
USGS-03453500,2023-11-22,1270.0,-82.6608333333333,35.7863888888889
USGS-03453500,2023-11-23,1580.0,-82.6608333333333,35.7863888888889
USGS-03453500,2023-11-24,1040.0,-82.6608333333333,35.7863888888889
USGS-03453500,2023-11-25,824.0,-82.6608333333333,35.7863888888889
USGS-03453500,2023-11-26,759.0,-82.6608333333333,35.7863888888889
USGS-03453500,2023-11-27,736.0,-82.6608333333333,35.7863888888889
USGS-03453500,2023-11-28,711.0,-82.6608333333333,35.7863888888889
USGS-03453500,2023-11-29,693.0,-82.6608333333333,35.7863888888889
USGS-03453500,2023-11-30,681.0,-82.6608333333333,35.7863888888889
USGS-03453500,2023-12-01,685.0,-82.6608333333333,35.7863888888889
USGS-03453500,2023-12-02,697.0,-82.6608333333333,35.7863888888889
USGS-03453500,2023-12-03,847.0,-82.6608333333333,35.7863888888889
USGS-03453500,2023-12-04,873.0,-82.6608333333333,35.7863888888889
USGS-03453500,2023-12-05,840.0,-82.6608333333333,35.7863888888889
USGS-03453500,2023-12-06,782.0,-82.6608333333333,35.7863888888889
USGS-03453500,2023-12-07,738.0,-82.6608333333333,35.7863888888889
USGS-03453500,2023-12-08,711.0,-82.6608333333333,35.7863888888889
USGS-03453500,2023-12-09,746.0,-82.6608333333333,35.7863888888889
USGS-03453500,2023-12-10,3850.0,-82.6608333333333,35.7863888888889
USGS-03453500,2023-12-11,5310.0,-82.6608333333333,35.7863888888889
USGS-03453500,2023-12-12,3040.0,-82.6608333333333,35.7863888888889
USGS-03453500,2023-12-13,1770.0,-82.6608333333333,35.7863888888889
USGS-03453500,2023-12-14,1400.0,-82.6608333333333,35.7863888888889
USGS-03453500,2023-12-15,1220.0,-82.6608333333333,35.7863888888889
USGS-03453500,2023-12-16,1120.0,-82.6608333333333,35.7863888888889
USGS-03453500,2023-12-17,1080.0,-82.6608333333333,35.7863888888889
USGS-03453500,2023-12-18,1190.0,-82.6608333333333,35.7863888888889
USGS-03453500,2023-12-19,1220.0,-82.6608333333333,35.7863888888889
USGS-03453500,2023-12-20,1070.0,-82.6608333333333,35.7863888888889
USGS-03453500,2023-12-21,1010.0,-82.6608333333333,35.7863888888889
USGS-03453500,2023-12-22,987.0,-82.6608333333333,35.7863888888889
USGS-03453500,2023-12-23,965.0,-82.6608333333333,35.7863888888889
USGS-03453500,2023-12-24,939.0,-82.6608333333333,35.7863888888889
USGS-03453500,2023-12-25,925.0,-82.6608333333333,35.7863888888889
USGS-03453500,2023-12-26,6350.0,-82.6608333333333,35.7863888888889
USGS-03453500,2023-12-27,8430.0,-82.6608333333333,35.7863888888889
USGS-03453500,2023-12-28,7640.0,-82.6608333333333,35.7863888888889
USGS-03453500,2023-12-29,5310.0,-82.6608333333333,35.7863888888889
USGS-03453500,2023-12-30,2740.0,-82.6608333333333,35.7863888888889
USGS-03453500,2023-12-31,2170.0,-82.6608333333333,35.7863888888889
