{
"type": "FeatureCollection",
"name": "flood_exposed_streets",
"crs": { "type": "name", "properties": { "name": "urn:ogc:def:crs:EPSG::2264" } },
"features": [
{ "type": "Feature", "properties": { "OBJECTID": 18738037, "ENABLED": 1, "E911": 17179, "LASTEDITDATE": 1604043427000, "DATEADDED": 946512000000, "USERNAME": "SCASTONGIA", "ACTIONTYPE": "ModifyCL", "PREFIXDIRECTION": null, "STREETNAME": "ABELINE", "STANDTYPE": "RD", "SUFFIX": null, "STREETTYPE": "RD", "WHOLESTNAME": "Abeline Rd", "LL_ADD": 1201, "UL_ADD": 1225, "LR_ADD": 1200, "UR_ADD": 1224, "LBLOCKMIN": 1201, "RBLOCKMIN": 1200, "LBLOCKMAX": 1299, "RBLOCKMAX": 1298, "LSTREETCODE": 8, "RSTREETCODE": 8, "L_ZIPCODE": 28217, "R_ZIPCODE": 28217, "L_JURIS": "CHAR", "R_JURIS": "CHAR", "LCOUNTY": "MECK", "RCOUNTY": "MECK", "SUBDIVISIONNAME": null, "SUBDIVISIONPHASE": null, "ROADTYPE": 1, "STREETCLASS": "PU", "MARK": null, "GPS_STAT": "Needed", "TOPO": null, "LUESAFLAG": null, "STNAMECHANGE": null, "BARRIER": 0, "PREVE911": null, "ORIGE911": null, "LIFECYCLESTATUS": "Active", "DIVIDED": 0, "SURFACETYPE": 2, "NUMBEROFLANES": 2, "HOVLANE": 0, "THOROUGHFARETYPE": "LOCAL", "SPEEDLIMIT": 35, "PAVEMENTWIDTH": 24.0, "ONEWAY": 0, "SPEEDHUMP": 0, "MEDIAN": 0, "HANSENSTATUS": "Other", "COMPTYPE": 68, "COMPKEY": 86305.0, "UNITID": "40", "UNITID2": "10", "FUNITID": null, "TUNITID": null, "LENGTH": null, "ADDRESSNUMBERS": "NON", "CFCC": "A41", "MAINT_BY": "CITY", "PAVEMENT_RATING": 100.0, "LOAD_STATUS": null, "FULL_NAME": "1200  - 1224 ABELINE RD", "SHAPE.STLength()": 207.60205026957743, "index_right": 136, "STATUS": "EFFECTIVE", "FLD_ZONE": "COMMUNITY FLOODPLAIN - FUTURE CONDITIONS", "DATE": "2015-09-02T00:00:00", "Shape_Leng": 50661.153325699997, "Shape_Area": 7452365.3892000001 }, "geometry": { "type": "LineString", "coordinates": [ [ 1432904.247472362127155, 532846.083455298445188 ], [ 1432835.664276200579479, 532925.916628967737779 ], [ 1432820.414306702557951, 532943.33293272042647 ], [ 1432803.830350370611995, 532959.915904802735895 ], [ 1432786.248036445118487, 532975.415873808553442 ], [ 1432767.663756028050557, 532989.749834628775716 ], [ 1432760.281224862905219, 532994.619575549266301 ] ] } },
{ "type": "Feature", "properties": { "OBJECTID": 18738039, "ENABLED": 1, "E911": 8889, "LASTEDITDATE": 1604040171000, "DATEADDED": 946512000000, "USERNAME": "SCASTONGIA", "ACTIONTYPE": "AddressChange", "PREFIXDIRECTION": null, "STREETNAME": "ABELWOOD", "STANDTYPE": "RD", "SUFFIX": null, "STREETTYPE": "RD", "WHOLESTNAME": "Abelwood Rd", "LL_ADD": 2233, "UL_ADD": 2239, "LR_ADD": 2232, "UR_ADD": 2238, "LBLOCKMIN": 2233, "RBLOCKMIN": 2232, "LBLOCKMAX": 2299, "RBLOCKMAX": 2298, "LSTREETCODE": 9, "RSTREETCODE": 9, "L_ZIPCODE": 28216, "R_ZIPCODE": 28216, "L_JURIS": "CHAR", "R_JURIS": "CHAR", "LCOUNTY": "MECK", "RCOUNTY": "MECK", "SUBDIVISIONNAME": null, "SUBDIVISIONPHASE": null, "ROADTYPE": 1, "STREETCLASS": "PU", "MARK": null, "GPS_STAT": "Needed", "TOPO": null, "LUESAFLAG": null, "STNAMECHANGE": null, "BARRIER": 0, "PREVE911": null, "ORIGE911": null, "LIFECYCLESTATUS": "Active", "DIVIDED": 0, "SURFACETYPE": 2, "NUMBEROFLANES": 2, "HOVLANE": 0, "THOROUGHFARETYPE": "LOCAL", "SPEEDLIMIT": 25, "PAVEMENTWIDTH": 24.0, "ONEWAY": 0, "SPEEDHUMP": 0, "MEDIAN": 0, "HANSENSTATUS": "Other", "COMPTYPE": 68, "COMPKEY": 86309.0, "UNITID": "41", "UNITID2": "30", "FUNITID": null, "TUNITID": null, "LENGTH": null, "ADDRESSNUMBERS": "NON", "CFCC": "A41", "MAINT_BY": "CITY", "PAVEMENT_RATING": 85.0, "LOAD_STATUS": null, "FULL_NAME": "2232  - 2238 ABELWOOD RD", "SHAPE.STLength()": 77.630719122016558, "index_right": 239, "STATUS": "EFFECTIVE", "FLD_ZONE": "COMMUNITY FLOODPLAIN - FUTURE CONDITIONS", "DATE": "2015-09-02T00:00:00", "Shape_Leng": 25198.9837883, "Shape_Area": 3873224.3541199998 }, "geometry": { "type": "LineString", "coordinates": [ [ 1443367.163554461207241, 557514.582674357341602 ], [ 1443401.413485975470394, 557584.249529772088863 ] ] } },
{ "type": "Feature", "properties": { "OBJECTID": 18738040, "ENABLED": 1, "E911": 9212, "LASTEDITDATE": 1604040171000, "DATEADDED": 946512000000, "USERNAME": "SCASTONGIA", "ACTIONTYPE": "AddressChange", "PREFIXDIRECTION": null, "STREETNAME": "ABELWOOD", "STANDTYPE": "RD", "SUFFIX": null, "STREETTYPE": "RD", "WHOLESTNAME": "Abelwood Rd", "LL_ADD": 2209, "UL_ADD": 2227, "LR_ADD": 2208, "UR_ADD": 2226, "LBLOCKMIN": 2209, "RBLOCKMIN": 2208, "LBLOCKMAX": 2227, "RBLOCKMAX": 2226, "LSTREETCODE": 9, "RSTREETCODE": 9, "L_ZIPCODE": 28216, "R_ZIPCODE": 28216, "L_JURIS": "CHAR", "R_JURIS": "CHAR", "LCOUNTY": "MECK", "RCOUNTY": "MECK", "SUBDIVISIONNAME": null, "SUBDIVISIONPHASE": null, "ROADTYPE": 1, "STREETCLASS": "PU", "MARK": null, "GPS_STAT": "Needed", "TOPO": null, "LUESAFLAG": null, "STNAMECHANGE": null, "BARRIER": 0, "PREVE911": null, "ORIGE911": null, "LIFECYCLESTATUS": "Active", "DIVIDED": 0, "SURFACETYPE": 2, "NUMBEROFLANES": 2, "HOVLANE": 0, "THOROUGHFARETYPE": "LOCAL", "SPEEDLIMIT": 25, "PAVEMENTWIDTH": 24.0, "ONEWAY": 0, "SPEEDHUMP": 0, "MEDIAN": 0, "HANSENSTATUS": "Other", "COMPTYPE": 68, "COMPKEY": 86308.0, "UNITID": "41", "UNITID2": "20", "FUNITID": null, "TUNITID": null, "LENGTH": null, "ADDRESSNUMBERS": "NON", "CFCC": "A41", "MAINT_BY": "CITY", "PAVEMENT_RATING": 65.0, "LOAD_STATUS": null, "FULL_NAME": "2208  - 2226 ABELWOOD RD", "SHAPE.STLength()": 290.61470716175864, "index_right": 239, "STATUS": "EFFECTIVE", "FLD_ZONE": "COMMUNITY FLOODPLAIN - FUTURE CONDITIONS", "DATE": "2015-09-02T00:00:00", "Shape_Leng": 25198.9837883, "Shape_Area": 3873224.3541199998 }, "geometry": { "type": "LineString", "coordinates": [ [ 1443240.163480386137962, 557253.249535606475547 ], [ 1443265.913756968220696, 557311.666085430420935 ], [ 1443362.247225718572736, 557504.666027518105693 ], [ 1443367.163554461207241, 557514.582674357341602 ] ] } },
{ "type": "Feature", "properties": { "OBJECTID": 18738041, "ENABLED": 1, "E911": 11050, "LASTEDITDATE": 1604040171000, "DATEADDED": 946512000000, "USERNAME": "SCASTONGIA", "ACTIONTYPE": "AddressChange", "PREFIXDIRECTION": null, "STREETNAME": "ABELWOOD", "STANDTYPE": "RD", "SUFFIX": null, "STREETTYPE": "RD", "WHOLESTNAME": "Abelwood Rd", "LL_ADD": 2301, "UL_ADD": 2335, "LR_ADD": 2300, "UR_ADD": 2320, "LBLOCKMIN": 2301, "RBLOCKMIN": 2300, "LBLOCKMAX": 2399, "RBLOCKMAX": 2398, "LSTREETCODE": 9, "RSTREETCODE": 9, "L_ZIPCODE": 28216, "R_ZIPCODE": 28216, "L_JURIS": "CHAR", "R_JURIS": "CHAR", "LCOUNTY": "MECK", "RCOUNTY": "MECK", "SUBDIVISIONNAME": null, "SUBDIVISIONPHASE": null, "ROADTYPE": 1, "STREETCLASS": "PU", "MARK": null, "GPS_STAT": "Needed", "TOPO": null, "LUESAFLAG": null, "STNAMECHANGE": null, "BARRIER": 0, "PREVE911": null, "ORIGE911": null, "LIFECYCLESTATUS": "Active", "DIVIDED": 0, "SURFACETYPE": 2, "NUMBEROFLANES": 2, "HOVLANE": 0, "THOROUGHFARETYPE": "LOCAL", "SPEEDLIMIT": 25, "PAVEMENTWIDTH": 25.0, "ONEWAY": 0, "SPEEDHUMP": 0, "MEDIAN": 0, "HANSENSTATUS": "Other", "COMPTYPE": 68, "COMPKEY": 156707.0, "UNITID": "41", "UNITID2": "51", "FUNITID": null, "TUNITID": null, "LENGTH": null, "ADDRESSNUMBERS": "NON", "CFCC": "A41", "MAINT_BY": "CITY", "PAVEMENT_RATING": 100.0, "LOAD_STATUS": null, "FULL_NAME": "2300  - 2320 ABELWOOD RD", "SHAPE.STLength()": 517.43552793135257, "index_right": 239, "STATUS": "EFFECTIVE", "FLD_ZONE": "COMMUNITY FLOODPLAIN - FUTURE CONDITIONS", "DATE": "2015-09-02T00:00:00", "Shape_Leng": 25198.9837883, "Shape_Area": 3873224.3541199998 }, "geometry": { "type": "LineString", "coordinates": [ [ 1443401.413485975470394, 557584.249529772088863 ], [ 1443415.247447805013508, 557612.333463092567399 ], [ 1443437.248059978242964, 557660.666043599369004 ], [ 1443455.830371889984235, 557696.666627777740359 ], [ 1443468.747340802801773, 557715.832928017596714 ], [ 1443482.747312803985551, 557733.582892512786202 ], [ 1443498.080615463433787, 557750.415864112437703 ], [ 1443514.497249308275059, 557765.999822426820174 ], [ 1443528.247221807017922, 557777.415810105740093 ], [ 1443544.581178640481085, 557789.915785097982734 ], [ 1443562.0811436411459, 557801.249751936993562 ], [ 1443580.497445396380499, 557811.16607068805024 ], [ 1443599.663745630998164, 557819.582720506354235 ], [ 1443619.163706634426489, 557826.332707016379572 ], [ 1443620.748021057806909, 557826.83270600461401 ], [ 1443650.247305891243741, 557835.416022208286449 ], [ 1443728.413488141028211, 557852.082655520178378 ], [ 1443794.247345977695659, 557866.082955607445911 ] ] } },
{ "type": "Feature", "properties": { "OBJECTID": 18738044, "ENABLED": 1, "E911": 10638, "LASTEDITDATE": 1604040245000, "DATEADDED": 946512000000, "USERNAME": "SCASTONGIA", "ACTIONTYPE": "AddressChange", "PREFIXDIRECTION": null, "STREETNAME": "ABELWOOD", "STANDTYPE": "RD", "SUFFIX": null, "STREETTYPE": "RD", "WHOLESTNAME": "Abelwood Rd", "LL_ADD": 2101, "UL_ADD": 2201, "LR_ADD": 2100, "UR_ADD": 2200, "LBLOCKMIN": 2101, "RBLOCKMIN": 2100, "LBLOCKMAX": 2201, "RBLOCKMAX": 2200, "LSTREETCODE": 9, "RSTREETCODE": 9, "L_ZIPCODE": 28216, "R_ZIPCODE": 28216, "L_JURIS": "CHAR", "R_JURIS": "CHAR", "LCOUNTY": "MECK", "RCOUNTY": "MECK", "SUBDIVISIONNAME": null, "SUBDIVISIONPHASE": null, "ROADTYPE": 1, "STREETCLASS": "PU", "MARK": null, "GPS_STAT": "Needed", "TOPO": null, "LUESAFLAG": null, "STNAMECHANGE": null, "BARRIER": 0, "PREVE911": null, "ORIGE911": null, "LIFECYCLESTATUS": "Active", "DIVIDED": 0, "SURFACETYPE": 2, "NUMBEROFLANES": 2, "HOVLANE": 0, "THOROUGHFARETYPE": "LOCAL", "SPEEDLIMIT": 25, "PAVEMENTWIDTH": 24.0, "ONEWAY": 0, "SPEEDHUMP": 0, "MEDIAN": 0, "HANSENSTATUS": "Other", "COMPTYPE": 68, "COMPKEY": 86307.0, "UNITID": "41", "UNITID2": "10", "FUNITID": null, "TUNITID": null, "LENGTH": null, "ADDRESSNUMBERS": "NON", "CFCC": "A41", "MAINT_BY": "CITY", "PAVEMENT_RATING": 90.0, "LOAD_STATUS": null, "FULL_NAME": "2100  - 2200 ABELWOOD RD", "SHAPE.STLength()": 540.17280609194029, "index_right": 239, "STATUS": "EFFECTIVE", "FLD_ZONE": "COMMUNITY FLOODPLAIN - FUTURE CONDITIONS", "DATE": "2015-09-02T00:00:00", "Shape_Leng": 25198.9837883, "Shape_Area": 3873224.3541199998 }, "geometry": { "type": "LineString", "coordinates": [ [ 1443104.580418213037774, 556751.332888530101627 ], [ 1443083.997454134980217, 556827.416069689090364 ], [ 1443081.24745963467285, 556846.416031696950085 ], [ 1443079.997462140861899, 556865.499654943821952 ], [ 1443080.497461141087115, 556884.666611360036768 ], [ 1443082.330462722573429, 556903.749578449176624 ], [ 1443085.997450129827484, 556922.582874113693833 ], [ 1443087.247447640402243, 556927.833519769948907 ], [ 1443092.413775886874646, 556947.665829192847013 ], [ 1443099.163762390846387, 556966.91579069965519 ], [ 1443107.248063802719116, 556985.666081278235652 ], [ 1443116.748044803040102, 557003.666045281570405 ], [ 1443146.997328133089468, 557065.999582024058327 ], [ 1443148.497325138421729, 557068.999576023896225 ], [ 1443238.497473211959004, 557249.41588185261935 ], [ 1443240.163480386137962, 557253.249535606475547 ] ] } },
{ "type": "Feature", "properties": { "OBJECTID": 18738127, "ENABLED": 1, "E911": 62596, "LASTEDITDATE": 1633100441000, "DATEADDED": 1626106110000, "USERNAME": "AHRENN", "ACTIONTYPE": "New", "PREFIXDIRECTION": null, "STREETNAME": "ACCLAIM", "STANDTYPE": "ST", "SUFFIX": null, "STREETTYPE": "ST", "WHOLESTNAME": "Acclaim St", "LL_ADD": 2101, "UL_ADD": 2143, "LR_ADD": 2100, "UR_ADD": 2142, "LBLOCKMIN": 2101, "RBLOCKMIN": 2100, "LBLOCKMAX": 2199, "RBLOCKMAX": 2198, "LSTREETCODE": 21570, "RSTREETCODE": 21570, "L_ZIPCODE": 28205, "R_ZIPCODE": 28205, "L_JURIS": "CHAR", "R_JURIS": "CHAR", "LCOUNTY": "MECK", "RCOUNTY": "MECK", "SUBDIVISIONNAME": null, "SUBDIVISIONPHASE": null, "ROADTYPE": 1, "STREETCLASS": "PV", "MARK": null, "GPS_STAT": "Needed", "TOPO": null, "LUESAFLAG": null, "STNAMECHANGE": null, "BARRIER": 0, "PREVE911": null, "ORIGE911": null, "LIFECYCLESTATUS": "Active", "DIVIDED": 0, "SURFACETYPE": 2, "NUMBEROFLANES": 2, "HOVLANE": 0, "THOROUGHFARETYPE": "LOCAL", "SPEEDLIMIT": 35, "PAVEMENTWIDTH": null, "ONEWAY": 0, "SPEEDHUMP": 0, "MEDIAN": 0, "HANSENSTATUS": "New", "COMPTYPE": 68, "COMPKEY": null, "UNITID": "20470", "UNITID2": "14", "FUNITID": null, "TUNITID": null, "LENGTH": null, "ADDRESSNUMBERS": "EVE", "CFCC": "A41", "MAINT_BY": null, "PAVEMENT_RATING": null, "LOAD_STATUS": null, "FULL_NAME": "2100  - 2142 ACCLAIM ST", "SHAPE.STLength()": 293.10256047461826, "index_right": 76, "STATUS": "EFFECTIVE", "FLD_ZONE": "COMMUNITY FLOODPLAIN - FUTURE CONDITIONS", "DATE": "2014-02-19T00:00:00", "Shape_Leng": 8399.1248563499994, "Shape_Area": 908521.19249000004 }, "geometry": { "type": "LineString", "coordinates": [ [ 1459246.50909248762764, 532616.27420363703277 ], [ 1459136.925650231540203, 532662.12024054385256 ], [ 1459132.764569319086149, 532663.204555968404748 ], [ 1459128.841020739870146, 532664.964066868997179 ], [ 1459125.263928150525317, 532667.350216959952377 ], [ 1459122.132044645491987, 532670.29706145322416 ], [ 1459119.532312325434759, 532673.722251458209939 ], [ 1459117.537237579468638, 532677.531298964633606 ], [ 1459116.201610316056758, 532681.618561122333631 ], [ 1459115.562503984430805, 532685.870849201106466 ], [ 1459115.637635072693229, 532690.170381296309642 ], [ 1459116.425035065505654, 532694.397735048783943 ], [ 1459117.903050486929715, 532698.435784707195126 ], [ 1459163.730386649258435, 532816.895193457137793 ] ] } },
{ "type": "Feature", "properties": { "OBJECTID": 18738180, "ENABLED": 1, "E911": 19526, "LASTEDITDATE": 1706784531000, "DATEADDED": 946512000000, "USERNAME": "SCASTONGIA", "ACTIONTYPE": "New", "PREFIXDIRECTION": null, "STREETNAME": "ADDISON", "STANDTYPE": "DR", "SUFFIX": null, "STREETTYPE": "DR", "WHOLESTNAME": "Addison Dr", "LL_ADD": 5101, "UL_ADD": 5123, "LR_ADD": 5100, "UR_ADD": 5122, "LBLOCKMIN": 0, "RBLOCKMIN": 0, "LBLOCKMAX": 0, "RBLOCKMAX": 0, "LSTREETCODE": 28, "RSTREETCODE": 28, "L_ZIPCODE": 28211, "R_ZIPCODE": 28211, "L_JURIS": "CHAR", "R_JURIS": "CHAR", "LCOUNTY": "MECK", "RCOUNTY": "MECK", "SUBDIVISIONNAME": null, "SUBDIVISIONPHASE": null, "ROADTYPE": 1, "STREETCLASS": "PU", "MARK": null, "GPS_STAT": "Needed", "TOPO": null, "LUESAFLAG": null, "STNAMECHANGE": null, "BARRIER": 0, "PREVE911": null, "ORIGE911": null, "LIFECYCLESTATUS": "Active", "DIVIDED": 0, "SURFACETYPE": 2, "NUMBEROFLANES": 2, "HOVLANE": 0, "THOROUGHFARETYPE": "EXCOLLMJ", "SPEEDLIMIT": 25, "PAVEMENTWIDTH": 30.0, "ONEWAY": 0, "SPEEDHUMP": 0, "MEDIAN": 0, "HANSENSTATUS": "Added", "COMPTYPE": 68, "COMPKEY": 86366.0, "UNITID": "71", "UNITID2": "50", "FUNITID": null, "TUNITID": null, "LENGTH": null, "ADDRESSNUMBERS": "NON", "CFCC": "A41", "MAINT_BY": "CITY", "PAVEMENT_RATING": 92.0, "LOAD_STATUS": null, "FULL_NAME": "5100  - 5122 ADDISON DR", "SHAPE.STLength()": 374.29874866702033, "index_right": 59, "STATUS": "EFFECTIVE", "FLD_ZONE": "COMMUNITY FLOODPLAIN - FUTURE CONDITIONS", "DATE": "2014-02-19T00:00:00", "Shape_Leng": 49415.053558200001, "Shape_Area": 4603067.8834100002 }, "geometry": { "type": "LineString", "coordinates": [ [ 1466338.74753274070099, 521979.415884328132961 ], [ 1466392.913762986427173, 521916.332677149563096 ], [ 1466418.248029903508723, 521889.000382747908588 ], [ 1466447.164310649968684, 521863.249778076889925 ], [ 1466476.497257232433185, 521840.665833749109879 ], [ 1466509.081181574380025, 521818.499539495562203 ], [ 1466546.747444826411083, 521796.416578406700864 ], [ 1466629.997278320603073, 521750.500331658462528 ] ] } },
{ "type": "Feature", "properties": { "OBJECTID": 18738182, "ENABLED": 1, "E911": 32658, "LASTEDITDATE": 1706784531000, "DATEADDED": 946512000000, "USERNAME": "SCASTONGIA", "ACTIONTYPE": "New", "PREFIXDIRECTION": null, "STREETNAME": "ADDISON", "STANDTYPE": "DR", "SUFFIX": null, "STREETTYPE": "DR", "WHOLESTNAME": "Addison Dr", "LL_ADD": 4901, "UL_ADD": 4943, "LR_ADD": 4900, "UR_ADD": 4942, "LBLOCKMIN": 0, "RBLOCKMIN": 0, "LBLOCKMAX": 0, "RBLOCKMAX": 0, "LSTREETCODE": 28, "RSTREETCODE": 28, "L_ZIPCODE": 28211, "R_ZIPCODE": 28211, "L_JURIS": "CHAR", "R_JURIS": "CHAR", "LCOUNTY": "MECK", "RCOUNTY": "MECK", "SUBDIVISIONNAME": null, "SUBDIVISIONPHASE": null, "ROADTYPE": 1, "STREETCLASS": "PU", "MARK": null, "GPS_STAT": "Needed", "TOPO": null, "LUESAFLAG": null, "STNAMECHANGE": null, "BARRIER": 0, "PREVE911": null, "ORIGE911": null, "LIFECYCLESTATUS": "Active", "DIVIDED": 0, "SURFACETYPE": 2, "NUMBEROFLANES": 2, "HOVLANE": 0, "THOROUGHFARETYPE": "EXCOLLMJ", "SPEEDLIMIT": 25, "PAVEMENTWIDTH": 30.0, "ONEWAY": 0, "SPEEDHUMP": 0, "MEDIAN": 0, "HANSENSTATUS": "Added", "COMPTYPE": 68, "COMPKEY": 86364.0, "UNITID": "71", "UNITID2": "30", "FUNITID": null, "TUNITID": null, "LENGTH": null, "ADDRESSNUMBERS": "NON", "CFCC": "A41", "MAINT_BY": "CITY", "PAVEMENT_RATING": 95.0, "LOAD_STATUS": null, "FULL_NAME": "4900  - 4942 ADDISON DR", "SHAPE.STLength()": 685.84708378702464, "index_right": 59, "STATUS": "EFFECTIVE", "FLD_ZONE": "COMMUNITY FLOODPLAIN - FUTURE CONDITIONS", "DATE": "2014-02-19T00:00:00", "Shape_Leng": 49415.053558200001, "Shape_Area": 4603067.8834100002 }, "geometry": { "type": "LineString", "coordinates": [ [ 1465684.33119064103812, 522865.582747162610758 ], [ 1465724.997447900241241, 522827.165829221077729 ], [ 1465825.580580065725371, 522729.166025251674 ], [ 1466026.997500057099387, 522534.416086648881901 ], [ 1466091.163710321998224, 522473.915879572159611 ], [ 1466114.414319989969954, 522448.666586233011913 ], [ 1466130.247293558903039, 522427.082639909756836 ], [ 1466146.247261565644294, 522398.916029568470549 ], [ 1466156.330574735300615, 522379.500385992228985 ], [ 1466158.247237565694377, 522374.082745899737347 ] ] } },
{ "type": "Feature", "properties": { "OBJECTID": 18738183, "ENABLED": 1, "E911": 32837, "LASTEDITDATE": 1706784531000, "DATEADDED": 946512000000, "USERNAME": "SCASTONGIA", "ACTIONTYPE": "New", "PREFIXDIRECTION": null, "STREETNAME": "ADDISON", "STANDTYPE": "DR", "SUFFIX": null, "STREETTYPE": "DR", "WHOLESTNAME": "Addison Dr", "LL_ADD": 5001, "UL_ADD": 5029, "LR_ADD": 5000, "UR_ADD": 5028, "LBLOCKMIN": 0, "RBLOCKMIN": 0, "LBLOCKMAX": 0, "RBLOCKMAX": 0, "LSTREETCODE": 28, "RSTREETCODE": 28, "L_ZIPCODE": 28211, "R_ZIPCODE": 28211, "L_JURIS": "CHAR", "R_JURIS": "CHAR", "LCOUNTY": "MECK", "RCOUNTY": "MECK", "SUBDIVISIONNAME": null, "SUBDIVISIONPHASE": null, "ROADTYPE": 1, "STREETCLASS": "PU", "MARK": null, "GPS_STAT": "Needed", "TOPO": null, "LUESAFLAG": null, "STNAMECHANGE": null, "BARRIER": 0, "PREVE911": null, "ORIGE911": null, "LIFECYCLESTATUS": "Active", "DIVIDED": 0, "SURFACETYPE": 2, "NUMBEROFLANES": 2, "HOVLANE": 0, "THOROUGHFARETYPE": "EXCOLLMJ", "SPEEDLIMIT": 25, "PAVEMENTWIDTH": 30.0, "ONEWAY": 0, "SPEEDHUMP": 0, "MEDIAN": 0, "HANSENSTATUS": "Added", "COMPTYPE": 68, "COMPKEY": 86365.0, "UNITID": "71", "UNITID2": "40", "FUNITID": null, "TUNITID": null, "LENGTH": null, "ADDRESSNUMBERS": "NON", "CFCC": "A41", "MAINT_BY": "CITY", "PAVEMENT_RATING": 92.0, "LOAD_STATUS": null, "FULL_NAME": "5000  - 5028 ADDISON DR", "SHAPE.STLength()": 450.92636227015402, "index_right": 59, "STATUS": "EFFECTIVE", "FLD_ZONE": "COMMUNITY FLOODPLAIN - FUTURE CONDITIONS", "DATE": "2014-02-19T00:00:00", "Shape_Leng": 49415.053558200001, "Shape_Area": 4603067.8834100002 }, "geometry": { "type": "LineString", "coordinates": [ [ 1466158.247237565694377, 522374.082745899737347 ], [ 1466164.247225563507527, 522356.832780406810343 ], [ 1466169.413553816033527, 522336.749815327231772 ], [ 1466173.413545814109966, 522307.832878396555316 ], [ 1466180.331182894762605, 522235.750345413514879 ], [ 1466183.747514642542228, 522195.249770237889607 ], [ 1466187.663517308887094, 522172.16582691250369 ], [ 1466194.99749215086922, 522151.249530162254814 ], [ 1466206.830473732901737, 522134.749563147255685 ], [ 1466220.99809631658718, 522118.166591078974307 ], [ 1466283.497315153945237, 522043.916083413816523 ], [ 1466338.74753274070099, 521979.415884328132961 ] ] } },
{ "type": "Feature", "properties": { "OBJECTID": 18738184, "ENABLED": 1, "E911": 33565, "LASTEDITDATE": 1604041520000, "DATEADDED": 946512000000, "USERNAME": "SCASTONGIA", "ACTIONTYPE": "New", "PREFIXDIRECTION": null, "STREETNAME": "ADDISON", "STANDTYPE": "DR", "SUFFIX": null, "STREETTYPE": "DR", "WHOLESTNAME": "Addison Dr", "LL_ADD": 5125, "UL_ADD": 5351, "LR_ADD": 5124, "UR_ADD": 5350, "LBLOCKMIN": 0, "RBLOCKMIN": 0, "LBLOCKMAX": 0, "RBLOCKMAX": 0, "LSTREETCODE": 28, "RSTREETCODE": 28, "L_ZIPCODE": 28211, "R_ZIPCODE": 28211, "L_JURIS": "CHAR", "R_JURIS": "CHAR", "LCOUNTY": "MECK", "RCOUNTY": "MECK", "SUBDIVISIONNAME": null, "SUBDIVISIONPHASE": null, "ROADTYPE": 1, "STREETCLASS": "PU", "MARK": null, "GPS_STAT": "Needed", "TOPO": null, "LUESAFLAG": null, "STNAMECHANGE": null, "BARRIER": 0, "PREVE911": null, "ORIGE911": null, "LIFECYCLESTATUS": "Active", "DIVIDED": 0, "SURFACETYPE": 2, "NUMBEROFLANES": 2, "HOVLANE": 0, "THOROUGHFARETYPE": "LOCAL", "SPEEDLIMIT": 25, "PAVEMENTWIDTH": 30.0, "ONEWAY": 0, "SPEEDHUMP": 0, "MEDIAN": 0, "HANSENSTATUS": "Added", "COMPTYPE": 68, "COMPKEY": 86349.0, "UNITID": "71", "UNITID2": "60", "FUNITID": null, "TUNITID": null, "LENGTH": null, "ADDRESSNUMBERS": "NON", "CFCC": "A41", "MAINT_BY": "CITY", "PAVEMENT_RATING": 82.0, "LOAD_STATUS": null, "FULL_NAME": "5124  - 5350 ADDISON DR", "SHAPE.STLength()": 1703.7461932175904, "index_right": 59, "STATUS": "EFFECTIVE", "FLD_ZONE": "COMMUNITY FLOODPLAIN - FUTURE CONDITIONS", "DATE": "2014-02-19T00:00:00", "Shape_Leng": 49415.053558200001, "Shape_Area": 4603067.8834100002 }, "geometry": { "type": "LineString", "coordinates": [ [ 1466629.997278320603073, 521750.500331658462528 ], [ 1466651.497235314454883, 521717.916079238522798 ], [ 1466681.247503909980878, 521682.665821658738423 ], [ 1466705.497455408796668, 521655.249537915980909 ], [ 1466764.747336913365871, 521572.666041657619644 ], [ 1466777.080645567504689, 521556.00039257312892 ], [ 1466806.080587569391355, 521516.749814914714079 ], [ 1466842.997508484637365, 521472.332908987591509 ], [ 1466889.998070661909878, 521420.832683905609883 ], [ 1466933.914321413496509, 521376.33277291583363 ], [ 1466960.913611240684986, 521351.165828495461028 ], [ 1467000.331183321541175, 521317.832889913290273 ], [ 1467063.830400160513818, 521269.582658325147349 ], [ 1467185.413490333594382, 521181.249829756328836 ], [ 1467305.747239167802036, 521104.249655659950804 ], [ 1467374.413768497528508, 521066.000388326356187 ], [ 1467404.248026413377374, 521049.332770759181585 ], [ 1467468.33057541702874, 521019.583486418065149 ], [ 1467518.080475905677304, 520998.332872753730044 ], [ 1467607.497291833162308, 520958.16661450144602 ], [ 1467698.080443994607776, 520918.332704676140565 ], [ 1467769.997294920263812, 520886.665773249231279 ], [ 1467792.163589164847508, 520874.999786085332744 ], [ 1467808.581207246985286, 520865.333466833166312 ], [ 1467831.831160756759346, 520846.249515488860197 ], [ 1467853.080462084617466, 520823.665899253857788 ], [ 1467872.498074176721275, 520798.082945186237339 ], [ 1467888.998041170183569, 520770.41600574972108 ], [ 1467900.580367088550702, 520740.416065742669161 ], [ 1467910.497342006769031, 520696.915824674011674 ] ] } },
{ "type": "Feature", "properties": { "OBJECTID": 18738320, "ENABLED": 1, "E911": 484, "LASTEDITDATE": 1724152806000, "DATEADDED": 946512000000, "USERNAME": "WISMESE", "ACTIONTYPE": "New", "PREFIXDIRECTION": null, "STREETNAME": "ALBEMARLE", "STANDTYPE": "RD", "SUFFIX": null, "STREETTYPE": "RD", "WHOLESTNAME": "Albemarle Rd", "LL_ADD": 6001, "UL_ADD": 6299, "LR_ADD": 6000, "UR_ADD": 6298, "LBLOCKMIN": 0, "RBLOCKMIN": 0, "LBLOCKMAX": 0, "RBLOCKMAX": 0, "LSTREETCODE": 53, "RSTREETCODE": 53, "L_ZIPCODE": 28212, "R_ZIPCODE": 28212, "L_JURIS": "CHAR", "R_JURIS": "CHAR", "LCOUNTY": "MECK", "RCOUNTY": "MECK", "SUBDIVISIONNAME": null, "SUBDIVISIONPHASE": null, "ROADTYPE": 1, "STREETCLASS": "PU", "MARK": null, "GPS_STAT": "Needed", "TOPO": null, "LUESAFLAG": null, "STNAMECHANGE": null, "BARRIER": 0, "PREVE911": null, "ORIGE911": null, "LIFECYCLESTATUS": "Active", "DIVIDED": 0, "SURFACETYPE": 2, "NUMBEROFLANES": 2, "HOVLANE": 0, "THOROUGHFARETYPE": "EXMJTHC3C", "SPEEDLIMIT": 45, "PAVEMENTWIDTH": 32.0, "ONEWAY": 0, "SPEEDHUMP": 0, "MEDIAN": 0, "HANSENSTATUS": "Added", "COMPTYPE": 68, "COMPKEY": 86502.0, "UNITID": "110", "UNITID2": "652", "FUNITID": null, "TUNITID": null, "LENGTH": null, "ADDRESSNUMBERS": "NON", "CFCC": "A21", "MAINT_BY": "STATE", "PAVEMENT_RATING": 90.0, "LOAD_STATUS": null, "FULL_NAME": "6000  - 6298 ALBEMARLE RD", "SHAPE.STLength()": 1589.3267881850818, "index_right": 73, "STATUS": "EFFECTIVE", "FLD_ZONE": "COMMUNITY FLOODPLAIN - FUTURE CONDITIONS", "DATE": "2014-02-19T00:00:00", "Shape_Leng": 5162.5130356, "Shape_Area": 343246.76326600002 }, "geometry": { "type": "LineString", "coordinates": [ [ 1479038.998050957685336, 533461.915885020629503 ], [ 1479212.498032034607604, 533447.832907935837284 ], [ 1479607.330575706902891, 533424.332954944577068 ], [ 1480075.747289803810418, 533395.582684352644719 ], [ 1480624.663514808518812, 533354.832765854545869 ] ] } },
{ "type": "Feature", "properties": { "OBJECTID": 18738393, "ENABLED": 1, "E911": 68979, "LASTEDITDATE": 1714762959000, "DATEADDED": 1712916735000, "USERNAME": "SMITHJH", "ACTIONTYPE": "New", "PREFIXDIRECTION": null, "STREETNAME": "ALDER CREST", "STANDTYPE": "WAY", "SUFFIX": null, "STREETTYPE": "WY", "WHOLESTNAME": "Alder Crest Wy", "LL_ADD": 8367, "UL_ADD": 8499, "LR_ADD": 8366, "UR_ADD": 8498, "LBLOCKMIN": 8301, "RBLOCKMIN": 8300, "LBLOCKMAX": 8499, "RBLOCKMAX": 8498, "LSTREETCODE": 22682, "RSTREETCODE": 22682, "L_ZIPCODE": 28262, "R_ZIPCODE": 28262, "L_JURIS": "CHAR", "R_JURIS": "CHAR", "LCOUNTY": "MECK", "RCOUNTY": "MECK", "SUBDIVISIONNAME": null, "SUBDIVISIONPHASE": null, "ROADTYPE": 1, "STREETCLASS": "PV", "MARK": null, "GPS_STAT": "Needed", "TOPO": null, "LUESAFLAG": null, "STNAMECHANGE": null, "BARRIER": 0, "PREVE911": null, "ORIGE911": null, "LIFECYCLESTATUS": "Proposed", "DIVIDED": 0, "SURFACETYPE": 2, "NUMBEROFLANES": 2, "HOVLANE": 0, "THOROUGHFARETYPE": "LOCAL", "SPEEDLIMIT": 35, "PAVEMENTWIDTH": null, "ONEWAY": 0, "SPEEDHUMP": 0, "MEDIAN": 0, "HANSENSTATUS": "New", "COMPTYPE": 68, "COMPKEY": null, "UNITID": "21558", "UNITID2": "59", "FUNITID": null, "TUNITID": null, "LENGTH": null, "ADDRESSNUMBERS": "ODD", "CFCC": "A41", "MAINT_BY": null, "PAVEMENT_RATING": null, "LOAD_STATUS": null, "FULL_NAME": "8366  - 8498 ALDER CREST WAY", "SHAPE.STLength()": 646.52407426512264, "index_right": 338, "STATUS": "EFFECTIVE", "FLD_ZONE": "COMMUNITY FLOODPLAIN - FUTURE CONDITIONS", "DATE": "2018-11-16T00:00:00", "Shape_Leng": 5915.2351651600002, "Shape_Area": 374626.73646699998 }, "geometry": { "type": "LineString", "coordinates": [ [ 1470569.279754098737612, 566746.268935231957585 ], [ 1470582.606171009829268, 566738.219082566211 ], [ 1470851.624333769315854, 566574.377874828525819 ], [ 1470868.350022097816691, 566565.215819660108536 ], [ 1470885.845065843081102, 566557.624955562758259 ], [ 1470903.962155595887452, 566551.669258823152632 ], [ 1470922.548732594586909, 566547.399254242423922 ], [ 1470941.448629188816994, 566544.850374829256907 ], [ 1471160.361905266530812, 566517.483959743520245 ] ] } },
{ "type": "Feature", "properties": { "OBJECTID": 18738984, "ENABLED": 1, "E911": 10179, "LASTEDITDATE": 1604040171000, "DATEADDED": 946512000000, "USERNAME": "SCASTONGIA", "ACTIONTYPE": "New", "PREFIXDIRECTION": null, "STREETNAME": "ANDRILL", "STANDTYPE": "TER", "SUFFIX": null, "STREETTYPE": "TR", "WHOLESTNAME": "Andrill Tr", "LL_ADD": 707, "UL_ADD": 715, "LR_ADD": 706, "UR_ADD": 714, "LBLOCKMIN": 0, "RBLOCKMIN": 0, "LBLOCKMAX": 0, "RBLOCKMAX": 0, "LSTREETCODE": 155, "RSTREETCODE": 155, "L_ZIPCODE": 28216, "R_ZIPCODE": 28216, "L_JURIS": "CHAR", "R_JURIS": "CHAR", "LCOUNTY": "MECK", "RCOUNTY": "MECK", "SUBDIVISIONNAME": null, "SUBDIVISIONPHASE": null, "ROADTYPE": 1, "STREETCLASS": "PU", "MARK": null, "GPS_STAT": "Needed", "TOPO": null, "LUESAFLAG": null, "STNAMECHANGE": null, "BARRIER": 0, "PREVE911": null, "ORIGE911": null, "LIFECYCLESTATUS": "Active", "DIVIDED": 0, "SURFACETYPE": 2, "NUMBEROFLANES": 2, "HOVLANE": 0, "THOROUGHFARETYPE": "EXCOLLMJ", "SPEEDLIMIT": 25, "PAVEMENTWIDTH": 24.0, "ONEWAY": 0, "SPEEDHUMP": 0, "MEDIAN": 0, "HANSENSTATUS": "Added", "COMPTYPE": 68, "COMPKEY": 86938.0, "UNITID": "262", "UNITID2": "30", "FUNITID": null, "TUNITID": null, "LENGTH": null, "ADDRESSNUMBERS": "NON", "CFCC": "A41", "MAINT_BY": "CITY", "PAVEMENT_RATING": 100.0, "LOAD_STATUS": null, "FULL_NAME": "706  - 714 ANDRILL TER", "SHAPE.STLength()": 211.354136429177, "index_right": 165, "STATUS": "EFFECTIVE", "FLD_ZONE": "COMMUNITY FLOODPLAIN - FUTURE CONDITIONS", "DATE": "2015-09-02T00:00:00", "Shape_Leng": 35062.887327900004, "Shape_Area": 2776705.08445 }, "geometry": { "type": "LineString", "coordinates": [ [ 1448004.247456189943478, 549409.08346553472802 ], [ 1448017.913767439080402, 549435.749750780989416 ], [ 1448032.413738440722227, 549464.16603251430206 ], [ 1448079.49730568821542, 549551.083509612362832 ], [ 1448092.580612852238119, 549574.415812018909492 ], [ 1448104.41359443613328, 549595.165770518477075 ] ] } },
{ "type": "Feature", "properties": { "OBJECTID": 18738985, "ENABLED": 1, "E911": 11346, "LASTEDITDATE": 1604040245000, "DATEADDED": 946512000000, "USERNAME": "SCASTONGIA", "ACTIONTYPE": "New", "PREFIXDIRECTION": null, "STREETNAME": "ANDRILL", "STANDTYPE": "TER", "SUFFIX": null, "STREETTYPE": "TR", "WHOLESTNAME": "Andrill Tr", "LL_ADD": 1001, "UL_ADD": 1099, "LR_ADD": 1000, "UR_ADD": 1098, "LBLOCKMIN": 0, "RBLOCKMIN": 0, "LBLOCKMAX": 0, "RBLOCKMAX": 0, "LSTREETCODE": 155, "RSTREETCODE": 155, "L_ZIPCODE": 28216, "R_ZIPCODE": 28216, "L_JURIS": "CHAR", "R_JURIS": "CHAR", "LCOUNTY": "MECK", "RCOUNTY": "MECK", "SUBDIVISIONNAME": null, "SUBDIVISIONPHASE": null, "ROADTYPE": 1, "STREETCLASS": "PU", "MARK": null, "GPS_STAT": "Needed", "TOPO": null, "LUESAFLAG": null, "STNAMECHANGE": null, "BARRIER": 0, "PREVE911": null, "ORIGE911": null, "LIFECYCLESTATUS": "Active", "DIVIDED": 0, "SURFACETYPE": 2, "NUMBEROFLANES": 2, "HOVLANE": 0, "THOROUGHFARETYPE": "LOCAL", "SPEEDLIMIT": 35, "PAVEMENTWIDTH": 24.0, "ONEWAY": 0, "SPEEDHUMP": 0, "MEDIAN": 0, "HANSENSTATUS": "Added", "COMPTYPE": 68, "COMPKEY": 86965.0, "UNITID": "262", "UNITID2": "80", "FUNITID": null, "TUNITID": null, "LENGTH": null, "ADDRESSNUMBERS": "NON", "CFCC": "A41", "MAINT_BY": "CITY", "PAVEMENT_RATING": 100.0, "LOAD_STATUS": null, "FULL_NAME": "1000  - 1098 ANDRILL TER", "SHAPE.STLength()": 666.48949695988085, "index_right": 165, "STATUS": "EFFECTIVE", "FLD_ZONE": "COMMUNITY FLOODPLAIN - FUTURE CONDITIONS", "DATE": "2015-09-02T00:00:00", "Shape_Leng": 35062.887327900004, "Shape_Area": 2776705.08445 }, "geometry": { "type": "LineString", "coordinates": [ [ 1448575.330631616059691, 550436.916055514011532 ], [ 1448622.33119377749972, 550490.416604684083723 ], [ 1448689.913735781563446, 550570.582782919402234 ], [ 1448711.747353526996449, 550595.832732411683537 ], [ 1448720.580341117922217, 550609.582704925793223 ], [ 1448728.164315451169387, 550624.082675936282612 ], [ 1448734.080642194719985, 550639.166635271743871 ], [ 1448738.747299526119605, 550654.832942514098249 ], [ 1448739.164293441455811, 550656.666600254131481 ], [ 1448761.913591775344685, 550761.582729007350281 ], [ 1448789.913535778177902, 550894.41579667723272 ], [ 1448799.163517288165167, 550941.500348172732629 ], [ 1448801.99750111089088, 550957.41599876084365 ], [ 1448803.331159865716472, 550973.499628003221005 ], [ 1448802.997499114833772, 550989.666590438224375 ], [ 1448801.247502614976838, 551005.749563522869721 ], [ 1448797.747509617591277, 551021.499532009009272 ], [ 1448792.913529790006578, 551036.915839757188223 ], [ 1448792.247520617209375, 551038.665836248896085 ] ] } },
{ "type": "Feature", "properties": { "OBJECTID": 18738987, "ENABLED": 1, "E911": 12013, "LASTEDITDATE": 1604040245000, "DATEADDED": 946512000000, "USERNAME": "SCASTONGIA", "ACTIONTYPE": "New", "PREFIXDIRECTION": null, "STREETNAME": "ANDRILL", "STANDTYPE": "TER", "SUFFIX": null, "STREETTYPE": "TR", "WHOLESTNAME": "Andrill Tr", "LL_ADD": 801, "UL_ADD": 899, "LR_ADD": 800, "UR_ADD": 898, "LBLOCKMIN": 0, "RBLOCKMIN": 0, "LBLOCKMAX": 0, "RBLOCKMAX": 0, "LSTREETCODE": 155, "RSTREETCODE": 155, "L_ZIPCODE": 28216, "R_ZIPCODE": 28216, "L_JURIS": "CHAR", "R_JURIS": "CHAR", "LCOUNTY": "MECK", "RCOUNTY": "MECK", "SUBDIVISIONNAME": null, "SUBDIVISIONPHASE": null, "ROADTYPE": 1, "STREETCLASS": "PU", "MARK": null, "GPS_STAT": "Needed", "TOPO": null, "LUESAFLAG": null, "STNAMECHANGE": null, "BARRIER": 0, "PREVE911": null, "ORIGE911": null, "LIFECYCLESTATUS": "Active", "DIVIDED": 0, "SURFACETYPE": 2, "NUMBEROFLANES": 2, "HOVLANE": 0, "THOROUGHFARETYPE": "EXCOLLMJ", "SPEEDLIMIT": 25, "PAVEMENTWIDTH": 25.0, "ONEWAY": 0, "SPEEDHUMP": 0, "MEDIAN": 0, "HANSENSTATUS": "Added", "COMPTYPE": 68, "COMPKEY": 86940.0, "UNITID": "262", "UNITID2": "50", "FUNITID": null, "TUNITID": null, "LENGTH": null, "ADDRESSNUMBERS": "NON", "CFCC": "A41", "MAINT_BY": "CITY", "PAVEMENT_RATING": 100.0, "LOAD_STATUS": null, "FULL_NAME": "800  - 898 ANDRILL TER", "SHAPE.STLength()": 345.62746539440747, "index_right": 165, "STATUS": "EFFECTIVE", "FLD_ZONE": "COMMUNITY FLOODPLAIN - FUTURE CONDITIONS", "DATE": "2015-09-02T00:00:00", "Shape_Leng": 35062.887327900004, "Shape_Area": 2776705.08445 }, "geometry": { "type": "LineString", "coordinates": [ [ 1448209.913711534114555, 549778.082727525848895 ], [ 1448238.497315778164193, 549827.499623443349265 ], [ 1448282.081218106672168, 549911.165794699219987 ], [ 1448324.747471362585202, 549990.582958693383262 ], [ 1448375.498026030138135, 550081.415782264433801 ] ] } },
{ "type": "Feature", "properties": { "OBJECTID": 18738988, "ENABLED": 1, "E911": 11676, "LASTEDITDATE": 1604040245000, "DATEADDED": 946512000000, "USERNAME": "SCASTONGIA", "ACTIONTYPE": "New", "PREFIXDIRECTION": null, "STREETNAME": "ANDRILL", "STANDTYPE": "TER", "SUFFIX": null, "STREETTYPE": "TR", "WHOLESTNAME": "Andrill Tr", "LL_ADD": 901, "UL_ADD": 959, "LR_ADD": 900, "UR_ADD": 958, "LBLOCKMIN": 0, "RBLOCKMIN": 0, "LBLOCKMAX": 0, "RBLOCKMAX": 0, "LSTREETCODE": 155, "RSTREETCODE": 155, "L_ZIPCODE": 28216, "R_ZIPCODE": 28216, "L_JURIS": "CHAR", "R_JURIS": "CHAR", "LCOUNTY": "MECK", "RCOUNTY": "MECK", "SUBDIVISIONNAME": null, "SUBDIVISIONPHASE": null, "ROADTYPE": 1, "STREETCLASS": "PU", "MARK": null, "GPS_STAT": "Needed", "TOPO": null, "LUESAFLAG": null, "STNAMECHANGE": null, "BARRIER": 0, "PREVE911": null, "ORIGE911": null, "LIFECYCLESTATUS": "Active", "DIVIDED": 0, "SURFACETYPE": 2, "NUMBEROFLANES": 2, "HOVLANE": 0, "THOROUGHFARETYPE": "EXCOLLMJ", "SPEEDLIMIT": 25, "PAVEMENTWIDTH": 26.0, "ONEWAY": 0, "SPEEDHUMP": 1, "MEDIAN": 0, "HANSENSTATUS": "Added", "COMPTYPE": 68, "COMPKEY": 86941.0, "UNITID": "262", "UNITID2": "60", "FUNITID": null, "TUNITID": null, "LENGTH": null, "ADDRESSNUMBERS": "NON", "CFCC": "A41", "MAINT_BY": "CITY", "PAVEMENT_RATING": 100.0, "LOAD_STATUS": null, "FULL_NAME": "900  - 958 ANDRILL TER", "SHAPE.STLength()": 314.74640948728035, "index_right": 165, "STATUS": "EFFECTIVE", "FLD_ZONE": "COMMUNITY FLOODPLAIN - FUTURE CONDITIONS", "DATE": "2015-09-02T00:00:00", "Shape_Leng": 35062.887327900004, "Shape_Area": 2776705.08445 }, "geometry": { "type": "LineString", "coordinates": [ [ 1448375.498026030138135, 550081.415782264433801 ], [ 1448388.16433927603066, 550104.166064842720516 ], [ 1448432.913593606092036, 550187.165898841223679 ], [ 1448476.997494932729751, 550273.082721762824804 ], [ 1448504.580445022322237, 550327.499607689213008 ], [ 1448522.080410035792738, 550359.915881431545131 ] ] } },
{ "type": "Feature", "properties": { "OBJECTID": 18738989, "ENABLED": 1, "E911": 12110, "LASTEDITDATE": 1604040339000, "DATEADDED": 946512000000, "USERNAME": "SCASTONGIA", "ACTIONTYPE": "New", "PREFIXDIRECTION": null, "STREETNAME": "ANDRILL", "STANDTYPE": "TER", "SUFFIX": null, "STREETTYPE": "TR", "WHOLESTNAME": "Andrill Tr", "LL_ADD": 717, "UL_ADD": 799, "LR_ADD": 716, "UR_ADD": 798, "LBLOCKMIN": 0, "RBLOCKMIN": 0, "LBLOCKMAX": 0, "RBLOCKMAX": 0, "LSTREETCODE": 155, "RSTREETCODE": 155, "L_ZIPCODE": 28216, "R_ZIPCODE": 28216, "L_JURIS": "CHAR", "R_JURIS": "CHAR", "LCOUNTY": "MECK", "RCOUNTY": "MECK", "SUBDIVISIONNAME": null, "SUBDIVISIONPHASE": null, "ROADTYPE": 1, "STREETCLASS": "PU", "MARK": null, "GPS_STAT": "Needed", "TOPO": null, "LUESAFLAG": null, "STNAMECHANGE": null, "BARRIER": 0, "PREVE911": null, "ORIGE911": null, "LIFECYCLESTATUS": "Active", "DIVIDED": 0, "SURFACETYPE": 2, "NUMBEROFLANES": 2, "HOVLANE": 0, "THOROUGHFARETYPE": "EXCOLLMJ", "SPEEDLIMIT": 25, "PAVEMENTWIDTH": 24.0, "ONEWAY": 0, "SPEEDHUMP": 1, "MEDIAN": 0, "HANSENSTATUS": "Added", "COMPTYPE": 68, "COMPKEY": 86939.0, "UNITID": "262", "UNITID2": "40", "FUNITID": null, "TUNITID": null, "LENGTH": null, "ADDRESSNUMBERS": "NON", "CFCC": "A41", "MAINT_BY": "CITY", "PAVEMENT_RATING": 100.0, "LOAD_STATUS": null, "FULL_NAME": "716  - 798 ANDRILL TER", "SHAPE.STLength()": 211.16486142319937, "index_right": 165, "STATUS": "EFFECTIVE", "FLD_ZONE": "COMMUNITY FLOODPLAIN - FUTURE CONDITIONS", "DATE": "2015-09-02T00:00:00", "Shape_Leng": 35062.887327900004, "Shape_Area": 2776705.08445 }, "geometry": { "type": "LineString", "coordinates": [ [ 1448104.41359443613328, 549595.165770518477075 ], [ 1448117.081220030086115, 549617.582720438018441 ], [ 1448140.913521436741576, 549659.6666257759789 ], [ 1448184.16376302880235, 549733.665821603382938 ], [ 1448209.913711534114555, 549778.082727525848895 ] ] } },
{ "type": "Feature", "properties": { "OBJECTID": 18738990, "ENABLED": 1, "E911": 12191, "LASTEDITDATE": 1604040339000, "DATEADDED": 946512000000, "USERNAME": "SCASTONGIA", "ACTIONTYPE": "New", "PREFIXDIRECTION": null, "STREETNAME": "ANDRILL", "STANDTYPE": "TER", "SUFFIX": null, "STREETTYPE": "TR", "WHOLESTNAME": "Andrill Tr", "LL_ADD": 701, "UL_ADD": 705, "LR_ADD": 700, "UR_ADD": 704, "LBLOCKMIN": 0, "RBLOCKMIN": 0, "LBLOCKMAX": 0, "RBLOCKMAX": 0, "LSTREETCODE": 155, "RSTREETCODE": 155, "L_ZIPCODE": 28216, "R_ZIPCODE": 28216, "L_JURIS": "CHAR", "R_JURIS": "CHAR", "LCOUNTY": "MECK", "RCOUNTY": "MECK", "SUBDIVISIONNAME": null, "SUBDIVISIONPHASE": null, "ROADTYPE": 1, "STREETCLASS": "PU", "MARK": null, "GPS_STAT": "Needed", "TOPO": null, "LUESAFLAG": null, "STNAMECHANGE": null, "BARRIER": 0, "PREVE911": null, "ORIGE911": null, "LIFECYCLESTATUS": "Active", "DIVIDED": 0, "SURFACETYPE": 2, "NUMBEROFLANES": 2, "HOVLANE": 0, "THOROUGHFARETYPE": "EXCOLLMJ", "SPEEDLIMIT": 25, "PAVEMENTWIDTH": 24.0, "ONEWAY": 0, "SPEEDHUMP": 1, "MEDIAN": 0, "HANSENSTATUS": "Added", "COMPTYPE": 68, "COMPKEY": 95725.0, "UNITID": "262", "UNITID2": "20", "FUNITID": null, "TUNITID": null, "LENGTH": null, "ADDRESSNUMBERS": "NON", "CFCC": "A41", "MAINT_BY": "CITY", "PAVEMENT_RATING": 100.0, "LOAD_STATUS": null, "FULL_NAME": "700  - 704 ANDRILL TER", "SHAPE.STLength()": 370.26028938411343, "index_right": 165, "STATUS": "EFFECTIVE", "FLD_ZONE": "COMMUNITY FLOODPLAIN - FUTURE CONDITIONS", "DATE": "2015-09-02T00:00:00", "Shape_Leng": 35062.887327900004, "Shape_Area": 2776705.08445 }, "geometry": { "type": "LineString", "coordinates": [ [ 1447838.747459110571072, 549077.915820784401149 ], [ 1447852.998086774721742, 549103.582764197723009 ], [ 1447890.664350025122985, 549180.582938284846023 ], [ 1447930.664270025677979, 549263.332772765890695 ], [ 1447978.997506689745933, 549359.666569603374228 ], [ 1447989.247486185049638, 549379.665873453370295 ], [ 1448004.247456189943478, 549409.08346553472802 ] ] } },
{ "type": "Feature", "properties": { "OBJECTID": 18738991, "ENABLED": 1, "E911": 28292, "LASTEDITDATE": 1604042741000, "DATEADDED": 946512000000, "USERNAME": "SCASTONGIA", "ACTIONTYPE": "ModifyCL", "PREFIXDIRECTION": null, "STREETNAME": "ANDRILL", "STANDTYPE": "TER", "SUFFIX": null, "STREETTYPE": "TR", "WHOLESTNAME": "Andrill Tr", "LL_ADD": 601, "UL_ADD": 699, "LR_ADD": 600, "UR_ADD": 698, "LBLOCKMIN": 601, "RBLOCKMIN": 600, "LBLOCKMAX": 699, "RBLOCKMAX": 698, "LSTREETCODE": 155, "RSTREETCODE": 155, "L_ZIPCODE": 28216, "R_ZIPCODE": 28216, "L_JURIS": "CHAR", "R_JURIS": "CHAR", "LCOUNTY": "MECK", "RCOUNTY": "MECK", "SUBDIVISIONNAME": null, "SUBDIVISIONPHASE": null, "ROADTYPE": 1, "STREETCLASS": "PU", "MARK": null, "GPS_STAT": "Needed", "TOPO": null, "LUESAFLAG": null, "STNAMECHANGE": null, "BARRIER": 0, "PREVE911": null, "ORIGE911": null, "LIFECYCLESTATUS": "Active", "DIVIDED": 0, "SURFACETYPE": 2, "NUMBEROFLANES": 2, "HOVLANE": 0, "THOROUGHFARETYPE": "EXCOLLMJ", "SPEEDLIMIT": 25, "PAVEMENTWIDTH": 24.0, "ONEWAY": 0, "SPEEDHUMP": 1, "MEDIAN": 0, "HANSENSTATUS": "New", "COMPTYPE": 68, "COMPKEY": 86936.0, "UNITID": "262", "UNITID2": "10", "FUNITID": null, "TUNITID": null, "LENGTH": null, "ADDRESSNUMBERS": "NON", "CFCC": "A41", "MAINT_BY": "CITY", "PAVEMENT_RATING": 100.0, "LOAD_STATUS": null, "FULL_NAME": "600  - 698 ANDRILL TER", "SHAPE.STLength()": 504.80260370032278, "index_right": 165, "STATUS": "EFFECTIVE", "FLD_ZONE": "COMMUNITY FLOODPLAIN - FUTURE CONDITIONS", "DATE": "2015-09-02T00:00:00", "Shape_Leng": 35062.887327900004, "Shape_Area": 2776705.08445 }, "geometry": { "type": "LineString", "coordinates": [ [ 1447552.383530518971384, 548667.371038209181279 ], [ 1447578.033413595054299, 548690.429391031968407 ], [ 1447602.816500523593277, 548714.416875869384967 ], [ 1447626.699326775269583, 548739.301012445823289 ], [ 1447652.497503528837115, 548770.165780111216009 ], [ 1447677.247454024618492, 548799.832715528900735 ], [ 1447700.913745263824239, 548830.499648946570233 ], [ 1447721.248022192856297, 548859.166586369043216 ], [ 1447743.830654182238504, 548893.249523457023315 ], [ 1447764.914273435715586, 548930.41578769555781 ], [ 1447812.581172848818824, 549027.08291720575653 ], [ 1447823.997488597873598, 549050.332870702841319 ], [ 1447831.830478186020628, 549065.749834618181922 ], [ 1447838.747459110571072, 549077.915820784401149 ] ] } },
{ "type": "Feature", "properties": { "OBJECTID": 18739025, "ENABLED": 1, "E911": 54934, "LASTEDITDATE": 1649681936000, "DATEADDED": 1550232899000, "USERNAME": "MAHMOMM", "ACTIONTYPE": "NameChange", "PREFIXDIRECTION": null, "STREETNAME": "ANKER HAUS", "STANDTYPE": "DR", "SUFFIX": null, "STREETTYPE": "DR", "WHOLESTNAME": "Anker Haus Dr", "LL_ADD": 4001, "UL_ADD": 4051, "LR_ADD": 4000, "UR_ADD": 4050, "LBLOCKMIN": 4001, "RBLOCKMIN": 4000, "LBLOCKMAX": 4099, "RBLOCKMAX": 4098, "LSTREETCODE": 20578, "RSTREETCODE": 20578, "L_ZIPCODE": 28205, "R_ZIPCODE": 28205, "L_JURIS": "CHAR", "R_JURIS": "CHAR", "LCOUNTY": "MECK", "RCOUNTY": "MECK", "SUBDIVISIONNAME": null, "SUBDIVISIONPHASE": null, "ROADTYPE": 1, "STREETCLASS": "PV", "MARK": null, "GPS_STAT": "Needed", "TOPO": null, "LUESAFLAG": null, "STNAMECHANGE": null, "BARRIER": 0, "PREVE911": null, "ORIGE911": null, "LIFECYCLESTATUS": "Active", "DIVIDED": 0, "SURFACETYPE": 2, "NUMBEROFLANES": 2, "HOVLANE": 0, "THOROUGHFARETYPE": "LOCAL", "SPEEDLIMIT": 35, "PAVEMENTWIDTH": 32.0, "ONEWAY": 0, "SPEEDHUMP": 0, "MEDIAN": 0, "HANSENSTATUS": "New", "COMPTYPE": 68, "COMPKEY": 239403.0, "UNITID": "19407", "UNITID2": "60", "FUNITID": null, "TUNITID": null, "LENGTH": null, "ADDRESSNUMBERS": "BOT", "CFCC": "A31", "MAINT_BY": null, "PAVEMENT_RATING": 92.0, "LOAD_STATUS": null, "FULL_NAME": "4000  - 4050 ANKER HAUS DR", "SHAPE.STLength()": 304.98166316311648, "index_right": 248, "STATUS": "EFFECTIVE", "FLD_ZONE": "COMMUNITY FLOODPLAIN - FUTURE CONDITIONS", "DATE": "2014-02-19T00:00:00", "Shape_Leng": 77234.056629400002, "Shape_Area": 13180353.7149 }, "geometry": { "type": "LineString", "coordinates": [ [ 1463256.941688438877463, 536553.076041254797019 ], [ 1463269.21430169348605, 536571.835846242378466 ], [ 1463304.469808614579961, 536625.726486501283944 ], [ 1463304.781815861817449, 536626.221564255072735 ], [ 1463305.076762784970924, 536626.727796821505763 ], [ 1463305.354321276303381, 536627.243543824646622 ], [ 1463305.613507110392675, 536627.768477157806046 ], [ 1463305.854976448463276, 536628.302268751314841 ], [ 1463306.077416945714504, 536628.843934331322089 ], [ 1463306.281156692653894, 536629.392817758605815 ], [ 1463306.466195691376925, 536629.94826282421127 ], [ 1463306.631877785315737, 536630.510269579477608 ], [ 1463306.777874862775207, 536631.077197587816045 ], [ 1463306.904843113850802, 536631.64904682605993 ], [ 1463307.011798282153904, 536632.224833085434511 ], [ 1463307.09874035930261, 536632.803900170954876 ], [ 1463307.165997450007126, 536633.385920008528046 ], [ 1463307.212913369759917, 536633.969580245087855 ], [ 1463307.43108878354542, 536637.415767578291707 ], [ 1463307.574133117217571, 536639.190370335942134 ], [ 1463307.779841367620975, 536640.958411408704706 ], [ 1463308.046245029428974, 536642.718578490428627 ], [ 1463308.3743283636868, 536644.468575000646524 ], [ 1463308.763107112143189, 536646.205448159831576 ], [ 1463309.212253190111369, 536647.927885652403347 ], [ 1463309.721766611561179, 536649.633262823917903 ], [ 1463310.290006942581385, 536651.320923502440564 ], [ 1463310.917302285786718, 536652.98660257877782 ], [ 1463311.601684112567455, 536654.630300076212734 ], [ 1463312.343152438057587, 536656.248407071107067 ], [ 1463313.141051123617217, 536657.839611243107356 ], [ 1463313.993739696452394, 536659.402272165287286 ], [ 1463314.899905866011977, 536660.934749410487711 ], [ 1463315.859877696493641, 536662.434090245631523 ], [ 1463335.279130195500329, 536691.641708997543901 ], [ 1463335.91429952881299, 536692.561654668184929 ], [ 1463336.580964870983735, 536693.457650258671492 ], [ 1463337.278141952119768, 536694.331008075154386 ], [ 1463338.006158862030134, 536695.179759653750807 ], [ 1463338.762390946736559, 536696.00160842796322 ], [ 1463339.547494362574071, 536696.797210499993525 ], [ 1463340.359828702406958, 536697.56459740572609 ], [ 1463341.198081618407741, 536698.302784913219512 ], [ 1463342.061596948187798, 536699.012101091910154 ], [ 1463342.949718525400385, 536699.690249319770373 ], [ 1463343.8611340301577, 536700.337229666765779 ], [ 1463344.794203035067767, 536700.951401654514484 ], [ 1463345.748597449623048, 536701.53342150116805 ], [ 1463346.722348784096539, 536702.081648747436702 ], [ 1463347.714800871210173, 536702.594771082280204 ], [ 1463348.724313279613853, 536703.074100835132413 ], [ 1463349.749901776667684, 536703.517013323842548 ], [ 1463350.790582112502307, 536703.924164752475917 ], [ 1463351.844713859027252, 536704.294570837984793 ], [ 1463352.910984699381515, 536704.627903487649746 ], [ 1463353.988738449988887, 536704.924162743147463 ], [ 1463355.076006611576304, 536705.182036251644604 ], [ 1463356.171804941724986, 536705.40283631964121 ], [ 1463357.274164952104911, 536705.583938329713419 ], [ 1463358.382430441910401, 536705.727310759946704 ], [ 1463359.494961029151455, 536705.831641248310916 ], [ 1463360.610444356687367, 536705.897257901611738 ], [ 1463361.727240032050759, 536705.923504566657357 ], [ 1463362.845019943779334, 536705.911037415149622 ], [ 1463363.961159442784265, 536705.859528340399265 ], [ 1463365.07500236434862, 536705.768977323779836 ], [ 1463366.184908278053626, 536705.639712495263666 ], [ 1463367.289892945671454, 536705.471405724878423 ], [ 1463368.38798785675317, 536705.265369407134131 ], [ 1463369.477880691876635, 536705.02094732853584 ], [ 1463370.559243356343359, 536704.738467577262782 ], [ 1463371.40372986276634, 536704.517339397920296 ], [ 1463372.255434190155938, 536704.32606683508493 ], [ 1463373.113700203830376, 536704.164649828569964 ], [ 1463373.976887439377606, 536704.033416498685256 ], [ 1463374.843683608341962, 536703.932038762257434 ], [ 1463375.713760623708367, 536703.862156999646686 ], [ 1463376.586134206969291, 536703.82147465867456 ], [ 1463377.458507781149819, 536703.811632142984308 ], [ 1463378.33186561637558, 536703.832301406306215 ], [ 1463379.202926866244525, 536703.883482411503792 ], [ 1463380.072347693145275, 536703.965175163117237 ], [ 1463380.938159605721012, 536704.077051572967321 ], [ 1463381.799378355033696, 536704.21911167842336 ], [ 1463382.655019692378119, 536704.391027325997129 ], [ 1463383.504099361598492, 536704.592798571567982 ], [ 1463384.346289283595979, 536704.824097331613302 ], [ 1463385.179949034703895, 536705.084595508407801 ], [ 1463386.003110116347671, 536705.373965000151657 ], [ 1463386.816100617172197, 536705.692205825238489 ], [ 1463387.617936274502426, 536706.038333737873472 ], [ 1463388.405992438085377, 536706.41202067269478 ], [ 1463389.181909521110356, 536706.813266579061747 ], [ 1463389.942406691610813, 536707.241415340686217 ], [ 1463390.688140116631985, 536707.695810748729855 ], [ 1463391.416813200339675, 536708.17645282659214 ], [ 1463392.12875402579084, 536708.681701160850935 ], [ 1463392.822322196094319, 536709.211555751855485 ], [ 1463393.497517695650458, 536709.765360409044661 ], [ 1463394.152372024720535, 536710.342787081608549 ], [ 1463394.786885192617774, 536710.942195323645137 ], [ 1463395.399744859430939, 536711.563585163443349 ], [ 1463395.991279117064551, 536712.205972331343219 ], [ 1463396.55984752625227, 536712.86837257235311 ], [ 1463397.10413778340444, 536713.550457835430279 ], [ 1463397.625462196068838, 536714.250915748998523 ], [ 1463398.121196110965684, 536714.969746341230348 ], [ 1463421.130992610706016, 536749.577288650907576 ], [ 1463438.260551533661783, 536775.339704338693991 ] ] } },
{ "type": "Feature", "properties": { "OBJECTID": 18739028, "ENABLED": 1, "E911": 54947, "LASTEDITDATE": 1717614438000, "DATEADDED": 1550233620000, "USERNAME": "SDE", "ACTIONTYPE": "NameChange", "PREFIXDIRECTION": null, "STREETNAME": "ANKER HAUS", "STANDTYPE": "DR", "SUFFIX": null, "STREETTYPE": "DR", "WHOLESTNAME": "Anker Haus Dr", "LL_ADD": 4101, "UL_ADD": 4199, "LR_ADD": 4100, "UR_ADD": 4198, "LBLOCKMIN": 4101, "RBLOCKMIN": 4100, "LBLOCKMAX": 4199, "RBLOCKMAX": 4198, "LSTREETCODE": 20578, "RSTREETCODE": 20578, "L_ZIPCODE": 28205, "R_ZIPCODE": 28205, "L_JURIS": "CHAR", "R_JURIS": "CHAR", "LCOUNTY": "MECK", "RCOUNTY": "MECK", "SUBDIVISIONNAME": null, "SUBDIVISIONPHASE": null, "ROADTYPE": 1, "STREETCLASS": "PV", "MARK": null, "GPS_STAT": "Needed", "TOPO": null, "LUESAFLAG": null, "STNAMECHANGE": null, "BARRIER": 0, "PREVE911": null, "ORIGE911": null, "LIFECYCLESTATUS": "Active", "DIVIDED": 0, "SURFACETYPE": 2, "NUMBEROFLANES": 2, "HOVLANE": 0, "THOROUGHFARETYPE": "LOCAL", "SPEEDLIMIT": 35, "PAVEMENTWIDTH": 32.0, "ONEWAY": 0, "SPEEDHUMP": 0, "MEDIAN": 0, "HANSENSTATUS": "New", "COMPTYPE": 68, "COMPKEY": 239409.0, "UNITID": "19407", "UNITID2": "63", "FUNITID": null, "TUNITID": null, "LENGTH": null, "ADDRESSNUMBERS": "BOT", "CFCC": "A31", "MAINT_BY": null, "PAVEMENT_RATING": 92.0, "LOAD_STATUS": null, "FULL_NAME": "4100  - 4198 ANKER HAUS DR", "SHAPE.STLength()": 264.65221927616528, "index_right": 248, "STATUS": "EFFECTIVE", "FLD_ZONE": "COMMUNITY FLOODPLAIN - FUTURE CONDITIONS", "DATE": "2014-02-19T00:00:00", "Shape_Leng": 77234.056629400002, "Shape_Area": 13180353.7149 }, "geometry": { "type": "LineString", "coordinates": [ [ 1463438.260551533661783, 536775.339704338693991 ], [ 1463473.770651110215113, 536828.747733990894631 ], [ 1463485.40612653689459, 536839.023960154037923 ], [ 1463595.244817621307448, 536987.87897740630433 ] ] } },
{ "type": "Feature", "properties": { "OBJECTID": 18739329, "ENABLED": 1, "E911": 1809, "LASTEDITDATE": 1604039948000, "DATEADDED": 946512000000, "USERNAME": "SCASTONGIA", "ACTIONTYPE": "New", "PREFIXDIRECTION": null, "STREETNAME": "ARCHDALE", "STANDTYPE": "DR", "SUFFIX": null, "STREETTYPE": "DR", "WHOLESTNAME": "Archdale Dr", "LL_ADD": 2401, "UL_ADD": 2799, "LR_ADD": 2400, "UR_ADD": 2798, "LBLOCKMIN": 0, "RBLOCKMIN": 0, "LBLOCKMAX": 0, "RBLOCKMAX": 0, "LSTREETCODE": 217, "RSTREETCODE": 217, "L_ZIPCODE": 28210, "R_ZIPCODE": 28210, "L_JURIS": "CHAR", "R_JURIS": "CHAR", "LCOUNTY": "MECK", "RCOUNTY": "MECK", "SUBDIVISIONNAME": null, "SUBDIVISIONPHASE": null, "ROADTYPE": 1, "STREETCLASS": "PU", "MARK": null, "GPS_STAT": "Needed", "TOPO": null, "LUESAFLAG": null, "STNAMECHANGE": null, "BARRIER": 0, "PREVE911": null, "ORIGE911": null, "LIFECYCLESTATUS": "Active", "DIVIDED": 1, "SURFACETYPE": 2, "NUMBEROFLANES": 2, "HOVLANE": 0, "THOROUGHFARETYPE": "EXMINTH", "SPEEDLIMIT": 30, "PAVEMENTWIDTH": 44.0, "ONEWAY": 0, "SPEEDHUMP": 0, "MEDIAN": 0, "HANSENSTATUS": "Added", "COMPTYPE": 68, "COMPKEY": 87168.0, "UNITID": "348", "UNITID2": "350", "FUNITID": null, "TUNITID": null, "LENGTH": null, "ADDRESSNUMBERS": "NON", "CFCC": "A41", "MAINT_BY": "CITY", "PAVEMENT_RATING": 98.0, "LOAD_STATUS": null, "FULL_NAME": "2400  - 2798 ARCHDALE DR", "SHAPE.STLength()": 1868.1162229328363, "index_right": 334, "STATUS": "LOMR", "FLD_ZONE": "COMMUNITY FLOODPLAIN - FUTURE CONDITIONS", "DATE": "2025-01-09T00:00:00", "Shape_Leng": 83839.530791199999, "Shape_Area": 16608656.237199999 }, "geometry": { "type": "LineString", "coordinates": [ [ 1443592.248078071977943, 513776.249548004707322 ], [ 1443613.49803557433188, 513776.249548018618952 ], [ 1443634.747336904751137, 513776.582880663510878 ], [ 1443655.997294402914122, 513777.332879178633448 ], [ 1443677.080585579387844, 513778.332877183158416 ], [ 1443698.331199237145483, 513779.832874176092446 ], [ 1443719.497495498508215, 513781.582870677113533 ], [ 1443740.580458575626835, 513783.83352233824553 ], [ 1443772.163728741230443, 513787.749525015417021 ], [ 1443875.163522748043761, 513810.083469844423234 ], [ 1443976.580642741639167, 513832.165774761524517 ], [ 1444074.998096823925152, 513854.082725683401804 ], [ 1444093.498059825506061, 513858.250368263106793 ], [ 1444141.414302585879341, 513869.416028336505406 ], [ 1444211.747495248215273, 513886.665993847942445 ], [ 1444261.080401821993291, 513896.832640186010394 ], [ 1444288.914335668319836, 513900.166623007040471 ], [ 1444308.747301252791658, 513902.832956264435779 ], [ 1444426.748049498070031, 513930.332901264657266 ], [ 1444550.997472914634272, 513958.49983966635773 ], [ 1444773.497356003150344, 514009.416076437511947 ], [ 1444887.330461672507226, 514036.332689270784613 ], [ 1444972.747285584453493, 514055.832650253025349 ], [ 1445013.997531168162823, 514065.749625157157425 ], [ 1445055.663786421297118, 514074.082941838656552 ], [ 1445097.413702929858118, 514080.916589592292439 ], [ 1445103.247352667618543, 514081.749593169952277 ], [ 1445128.997301169671118, 514084.166583081590943 ], [ 1445154.747249672655016, 514084.916581601253711 ], [ 1445180.581187512725592, 514084.166583086247556 ], [ 1445205.913485926808789, 514081.916587573650759 ], [ 1445230.748081918340176, 514078.749599179485813 ], [ 1445255.330381836974993, 514073.999608664715197 ], [ 1445279.664322671247646, 514067.832954340265132 ], [ 1445303.330613921163604, 514060.082641751563642 ], [ 1445316.247254756046459, 514055.166641097690444 ], [ 1445338.331200091866776, 514046.000320847786497 ], [ 1445359.997495338087901, 514035.500341841601767 ], [ 1445380.747453835094348, 514023.500365847139619 ], [ 1445400.748070016503334, 514010.166074929293245 ], [ 1445409.748052013572305, 514003.249750173417851 ] ] } },
{ "type": "Feature", "properties": { "OBJECTID": 18739341, "ENABLED": 1, "E911": 36962, "LASTEDITDATE": 1604041520000, "DATEADDED": 946512000000, "USERNAME": "SCASTONGIA", "ACTIONTYPE": "AddressChange", "PREFIXDIRECTION": null, "STREETNAME": "ARCHDALE", "STANDTYPE": "DR", "SUFFIX": null, "STREETTYPE": "DR", "WHOLESTNAME": "Archdale Dr", "LL_ADD": 401, "UL_ADD": 671, "LR_ADD": 400, "UR_ADD": 670, "LBLOCKMIN": 401, "RBLOCKMIN": 400, "LBLOCKMAX": 671, "RBLOCKMAX": 670, "LSTREETCODE": 217, "RSTREETCODE": 217, "L_ZIPCODE": 28217, "R_ZIPCODE": 28217, "L_JURIS": "CHAR", "R_JURIS": "CHAR", "LCOUNTY": "MECK", "RCOUNTY": "MECK", "SUBDIVISIONNAME": null, "SUBDIVISIONPHASE": null, "ROADTYPE": 1, "STREETCLASS": "PU", "MARK": null, "GPS_STAT": "Needed", "TOPO": null, "LUESAFLAG": null, "STNAMECHANGE": null, "BARRIER": 0, "PREVE911": null, "ORIGE911": null, "LIFECYCLESTATUS": "Active", "DIVIDED": 0, "SURFACETYPE": 2, "NUMBEROFLANES": 2, "HOVLANE": 0, "THOROUGHFARETYPE": "EXMINTH", "SPEEDLIMIT": 30, "PAVEMENTWIDTH": 33.0, "ONEWAY": 0, "SPEEDHUMP": 0, "MEDIAN": 0, "HANSENSTATUS": "Added", "COMPTYPE": 68, "COMPKEY": 87135.0, "UNITID": "348", "UNITID2": "20", "FUNITID": null, "TUNITID": null, "LENGTH": null, "ADDRESSNUMBERS": "NON", "CFCC": "A41", "MAINT_BY": "CITY", "PAVEMENT_RATING": 77.0, "LOAD_STATUS": null, "FULL_NAME": "400  - 670 ARCHDALE DR", "SHAPE.STLength()": 1997.2841548374652, "index_right": 125, "STATUS": "EFFECTIVE", "FLD_ZONE": "COMMUNITY FLOODPLAIN - FUTURE CONDITIONS", "DATE": "2015-09-02T00:00:00", "Shape_Leng": 33298.361055300003, "Shape_Area": 3039701.72927 }, "geometry": { "type": "LineString", "coordinates": [ [ 1434236.248089219210669, 514724.332953651144635 ], [ 1434234.330442142440006, 514748.999570999701973 ], [ 1434228.747448054142296, 514798.833460838301107 ], [ 1434221.747462053550407, 514848.582705163978972 ], [ 1434200.997503559337929, 514998.082734257273842 ], [ 1434199.163517723092809, 515018.416026919439901 ], [ 1434198.33117030444555, 515044.249636671564076 ], [ 1434198.997507551452145, 515070.082918344764039 ], [ 1434201.413513222010806, 515095.833523001812864 ], [ 1434205.247495050076395, 515121.415820911759511 ], [ 1434209.997485557105392, 515144.915773916989565 ], [ 1434217.913480214774609, 515176.25035691697849 ], [ 1434227.163789803162217, 515207.166633671033196 ], [ 1434237.998085716040805, 515237.666572661837563 ], [ 1434267.748026216635481, 515319.00039949110942 ], [ 1434294.997315552551299, 515394.332926005125046 ], [ 1434340.4135633087717, 515522.666002649872098 ], [ 1434355.163533804705366, 515560.916582312900573 ], [ 1434371.331152392784134, 515598.499840491160285 ], [ 1434387.663468803977594, 515632.415783147502225 ], [ 1434402.163767885416746, 515657.000379656208679 ], [ 1434417.998053803341463, 515680.750332155672368 ], [ 1434435.163701889570802, 515703.666624905599747 ], [ 1434453.497326641576365, 515725.582919669628609 ], [ 1434465.497302637668326, 515738.665898745239247 ], [ 1434485.413601394975558, 515758.333510340133216 ], [ 1434487.330592301208526, 515760.083506836439483 ], [ 1434506.33121047867462, 515776.833473327104002 ], [ 1434528.247505230130628, 515794.08278264827095 ], [ 1434548.580469798995182, 515808.332754150673281 ], [ 1434549.747462227707729, 515809.166085830482189 ], [ 1434551.247459231177345, 515810.166083825752139 ], [ 1434574.998067884007469, 515824.832721170445438 ], [ 1434578.663742971373722, 515826.916050321073271 ], [ 1434602.497356723761186, 515839.832691141462419 ], [ 1434627.164302138844505, 515851.416001321573276 ], [ 1434652.413595482474193, 515861.499642573762685 ], [ 1434678.163543970091268, 515870.082958726154175 ], [ 1434704.413491472601891, 515877.249611069040839 ], [ 1434741.080412893556058, 515885.082928743679076 ], [ 1434777.997333812527359, 515891.332916232699063 ], [ 1434800.580621974775568, 515894.416571476089302 ], [ 1434806.664271222660318, 515895.416569494642317 ], [ 1434919.998034063959494, 515913.999537567491643 ], [ 1434984.997247894061729, 515924.249517074902542 ], [ 1434991.831223729066551, 515925.333504411217291 ], [ 1435098.664343390613794, 515944.1658158111386 ], [ 1435151.330576648702845, 515952.333450404577889 ], [ 1435249.498031234601513, 515968.165767814032733 ], [ 1435337.747526658000425, 515982.666066908102948 ] ] } },
{ "type": "Feature", "properties": { "OBJECTID": 18739521, "ENABLED": 1, "E911": 32625, "LASTEDITDATE": 1709736724000, "DATEADDED": 946512000000, "USERNAME": "LEWISNK", "ACTIONTYPE": "AddressChange", "PREFIXDIRECTION": null, "STREETNAME": "ARNOLD", "STANDTYPE": "DR", "SUFFIX": null, "STREETTYPE": "DR", "WHOLESTNAME": "Arnold Dr", "LL_ADD": 1601, "UL_ADD": 1733, "LR_ADD": 1600, "UR_ADD": 1732, "LBLOCKMIN": 1601, "RBLOCKMIN": 1600, "LBLOCKMAX": 1799, "RBLOCKMAX": 1798, "LSTREETCODE": 235, "RSTREETCODE": 235, "L_ZIPCODE": 28205, "R_ZIPCODE": 28205, "L_JURIS": "CHAR", "R_JURIS": "CHAR", "LCOUNTY": "MECK", "RCOUNTY": "MECK", "SUBDIVISIONNAME": null, "SUBDIVISIONPHASE": null, "ROADTYPE": 1, "STREETCLASS": "PU", "MARK": null, "GPS_STAT": "Needed", "TOPO": null, "LUESAFLAG": null, "STNAMECHANGE": null, "BARRIER": 0, "PREVE911": null, "ORIGE911": null, "LIFECYCLESTATUS": "Active", "DIVIDED": 0, "SURFACETYPE": 2, "NUMBEROFLANES": 2, "HOVLANE": 0, "THOROUGHFARETYPE": "EXCOLLMJ", "SPEEDLIMIT": 25, "PAVEMENTWIDTH": 27.0, "ONEWAY": 0, "SPEEDHUMP": 0, "MEDIAN": 0, "HANSENSTATUS": "Other", "COMPTYPE": 68, "COMPKEY": 87261.0, "UNITID": "383", "UNITID2": "115", "FUNITID": null, "TUNITID": null, "LENGTH": null, "ADDRESSNUMBERS": "NON", "CFCC": "A41", "MAINT_BY": "CITY", "PAVEMENT_RATING": 95.0, "LOAD_STATUS": null, "FULL_NAME": "1600  - 1732 ARNOLD DR", "SHAPE.STLength()": 1027.1842407588651, "index_right": 248, "STATUS": "EFFECTIVE", "FLD_ZONE": "COMMUNITY FLOODPLAIN - FUTURE CONDITIONS", "DATE": "2014-02-19T00:00:00", "Shape_Leng": 77234.056629400002, "Shape_Area": 13180353.7149 }, "geometry": { "type": "LineString", "coordinates": [ [ 1464095.163765279110521, 539099.832758704083972 ], [ 1464144.247328532161191, 539184.166579542332329 ], [ 1464169.997277033282444, 539238.915813881554641 ], [ 1464193.081220371183008, 539283.582719298196025 ], [ 1464201.99754111468792, 539301.250334888696671 ], [ 1464212.497520119184628, 539318.582649304880761 ], [ 1464224.497496128780767, 539335.166605628561229 ], [ 1464237.74746961845085, 539350.582913381513208 ], [ 1464252.163779377471656, 539364.915889960364439 ], [ 1464267.748065785504878, 539377.915863964124583 ], [ 1464284.248032794101164, 539389.74982978682965 ], [ 1464301.747341623064131, 539400.165819456684403 ], [ 1464315.747313619125634, 539407.165805470081978 ], [ 1464335.330607791198418, 539414.083442560164258 ], [ 1464355.163573370315135, 539419.332775886752643 ], [ 1464375.331183956703171, 539422.999763301806524 ], [ 1464395.830486788647249, 539425.082764387596399 ], [ 1464416.330445786705241, 539425.415768962819129 ], [ 1464436.913737952476367, 539424.16577147343196 ], [ 1464457.24735871097073, 539421.165777455084026 ], [ 1464477.247318700421602, 539416.665786453057081 ], [ 1464496.914274127222598, 539410.499788295826875 ], [ 1464525.913559961598366, 539398.999811299028806 ], [ 1464553.997493284055963, 539386.083498543594033 ], [ 1464570.413470955565572, 539377.83351503603626 ], [ 1464687.497226287145168, 539321.249638724722899 ], [ 1464697.081196625484154, 539316.666642627678812 ], [ 1464706.413527046563104, 539313.666648623184301 ], [ 1464716.163507541175932, 539312.082662298460491 ], [ 1464725.913488049991429, 539311.665996470255777 ], [ 1464735.66346854576841, 539312.749655727646314 ], [ 1464745.080444460967556, 539315.08265628432855 ], [ 1464754.413759128656238, 539318.74964371335227 ], [ 1464759.998065551044419, 539321.832642789580859 ], [ 1464767.830398966325447, 539327.916620134958066 ], [ 1464774.998035543598235, 539335.166605637874454 ], [ 1464780.998023545136675, 539343.249594709137455 ], [ 1464785.997357377782464, 539352.166571631911211 ], [ 1464789.580355457495898, 539361.582891380647197 ], [ 1464792.247344871982932, 539372.082870368263684 ], [ 1464807.664308789651841, 539447.082720372010954 ], [ 1464812.580637551145628, 539478.166647706064396 ] ] } },
{ "type": "Feature", "properties": { "OBJECTID": 18739536, "ENABLED": 1, "E911": 22572, "LASTEDITDATE": 1604042322000, "DATEADDED": 946512000000, "USERNAME": "SCASTONGIA", "ACTIONTYPE": "New", "PREFIXDIRECTION": null, "STREETNAME": "ARROW PINE", "STANDTYPE": "DR", "SUFFIX": null, "STREETTYPE": "DR", "WHOLESTNAME": "Arrow Pine Dr", "LL_ADD": 1201, "UL_ADD": 1299, "LR_ADD": 1200, "UR_ADD": 1298, "LBLOCKMIN": 0, "RBLOCKMIN": 0, "LBLOCKMAX": 0, "RBLOCKMAX": 0, "LSTREETCODE": 239, "RSTREETCODE": 239, "L_ZIPCODE": 28273, "R_ZIPCODE": 28273, "L_JURIS": "CHAR", "R_JURIS": "CHAR", "LCOUNTY": "MECK", "RCOUNTY": "MECK", "SUBDIVISIONNAME": null, "SUBDIVISIONPHASE": null, "ROADTYPE": 1, "STREETCLASS": "PU", "MARK": null, "GPS_STAT": "Needed", "TOPO": null, "LUESAFLAG": null, "STNAMECHANGE": null, "BARRIER": 0, "PREVE911": null, "ORIGE911": null, "LIFECYCLESTATUS": "Active", "DIVIDED": 1, "SURFACETYPE": 2, "NUMBEROFLANES": 2, "HOVLANE": 0, "THOROUGHFARETYPE": "LOCAL", "SPEEDLIMIT": 35, "PAVEMENTWIDTH": 36.0, "ONEWAY": 0, "SPEEDHUMP": 0, "MEDIAN": 1, "HANSENSTATUS": "Added", "COMPTYPE": 68, "COMPKEY": 87394.0, "UNITID": "389", "UNITID2": "10", "FUNITID": null, "TUNITID": null, "LENGTH": null, "ADDRESSNUMBERS": "NON", "CFCC": "A41", "MAINT_BY": "CITY", "PAVEMENT_RATING": 100.0, "LOAD_STATUS": null, "FULL_NAME": "1200  - 1298 ARROW PINE DR", "SHAPE.STLength()": 549.631039786163, "index_right": 326, "STATUS": "EFFECTIVE", "FLD_ZONE": "COMMUNITY FLOODPLAIN - FUTURE CONDITIONS", "DATE": "2015-09-02T00:00:00", "Shape_Leng": 161185.44747399999, "Shape_Area": 35777476.945299998 }, "geometry": { "type": "LineString", "coordinates": [ [ 1428749.24725216650404, 510276.999656807514839 ], [ 1428685.580384742934257, 510306.999596791283693 ], [ 1428677.748051326721907, 510308.999592800450046 ], [ 1428669.998066823463887, 510310.916583728394471 ], [ 1428662.163764905650169, 510312.666580229415558 ], [ 1428654.248098326614127, 510314.332915463659447 ], [ 1428646.247458157362416, 510315.749579287192319 ], [ 1428638.330479246098548, 510317.082909969205502 ], [ 1428630.331151407212019, 510318.332907472620718 ], [ 1428622.331167408265173, 510319.415910553711001 ], [ 1428611.831188406795263, 510320.582902975962497 ], [ 1428495.830436164746061, 510323.249564302852377 ], [ 1428311.163482659729198, 510329.582884970586747 ], [ 1428207.830355993239209, 510332.415884548157919 ] ] } },
{ "type": "Feature", "properties": { "OBJECTID": 18739537, "ENABLED": 1, "E911": 20939, "LASTEDITDATE": 1649352178000, "DATEADDED": 946512000000, "USERNAME": "MAHMOMM", "ACTIONTYPE": "ModifyCL", "PREFIXDIRECTION": null, "STREETNAME": "ARROWCREEK", "STANDTYPE": "DR", "SUFFIX": null, "STREETTYPE": "DR", "WHOLESTNAME": "Arrowcreek Dr", "LL_ADD": 2001, "UL_ADD": 2105, "LR_ADD": 2000, "UR_ADD": 2104, "LBLOCKMIN": 0, "RBLOCKMIN": 0, "LBLOCKMAX": 2199, "RBLOCKMAX": 2198, "LSTREETCODE": 10424, "RSTREETCODE": 10424, "L_ZIPCODE": 28273, "R_ZIPCODE": 28273, "L_JURIS": "CHAR", "R_JURIS": "CHAR", "LCOUNTY": "MECK", "RCOUNTY": "MECK", "SUBDIVISIONNAME": null, "SUBDIVISIONPHASE": null, "ROADTYPE": 1, "STREETCLASS": "PV", "MARK": null, "GPS_STAT": "Needed", "TOPO": null, "LUESAFLAG": null, "STNAMECHANGE": null, "BARRIER": 0, "PREVE911": null, "ORIGE911": null, "LIFECYCLESTATUS": "Active", "DIVIDED": 0, "SURFACETYPE": 2, "NUMBEROFLANES": 2, "HOVLANE": 0, "THOROUGHFARETYPE": "LOCAL", "SPEEDLIMIT": 35, "PAVEMENTWIDTH": 24.0, "ONEWAY": 0, "SPEEDHUMP": 0, "MEDIAN": 0, "HANSENSTATUS": "Other", "COMPTYPE": 68, "COMPKEY": 87249.0, "UNITID": "390", "UNITID2": "17", "FUNITID": null, "TUNITID": null, "LENGTH": null, "ADDRESSNUMBERS": "NON", "CFCC": "A41", "MAINT_BY": null, "PAVEMENT_RATING": 92.0, "LOAD_STATUS": null, "FULL_NAME": "2000  - 2104 ARROWCREEK DR", "SHAPE.STLength()": 438.02818884551527, "index_right": 326, "STATUS": "EFFECTIVE", "FLD_ZONE": "COMMUNITY FLOODPLAIN - FUTURE CONDITIONS", "DATE": "2015-09-02T00:00:00", "Shape_Leng": 161185.44747399999, "Shape_Area": 35777476.945299998 }, "geometry": { "type": "LineString", "coordinates": [ [ 1424624.747299042297527, 512536.332736546872184 ], [ 1424580.248044203734025, 512773.499585021170788 ], [ 1424577.33039912302047, 512800.915868777839933 ], [ 1424573.913739288458601, 512847.249765609623864 ], [ 1424571.330411116592586, 512912.249635600135662 ], [ 1424567.66375177539885, 512953.16589236271102 ], [ 1424566.248072203714401, 512969.665859349886887 ] ] } },
{ "type": "Feature", "properties": { "OBJECTID": 18739538, "ENABLED": 1, "E911": 21859, "LASTEDITDATE": 1649352178000, "DATEADDED": 946512000000, "USERNAME": "MAHMOMM", "ACTIONTYPE": "ModifyCL", "PREFIXDIRECTION": null, "STREETNAME": "ARROWCREEK", "STANDTYPE": "DR", "SUFFIX": null, "STREETTYPE": "DR", "WHOLESTNAME": "Arrowcreek Dr", "LL_ADD": 2107, "UL_ADD": 2299, "LR_ADD": 2106, "UR_ADD": 2298, "LBLOCKMIN": 2101, "RBLOCKMIN": 2100, "LBLOCKMAX": 0, "RBLOCKMAX": 0, "LSTREETCODE": 10424, "RSTREETCODE": 10424, "L_ZIPCODE": 28273, "R_ZIPCODE": 28273, "L_JURIS": "CHAR", "R_JURIS": "CHAR", "LCOUNTY": "MECK", "RCOUNTY": "MECK", "SUBDIVISIONNAME": null, "SUBDIVISIONPHASE": null, "ROADTYPE": 1, "STREETCLASS": "PV", "MARK": null, "GPS_STAT": "Needed", "TOPO": null, "LUESAFLAG": null, "STNAMECHANGE": null, "BARRIER": 0, "PREVE911": null, "ORIGE911": null, "LIFECYCLESTATUS": "Active", "DIVIDED": 0, "SURFACETYPE": 2, "NUMBEROFLANES": 2, "HOVLANE": 0, "THOROUGHFARETYPE": "LOCAL", "SPEEDLIMIT": 35, "PAVEMENTWIDTH": 24.0, "ONEWAY": 0, "SPEEDHUMP": 0, "MEDIAN": 0, "HANSENSTATUS": "Other", "COMPTYPE": 68, "COMPKEY": 157151.0, "UNITID": "390", "UNITID2": "18", "FUNITID": null, "TUNITID": null, "LENGTH": null, "ADDRESSNUMBERS": "NON", "CFCC": "A41", "MAINT_BY": null, "PAVEMENT_RATING": 92.0, "LOAD_STATUS": null, "FULL_NAME": "2106  - 2298 ARROWCREEK DR", "SHAPE.STLength()": 882.54900295458981, "index_right": 326, "STATUS": "EFFECTIVE", "FLD_ZONE": "COMMUNITY FLOODPLAIN - FUTURE CONDITIONS", "DATE": "2015-09-02T00:00:00", "Shape_Leng": 161185.44747399999, "Shape_Area": 35777476.945299998 }, "geometry": { "type": "LineString", "coordinates": [ [ 1424566.248072203714401, 512969.665859349886887 ], [ 1424565.748073202325031, 512976.415845850657206 ], [ 1424556.498091692337766, 512998.665801357012242 ], [ 1424543.497461538063362, 513023.750396863440983 ], [ 1424525.747497027972713, 513051.666023450612556 ], [ 1424496.997226455248892, 513104.582912365498487 ], [ 1424483.99725244496949, 513130.665865430724807 ], [ 1424474.663609692361206, 513156.665813447383698 ], [ 1424467.247285957448184, 513192.916069031809457 ], [ 1424462.664289872394875, 513268.166574692062568 ], [ 1424456.997306446079165, 513304.41584602574585 ], [ 1424452.164310861844569, 513329.665795527398586 ], [ 1424445.914323366712779, 513352.500395535025746 ], [ 1424432.747354947263375, 513378.750343013380188 ], [ 1424415.080395527882501, 513404.499635364045389 ], [ 1424394.498087608721107, 513427.332923028268851 ], [ 1424366.497487446991727, 513450.832876019529067 ], [ 1424341.331199189880863, 513469.08349568414269 ], [ 1424308.747274866793305, 513487.915807093377225 ], [ 1424228.498091525863856, 513531.16604868642753 ], [ 1424167.163568530231714, 513565.499641435686499 ], [ 1424065.413772020256147, 513622.915865185437724 ] ] } },
{ "type": "Feature", "properties": { "OBJECTID": 18739545, "ENABLED": 1, "E911": 32133, "LASTEDITDATE": 1706786526000, "DATEADDED": 946512000000, "USERNAME": "SCASTONGIA", "ACTIONTYPE": "New", "PREFIXDIRECTION": null, "STREETNAME": "ARROWPOINT", "STANDTYPE": "BLVD", "SUFFIX": null, "STREETTYPE": "BV", "WHOLESTNAME": "Arrowpoint Bv", "LL_ADD": 9001, "UL_ADD": 9199, "LR_ADD": 9000, "UR_ADD": 9198, "LBLOCKMIN": 0, "RBLOCKMIN": 0, "LBLOCKMAX": 0, "RBLOCKMAX": 0, "LSTREETCODE": 245, "RSTREETCODE": 245, "L_ZIPCODE": 28273, "R_ZIPCODE": 28273, "L_JURIS": "CHAR", "R_JURIS": "CHAR", "LCOUNTY": "MECK", "RCOUNTY": "MECK", "SUBDIVISIONNAME": null, "SUBDIVISIONPHASE": null, "ROADTYPE": 1, "STREETCLASS": "PU", "MARK": null, "GPS_STAT": "Needed", "TOPO": null, "LUESAFLAG": null, "STNAMECHANGE": null, "BARRIER": 0, "PREVE911": null, "ORIGE911": null, "LIFECYCLESTATUS": "Active", "DIVIDED": 1, "SURFACETYPE": 2, "NUMBEROFLANES": 4, "HOVLANE": 0, "THOROUGHFARETYPE": "EXCOLLMJ", "SPEEDLIMIT": 35, "PAVEMENTWIDTH": 48.0, "ONEWAY": 0, "SPEEDHUMP": 0, "MEDIAN": 1, "HANSENSTATUS": "Added", "COMPTYPE": 68, "COMPKEY": 87286.0, "UNITID": "395", "UNITID2": "10", "FUNITID": null, "TUNITID": null, "LENGTH": null, "ADDRESSNUMBERS": "NON", "CFCC": "A41", "MAINT_BY": "CITY", "PAVEMENT_RATING": 98.0, "LOAD_STATUS": null, "FULL_NAME": "9000  - 9198 ARROWPOINT BLVD", "SHAPE.STLength()": 1347.1899894334838, "index_right": 326, "STATUS": "EFFECTIVE", "FLD_ZONE": "COMMUNITY FLOODPLAIN - FUTURE CONDITIONS", "DATE": "2015-09-02T00:00:00", "Shape_Leng": 161185.44747399999, "Shape_Area": 35777476.945299998 }, "geometry": { "type": "LineString", "coordinates": [ [ 1428157.413790156366304, 511492.749521872610785 ], [ 1428056.747324828756973, 511292.24959479237441 ], [ 1428045.41434224252589, 511281.082950463751331 ], [ 1428039.497359322849661, 511275.582961443345994 ], [ 1428033.580376405734569, 511270.166633712884504 ], [ 1428027.498039485653862, 511264.916644219018053 ], [ 1428021.413734065601602, 511259.749659787805285 ], [ 1428015.163746568839997, 511254.666008549218532 ], [ 1428008.74807699304074, 511249.66601854498731 ], [ 1428002.330438898876309, 511244.832694874785375 ], [ 1427995.830451907822862, 511240.082704383297823 ], [ 1427989.247459823032841, 511235.500364467210602 ], [ 1427982.663483489770442, 511230.916056054527871 ], [ 1427975.831148077035323, 511226.582731372618582 ], [ 1427969.081161579117179, 511222.250390955421608 ], [ 1427962.247513818088919, 511218.082748384971637 ], [ 1427955.247527827508748, 511214.082756389863789 ], [ 1427948.24721373943612, 511210.165769462066237 ], [ 1427941.081217576516792, 511206.415776961133815 ], [ 1427933.997242239536718, 511202.749773801420815 ], [ 1427926.747256742091849, 511199.165791476785671 ], [ 1427919.497271242085844, 511195.749787792621646 ], [ 1427912.08061940013431, 511192.499794284696691 ], [ 1427904.747300731483847, 511189.333462039008737 ], [ 1427897.247315735323355, 511186.333468039287254 ], [ 1427889.747330743819475, 511183.415822967537679 ], [ 1427882.24734573229216, 511180.665828457276803 ], [ 1427874.663699479773641, 511177.999823302030563 ], [ 1427866.998032406670973, 511175.499828290601727 ], [ 1427859.248047905741259, 511173.165843450871762 ], [ 1427851.663745479192585, 511170.915847961441614 ], [ 1427843.748078898293898, 511168.833503038214985 ], [ 1427835.998094396200031, 511166.833507047675084 ], [ 1427828.080459312535822, 511164.999521214922424 ], [ 1427820.413479894399643, 511163.333514050231315 ], [ 1427433.413597732316703, 511062.0827322943951 ], [ 1427417.747290490195155, 511058.50039037829265 ], [ 1427402.164316398557276, 511054.582747301959898 ], [ 1427386.664347393671051, 511050.416088972764555 ], [ 1427371.248039646074176, 511045.999759214464575 ], [ 1427355.830419566016644, 511041.249768699693959 ], [ 1427340.580450067995116, 511036.249778723227791 ], [ 1427325.413485644152388, 511030.999789210851304 ], [ 1427310.331166723743081, 511025.49980020429939 ], [ 1427295.331196737010032, 511019.749811712885275 ], [ 1427280.497236905153841, 511013.74982370872749 ], [ 1427265.580600061453879, 511007.499836200964637 ], [ 1427250.997295898618177, 511000.915859890636057 ], [ 1427236.497324895113707, 510994.083524471265264 ], [ 1427221.997353891143575, 510987.082882299961057 ], [ 1427207.748038571095094, 510979.749563636956736 ], [ 1427193.49806705978699, 510972.249578630551696 ], [ 1427179.498095058370382, 510964.416589058062527 ], [ 1427165.580471974331886, 510956.416605053993408 ], [ 1427151.831155652413145, 510948.082960293570068 ], [ 1427138.247521396027878, 510939.582649212970864 ], [ 1427124.74722031573765, 510930.83266672649188 ], [ 1427111.497246808372438, 510921.832684717781376 ], [ 1427098.247273303335533, 510912.582703224383295 ], [ 1427085.247299308888614, 510903.166055392066482 ], [ 1427072.497324819443747, 510893.500392283778638 ], [ 1427059.830355399521068, 510883.582761221798137 ], [ 1427047.330380385741591, 510873.499776132113766 ], [ 1427035.16373806563206, 510863.165807297627907 ] ] } },
{ "type": "Feature", "properties": { "OBJECTID": 18740002, "ENABLED": 1, "E911": 8894, "LASTEDITDATE": 1706784474000, "DATEADDED": 946512000000, "USERNAME": "SCASTONGIA", "ACTIONTYPE": "New", "PREFIXDIRECTION": null, "STREETNAME": "AUTUMNWOOD", "STANDTYPE": "LN", "SUFFIX": null, "STREETTYPE": "LN", "WHOLESTNAME": "Autumnwood Ln", "LL_ADD": 801, "UL_ADD": 899, "LR_ADD": 800, "UR_ADD": 898, "LBLOCKMIN": 0, "RBLOCKMIN": 0, "LBLOCKMAX": 0, "RBLOCKMAX": 0, "LSTREETCODE": 335, "RSTREETCODE": 335, "L_ZIPCODE": 28213, "R_ZIPCODE": 28213, "L_JURIS": "CHAR", "R_JURIS": "CHAR", "LCOUNTY": "MECK", "RCOUNTY": "MECK", "SUBDIVISIONNAME": null, "SUBDIVISIONPHASE": null, "ROADTYPE": 1, "STREETCLASS": "PU", "MARK": null, "GPS_STAT": "Needed", "TOPO": null, "LUESAFLAG": null, "STNAMECHANGE": null, "BARRIER": 0, "PREVE911": null, "ORIGE911": null, "LIFECYCLESTATUS": "Active", "DIVIDED": 0, "SURFACETYPE": 2, "NUMBEROFLANES": 2, "HOVLANE": 0, "THOROUGHFARETYPE": "EXCOLLMJ", "SPEEDLIMIT": 25, "PAVEMENTWIDTH": 24.0, "ONEWAY": 0, "SPEEDHUMP": 1, "MEDIAN": 0, "HANSENSTATUS": "Added", "COMPTYPE": 68, "COMPKEY": 87560.0, "UNITID": "510", "UNITID2": "10", "FUNITID": null, "TUNITID": null, "LENGTH": null, "ADDRESSNUMBERS": "NON", "CFCC": "A41", "MAINT_BY": "CITY", "PAVEMENT_RATING": 98.0, "LOAD_STATUS": null, "FULL_NAME": "800  - 898 AUTUMNWOOD LN", "SHAPE.STLength()": 618.09502810666118, "index_right": 286, "STATUS": "EFFECTIVE", "FLD_ZONE": "COMMUNITY FLOODPLAIN - FUTURE CONDITIONS", "DATE": "2018-11-16T00:00:00", "Shape_Leng": 26838.780753700001, "Shape_Area": 3055727.1659499998 }, "geometry": { "type": "LineString", "coordinates": [ [ 1477568.248039680533111, 560799.166000141296536 ], [ 1477651.997216005576774, 560760.832743471255526 ], [ 1477659.497529094107449, 560757.832749476074241 ], [ 1477690.997466089203954, 560746.165778052411042 ], [ 1477722.830407684901729, 560735.999787890701555 ], [ 1477755.247337598120794, 560727.333466638461687 ], [ 1477787.997272093081847, 560720.249819409335032 ], [ 1477857.747460684273392, 560705.915858570486307 ], [ 1477904.498023355379701, 560696.499538807780482 ], [ 1477923.747328674886376, 560691.165888065821491 ], [ 1477942.497291181003675, 560684.249563300516456 ], [ 1477960.663593431934714, 560675.832913458929397 ], [ 1477977.997220181161538, 560666.082932977122255 ], [ 1477984.247535757254809, 560662.166602230281569 ], [ 1478001.413511926075444, 560650.916624718345702 ], [ 1478017.580474354093894, 560638.249655304010957 ], [ 1478027.830453850794584, 560629.082678891718388 ], [ 1478082.747338766232133, 560579.082778900046833 ], [ 1478118.830599928274751, 560546.499838818912394 ] ] } },
{ "type": "Feature", "properties": { "OBJECTID": 18740141, "ENABLED": 1, "E911": 38950, "LASTEDITDATE": 1723215019000, "DATEADDED": 946512000000, "USERNAME": "WISMESE", "ACTIONTYPE": "Merge", "PREFIXDIRECTION": null, "STREETNAME": "BACK CREEK CHURCH", "STANDTYPE": "RD", "SUFFIX": null, "STREETTYPE": "RD", "WHOLESTNAME": "Back Creek Church Rd", "LL_ADD": 2101, "UL_ADD": 2599, "LR_ADD": 2100, "UR_ADD": 2598, "LBLOCKMIN": 2101, "RBLOCKMIN": 2100, "LBLOCKMAX": 2599, "RBLOCKMAX": 2598, "LSTREETCODE": 15687, "RSTREETCODE": 15687, "L_ZIPCODE": 28213, "R_ZIPCODE": 28213, "L_JURIS": "CHAR", "R_JURIS": "CHAR", "LCOUNTY": "MECK", "RCOUNTY": "MECK", "SUBDIVISIONNAME": null, "SUBDIVISIONPHASE": null, "ROADTYPE": 1, "STREETCLASS": "PU", "MARK": null, "GPS_STAT": "Needed", "TOPO": null, "LUESAFLAG": null, "STNAMECHANGE": null, "BARRIER": 0, "PREVE911": null, "ORIGE911": null, "LIFECYCLESTATUS": "Active", "DIVIDED": 0, "SURFACETYPE": 2, "NUMBEROFLANES": 2, "HOVLANE": 0, "THOROUGHFARETYPE": "EXMINTH", "SPEEDLIMIT": 35, "PAVEMENTWIDTH": null, "ONEWAY": 0, "SPEEDHUMP": 0, "MEDIAN": 0, "HANSENSTATUS": "Other", "COMPTYPE": 68, "COMPKEY": 159446.0, "UNITID": "545", "UNITID2": "138", "FUNITID": null, "TUNITID": null, "LENGTH": null, "ADDRESSNUMBERS": "NON", "CFCC": "A21", "MAINT_BY": "STATE", "PAVEMENT_RATING": null, "LOAD_STATUS": null, "FULL_NAME": "2100  - 2598 BACK CREEK CHURCH RD", "SHAPE.STLength()": 2859.617007518727, "index_right": 108, "STATUS": "EFFECTIVE", "FLD_ZONE": "COMMUNITY FLOODPLAIN - FUTURE CONDITIONS", "DATE": "2014-02-19T00:00:00", "Shape_Leng": 28861.518848, "Shape_Area": 2811349.99976 }, "geometry": { "type": "LineString", "coordinates": [ [ 1490315.497479651123285, 571150.58296118688304 ], [ 1490328.497453648364171, 571133.250318677746691 ], [ 1490356.163736899849027, 571090.082754096132703 ], [ 1490377.497355645289645, 571053.915831685997546 ], [ 1490400.16430506715551, 571011.832910612458363 ], [ 1490436.497237643459812, 570939.166061184019782 ], [ 1490482.58047880907543, 570846.416574773262255 ], [ 1490526.748041398590431, 570761.999748858390376 ], [ 1490568.830634391633794, 570676.166587184998207 ], [ 1490650.413476476445794, 570515.749585201498121 ], [ 1490700.663704059552401, 570412.999790708068758 ], [ 1490708.830354401608929, 570396.249824198894203 ], [ 1490747.830604486633092, 570319.166645030607469 ], [ 1490763.247240314958617, 570289.58271469862666 ], [ 1490779.997534896945581, 570254.915789276594296 ], [ 1490794.247506400570273, 570226.333497353014536 ], [ 1490805.4974839030765, 570202.332889196928591 ], [ 1490815.997462894767523, 570176.999606525991112 ], [ 1490828.498094062320888, 570145.416008277796209 ], [ 1490842.498066064435989, 570106.832752113579772 ], [ 1490853.080393981421366, 570074.7498110254528 ], [ 1490867.497359898407012, 570027.332911107921973 ], [ 1490886.914315815782174, 569962.082713539712131 ], [ 1490897.414294823771343, 569925.91579112468753 ], [ 1490915.163603153312579, 569859.916579278069548 ], [ 1490922.247250405605882, 569832.83264395291917 ], [ 1490934.997224907856435, 569784.0827414507512 ], [ 1490958.913515653694049, 569690.249595782603137 ], [ 1490986.247450481401756, 569582.165822458802722 ], [ 1491005.080418061697856, 569507.666627624537796 ], [ 1491027.663706242106855, 569421.749804702820256 ], [ 1491051.33065364905633, 569329.082667201408185 ], [ 1491074.414268908556551, 569241.41584779729601 ], [ 1491095.497231986839324, 569156.832683622604236 ], [ 1491117.581177318003029, 569070.165862209047191 ], [ 1491145.163471235195175, 568958.916084713884629 ], [ 1491167.163755327928811, 568877.166576302377507 ], [ 1491193.498020232887939, 568774.249787377309985 ], [ 1491226.497298078378662, 568648.250367479515262 ], [ 1491239.163611324736848, 568600.583468053839169 ], [ 1491258.413572817808017, 568527.582957878126763 ], [ 1491272.831194907892495, 568473.666070963372476 ] ] } },
{ "type": "Feature", "properties": { "OBJECTID": 18740161, "ENABLED": 1, "E911": 21211, "LASTEDITDATE": 1604040847000, "DATEADDED": 946512000000, "USERNAME": "SCASTONGIA", "ACTIONTYPE": "New", "PREFIXDIRECTION": null, "STREETNAME": "BADEN", "STANDTYPE": "PL", "SUFFIX": null, "STREETTYPE": "PL", "WHOLESTNAME": "Baden Pl", "LL_ADD": 7301, "UL_ADD": 7399, "LR_ADD": 7300, "UR_ADD": 7398, "LBLOCKMIN": 0, "RBLOCKMIN": 0, "LBLOCKMAX": 0, "RBLOCKMAX": 0, "LSTREETCODE": 356, "RSTREETCODE": 356, "L_ZIPCODE": 28217, "R_ZIPCODE": 28217, "L_JURIS": "CHAR", "R_JURIS": "CHAR", "LCOUNTY": "MECK", "RCOUNTY": "MECK", "SUBDIVISIONNAME": null, "SUBDIVISIONPHASE": null, "ROADTYPE": 1, "STREETCLASS": "PU", "MARK": null, "GPS_STAT": "Needed", "TOPO": null, "LUESAFLAG": null, "STNAMECHANGE": null, "BARRIER": 0, "PREVE911": null, "ORIGE911": null, "LIFECYCLESTATUS": "Active", "DIVIDED": 0, "SURFACETYPE": 2, "NUMBEROFLANES": 2, "HOVLANE": 0, "THOROUGHFARETYPE": "LOCAL", "SPEEDLIMIT": 35, "PAVEMENTWIDTH": 24.0, "ONEWAY": 0, "SPEEDHUMP": 0, "MEDIAN": 0, "HANSENSTATUS": "Added", "COMPTYPE": 68, "COMPKEY": 87596.0, "UNITID": "550", "UNITID2": "10", "FUNITID": null, "TUNITID": null, "LENGTH": null, "ADDRESSNUMBERS": "NON", "CFCC": "A41", "MAINT_BY": "CITY", "PAVEMENT_RATING": 98.0, "LOAD_STATUS": null, "FULL_NAME": "7300  - 7398 BADEN PL", "SHAPE.STLength()": 149.55991216727952, "index_right": 326, "STATUS": "EFFECTIVE", "FLD_ZONE": "COMMUNITY FLOODPLAIN - FUTURE CONDITIONS", "DATE": "2015-09-02T00:00:00", "Shape_Leng": 161185.44747399999, "Shape_Area": 35777476.945299998 }, "geometry": { "type": "LineString", "coordinates": [ [ 1427422.24728148826398, 514939.415856837062165 ], [ 1427412.247301486087963, 514892.582945262896828 ], [ 1427391.747342479648069, 514792.999811084649991 ] ] } },
{ "type": "Feature", "properties": { "OBJECTID": 18740231, "ENABLED": 1, "E911": 15072, "LASTEDITDATE": 1706784474000, "DATEADDED": 946512000000, "USERNAME": "SCASTONGIA", "ACTIONTYPE": "ModifyCL", "PREFIXDIRECTION": null, "STREETNAME": "BALDWIN", "STANDTYPE": "AVE", "SUFFIX": null, "STREETTYPE": "AV", "WHOLESTNAME": "Baldwin Av", "LL_ADD": 701, "UL_ADD": 799, "LR_ADD": 700, "UR_ADD": 798, "LBLOCKMIN": 0, "RBLOCKMIN": 0, "LBLOCKMAX": 0, "RBLOCKMAX": 0, "LSTREETCODE": 371, "RSTREETCODE": 371, "L_ZIPCODE": 28204, "R_ZIPCODE": 28204, "L_JURIS": "CHAR", "R_JURIS": "CHAR", "LCOUNTY": "MECK", "RCOUNTY": "MECK", "SUBDIVISIONNAME": null, "SUBDIVISIONPHASE": null, "ROADTYPE": 1, "STREETCLASS": "PU", "MARK": null, "GPS_STAT": "Needed", "TOPO": null, "LUESAFLAG": null, "STNAMECHANGE": null, "BARRIER": 0, "PREVE911": null, "ORIGE911": null, "LIFECYCLESTATUS": "Active", "DIVIDED": 0, "SURFACETYPE": 2, "NUMBEROFLANES": 2, "HOVLANE": 0, "THOROUGHFARETYPE": "EXCOLLMJ", "SPEEDLIMIT": 25, "PAVEMENTWIDTH": 30.0, "ONEWAY": 0, "SPEEDHUMP": 0, "MEDIAN": 0, "HANSENSTATUS": "Other", "COMPTYPE": 68, "COMPKEY": 87718.0, "UNITID": "573", "UNITID2": "70", "FUNITID": null, "TUNITID": null, "LENGTH": null, "ADDRESSNUMBERS": "NON", "CFCC": "A41", "MAINT_BY": "CITY", "PAVEMENT_RATING": 95.0, "LOAD_STATUS": null, "FULL_NAME": "700  - 798 BALDWIN AVE", "SHAPE.STLength()": 686.16182693945484, "index_right": 224, "STATUS": "EFFECTIVE", "FLD_ZONE": "COMMUNITY FLOODPLAIN - FUTURE CONDITIONS", "DATE": "2014-02-19T00:00:00", "Shape_Leng": 8122.3965317599996, "Shape_Area": 914868.70388000004 }, "geometry": { "type": "LineString", "coordinates": [ [ 1452125.080421912483871, 535742.416573343100026 ], [ 1451709.57239465136081, 535335.972832434461452 ], [ 1451703.220701319165528, 535331.368510934873484 ], [ 1451696.227605073014274, 535327.813728013308719 ], [ 1451688.764693480683491, 535325.396081929909997 ], [ 1451681.015365151222795, 535324.174627685686573 ], [ 1451673.170564576052129, 535324.179548929445446 ], [ 1451608.056849656626582, 535332.896066936198622 ] ] } },
{ "type": "Feature", "properties": { "OBJECTID": 18740444, "ENABLED": 1, "E911": 19998, "LASTEDITDATE": 1604041801000, "DATEADDED": 946512000000, "USERNAME": "SCASTONGIA", "ACTIONTYPE": "New", "PREFIXDIRECTION": null, "STREETNAME": "BANGOR", "STANDTYPE": "RD", "SUFFIX": null, "STREETTYPE": "RD", "WHOLESTNAME": "Bangor Rd", "LL_ADD": 1901, "UL_ADD": 1999, "LR_ADD": 1900, "UR_ADD": 1998, "LBLOCKMIN": 0, "RBLOCKMIN": 0, "LBLOCKMAX": 0, "RBLOCKMAX": 0, "LSTREETCODE": 393, "RSTREETCODE": 393, "L_ZIPCODE": 28217, "R_ZIPCODE": 28217, "L_JURIS": "CHAR", "R_JURIS": "CHAR", "LCOUNTY": "MECK", "RCOUNTY": "MECK", "SUBDIVISIONNAME": null, "SUBDIVISIONPHASE": null, "ROADTYPE": 1, "STREETCLASS": "PU", "MARK": null, "GPS_STAT": "Needed", "TOPO": null, "LUESAFLAG": null, "STNAMECHANGE": null, "BARRIER": 0, "PREVE911": null, "ORIGE911": null, "LIFECYCLESTATUS": "Active", "DIVIDED": 0, "SURFACETYPE": 2, "NUMBEROFLANES": 2, "HOVLANE": 0, "THOROUGHFARETYPE": "LOCAL", "SPEEDLIMIT": 35, "PAVEMENTWIDTH": 24.0, "ONEWAY": 0, "SPEEDHUMP": 0, "MEDIAN": 0, "HANSENSTATUS": "Added", "COMPTYPE": 68, "COMPKEY": 87798.0, "UNITID": "615", "UNITID2": "10", "FUNITID": null, "TUNITID": null, "LENGTH": null, "ADDRESSNUMBERS": "NON", "CFCC": "A41", "MAINT_BY": "CITY", "PAVEMENT_RATING": 84.0, "LOAD_STATUS": null, "FULL_NAME": "1900  - 1998 BANGOR RD", "SHAPE.STLength()": 423.68616832490846, "index_right": 326, "STATUS": "EFFECTIVE", "FLD_ZONE": "COMMUNITY FLOODPLAIN - FUTURE CONDITIONS", "DATE": "2015-09-02T00:00:00", "Shape_Leng": 161185.44747399999, "Shape_Area": 35777476.945299998 }, "geometry": { "type": "LineString", "coordinates": [ [ 1427303.747518472140655, 515380.58295349573018 ], [ 1427184.413767644902691, 515477.165765585959889 ], [ 1427068.914326720638201, 515571.915904159017373 ], [ 1426975.663528968114406, 515648.666078737936914 ] ] } },
{ "type": "Feature", "properties": { "OBJECTID": 18740445, "ENABLED": 1, "E911": 19552, "LASTEDITDATE": 1604042958000, "DATEADDED": 946512000000, "USERNAME": "SCASTONGIA", "ACTIONTYPE": "ModifyCL", "PREFIXDIRECTION": null, "STREETNAME": "BANGOR", "STANDTYPE": "RD", "SUFFIX": null, "STREETTYPE": "RD", "WHOLESTNAME": "Bangor Rd", "LL_ADD": 2001, "UL_ADD": 2099, "LR_ADD": 2000, "UR_ADD": 2098, "LBLOCKMIN": 0, "RBLOCKMIN": 0, "LBLOCKMAX": 0, "RBLOCKMAX": 0, "LSTREETCODE": 393, "RSTREETCODE": 393, "L_ZIPCODE": 28217, "R_ZIPCODE": 28217, "L_JURIS": "CHAR", "R_JURIS": "CHAR", "LCOUNTY": "MECK", "RCOUNTY": "MECK", "SUBDIVISIONNAME": null, "SUBDIVISIONPHASE": null, "ROADTYPE": 1, "STREETCLASS": "PU", "MARK": null, "GPS_STAT": "Needed", "TOPO": null, "LUESAFLAG": null, "STNAMECHANGE": null, "BARRIER": 0, "PREVE911": null, "ORIGE911": null, "LIFECYCLESTATUS": "Active", "DIVIDED": 0, "SURFACETYPE": 2, "NUMBEROFLANES": 2, "HOVLANE": 0, "THOROUGHFARETYPE": "LOCAL", "SPEEDLIMIT": 35, "PAVEMENTWIDTH": 24.0, "ONEWAY": 0, "SPEEDHUMP": 0, "MEDIAN": 0, "HANSENSTATUS": "Other", "COMPTYPE": 68, "COMPKEY": 87860.0, "UNITID": "615", "UNITID2": "20", "FUNITID": null, "TUNITID": null, "LENGTH": null, "ADDRESSNUMBERS": "NON", "CFCC": "A41", "MAINT_BY": "CITY", "PAVEMENT_RATING": 90.0, "LOAD_STATUS": null, "FULL_NAME": "2000  - 2098 BANGOR RD", "SHAPE.STLength()": 607.92563206922682, "index_right": 326, "STATUS": "EFFECTIVE", "FLD_ZONE": "COMMUNITY FLOODPLAIN - FUTURE CONDITIONS", "DATE": "2015-09-02T00:00:00", "Shape_Leng": 161185.44747399999, "Shape_Area": 35777476.945299998 }, "geometry": { "type": "LineString", "coordinates": [ [ 1426975.663528968114406, 515648.666078737936914 ], [ 1426936.497268724720925, 515680.832681078987662 ], [ 1426877.998041891492903, 515728.749579998897389 ], [ 1426851.330444315681234, 515751.082868660800159 ], [ 1426744.497324631549418, 515839.500342737825122 ], [ 1426728.247357133543119, 515852.000317734549753 ], [ 1426711.330396221484989, 515863.166633993620053 ], [ 1426693.58043171861209, 515872.999619579815771 ], [ 1426675.247463139239699, 515881.582935736980289 ], [ 1426659.331156390253454, 515887.66658499406185 ], [ 1426640.081194892991334, 515893.749578079441562 ], [ 1426620.580577717395499, 515898.415907336573582 ], [ 1426600.747284050332382, 515901.58289574936498 ], [ 1426580.747324049472809, 515903.249559076444712 ], [ 1426560.580369637580588, 515903.332892241131049 ], [ 1426551.163721796590835, 515902.915898324688897 ], [ 1426451.330588133540004, 515902.665898821258452 ] ] } },
{ "type": "Feature", "properties": { "OBJECTID": 18740539, "ENABLED": 1, "E911": 18398, "LASTEDITDATE": 1604040645000, "DATEADDED": 946512000000, "USERNAME": "SCASTONGIA", "ACTIONTYPE": "New", "PREFIXDIRECTION": null, "STREETNAME": "BARKLEY", "STANDTYPE": "RD", "SUFFIX": null, "STREETTYPE": "RD", "WHOLESTNAME": "Barkley Rd", "LL_ADD": 1225, "UL_ADD": 1299, "LR_ADD": 1224, "UR_ADD": 1298, "LBLOCKMIN": 0, "RBLOCKMIN": 0, "LBLOCKMAX": 0, "RBLOCKMAX": 0, "LSTREETCODE": 419, "RSTREETCODE": 419, "L_ZIPCODE": 28209, "R_ZIPCODE": 28209, "L_JURIS": "CHAR", "R_JURIS": "CHAR", "LCOUNTY": "MECK", "RCOUNTY": "MECK", "SUBDIVISIONNAME": null, "SUBDIVISIONPHASE": null, "ROADTYPE": 1, "STREETCLASS": "PU", "MARK": null, "GPS_STAT": "Needed", "TOPO": null, "LUESAFLAG": null, "STNAMECHANGE": null, "BARRIER": 0, "PREVE911": null, "ORIGE911": null, "LIFECYCLESTATUS": "Active", "DIVIDED": 0, "SURFACETYPE": 2, "NUMBEROFLANES": 2, "HOVLANE": 0, "THOROUGHFARETYPE": "LOCAL", "SPEEDLIMIT": 35, "PAVEMENTWIDTH": 25.0, "ONEWAY": 0, "SPEEDHUMP": 0, "MEDIAN": 0, "HANSENSTATUS": "Added", "COMPTYPE": 68, "COMPKEY": 88010.0, "UNITID": "647", "UNITID2": "30", "FUNITID": null, "TUNITID": null, "LENGTH": null, "ADDRESSNUMBERS": "NON", "CFCC": "A41", "MAINT_BY": "CITY", "PAVEMENT_RATING": 69.0, "LOAD_STATUS": null, "FULL_NAME": "1224  - 1298 BARKLEY RD", "SHAPE.STLength()": 151.59030915099513, "index_right": 231, "STATUS": "LOMR", "FLD_ZONE": "COMMUNITY FLOODPLAIN - FUTURE CONDITIONS", "DATE": "2015-02-24T00:00:00", "Shape_Leng": 25202.259750199999, "Shape_Area": 2499573.9679899998 }, "geometry": { "type": "LineString", "coordinates": [ [ 1445315.163595508085564, 521601.66663985978812 ], [ 1445466.747281844960526, 521600.249647934047971 ] ] } },
{ "type": "Feature", "properties": { "OBJECTID": 18740540, "ENABLED": 1, "E911": 20107, "LASTEDITDATE": 1604040742000, "DATEADDED": 946512000000, "USERNAME": "SCASTONGIA", "ACTIONTYPE": "New", "PREFIXDIRECTION": null, "STREETNAME": "BARKLEY", "STANDTYPE": "RD", "SUFFIX": null, "STREETTYPE": "RD", "WHOLESTNAME": "Barkley Rd", "LL_ADD": 1201, "UL_ADD": 1223, "LR_ADD": 1200, "UR_ADD": 1222, "LBLOCKMIN": 0, "RBLOCKMIN": 0, "LBLOCKMAX": 0, "RBLOCKMAX": 0, "LSTREETCODE": 419, "RSTREETCODE": 419, "L_ZIPCODE": 28209, "R_ZIPCODE": 28209, "L_JURIS": "CHAR", "R_JURIS": "CHAR", "LCOUNTY": "MECK", "RCOUNTY": "MECK", "SUBDIVISIONNAME": null, "SUBDIVISIONPHASE": null, "ROADTYPE": 1, "STREETCLASS": "PU", "MARK": null, "GPS_STAT": "Needed", "TOPO": null, "LUESAFLAG": null, "STNAMECHANGE": null, "BARRIER": 0, "PREVE911": null, "ORIGE911": null, "LIFECYCLESTATUS": "Active", "DIVIDED": 0, "SURFACETYPE": 2, "NUMBEROFLANES": 2, "HOVLANE": 0, "THOROUGHFARETYPE": "LOCAL", "SPEEDLIMIT": 35, "PAVEMENTWIDTH": 28.0, "ONEWAY": 0, "SPEEDHUMP": 0, "MEDIAN": 0, "HANSENSTATUS": "Added", "COMPTYPE": 68, "COMPKEY": 87948.0, "UNITID": "647", "UNITID2": "20", "FUNITID": null, "TUNITID": null, "LENGTH": null, "ADDRESSNUMBERS": "NON", "CFCC": "A41", "MAINT_BY": "CITY", "PAVEMENT_RATING": 66.0, "LOAD_STATUS": null, "FULL_NAME": "1200  - 1222 BARKLEY RD", "SHAPE.STLength()": 318.29055669846059, "index_right": 231, "STATUS": "LOMR", "FLD_ZONE": "COMMUNITY FLOODPLAIN - FUTURE CONDITIONS", "DATE": "2015-02-24T00:00:00", "Shape_Leng": 25202.259750199999, "Shape_Area": 2499573.9679899998 }, "geometry": { "type": "LineString", "coordinates": [ [ 1445003.747223589802161, 521549.66608766868012 ], [ 1445096.24802283057943, 521575.666035675967578 ], [ 1445143.3306058421731, 521588.250328092719428 ], [ 1445158.497242175042629, 521593.500317577330861 ], [ 1445171.331206002971157, 521596.332661010848824 ], [ 1445184.913527929922566, 521598.332657010760158 ], [ 1445198.663500416558236, 521599.832654008292593 ], [ 1445219.997447261121124, 521602.832647994160652 ], [ 1445292.747301749885082, 521601.916639335395303 ], [ 1445315.163595508085564, 521601.66663985978812 ] ] } },
{ "type": "Feature", "properties": { "OBJECTID": 18740550, "ENABLED": 1, "E911": 10261, "LASTEDITDATE": 1604040171000, "DATEADDED": 946512000000, "USERNAME": "SCASTONGIA", "ACTIONTYPE": "New", "PREFIXDIRECTION": null, "STREETNAME": "BARLOWE", "STANDTYPE": "RD", "SUFFIX": null, "STREETTYPE": "RD", "WHOLESTNAME": "Barlowe Rd", "LL_ADD": 4001, "UL_ADD": 4099, "LR_ADD": 4000, "UR_ADD": 4098, "LBLOCKMIN": 0, "RBLOCKMIN": 0, "LBLOCKMAX": 0, "RBLOCKMAX": 0, "LSTREETCODE": 423, "RSTREETCODE": 423, "L_ZIPCODE": 28208, "R_ZIPCODE": 28208, "L_JURIS": "CHAR", "R_JURIS": "CHAR", "LCOUNTY": "MECK", "RCOUNTY": "MECK", "SUBDIVISIONNAME": null, "SUBDIVISIONPHASE": null, "ROADTYPE": 1, "STREETCLASS": "PU", "MARK": null, "GPS_STAT": "Needed", "TOPO": null, "LUESAFLAG": null, "STNAMECHANGE": null, "BARRIER": 0, "PREVE911": null, "ORIGE911": null, "LIFECYCLESTATUS": "Active", "DIVIDED": 0, "SURFACETYPE": 2, "NUMBEROFLANES": 2, "HOVLANE": 0, "THOROUGHFARETYPE": "LOCAL", "SPEEDLIMIT": 25, "PAVEMENTWIDTH": 24.0, "ONEWAY": 0, "SPEEDHUMP": 0, "MEDIAN": 0, "HANSENSTATUS": "Added", "COMPTYPE": 68, "COMPKEY": 88045.0, "UNITID": "651", "UNITID2": "20", "FUNITID": null, "TUNITID": null, "LENGTH": null, "ADDRESSNUMBERS": "NON", "CFCC": "A41", "MAINT_BY": "CITY", "PAVEMENT_RATING": 98.0, "LOAD_STATUS": null, "FULL_NAME": "4000  - 4098 BARLOWE RD", "SHAPE.STLength()": 344.42767831331201, "index_right": 163, "STATUS": "EFFECTIVE", "FLD_ZONE": "COMMUNITY FLOODPLAIN - FUTURE CONDITIONS", "DATE": "2015-09-02T00:00:00", "Shape_Leng": 2679.9273671800001, "Shape_Area": 232904.36583200001 }, "geometry": { "type": "LineString", "coordinates": [ [ 1437321.581157400505617, 553360.332780823577195 ], [ 1437300.497538161231205, 553400.416033985442482 ], [ 1437274.747261566808447, 553449.582930408651009 ], [ 1437219.49802823131904, 553555.000370489084162 ], [ 1437161.247488571098074, 553665.165832564351149 ] ] } },
{ "type": "Feature", "properties": { "OBJECTID": 18740551, "ENABLED": 1, "E911": 37574, "LASTEDITDATE": 1604041520000, "DATEADDED": 946512000000, "USERNAME": "SCASTONGIA", "ACTIONTYPE": "New", "PREFIXDIRECTION": null, "STREETNAME": "BARLOWE", "STANDTYPE": "RD", "SUFFIX": null, "STREETTYPE": "RD", "WHOLESTNAME": "Barlowe Rd", "LL_ADD": 3901, "UL_ADD": 3999, "LR_ADD": 3900, "UR_ADD": 3998, "LBLOCKMIN": 0, "RBLOCKMIN": 0, "LBLOCKMAX": 0, "RBLOCKMAX": 0, "LSTREETCODE": 423, "RSTREETCODE": 423, "L_ZIPCODE": 28208, "R_ZIPCODE": 28208, "L_JURIS": "CHAR", "R_JURIS": "CHAR", "LCOUNTY": "MECK", "RCOUNTY": "MECK", "SUBDIVISIONNAME": null, "SUBDIVISIONPHASE": null, "ROADTYPE": 1, "STREETCLASS": "PU", "MARK": null, "GPS_STAT": "Needed", "TOPO": null, "LUESAFLAG": null, "STNAMECHANGE": null, "BARRIER": 0, "PREVE911": null, "ORIGE911": null, "LIFECYCLESTATUS": "Active", "DIVIDED": 0, "SURFACETYPE": 2, "NUMBEROFLANES": 2, "HOVLANE": 0, "THOROUGHFARETYPE": "LOCAL", "SPEEDLIMIT": 25, "PAVEMENTWIDTH": 24.0, "ONEWAY": 0, "SPEEDHUMP": 0, "MEDIAN": 0, "HANSENSTATUS": "Added", "COMPTYPE": 68, "COMPKEY": 87958.0, "UNITID": "651", "UNITID2": "10", "FUNITID": null, "TUNITID": null, "LENGTH": null, "ADDRESSNUMBERS": "NON", "CFCC": "A41", "MAINT_BY": "CITY", "PAVEMENT_RATING": 98.0, "LOAD_STATUS": null, "FULL_NAME": "3900  - 3998 BARLOWE RD", "SHAPE.STLength()": 714.98509630954834, "index_right": 163, "STATUS": "EFFECTIVE", "FLD_ZONE": "COMMUNITY FLOODPLAIN - FUTURE CONDITIONS", "DATE": "2015-09-02T00:00:00", "Shape_Leng": 2679.9273671800001, "Shape_Area": 232904.36583200001 }, "geometry": { "type": "LineString", "coordinates": [ [ 1437344.413788912352175, 552733.166056150919758 ], [ 1437446.99724516319111, 552857.333458749577403 ], [ 1437458.49722215696238, 552872.165778159163892 ], [ 1437464.497538240393624, 552880.332756576244719 ], [ 1437472.081184490583837, 552892.666065243538469 ], [ 1437478.497510238550603, 552907.416035743546672 ], [ 1437483.997499243821949, 552923.750320665771142 ], [ 1437487.663502410519868, 552939.6666274163872 ], [ 1437490.663496404653415, 552956.416593893081881 ], [ 1437491.747483744984493, 552972.915904736379161 ], [ 1437491.831144989933819, 552974.08289715857245 ], [ 1437492.247482745908201, 552991.333518813946284 ], [ 1437490.831146984826773, 553008.833483824273571 ], [ 1437487.831152991158888, 553026.083449326455593 ], [ 1437483.163511408958584, 553042.915764735778794 ], [ 1437476.99751323251985, 553059.000378242810257 ], [ 1437473.997519238851964, 553066.000364228384569 ], [ 1437464.997537241317332, 553087.250321744242683 ], [ 1437416.497306152945384, 553181.749804656021297 ], [ 1437343.830456731608137, 553317.99953215860296 ], [ 1437321.581157400505617, 553360.332780823577195 ] ] } },
{ "type": "Feature", "properties": { "OBJECTID": 18740671, "ENABLED": 1, "E911": 7158, "LASTEDITDATE": 1614163714000, "DATEADDED": 946512000000, "USERNAME": "SDE", "ACTIONTYPE": "ModifyCL", "PREFIXDIRECTION": null, "STREETNAME": "BARTON CREEK", "STANDTYPE": "DR", "SUFFIX": null, "STREETTYPE": "DR", "WHOLESTNAME": "Barton Creek Dr", "LL_ADD": 123, "UL_ADD": 599, "LR_ADD": 122, "UR_ADD": 598, "LBLOCKMIN": 0, "RBLOCKMIN": 0, "LBLOCKMAX": 0, "RBLOCKMAX": 0, "LSTREETCODE": 10151, "RSTREETCODE": 10151, "L_ZIPCODE": 28262, "R_ZIPCODE": 28262, "L_JURIS": "CHAR", "R_JURIS": "CHAR", "LCOUNTY": "MECK", "RCOUNTY": "MECK", "SUBDIVISIONNAME": null, "SUBDIVISIONPHASE": null, "ROADTYPE": 1, "STREETCLASS": "PV", "MARK": null, "GPS_STAT": "Needed", "TOPO": null, "LUESAFLAG": null, "STNAMECHANGE": null, "BARRIER": 0, "PREVE911": null, "ORIGE911": null, "LIFECYCLESTATUS": "Active", "DIVIDED": 0, "SURFACETYPE": 2, "NUMBEROFLANES": 2, "HOVLANE": 0, "THOROUGHFARETYPE": "LOCAL", "SPEEDLIMIT": 35, "PAVEMENTWIDTH": null, "ONEWAY": 0, "SPEEDHUMP": 0, "MEDIAN": 0, "HANSENSTATUS": "Other", "COMPTYPE": 68, "COMPKEY": 88108.0, "UNITID": "683", "UNITID2": "30", "FUNITID": null, "TUNITID": null, "LENGTH": null, "ADDRESSNUMBERS": "NON", "CFCC": "A41", "MAINT_BY": null, "PAVEMENT_RATING": null, "LOAD_STATUS": null, "FULL_NAME": "122  - 598 BARTON CREEK DR", "SHAPE.STLength()": 1354.7308338731038, "index_right": 297, "STATUS": "EFFECTIVE", "FLD_ZONE": "COMMUNITY FLOODPLAIN - FUTURE CONDITIONS", "DATE": "2018-11-16T00:00:00", "Shape_Leng": 188374.27965000001, "Shape_Area": 37547181.297200002 }, "geometry": { "type": "LineString", "coordinates": [ [ 1480529.913704289123416, 574415.832664239103906 ], [ 1480495.83043911983259, 574432.666620075469837 ], [ 1480474.330482124118134, 574437.749615151551552 ], [ 1480420.913594201439992, 574437.749615156208165 ], [ 1480373.664344859775156, 574437.749615151551552 ], [ 1480350.998051609843969, 574442.916599578107707 ], [ 1480325.330452038440853, 574461.415906407288276 ], [ 1480303.747489955276251, 574454.249582143267617 ], [ 1480281.163545621559024, 574452.166581066907384 ], [ 1480259.580583537695929, 574461.415906402631663 ], [ 1480230.830641027539968, 574484.999520651530474 ], [ 1480141.497486362466589, 574568.250338408746757 ], [ 1480065.497310270555317, 574640.165876988088712 ], [ 1479984.330477858427912, 574716.500369979999959 ], [ 1479927.497258193558082, 574772.332935493323021 ], [ 1479873.748021862702444, 574819.915845554787666 ], [ 1479837.498094355687499, 574847.83278450393118 ], [ 1479805.497502198209986, 574864.332751477137208 ], [ 1479772.33057377464138, 574878.916055647772737 ], [ 1479741.414297018898651, 574887.08270597201772 ], [ 1479707.248026779619977, 574896.416020644130185 ], [ 1479682.413758863694966, 574908.832662485423498 ], [ 1479650.247484613209963, 574929.58294907794334 ], [ 1479602.747251531109214, 574965.749543400132097 ], [ 1479568.664314438821748, 575004.08345623256173 ], [ 1479538.580385106615722, 575043.332721561309882 ], [ 1479510.580441106809303, 575073.415994733106345 ], [ 1479485.913495690794662, 575092.999616982182488 ], [ 1479464.163539190310985, 575107.49958798813168 ], [ 1479431.997264937730506, 575113.666570391389541 ] ] } },
{ "type": "Feature", "properties": { "OBJECTID": 18740799, "ENABLED": 1, "E911": 27784, "LASTEDITDATE": 1605189672000, "DATEADDED": 987638400000, "USERNAME": "SDE", "ACTIONTYPE": "ModifyCL", "PREFIXDIRECTION": null, "STREETNAME": "BAYLIS", "STANDTYPE": "DR", "SUFFIX": null, "STREETTYPE": "DR", "WHOLESTNAME": "Baylis Dr", "LL_ADD": 7839, "UL_ADD": 7847, "LR_ADD": 7838, "UR_ADD": 7846, "LBLOCKMIN": 0, "RBLOCKMIN": 0, "LBLOCKMAX": 0, "RBLOCKMAX": 0, "LSTREETCODE": 15546, "RSTREETCODE": 15546, "L_ZIPCODE": 28078, "R_ZIPCODE": 28078, "L_JURIS": "HUNT", "R_JURIS": "HUNT", "LCOUNTY": "MECK", "RCOUNTY": "MECK", "SUBDIVISIONNAME": null, "SUBDIVISIONPHASE": null, "ROADTYPE": 1, "STREETCLASS": "PU", "MARK": null, "GPS_STAT": "Needed", "TOPO": null, "LUESAFLAG": null, "STNAMECHANGE": null, "BARRIER": 0, "PREVE911": null, "ORIGE911": null, "LIFECYCLESTATUS": "Active", "DIVIDED": 0, "SURFACETYPE": 2, "NUMBEROFLANES": 2, "HOVLANE": 0, "THOROUGHFARETYPE": "LOCAL", "SPEEDLIMIT": 35, "PAVEMENTWIDTH": null, "ONEWAY": 0, "SPEEDHUMP": 0, "MEDIAN": 0, "HANSENSTATUS": "Added", "COMPTYPE": 68, "COMPKEY": 157909.0, "UNITID": "13309", "UNITID2": "9", "FUNITID": null, "TUNITID": null, "LENGTH": null, "ADDRESSNUMBERS": "NON", "CFCC": "A31", "MAINT_BY": null, "PAVEMENT_RATING": null, "LOAD_STATUS": null, "FULL_NAME": "7838  - 7846 BAYLIS DR", "SHAPE.STLength()": 146.02760627275219, "index_right": 278, "STATUS": "EFFECTIVE", "FLD_ZONE": "COMMUNITY FLOODPLAIN - FUTURE CONDITIONS", "DATE": "2015-09-02T00:00:00", "Shape_Leng": 157602.90087000001, "Shape_Area": 36120414.224200003 }, "geometry": { "type": "LineString", "coordinates": [ [ 1432007.414292238187045, 607166.999772971612401 ], [ 1432055.497529410757124, 607180.166085230419412 ], [ 1432123.248050072463229, 607198.666048240615055 ], [ 1432147.580350497039035, 607207.666030249209143 ] ] } },
{ "type": "Feature", "properties": { "OBJECTID": 18740857, "ENABLED": 1, "E911": 7059, "LASTEDITDATE": 1641997240000, "DATEADDED": 946512000000, "USERNAME": "MAHMOMM", "ACTIONTYPE": "NameChange", "PREFIXDIRECTION": null, "STREETNAME": "BEAGLE CLUB", "STANDTYPE": "RD", "SUFFIX": null, "STREETTYPE": "RD", "WHOLESTNAME": "Beagle Club Rd", "LL_ADD": 10201, "UL_ADD": 10699, "LR_ADD": 10200, "UR_ADD": 10698, "LBLOCKMIN": 0, "RBLOCKMIN": 0, "LBLOCKMAX": 0, "RBLOCKMAX": 0, "LSTREETCODE": 489, "RSTREETCODE": 489, "L_ZIPCODE": 28214, "R_ZIPCODE": 28214, "L_JURIS": "CHAR", "R_JURIS": "CHAR", "LCOUNTY": "MECK", "RCOUNTY": "MECK", "SUBDIVISIONNAME": null, "SUBDIVISIONPHASE": null, "ROADTYPE": 1, "STREETCLASS": "PV", "MARK": null, "GPS_STAT": "Needed", "TOPO": null, "LUESAFLAG": null, "STNAMECHANGE": null, "BARRIER": 0, "PREVE911": null, "ORIGE911": null, "LIFECYCLESTATUS": "Active", "DIVIDED": 0, "SURFACETYPE": 2, "NUMBEROFLANES": 2, "HOVLANE": 0, "THOROUGHFARETYPE": "LOCAL", "SPEEDLIMIT": 35, "PAVEMENTWIDTH": null, "ONEWAY": 0, "SPEEDHUMP": 0, "MEDIAN": 0, "HANSENSTATUS": "Added", "COMPTYPE": 68, "COMPKEY": 88169.0, "UNITID": "733", "UNITID2": "12", "FUNITID": null, "TUNITID": null, "LENGTH": null, "ADDRESSNUMBERS": "NON", "CFCC": "A41", "MAINT_BY": null, "PAVEMENT_RATING": null, "LOAD_STATUS": null, "FULL_NAME": "10200  - 10698 BEAGLE CLUB RD", "SHAPE.STLength()": 1755.2846109550862, "index_right": 259, "STATUS": "EFFECTIVE", "FLD_ZONE": "0.2 PCT ANNUAL CHANCE FLOOD HAZARD", "DATE": "2015-09-02T00:00:00", "Shape_Leng": 360351.13797400001, "Shape_Area": 89012249.466299996 }, "geometry": { "type": "LineString", "coordinates": [ [ 1407742.997269741958007, 575330.165809354512021 ], [ 1407738.330612399382517, 575338.665792342158966 ], [ 1407733.830621399916708, 575347.332769761560485 ], [ 1407730.330628401599824, 575354.41608892113436 ], [ 1407726.330636410275474, 575363.166071421583183 ], [ 1407721.830645406618714, 575372.832718752673827 ], [ 1407716.080656907055527, 575385.166027419967577 ], [ 1407712.497330732410774, 575392.000331340590492 ], [ 1407707.914334663189948, 575399.915997915435582 ], [ 1407703.497348736505955, 575406.416641089017503 ], [ 1407698.247359239729121, 575413.916626086109318 ], [ 1407692.498026899760589, 575421.332949844188988 ], [ 1407685.41372349136509, 575428.999601180083118 ], [ 1407676.998057910241187, 575437.999583165510558 ], [ 1407670.248071409296244, 575444.165909424889833 ], [ 1407660.580439828103408, 575452.332887832657434 ], [ 1407649.580461823148653, 575460.499538189382292 ], [ 1407638.997477733762935, 575468.415860917186365 ], [ 1407616.497522732242942, 575484.165829431265593 ], [ 1407597.747232160763815, 575496.165805421071127 ], [ 1407583.497260649688542, 575505.249776756856591 ], [ 1407569.580621813423932, 575513.165771428961307 ], [ 1407555.747316156281158, 575520.499746268498711 ], [ 1407544.247339149937034, 575525.916074008215219 ], [ 1407532.580367735819891, 575531.16606351127848 ], [ 1407516.748050324153155, 575537.416051000240259 ], [ 1407500.248083314858377, 575543.58270534791518 ], [ 1407485.747456152457744, 575548.916027997154742 ], [ 1407467.497492646798491, 575554.916016006027348 ], [ 1407451.747524147387594, 575560.250322919804603 ], [ 1407437.413563314126804, 575564.332663838285953 ], [ 1407414.7472700686194, 575570.832650835392997 ], [ 1407391.997315573738888, 575577.24963276530616 ], [ 1407374.247351069003344, 575582.416617168695666 ], [ 1407346.330412154784426, 575591.666598662151955 ], [ 1407324.41378931957297, 575599.49958825786598 ], [ 1407292.997513563837856, 575611.915902020293288 ], [ 1407244.080616657156497, 575633.583509587100707 ], [ 1407200.080376566387713, 575653.165819506742992 ], [ 1407146.163489656057209, 575678.165769509621896 ], [ 1406954.247534899041057, 575761.499592343345284 ], [ 1406773.997239229967818, 575837.332774008158594 ], [ 1406584.497290146071464, 575915.916606336482801 ], [ 1406429.497272051637992, 575979.41582316707354 ], [ 1406249.414298883406445, 576053.416003245045431 ], [ 1406186.498086146544665, 576082.416601414675824 ] ] } },
{ "type": "Feature", "properties": { "OBJECTID": 18740929, "ENABLED": 1, "E911": 7941, "LASTEDITDATE": 1724240185000, "DATEADDED": 946512000000, "USERNAME": "WISMESE", "ACTIONTYPE": "New", "PREFIXDIRECTION": null, "STREETNAME": "BEATTIES FORD", "STANDTYPE": "RD", "SUFFIX": null, "STREETTYPE": "RD", "WHOLESTNAME": "Beatties Ford Rd", "LL_ADD": 6101, "UL_ADD": 6299, "LR_ADD": 6100, "UR_ADD": 6298, "LBLOCKMIN": 0, "RBLOCKMIN": 0, "LBLOCKMAX": 0, "RBLOCKMAX": 0, "LSTREETCODE": 508, "RSTREETCODE": 508, "L_ZIPCODE": 28216, "R_ZIPCODE": 28216, "L_JURIS": "CHAR", "R_JURIS": "CHAR", "LCOUNTY": "MECK", "RCOUNTY": "MECK", "SUBDIVISIONNAME": null, "SUBDIVISIONPHASE": null, "ROADTYPE": 1, "STREETCLASS": "PU", "MARK": null, "GPS_STAT": "Needed", "TOPO": null, "LUESAFLAG": null, "STNAMECHANGE": null, "BARRIER": 0, "PREVE911": null, "ORIGE911": null, "LIFECYCLESTATUS": "Active", "DIVIDED": 0, "SURFACETYPE": 2, "NUMBEROFLANES": 2, "HOVLANE": 0, "THOROUGHFARETYPE": "EXMJTH", "SPEEDLIMIT": 45, "PAVEMENTWIDTH": null, "ONEWAY": 0, "SPEEDHUMP": 0, "MEDIAN": 0, "HANSENSTATUS": "Added", "COMPTYPE": 68, "COMPKEY": 88280.0, "UNITID": "755", "UNITID2": "724", "FUNITID": null, "TUNITID": null, "LENGTH": null, "ADDRESSNUMBERS": "NON", "CFCC": "A21", "MAINT_BY": "STATE", "PAVEMENT_RATING": null, "LOAD_STATUS": null, "FULL_NAME": "6100  - 6298 BEATTIES FORD RD", "SHAPE.STLength()": 1012.4075177228633, "index_right": 242, "STATUS": "EFFECTIVE", "FLD_ZONE": "COMMUNITY FLOODPLAIN - FUTURE CONDITIONS", "DATE": "2015-09-02T00:00:00", "Shape_Leng": 310533.77762200002, "Shape_Area": 51877569.312200002 }, "geometry": { "type": "LineString", "coordinates": [ [ 1443773.248044136911631, 575605.166571654146537 ], [ 1443772.248046131106094, 575618.915887987241149 ], [ 1443771.330397055484354, 575707.666038546827622 ], [ 1443770.998048634734005, 575793.915866067050956 ], [ 1443772.163728714454919, 575908.916620323085226 ], [ 1443772.998044639127329, 576045.082686563604511 ], [ 1443774.830390050308779, 576093.166579910321161 ], [ 1443775.330389050766826, 576128.415853234822862 ], [ 1443774.748041136190295, 576156.915796239627525 ], [ 1443773.498043627012521, 576184.250387240084819 ], [ 1443772.163728713290766, 576211.332682152045891 ], [ 1443769.58040055539459, 576243.749612066196278 ], [ 1443765.913741216529161, 576273.915890333126299 ], [ 1443760.74806913617067, 576311.083466905751266 ], [ 1443752.163768720813096, 576354.750374313211069 ], [ 1443734.997464458225295, 576439.082882817368954 ], [ 1443723.747486962703988, 576497.082766803796403 ], [ 1443706.663531630299985, 576582.166586143197492 ], [ 1443699.497535467147827, 576610.499534716480412 ] ] } },
{ "type": "Feature", "properties": { "OBJECTID": 18740956, "ENABLED": 1, "E911": 31226, "LASTEDITDATE": 1738595450000, "DATEADDED": 946512000000, "USERNAME": "WISMESE", "ACTIONTYPE": "New", "PREFIXDIRECTION": null, "STREETNAME": "BEATTIES FORD", "STANDTYPE": "RD", "SUFFIX": null, "STREETTYPE": "RD", "WHOLESTNAME": "Beatties Ford Rd", "LL_ADD": 12801, "UL_ADD": 13121, "LR_ADD": 12800, "UR_ADD": 13120, "LBLOCKMIN": 0, "RBLOCKMIN": 0, "LBLOCKMAX": 0, "RBLOCKMAX": 0, "LSTREETCODE": 13625, "RSTREETCODE": 13625, "L_ZIPCODE": 28078, "R_ZIPCODE": 28078, "L_JURIS": "HUNT", "R_JURIS": "HUNT", "LCOUNTY": "MECK", "RCOUNTY": "MECK", "SUBDIVISIONNAME": null, "SUBDIVISIONPHASE": null, "ROADTYPE": 1, "STREETCLASS": "PU", "MARK": null, "GPS_STAT": "Needed", "TOPO": null, "LUESAFLAG": null, "STNAMECHANGE": null, "BARRIER": 0, "PREVE911": null, "ORIGE911": null, "LIFECYCLESTATUS": "Active", "DIVIDED": 0, "SURFACETYPE": 2, "NUMBEROFLANES": 2, "HOVLANE": 0, "THOROUGHFARETYPE": "EXMINTH", "SPEEDLIMIT": 35, "PAVEMENTWIDTH": null, "ONEWAY": 0, "SPEEDHUMP": 0, "MEDIAN": 0, "HANSENSTATUS": "Added", "COMPTYPE": 68, "COMPKEY": 88300.0, "UNITID": "755", "UNITID2": "738", "FUNITID": null, "TUNITID": null, "LENGTH": null, "ADDRESSNUMBERS": "NON", "CFCC": "A21", "MAINT_BY": null, "PAVEMENT_RATING": null, "LOAD_STATUS": null, "FULL_NAME": "12800  - 13120 BEATTIES FORD RD", "SHAPE.STLength()": 1717.3593024845513, "index_right": 278, "STATUS": "EFFECTIVE", "FLD_ZONE": "COMMUNITY FLOODPLAIN - FUTURE CONDITIONS", "DATE": "2015-09-02T00:00:00", "Shape_Leng": 157602.90087000001, "Shape_Area": 36120414.224200003 }, "geometry": { "type": "LineString", "coordinates": [ [ 1427496.247461531776935, 601882.833504125010222 ], [ 1427491.997470024973154, 601919.165780539857224 ], [ 1427489.747474526055157, 601945.916055131936446 ], [ 1427488.913486688397825, 601971.666003617225215 ], [ 1427489.080481114564463, 602002.499603359727189 ], [ 1427491.663481195224449, 602036.999534382601269 ], [ 1427495.247463527135551, 602068.41581011575181 ], [ 1427502.997448032489046, 602128.250336111406796 ], [ 1427510.330438617849723, 602176.249583954690024 ], [ 1427519.498071199050173, 602232.833460293943062 ], [ 1427527.248055701842532, 602284.916033296962269 ], [ 1427532.913726781960577, 602328.166602955083363 ], [ 1427535.498039193218574, 602362.415878288797103 ], [ 1427537.748034689342603, 602412.165778786293231 ], [ 1427535.748038698220626, 602449.582698704791255 ], [ 1427532.580394108779728, 602479.249634113162756 ], [ 1427530.830397609155625, 602493.916599522694014 ], [ 1427527.248055702773854, 602514.665901873842813 ], [ 1427523.16374627337791, 602534.999522624071687 ], [ 1427517.413757774978876, 602557.165816854452714 ], [ 1427510.330438616452739, 602580.665769859682769 ], [ 1427497.747458525700495, 602615.750345374457538 ], [ 1427486.997480024583638, 602643.082639780826867 ], [ 1427475.163514201762155, 602669.916575616458431 ], [ 1427460.747532521840185, 602698.833512537763454 ], [ 1427444.580570103833452, 602727.915803449577652 ], [ 1427428.997267950559035, 602753.58274686767254 ], [ 1427413.914292861241847, 602775.916035539004952 ], [ 1427397.080665115499869, 602799.582654859637842 ], [ 1427376.748028609668836, 602826.499595776433125 ], [ 1427352.080427023814991, 602857.915871528093703 ], [ 1427329.247467446606606, 602886.665814027190208 ], [ 1427315.747494447510689, 602903.165781037532724 ], [ 1427257.580616026883945, 602976.49962387199048 ], [ 1427202.163732112385333, 603046.165823110495694 ], [ 1427167.163474022876471, 603089.500382114318199 ], [ 1427138.997519851429388, 603123.915995703428052 ], [ 1427119.747230275766924, 603147.666604365222156 ], [ 1427103.163602022686973, 603168.832900609588251 ], [ 1427087.247295275330544, 603189.749525443185121 ], [ 1427076.080650940537453, 603205.165833200793713 ], [ 1427065.24733927869238, 603220.165803190437146 ], [ 1427053.0803688603919, 603238.249756520846859 ], [ 1427042.663723021745682, 603255.50037817156408 ], [ 1427030.998063934035599, 603276.666018272051588 ], [ 1427013.748098429990932, 603311.749609526945278 ], [ 1427003.747462270082906, 603333.582899186643772 ], [ 1426988.997491773683578, 603365.083492358331569 ], [ 1426963.663552937563509, 603424.916049857274629 ], [ 1426963.331204515649006, 603425.666048367740586 ] ] } },
{ "type": "Feature", "properties": { "OBJECTID": 18741028, "ENABLED": 1, "E911": 19109, "LASTEDITDATE": 1601300040000, "DATEADDED": 946512000000, "USERNAME": "WISMESE", "ACTIONTYPE": "New", "PREFIXDIRECTION": null, "STREETNAME": "BEAVER DAM", "STANDTYPE": "LN", "SUFFIX": null, "STREETTYPE": "LN", "WHOLESTNAME": "Beaver Dam Ln", "LL_ADD": 5601, "UL_ADD": 5699, "LR_ADD": 5600, "UR_ADD": 5698, "LBLOCKMIN": 0, "RBLOCKMIN": 0, "LBLOCKMAX": 0, "RBLOCKMAX": 0, "LSTREETCODE": 518, "RSTREETCODE": 518, "L_ZIPCODE": 28227, "R_ZIPCODE": 28227, "L_JURIS": "MINT", "R_JURIS": "MINT", "LCOUNTY": "MECK", "RCOUNTY": "MECK", "SUBDIVISIONNAME": null, "SUBDIVISIONPHASE": null, "ROADTYPE": 1, "STREETCLASS": "PU", "MARK": null, "GPS_STAT": "Needed", "TOPO": null, "LUESAFLAG": null, "STNAMECHANGE": null, "BARRIER": 0, "PREVE911": null, "ORIGE911": null, "LIFECYCLESTATUS": "Active", "DIVIDED": 0, "SURFACETYPE": 2, "NUMBEROFLANES": 2, "HOVLANE": 0, "THOROUGHFARETYPE": "LOCAL", "SPEEDLIMIT": 25, "PAVEMENTWIDTH": null, "ONEWAY": 0, "SPEEDHUMP": 0, "MEDIAN": 0, "HANSENSTATUS": "Added", "COMPTYPE": 68, "COMPKEY": 88339.0, "UNITID": "767", "UNITID2": "63", "FUNITID": null, "TUNITID": null, "LENGTH": null, "ADDRESSNUMBERS": "NON", "CFCC": "A31", "MAINT_BY": null, "PAVEMENT_RATING": null, "LOAD_STATUS": null, "FULL_NAME": "5600  - 5698 BEAVER DAM LN", "SHAPE.STLength()": 558.33749436478638, "index_right": 216, "STATUS": "EFFECTIVE", "FLD_ZONE": "COMMUNITY FLOODPLAIN - FUTURE CONDITIONS", "DATE": "2014-02-19T00:00:00", "Shape_Leng": 52499.501572900001, "Shape_Area": 3922220.1658000001 }, "geometry": { "type": "LineString", "coordinates": [ [ 1498277.580636927857995, 520519.24951332755154 ], [ 1498074.998036834876984, 520777.582658078696113 ], [ 1497931.747339085675776, 520957.58295424625976 ] ] } },
{ "type": "Feature", "properties": { "OBJECTID": 18741029, "ENABLED": 1, "E911": 19887, "LASTEDITDATE": 1601300044000, "DATEADDED": 946512000000, "USERNAME": "WISMESE", "ACTIONTYPE": "New", "PREFIXDIRECTION": null, "STREETNAME": "BEAVER DAM", "STANDTYPE": "LN", "SUFFIX": null, "STREETTYPE": "LN", "WHOLESTNAME": "Beaver Dam Ln", "LL_ADD": 5701, "UL_ADD": 5899, "LR_ADD": 5700, "UR_ADD": 5898, "LBLOCKMIN": 0, "RBLOCKMIN": 0, "LBLOCKMAX": 0, "RBLOCKMAX": 0, "LSTREETCODE": 518, "RSTREETCODE": 518, "L_ZIPCODE": 28227, "R_ZIPCODE": 28227, "L_JURIS": "MINT", "R_JURIS": "MINT", "LCOUNTY": "MECK", "RCOUNTY": "MECK", "SUBDIVISIONNAME": null, "SUBDIVISIONPHASE": null, "ROADTYPE": 1, "STREETCLASS": "PU", "MARK": null, "GPS_STAT": "Needed", "TOPO": null, "LUESAFLAG": null, "STNAMECHANGE": null, "BARRIER": 0, "PREVE911": null, "ORIGE911": null, "LIFECYCLESTATUS": "Active", "DIVIDED": 0, "SURFACETYPE": 2, "NUMBEROFLANES": 2, "HOVLANE": 0, "THOROUGHFARETYPE": "LOCAL", "SPEEDLIMIT": 25, "PAVEMENTWIDTH": null, "ONEWAY": 0, "SPEEDHUMP": 0, "MEDIAN": 0, "HANSENSTATUS": "Added", "COMPTYPE": 68, "COMPKEY": 88340.0, "UNITID": "767", "UNITID2": "65", "FUNITID": null, "TUNITID": null, "LENGTH": null, "ADDRESSNUMBERS": "NON", "CFCC": "A31", "MAINT_BY": null, "PAVEMENT_RATING": null, "LOAD_STATUS": null, "FULL_NAME": "5700  - 5898 BEAVER DAM LN", "SHAPE.STLength()": 1074.1949797270456, "index_right": 216, "STATUS": "EFFECTIVE", "FLD_ZONE": "COMMUNITY FLOODPLAIN - FUTURE CONDITIONS", "DATE": "2014-02-19T00:00:00", "Shape_Leng": 52499.501572900001, "Shape_Area": 3922220.1658000001 }, "geometry": { "type": "LineString", "coordinates": [ [ 1497931.747339085675776, 520957.58295424625976 ], [ 1497883.74809125228785, 521017.999828144325875 ], [ 1497846.913519245572388, 521066.000388317101169 ], [ 1497766.497341499663889, 521170.665861404384486 ], [ 1497727.663757735164836, 521221.249749744136352 ], [ 1497624.747296913061291, 521344.749830830085557 ], [ 1497583.663717654999346, 521403.332718899939209 ], [ 1497545.413466076133773, 521455.416604241821915 ], [ 1497498.913559074746445, 521518.833472144207917 ], [ 1497444.664323744596913, 521604.416634309571236 ], [ 1497398.913759077899158, 521673.99982847616775 ], [ 1497351.497515317518264, 521748.666017728100996 ], [ 1497304.247281740419567, 521814.749546976119746 ], [ 1497297.747294731670991, 521823.499529490596615 ] ] } },
{ "type": "Feature", "properties": { "OBJECTID": 18741045, "ENABLED": 1, "E911": 53113, "LASTEDITDATE": 1699878358000, "DATEADDED": 1505317001000, "USERNAME": "WISMESE", "ACTIONTYPE": "StCodeChange", "PREFIXDIRECTION": null, "STREETNAME": "BECKINHALL", "STANDTYPE": "DR", "SUFFIX": null, "STREETTYPE": "DR", "WHOLESTNAME": "Beckinhall Dr", "LL_ADD": 2501, "UL_ADD": 2599, "LR_ADD": 2500, "UR_ADD": 2598, "LBLOCKMIN": 2501, "RBLOCKMIN": 2500, "LBLOCKMAX": 2599, "RBLOCKMAX": 2598, "LSTREETCODE": 20325, "RSTREETCODE": 20325, "L_ZIPCODE": 28214, "R_ZIPCODE": 28214, "L_JURIS": "CHAR", "R_JURIS": "CHAR", "LCOUNTY": "MECK", "RCOUNTY": "MECK", "SUBDIVISIONNAME": null, "SUBDIVISIONPHASE": null, "ROADTYPE": 1, "STREETCLASS": "PU", "MARK": null, "GPS_STAT": "Needed", "TOPO": null, "LUESAFLAG": null, "STNAMECHANGE": null, "BARRIER": 0, "PREVE911": null, "ORIGE911": null, "LIFECYCLESTATUS": "Active", "DIVIDED": 0, "SURFACETYPE": 2, "NUMBEROFLANES": 2, "HOVLANE": 0, "THOROUGHFARETYPE": "LOCAL", "SPEEDLIMIT": 35, "PAVEMENTWIDTH": null, "ONEWAY": 0, "SPEEDHUMP": 0, "MEDIAN": 0, "HANSENSTATUS": "New", "COMPTYPE": 68, "COMPKEY": 236709.0, "UNITID": "19193", "UNITID2": "4", "FUNITID": null, "TUNITID": null, "LENGTH": null, "ADDRESSNUMBERS": "NON", "CFCC": "A41", "MAINT_BY": "CITY", "PAVEMENT_RATING": null, "LOAD_STATUS": null, "FULL_NAME": "2500  - 2598 BECKINHALL DR", "SHAPE.STLength()": 719.47808030994327, "index_right": 332, "STATUS": "LOMR", "FLD_ZONE": "COMMUNITY FLOODPLAIN - FUTURE CONDITIONS", "DATE": "2024-10-02T00:00:00", "Shape_Leng": 7609.3417288000001, "Shape_Area": 812453.25949500001 }, "geometry": { "type": "LineString", "coordinates": [ [ 1413832.597295308718458, 553453.275180242722854 ], [ 1413837.549385154154152, 553506.297055831761099 ], [ 1413846.370561729883775, 553551.980363416252658 ], [ 1413854.558865572558716, 553570.202767919166945 ], [ 1413865.038175308378413, 553587.211264090030454 ], [ 1413877.632310236804187, 553602.719435175298713 ], [ 1413892.128672311780974, 553616.465798737714067 ], [ 1413960.563574815401807, 553673.317719152197242 ], [ 1413974.604557226644829, 553686.347876823507249 ], [ 1413986.986750314245, 553700.963005074649118 ], [ 1413997.533317146357149, 553716.953786748228595 ], [ 1414006.092027066741139, 553734.090563501697034 ], [ 1414012.541161149507388, 553752.12792899669148 ], [ 1414016.787215646589175, 553770.806697404244915 ], [ 1414053.676905645756051, 554104.661016568541527 ] ] } },
{ "type": "Feature", "properties": { "OBJECTID": 18741097, "ENABLED": 1, "E911": 10678, "LASTEDITDATE": 1649690674000, "DATEADDED": 946512000000, "USERNAME": "MAHMOMM", "ACTIONTYPE": "New", "PREFIXDIRECTION": null, "STREETNAME": "BEECHWAY", "STANDTYPE": "CIR", "SUFFIX": null, "STREETTYPE": "CR", "WHOLESTNAME": "Beechway Cr", "LL_ADD": 101, "UL_ADD": 199, "LR_ADD": 100, "UR_ADD": 198, "LBLOCKMIN": 0, "RBLOCKMIN": 0, "LBLOCKMAX": 0, "RBLOCKMAX": 0, "LSTREETCODE": 544, "RSTREETCODE": 544, "L_ZIPCODE": 28213, "R_ZIPCODE": 28213, "L_JURIS": "CHAR", "R_JURIS": "CHAR", "LCOUNTY": "MECK", "RCOUNTY": "MECK", "SUBDIVISIONNAME": null, "SUBDIVISIONPHASE": null, "ROADTYPE": 1, "STREETCLASS": "PV", "MARK": null, "GPS_STAT": "Needed", "TOPO": null, "LUESAFLAG": null, "STNAMECHANGE": null, "BARRIER": 0, "PREVE911": null, "ORIGE911": null, "LIFECYCLESTATUS": "Active", "DIVIDED": 0, "SURFACETYPE": 2, "NUMBEROFLANES": 2, "HOVLANE": 0, "THOROUGHFARETYPE": "LOCAL", "SPEEDLIMIT": 35, "PAVEMENTWIDTH": null, "ONEWAY": 0, "SPEEDHUMP": 0, "MEDIAN": 0, "HANSENSTATUS": "Added", "COMPTYPE": 68, "COMPKEY": 88441.0, "UNITID": "799", "UNITID2": "22", "FUNITID": null, "TUNITID": null, "LENGTH": null, "ADDRESSNUMBERS": "NON", "CFCC": "A41", "MAINT_BY": null, "PAVEMENT_RATING": null, "LOAD_STATUS": null, "FULL_NAME": "100  - 198 BEECHWAY CIR", "SHAPE.STLength()": 380.01061327395496, "index_right": 229, "STATUS": "EFFECTIVE", "FLD_ZONE": "COMMUNITY FLOODPLAIN - FUTURE CONDITIONS", "DATE": "2014-02-19T00:00:00", "Shape_Leng": 58768.949349199997, "Shape_Area": 6510426.1211900003 }, "geometry": { "type": "LineString", "coordinates": [ [ 1464897.330468045547605, 553822.749834970221855 ], [ 1464905.997445450164378, 553896.082693554111756 ], [ 1464908.99809561832808, 553929.999620470451191 ], [ 1464911.830439046490937, 553961.99955646332819 ], [ 1464912.330438033211976, 553991.499825556413271 ], [ 1464911.330440047429875, 554017.582778640207835 ], [ 1464910.830441044410691, 554049.500365723739378 ], [ 1464911.330440046498552, 554105.582930707954802 ], [ 1464912.330438032047823, 554135.082871717284434 ], [ 1464911.330440046265721, 554168.999798642937094 ], [ 1464912.330438035074621, 554201.916071382933296 ] ] } },
{ "type": "Feature", "properties": { "OBJECTID": 18741261, "ENABLED": 1, "E911": 14862, "LASTEDITDATE": 1706784474000, "DATEADDED": 946512000000, "USERNAME": "SCASTONGIA", "ACTIONTYPE": "New", "PREFIXDIRECTION": null, "STREETNAME": "BELMONT", "STANDTYPE": "AVE", "SUFFIX": null, "STREETTYPE": "AV", "WHOLESTNAME": "Belmont Av", "LL_ADD": 701, "UL_ADD": 799, "LR_ADD": 700, "UR_ADD": 798, "LBLOCKMIN": 0, "RBLOCKMIN": 0, "LBLOCKMAX": 0, "RBLOCKMAX": 0, "LSTREETCODE": 580, "RSTREETCODE": 580, "L_ZIPCODE": 28206, "R_ZIPCODE": 28206, "L_JURIS": "CHAR", "R_JURIS": "CHAR", "LCOUNTY": "MECK", "RCOUNTY": "MECK", "SUBDIVISIONNAME": null, "SUBDIVISIONPHASE": null, "ROADTYPE": 1, "STREETCLASS": "PU", "MARK": null, "GPS_STAT": "Needed", "TOPO": null, "LUESAFLAG": null, "STNAMECHANGE": null, "BARRIER": 0, "PREVE911": null, "ORIGE911": null, "LIFECYCLESTATUS": "Active", "DIVIDED": 0, "SURFACETYPE": 2, "NUMBEROFLANES": 2, "HOVLANE": 0, "THOROUGHFARETYPE": "EXCOLLMJ", "SPEEDLIMIT": 25, "PAVEMENTWIDTH": 26.0, "ONEWAY": 0, "SPEEDHUMP": 1, "MEDIAN": 0, "HANSENSTATUS": "Added", "COMPTYPE": 68, "COMPKEY": 88522.0, "UNITID": "844", "UNITID2": "40", "FUNITID": null, "TUNITID": null, "LENGTH": null, "ADDRESSNUMBERS": "NON", "CFCC": "A41", "MAINT_BY": "CITY", "PAVEMENT_RATING": 95.0, "LOAD_STATUS": null, "FULL_NAME": "700  - 798 BELMONT AVE", "SHAPE.STLength()": 437.98878050375379, "index_right": 244, "STATUS": "LOMR", "FLD_ZONE": "COMMUNITY FLOODPLAIN - FUTURE CONDITIONS", "DATE": "2017-01-02T00:00:00", "Shape_Leng": 27827.864269599999, "Shape_Area": 1647236.12157 }, "geometry": { "type": "LineString", "coordinates": [ [ 1454968.91430118936114, 543792.332888081786223 ], [ 1454984.414270178647712, 543775.249588927603327 ], [ 1455061.997448353562504, 543688.999761421233416 ], [ 1455164.580576526466757, 543575.08266642736271 ], [ 1455183.247533936984837, 543553.250361009151675 ], [ 1455203.663503605872393, 543531.832752927090041 ], [ 1455225.080455516232178, 543511.665798506350257 ], [ 1455239.163760697469115, 543499.41582301305607 ], [ 1455256.248044106876478, 543486.499838336487301 ], [ 1455271.247357939835638, 543476.915868007694371 ] ] } },
{ "type": "Feature", "properties": { "OBJECTID": 18741279, "ENABLED": 1, "E911": 8304, "LASTEDITDATE": 1667300269000, "DATEADDED": 946512000000, "USERNAME": "SCASTONGIA", "ACTIONTYPE": "New", "PREFIXDIRECTION": null, "STREETNAME": "BELMORROW", "STANDTYPE": "DR", "SUFFIX": null, "STREETTYPE": "DR", "WHOLESTNAME": "Belmorrow Dr", "LL_ADD": 601, "UL_ADD": 699, "LR_ADD": 600, "UR_ADD": 698, "LBLOCKMIN": 0, "RBLOCKMIN": 0, "LBLOCKMAX": 0, "RBLOCKMAX": 0, "LSTREETCODE": 581, "RSTREETCODE": 581, "L_ZIPCODE": 28214, "R_ZIPCODE": 28214, "L_JURIS": "CHAR", "R_JURIS": "CHAR", "LCOUNTY": "MECK", "RCOUNTY": "MECK", "SUBDIVISIONNAME": null, "SUBDIVISIONPHASE": null, "ROADTYPE": 1, "STREETCLASS": "PU", "MARK": null, "GPS_STAT": "Needed", "TOPO": null, "LUESAFLAG": null, "STNAMECHANGE": null, "BARRIER": 0, "PREVE911": null, "ORIGE911": null, "LIFECYCLESTATUS": "Active", "DIVIDED": 0, "SURFACETYPE": 2, "NUMBEROFLANES": 2, "HOVLANE": 0, "THOROUGHFARETYPE": "LOCAL", "SPEEDLIMIT": 25, "PAVEMENTWIDTH": 24.0, "ONEWAY": 0, "SPEEDHUMP": 0, "MEDIAN": 0, "HANSENSTATUS": "Added", "COMPTYPE": 68, "COMPKEY": 88533.0, "UNITID": "845", "UNITID2": "50", "FUNITID": null, "TUNITID": null, "LENGTH": null, "ADDRESSNUMBERS": "NON", "CFCC": "A41", "MAINT_BY": "CITY", "PAVEMENT_RATING": 79.0, "LOAD_STATUS": null, "FULL_NAME": "600  - 698 BELMORROW DR", "SHAPE.STLength()": 1518.3452603712406, "index_right": 242, "STATUS": "EFFECTIVE", "FLD_ZONE": "COMMUNITY FLOODPLAIN - FUTURE CONDITIONS", "DATE": "2015-09-02T00:00:00", "Shape_Leng": 310533.77762200002, "Shape_Area": 51877569.312200002 }, "geometry": { "type": "LineString", "coordinates": [ [ 1418893.414273454807699, 570314.000316798919812 ], [ 1418886.664286955958232, 570312.916001397534274 ], [ 1418871.997321530710906, 570309.582674724981189 ], [ 1418858.830353109166026, 570306.332681226311252 ], [ 1418842.330386114306748, 570301.16602489259094 ], [ 1418822.830425110179931, 570294.166038893163204 ], [ 1418807.747450034366921, 570288.332717227749527 ], [ 1418792.747480031335726, 570282.41606237902306 ], [ 1418776.997511530993506, 570276.25039230985567 ], [ 1418763.913548196665943, 570271.249746147892438 ], [ 1418746.747243953403085, 570265.165768797858618 ], [ 1418729.83061110554263, 570260.332773225265555 ], [ 1418715.247306940611452, 570256.749775141943246 ], [ 1418694.747347950236872, 570253.915791304549202 ], [ 1418680.248033117735758, 570252.665793801075779 ], [ 1418668.4137392048724, 570252.165794794214889 ], [ 1418658.330426034284756, 570252.833444385789335 ], [ 1418643.997449436923489, 570254.332785206963308 ], [ 1418628.580485534388572, 570257.499773633782752 ], [ 1418607.663532609585673, 570263.082767721498385 ], [ 1418582.830577026354149, 570270.749747150228359 ], [ 1418567.664268773281947, 570276.332741223974153 ], [ 1418549.997309366706759, 570283.500377803575248 ], [ 1418529.997349360957742, 570292.08270972862374 ], [ 1418509.99804552923888, 570301.16602489259094 ], [ 1418489.58043544832617, 570310.250324312015437 ], [ 1418463.497482354519889, 570322.499643647461198 ], [ 1418440.913538032444194, 570332.082957804552279 ], [ 1418417.747245781589299, 570342.082937813131139 ], [ 1418402.997275269357488, 570348.999590643215925 ], [ 1418383.997313268948346, 570357.582906818948686 ], [ 1418368.580349362688139, 570364.415898386738263 ], [ 1418351.998033441603184, 570371.832878307439387 ], [ 1418330.83042485290207, 570380.999526640865952 ], [ 1418312.913465939229354, 570388.833500482491218 ], [ 1418290.331162025919184, 570399.583478978136554 ], [ 1418280.913529936922714, 570404.833468462806195 ], [ 1418266.163559441454709, 570412.333453483064659 ], [ 1418252.997247189749032, 570419.165788883925416 ], [ 1418237.580611354438588, 570428.165770892519504 ], [ 1418225.414297109236941, 570435.416084469761699 ], [ 1418212.580661362735555, 570443.750385387917049 ], [ 1418200.414347102632746, 570452.166050974279642 ], [ 1418189.99802935612388, 570459.750353400711901 ], [ 1418176.748055850388482, 570470.750331385992467 ], [ 1418165.080428276211023, 570481.249654220417142 ], [ 1418152.747447689063847, 570493.0829638853902 ], [ 1418138.663486352656037, 570506.58293689135462 ], [ 1418127.331159939290956, 570518.416574635310099 ], [ 1418116.997519185068086, 570528.832892393111251 ], [ 1418099.913563852431253, 570545.915863468428142 ], [ 1418078.830600766697899, 570566.915821471484378 ], [ 1418059.497306098695844, 570586.915781470015645 ], [ 1418041.830346693750471, 570604.166075046523474 ], [ 1418017.74804577883333, 570627.416028562118299 ], [ 1417996.080438183620572, 570649.166641219519079 ], [ 1417979.330471681663767, 570666.416606726357713 ], [ 1417965.581155346240848, 570680.666578205651604 ], [ 1417953.831178848864511, 570693.582890956313349 ], [ 1417944.997535096714273, 570703.499537804746069 ], [ 1417935.997225020546466, 570714.333505641669035 ], [ 1417929.747237520292401, 570723.33348764560651 ], [ 1417924.580581189133227, 570731.333471626392566 ], [ 1417919.497258023824543, 570741.583451138460077 ], [ 1417915.997265012003481, 570750.16578306350857 ], [ 1417913.747269513551146, 570756.999758877442218 ], [ 1417911.164269435685128, 570766.916077647008933 ], [ 1417907.914275930961594, 570782.08271397522185 ], [ 1417905.580619189655408, 570795.832686475478113 ], [ 1417903.997289018239826, 570808.999654882820323 ], [ 1417902.830624687718228, 570822.666622306336649 ], [ 1417902.330625685397536, 570834.499603883246891 ], [ 1417902.33062568330206, 570844.749583399971016 ], [ 1417902.330625685630366, 570859.999552883673459 ], [ 1417902.83062468515709, 570880.833500724402256 ], [ 1417904.580621183849871, 570945.916047721868381 ], [ 1417906.830616685794666, 571020.249560477328487 ], [ 1417906.830616686493158, 571039.083512299577706 ], [ 1417907.497282015858218, 571056.1658272218192 ], [ 1417908.080614180536941, 571074.415790714672767 ], [ 1417908.997279023518786, 571106.666054308530875 ] ] } },
{ "type": "Feature", "properties": { "OBJECTID": 18741328, "ENABLED": 1, "E911": 11820, "LASTEDITDATE": 1604040245000, "DATEADDED": 946512000000, "USERNAME": "SCASTONGIA", "ACTIONTYPE": "New", "PREFIXDIRECTION": null, "STREETNAME": "BENARD", "STANDTYPE": "AVE", "SUFFIX": null, "STREETTYPE": "AV", "WHOLESTNAME": "Benard Av", "LL_ADD": 3201, "UL_ADD": 3299, "LR_ADD": 3200, "UR_ADD": 3298, "LBLOCKMIN": 0, "RBLOCKMIN": 0, "LBLOCKMAX": 0, "RBLOCKMAX": 0, "LSTREETCODE": 592, "RSTREETCODE": 592, "L_ZIPCODE": 28206, "R_ZIPCODE": 28206, "L_JURIS": "CHAR", "R_JURIS": "CHAR", "LCOUNTY": "MECK", "RCOUNTY": "MECK", "SUBDIVISIONNAME": null, "SUBDIVISIONPHASE": null, "ROADTYPE": 1, "STREETCLASS": "PU", "MARK": null, "GPS_STAT": "Needed", "TOPO": null, "LUESAFLAG": null, "STNAMECHANGE": null, "BARRIER": 0, "PREVE911": null, "ORIGE911": null, "LIFECYCLESTATUS": "Active", "DIVIDED": 0, "SURFACETYPE": 2, "NUMBEROFLANES": 2, "HOVLANE": 0, "THOROUGHFARETYPE": "LOCAL", "SPEEDLIMIT": 35, "PAVEMENTWIDTH": 42.0, "ONEWAY": 0, "SPEEDHUMP": 0, "MEDIAN": 0, "HANSENSTATUS": "Added", "COMPTYPE": 68, "COMPKEY": 88462.0, "UNITID": "858", "UNITID2": "10", "FUNITID": null, "TUNITID": null, "LENGTH": null, "ADDRESSNUMBERS": "NON", "CFCC": "A41", "MAINT_BY": "CITY", "PAVEMENT_RATING": 100.0, "LOAD_STATUS": null, "FULL_NAME": "3200  - 3298 BENARD AVE", "SHAPE.STLength()": 568.97092945856843, "index_right": 229, "STATUS": "EFFECTIVE", "FLD_ZONE": "COMMUNITY FLOODPLAIN - FUTURE CONDITIONS", "DATE": "2014-02-19T00:00:00", "Shape_Leng": 58768.949349199997, "Shape_Area": 6510426.1211900003 }, "geometry": { "type": "LineString", "coordinates": [ [ 1459913.997258819406852, 551210.165821326663718 ], [ 1459935.997214814880863, 551208.499814166803844 ], [ 1459958.081160149769858, 551208.333475920837373 ], [ 1459980.163465075427666, 551209.833472918486223 ], [ 1460002.080415987642482, 551212.833466927404515 ], [ 1460169.248060652986169, 551258.000371341826394 ], [ 1460264.997541062068194, 551281.41600692702923 ], [ 1460306.41346874483861, 551295.499640169553459 ], [ 1460347.163715328322724, 551311.082942326087505 ], [ 1460387.330629748525098, 551328.16656957322266 ], [ 1460409.997251074993983, 551338.499554175650701 ], [ 1460456.163497326662764, 551364.333492001984268 ] ] } },
{ "type": "Feature", "properties": { "OBJECTID": 18741329, "ENABLED": 1, "E911": 37609, "LASTEDITDATE": 1604042958000, "DATEADDED": 946512000000, "USERNAME": "SCASTONGIA", "ACTIONTYPE": "ModifyCL", "PREFIXDIRECTION": null, "STREETNAME": "BENARD", "STANDTYPE": "AVE", "SUFFIX": null, "STREETTYPE": "AV", "WHOLESTNAME": "Benard Av", "LL_ADD": 3301, "UL_ADD": 3421, "LR_ADD": 3300, "UR_ADD": 3420, "LBLOCKMIN": 0, "RBLOCKMIN": 0, "LBLOCKMAX": 0, "RBLOCKMAX": 0, "LSTREETCODE": 592, "RSTREETCODE": 592, "L_ZIPCODE": 28206, "R_ZIPCODE": 28206, "L_JURIS": "CHAR", "R_JURIS": "CHAR", "LCOUNTY": "MECK", "RCOUNTY": "MECK", "SUBDIVISIONNAME": null, "SUBDIVISIONPHASE": null, "ROADTYPE": 1, "STREETCLASS": "PU", "MARK": null, "GPS_STAT": "Needed", "TOPO": null, "LUESAFLAG": null, "STNAMECHANGE": null, "BARRIER": 0, "PREVE911": null, "ORIGE911": null, "LIFECYCLESTATUS": "Active", "DIVIDED": 0, "SURFACETYPE": 2, "NUMBEROFLANES": 2, "HOVLANE": 0, "THOROUGHFARETYPE": "LOCAL", "SPEEDLIMIT": 35, "PAVEMENTWIDTH": 26.0, "ONEWAY": 0, "SPEEDHUMP": 0, "MEDIAN": 0, "HANSENSTATUS": "Other", "COMPTYPE": 68, "COMPKEY": 88572.0, "UNITID": "858", "UNITID2": "20", "FUNITID": null, "TUNITID": null, "LENGTH": null, "ADDRESSNUMBERS": "NON", "CFCC": "A41", "MAINT_BY": "CITY", "PAVEMENT_RATING": 80.0, "LOAD_STATUS": null, "FULL_NAME": "3300  - 3420 BENARD AVE", "SHAPE.STLength()": 915.71243827943431, "index_right": 229, "STATUS": "EFFECTIVE", "FLD_ZONE": "COMMUNITY FLOODPLAIN - FUTURE CONDITIONS", "DATE": "2014-02-19T00:00:00", "Shape_Leng": 58768.949349199997, "Shape_Area": 6510426.1211900003 }, "geometry": { "type": "LineString", "coordinates": [ [ 1460456.163497326662764, 551364.333492001984268 ], [ 1460484.99808531650342, 551365.083490498480387 ], [ 1460519.16369940363802, 551362.415844920906238 ], [ 1460589.247220667311922, 551349.165871409117244 ], [ 1460628.330475821625441, 551341.915885901544243 ], [ 1460667.830396830802783, 551336.165897410130128 ], [ 1460691.66433866485022, 551333.415902909240685 ], [ 1460715.497296246467158, 551332.249566653976217 ], [ 1460734.830590904923156, 551332.415904909255914 ], [ 1460754.247218747157604, 551334.165901419590227 ], [ 1460773.247508825967088, 551337.415894899633713 ], [ 1460791.997471334412694, 551342.332879827357829 ], [ 1460820.248071003705263, 551352.333515998325311 ], [ 1460847.830364916473627, 551363.833492985810153 ], [ 1460874.747305827913806, 551376.833467003423721 ], [ 1460878.664292741101235, 551378.833462993963622 ], [ 1460952.247478922596201, 551417.916061997995712 ], [ 1461057.497268414357677, 551471.166611673892476 ], [ 1461111.247488998109475, 551498.915900010615587 ], [ 1461165.580385586479679, 551525.415847001597285 ], [ 1461220.580603666137904, 551550.415796981193125 ], [ 1461250.497538588941097, 551563.749759834026918 ], [ 1461281.080482666846365, 551575.666074584936723 ], [ 1461312.163753830129281, 551586.082720421720296 ], [ 1461313.248069253051654, 551586.416053085355088 ] ] } },
{ "type": "Feature", "properties": { "OBJECTID": 18741566, "ENABLED": 1, "E911": 13420, "LASTEDITDATE": 1738664916000, "DATEADDED": 946512000000, "USERNAME": "WISMESE", "ACTIONTYPE": "ModifyCL", "PREFIXDIRECTION": null, "STREETNAME": "BERRYHILL", "STANDTYPE": "RD", "SUFFIX": null, "STREETTYPE": "RD", "WHOLESTNAME": "Berryhill Rd", "LL_ADD": 1601, "UL_ADD": 1699, "LR_ADD": 1600, "UR_ADD": 1698, "LBLOCKMIN": 0, "RBLOCKMIN": 0, "LBLOCKMAX": 0, "RBLOCKMAX": 0, "LSTREETCODE": 632, "RSTREETCODE": 632, "L_ZIPCODE": 28208, "R_ZIPCODE": 28208, "L_JURIS": "CHAR", "R_JURIS": "CHAR", "LCOUNTY": "MECK", "RCOUNTY": "MECK", "SUBDIVISIONNAME": null, "SUBDIVISIONPHASE": null, "ROADTYPE": 1, "STREETCLASS": "PU", "MARK": null, "GPS_STAT": "Needed", "TOPO": null, "LUESAFLAG": null, "STNAMECHANGE": null, "BARRIER": 0, "PREVE911": null, "ORIGE911": null, "LIFECYCLESTATUS": "Active", "DIVIDED": 0, "SURFACETYPE": 2, "NUMBEROFLANES": 2, "HOVLANE": 0, "THOROUGHFARETYPE": "EXCOLLMJ", "SPEEDLIMIT": 25, "PAVEMENTWIDTH": 24.0, "ONEWAY": 0, "SPEEDHUMP": 0, "MEDIAN": 0, "HANSENSTATUS": "Other", "COMPTYPE": 68, "COMPKEY": 88699.0, "UNITID": "906", "UNITID2": "123", "FUNITID": null, "TUNITID": null, "LENGTH": null, "ADDRESSNUMBERS": "NON", "CFCC": "A21", "MAINT_BY": "CITY", "PAVEMENT_RATING": 100.0, "LOAD_STATUS": null, "FULL_NAME": "1600  - 1698 BERRYHILL RD", "SHAPE.STLength()": 554.96864577554049, "index_right": 152, "STATUS": "EFFECTIVE", "FLD_ZONE": "COMMUNITY FLOODPLAIN - FUTURE CONDITIONS", "DATE": "2015-09-02T00:00:00", "Shape_Leng": 41503.363717799999, "Shape_Area": 7043180.2937899996 }, "geometry": { "type": "LineString", "coordinates": [ [ 1439518.330372850876302, 544400.749650250072591 ], [ 1439153.161155683221295, 544112.221027838415466 ], [ 1439141.488934927154332, 544102.914616002934054 ], [ 1439131.218614257173613, 544092.081304342485964 ], [ 1439122.547371761407703, 544079.929753838456236 ], [ 1439115.643186098663136, 544066.6942160212202 ], [ 1439110.638931007822976, 544052.629939689184539 ], [ 1439107.631063002860174, 544038.007921669632196 ] ] } },
{ "type": "Feature", "properties": { "OBJECTID": 18741568, "ENABLED": 1, "E911": 14343, "LASTEDITDATE": 1738664917000, "DATEADDED": 946512000000, "USERNAME": "WISMESE", "ACTIONTYPE": "ModifyCL", "PREFIXDIRECTION": null, "STREETNAME": "BERRYHILL", "STANDTYPE": "RD", "SUFFIX": null, "STREETTYPE": "RD", "WHOLESTNAME": "Berryhill Rd", "LL_ADD": 1401, "UL_ADD": 1599, "LR_ADD": 1400, "UR_ADD": 1598, "LBLOCKMIN": 1401, "RBLOCKMIN": 1400, "LBLOCKMAX": 1599, "RBLOCKMAX": 1598, "LSTREETCODE": 632, "RSTREETCODE": 632, "L_ZIPCODE": 28208, "R_ZIPCODE": 28208, "L_JURIS": "CHAR", "R_JURIS": "CHAR", "LCOUNTY": "MECK", "RCOUNTY": "MECK", "SUBDIVISIONNAME": null, "SUBDIVISIONPHASE": null, "ROADTYPE": 1, "STREETCLASS": "PU", "MARK": null, "GPS_STAT": "Needed", "TOPO": null, "LUESAFLAG": null, "STNAMECHANGE": null, "BARRIER": 0, "PREVE911": null, "ORIGE911": null, "LIFECYCLESTATUS": "Active", "DIVIDED": 0, "SURFACETYPE": 2, "NUMBEROFLANES": 2, "HOVLANE": 0, "THOROUGHFARETYPE": "EXCOLLMJ", "SPEEDLIMIT": 25, "PAVEMENTWIDTH": 26.0, "ONEWAY": 0, "SPEEDHUMP": 0, "MEDIAN": 0, "HANSENSTATUS": "Other", "COMPTYPE": 68, "COMPKEY": 88698.0, "UNITID": "906", "UNITID2": "125", "FUNITID": null, "TUNITID": null, "LENGTH": null, "ADDRESSNUMBERS": "NON", "CFCC": "A21", "MAINT_BY": "CITY", "PAVEMENT_RATING": null, "LOAD_STATUS": null, "FULL_NAME": "1400  - 1598 BERRYHILL RD", "SHAPE.STLength()": 722.84006824028359, "index_right": 152, "STATUS": "EFFECTIVE", "FLD_ZONE": "COMMUNITY FLOODPLAIN - FUTURE CONDITIONS", "DATE": "2015-09-02T00:00:00", "Shape_Leng": 41503.363717799999, "Shape_Area": 7043180.2937899996 }, "geometry": { "type": "LineString", "coordinates": [ [ 1439762.081197692081332, 545058.416642001713626 ], [ 1439720.259102849522606, 544776.321405673981644 ], [ 1439710.375592438038439, 544729.364150501205586 ], [ 1439698.015380932483822, 544682.99744533339981 ], [ 1439683.212589021772146, 544637.351539249764755 ], [ 1439666.009211343945935, 544592.555369004607201 ], [ 1439654.006282593589276, 544564.928455755929463 ], [ 1439641.467921850038692, 544538.495437743025832 ], [ 1439626.829171594697982, 544513.165435916860588 ], [ 1439610.185832183109596, 544489.105116588063538 ], [ 1439591.647811512462795, 544466.472287830663845 ], [ 1439571.336828511441126, 544445.415899499552324 ], [ 1439518.330372850876302, 544400.749650250072591 ] ] } },
{ "type": "Feature", "properties": { "OBJECTID": 18741779, "ENABLED": 1, "E911": 38607, "LASTEDITDATE": 1588696058000, "DATEADDED": 946512000000, "USERNAME": "SDE", "ACTIONTYPE": "New", "PREFIXDIRECTION": null, "STREETNAME": "BILLY GRAHAM", "STANDTYPE": "PKWY", "SUFFIX": null, "STREETTYPE": "PY", "WHOLESTNAME": "Billy Graham Py", "LL_ADD": 1401, "UL_ADD": 2099, "LR_ADD": 1400, "UR_ADD": 2098, "LBLOCKMIN": 1401, "RBLOCKMIN": 1400, "LBLOCKMAX": 2099, "RBLOCKMAX": 2098, "LSTREETCODE": 682, "RSTREETCODE": 682, "L_ZIPCODE": 28217, "R_ZIPCODE": 28217, "L_JURIS": "CHAR", "R_JURIS": "CHAR", "LCOUNTY": "MECK", "RCOUNTY": "MECK", "SUBDIVISIONNAME": null, "SUBDIVISIONPHASE": null, "ROADTYPE": 1, "STREETCLASS": "PU", "MARK": null, "GPS_STAT": "Needed", "TOPO": null, "LUESAFLAG": null, "STNAMECHANGE": null, "BARRIER": 0, "PREVE911": null, "ORIGE911": null, "LIFECYCLESTATUS": "Active", "DIVIDED": 1, "SURFACETYPE": 2, "NUMBEROFLANES": 4, "HOVLANE": 0, "THOROUGHFARETYPE": "C2EX", "SPEEDLIMIT": 55, "PAVEMENTWIDTH": null, "ONEWAY": 0, "SPEEDHUMP": 0, "MEDIAN": 1, "HANSENSTATUS": "Added", "COMPTYPE": 68, "COMPKEY": 88871.0, "UNITID": "965", "UNITID2": "244", "FUNITID": null, "TUNITID": null, "LENGTH": null, "ADDRESSNUMBERS": "NON", "CFCC": "A21", "MAINT_BY": "STATE", "PAVEMENT_RATING": null, "LOAD_STATUS": null, "FULL_NAME": "1400  - 2098 BILLY GRAHAM PKWY", "SHAPE.STLength()": 3158.2053541537184, "index_right": 136, "STATUS": "EFFECTIVE", "FLD_ZONE": "COMMUNITY FLOODPLAIN - FUTURE CONDITIONS", "DATE": "2015-09-02T00:00:00", "Shape_Leng": 50661.153325699997, "Shape_Area": 7452365.3892000001 }, "geometry": { "type": "LineString", "coordinates": [ [ 1431063.663555100793019, 528543.749540346558206 ], [ 1430470.24807525309734, 528771.000398181146011 ], [ 1429707.497304169926792, 529063.083475426305085 ], [ 1428916.413584493100643, 529447.166040585609153 ], [ 1428581.247260069241747, 529643.666631828644313 ], [ 1428320.080459563992918, 529816.16661492025014 ], [ 1428304.081147733842954, 529826.749599007656798 ], [ 1428217.914325310150161, 529888.333465337171219 ] ] } },
{ "type": "Feature", "properties": { "OBJECTID": 18741786, "ENABLED": 1, "E911": 36958, "LASTEDITDATE": 1588695944000, "DATEADDED": 946512000000, "USERNAME": "SDE", "ACTIONTYPE": "ModifyCL", "PREFIXDIRECTION": null, "STREETNAME": "BILLY GRAHAM", "STANDTYPE": "PKWY", "SUFFIX": null, "STREETTYPE": "PY", "WHOLESTNAME": "Billy Graham Py", "LL_ADD": 2101, "UL_ADD": 2299, "LR_ADD": 2100, "UR_ADD": 2298, "LBLOCKMIN": 0, "RBLOCKMIN": 0, "LBLOCKMAX": 0, "RBLOCKMAX": 0, "LSTREETCODE": 682, "RSTREETCODE": 682, "L_ZIPCODE": 28217, "R_ZIPCODE": 28217, "L_JURIS": "CHAR", "R_JURIS": "CHAR", "LCOUNTY": "MECK", "RCOUNTY": "MECK", "SUBDIVISIONNAME": null, "SUBDIVISIONPHASE": null, "ROADTYPE": 1, "STREETCLASS": "PU", "MARK": null, "GPS_STAT": "Needed", "TOPO": null, "LUESAFLAG": null, "STNAMECHANGE": null, "BARRIER": 0, "PREVE911": null, "ORIGE911": null, "LIFECYCLESTATUS": "Active", "DIVIDED": 1, "SURFACETYPE": 2, "NUMBEROFLANES": 4, "HOVLANE": 0, "THOROUGHFARETYPE": "C2EX", "SPEEDLIMIT": 55, "PAVEMENTWIDTH": null, "ONEWAY": 0, "SPEEDHUMP": 0, "MEDIAN": 1, "HANSENSTATUS": "Other", "COMPTYPE": 68, "COMPKEY": 88849.0, "UNITID": "965", "UNITID2": "30", "FUNITID": null, "TUNITID": null, "LENGTH": null, "ADDRESSNUMBERS": "NON", "CFCC": "A21", "MAINT_BY": "STATE", "PAVEMENT_RATING": null, "LOAD_STATUS": null, "FULL_NAME": "2100  - 2298 BILLY GRAHAM PKWY", "SHAPE.STLength()": 1771.4974191518581, "index_right": 136, "STATUS": "EFFECTIVE", "FLD_ZONE": "COMMUNITY FLOODPLAIN - FUTURE CONDITIONS", "DATE": "2015-09-02T00:00:00", "Shape_Leng": 50661.153325699997, "Shape_Area": 7452365.3892000001 }, "geometry": { "type": "LineString", "coordinates": [ [ 1428217.914325310150161, 529888.333465337171219 ], [ 1427978.1634924816899, 530071.082771755056456 ], [ 1427793.081185484537855, 530213.083471999736503 ], [ 1427615.747222563019022, 530367.165840990608558 ], [ 1427528.748052721144632, 530439.666024094331078 ], [ 1427414.080631139921024, 530547.999796916847117 ], [ 1427282.247233392903581, 530673.999544912134297 ], [ 1427169.747458386002108, 530784.499651989899576 ], [ 1427035.998053969349712, 530926.000353241455741 ], [ 1426954.247233224101365, 531011.999525072635151 ], [ 1426904.414327637059614, 531071.250390831613913 ] ] } },
{ "type": "Feature", "properties": { "OBJECTID": 18741794, "ENABLED": 1, "E911": 16956, "LASTEDITDATE": 1604040532000, "DATEADDED": 946512000000, "USERNAME": "SCASTONGIA", "ACTIONTYPE": "New", "PREFIXDIRECTION": null, "STREETNAME": "BILTMORE", "STANDTYPE": "DR", "SUFFIX": null, "STREETTYPE": "DR", "WHOLESTNAME": "Biltmore Dr", "LL_ADD": 1401, "UL_ADD": 1699, "LR_ADD": 1400, "UR_ADD": 1698, "LBLOCKMIN": 0, "RBLOCKMIN": 0, "LBLOCKMAX": 0, "RBLOCKMAX": 0, "LSTREETCODE": 685, "RSTREETCODE": 685, "L_ZIPCODE": 28207, "R_ZIPCODE": 28207, "L_JURIS": "CHAR", "R_JURIS": "CHAR", "LCOUNTY": "MECK", "RCOUNTY": "MECK", "SUBDIVISIONNAME": null, "SUBDIVISIONPHASE": null, "ROADTYPE": 1, "STREETCLASS": "PU", "MARK": null, "GPS_STAT": "Needed", "TOPO": null, "LUESAFLAG": null, "STNAMECHANGE": null, "BARRIER": 0, "PREVE911": null, "ORIGE911": null, "LIFECYCLESTATUS": "Active", "DIVIDED": 0, "SURFACETYPE": 2, "NUMBEROFLANES": 2, "HOVLANE": 0, "THOROUGHFARETYPE": "LOCAL", "SPEEDLIMIT": 35, "PAVEMENTWIDTH": 21.0, "ONEWAY": 0, "SPEEDHUMP": 0, "MEDIAN": 0, "HANSENSTATUS": "Added", "COMPTYPE": 68, "COMPKEY": 88891.0, "UNITID": "969", "UNITID2": "20", "FUNITID": null, "TUNITID": null, "LENGTH": null, "ADDRESSNUMBERS": "NON", "CFCC": "A41", "MAINT_BY": "CITY", "PAVEMENT_RATING": 82.0, "LOAD_STATUS": null, "FULL_NAME": "1400  - 1698 BILTMORE DR", "SHAPE.STLength()": 1565.3180797767091, "index_right": 219, "STATUS": "EFFECTIVE", "FLD_ZONE": "COMMUNITY FLOODPLAIN - FUTURE CONDITIONS", "DATE": "2014-02-19T00:00:00", "Shape_Leng": 30189.707806, "Shape_Area": 5800748.9217800004 }, "geometry": { "type": "LineString", "coordinates": [ [ 1455886.49809594778344, 528708.91587666363921 ], [ 1455934.497343780472875, 528561.165844089933671 ], [ 1455981.413588542724028, 528418.165802007773891 ], [ 1456013.91352354362607, 528314.832675337907858 ], [ 1456051.330443462356925, 528198.332908334909007 ], [ 1456074.998047043802217, 528126.582723760278895 ], [ 1456095.497349876910448, 528062.749518089811318 ], [ 1456153.497233874863014, 527883.915886260918342 ], [ 1456190.081150211161003, 527772.332776097464375 ], [ 1456232.748059621080756, 527638.332716009928845 ], [ 1456274.414314871886745, 527510.332643935922533 ], [ 1456338.831180792069063, 527310.582715347525664 ], [ 1456369.747457541525364, 527220.082896356587298 ] ] } },
{ "type": "Feature", "properties": { "OBJECTID": 18741848, "ENABLED": 1, "E911": 48150, "LASTEDITDATE": 1739785022000, "DATEADDED": 946512000000, "USERNAME": "WISMESE", "ACTIONTYPE": "ModifyCL", "PREFIXDIRECTION": null, "STREETNAME": "BIRCHWOOD", "STANDTYPE": "DR", "SUFFIX": null, "STREETTYPE": "DR", "WHOLESTNAME": "Birchwood Dr", "LL_ADD": 131, "UL_ADD": 199, "LR_ADD": 130, "UR_ADD": 198, "LBLOCKMIN": 101, "RBLOCKMIN": 100, "LBLOCKMAX": 199, "RBLOCKMAX": 198, "LSTREETCODE": 694, "RSTREETCODE": 694, "L_ZIPCODE": 28214, "R_ZIPCODE": 28214, "L_JURIS": "CHAR", "R_JURIS": "CHAR", "LCOUNTY": "MECK", "RCOUNTY": "MECK", "SUBDIVISIONNAME": null, "SUBDIVISIONPHASE": null, "ROADTYPE": 1, "STREETCLASS": "PU", "MARK": null, "GPS_STAT": "Needed", "TOPO": null, "LUESAFLAG": null, "STNAMECHANGE": null, "BARRIER": 0, "PREVE911": null, "ORIGE911": null, "LIFECYCLESTATUS": "Active", "DIVIDED": 0, "SURFACETYPE": 2, "NUMBEROFLANES": 2, "HOVLANE": 0, "THOROUGHFARETYPE": "EXCOLLMJ", "SPEEDLIMIT": 45, "PAVEMENTWIDTH": 23.0, "ONEWAY": 0, "SPEEDHUMP": 0, "MEDIAN": 0, "HANSENSTATUS": "New", "COMPTYPE": 68, "COMPKEY": 187886.0, "UNITID": "983", "UNITID2": "20", "FUNITID": null, "TUNITID": null, "LENGTH": null, "ADDRESSNUMBERS": "NON", "CFCC": "A41", "MAINT_BY": "CITY", "PAVEMENT_RATING": 100.0, "LOAD_STATUS": null, "FULL_NAME": "130  - 198 BIRCHWOOD DR", "SHAPE.STLength()": 621.60469355318389, "index_right": 242, "STATUS": "EFFECTIVE", "FLD_ZONE": "COMMUNITY FLOODPLAIN - FUTURE CONDITIONS", "DATE": "2015-09-02T00:00:00", "Shape_Leng": 310533.77762200002, "Shape_Area": 51877569.312200002 }, "geometry": { "type": "LineString", "coordinates": [ [ 1421383.663558064494282, 568942.082785072503611 ], [ 1421387.663550061173737, 568933.415807648561895 ], [ 1421406.497501891339198, 568891.082887071650475 ], [ 1421425.747463388368487, 568846.416637826710939 ], [ 1421441.580436972668394, 568810.000372075359337 ], [ 1421462.330395472701639, 568763.333470654324628 ], [ 1421473.91370564349927, 568735.999535811715759 ], [ 1421477.74735939106904, 568725.915894573437981 ], [ 1421481.747351392172277, 568715.832909502321854 ], [ 1421485.580348981078714, 568704.666593243251555 ], [ 1421489.580340980552137, 568692.832955494755879 ], [ 1421492.414324800716713, 568680.916640757815912 ], [ 1421493.747327401302755, 568672.332668410381302 ], [ 1421494.247326391981915, 568663.832685413304716 ], [ 1421494.164321312215179, 568655.66603507520631 ], [ 1421492.914323802106082, 568645.832721409969963 ], [ 1421491.164327306905761, 568635.582741898018867 ], [ 1421488.414332804270089, 568629.082754924078472 ], [ 1421482.830354479141533, 568620.082772915484384 ], [ 1421473.580372972413898, 568609.665798995061778 ], [ 1421455.330409481888637, 568592.999821831705049 ], [ 1421434.997444894397631, 568575.915866505703889 ], [ 1421406.331163641763851, 568553.416567662847228 ], [ 1421358.997268807142973, 568519.832645335816778 ], [ 1421303.748035474447533, 568480.750374415423721 ], [ 1421263.913469473598525, 568454.415781419607811 ] ] } },
{ "type": "Feature", "properties": { "OBJECTID": 18741849, "ENABLED": 1, "E911": 35174, "LASTEDITDATE": 1706784474000, "DATEADDED": 946512000000, "USERNAME": "SCASTONGIA", "ACTIONTYPE": "ModifyCL", "PREFIXDIRECTION": null, "STREETNAME": "BIRCHWOOD", "STANDTYPE": "DR", "SUFFIX": null, "STREETTYPE": "DR", "WHOLESTNAME": "Birchwood Dr", "LL_ADD": 201, "UL_ADD": 299, "LR_ADD": 200, "UR_ADD": 298, "LBLOCKMIN": 201, "RBLOCKMIN": 200, "LBLOCKMAX": 299, "RBLOCKMAX": 298, "LSTREETCODE": 694, "RSTREETCODE": 694, "L_ZIPCODE": 28214, "R_ZIPCODE": 28214, "L_JURIS": "CHAR", "R_JURIS": "CHAR", "LCOUNTY": "MECK", "RCOUNTY": "MECK", "SUBDIVISIONNAME": null, "SUBDIVISIONPHASE": null, "ROADTYPE": 1, "STREETCLASS": "PU", "MARK": null, "GPS_STAT": "Needed", "TOPO": null, "LUESAFLAG": null, "STNAMECHANGE": null, "BARRIER": 0, "PREVE911": null, "ORIGE911": null, "LIFECYCLESTATUS": "Active", "DIVIDED": 0, "SURFACETYPE": 2, "NUMBEROFLANES": 2, "HOVLANE": 0, "THOROUGHFARETYPE": "EXCOLLMJ", "SPEEDLIMIT": 35, "PAVEMENTWIDTH": 17.0, "ONEWAY": 0, "SPEEDHUMP": 0, "MEDIAN": 0, "HANSENSTATUS": "New", "COMPTYPE": 68, "COMPKEY": 88926.0, "UNITID": "983", "UNITID2": "10", "FUNITID": null, "TUNITID": null, "LENGTH": null, "ADDRESSNUMBERS": "NON", "CFCC": "A41", "MAINT_BY": "CITY", "PAVEMENT_RATING": 100.0, "LOAD_STATUS": null, "FULL_NAME": "200  - 298 BIRCHWOOD DR", "SHAPE.STLength()": 663.86928329728767, "index_right": 242, "STATUS": "EFFECTIVE", "FLD_ZONE": "COMMUNITY FLOODPLAIN - FUTURE CONDITIONS", "DATE": "2015-09-02T00:00:00", "Shape_Leng": 310533.77762200002, "Shape_Area": 51877569.312200002 }, "geometry": { "type": "LineString", "coordinates": [ [ 1421176.247306221630424, 568392.415905405534431 ], [ 1421166.164321132469922, 568388.666569085791707 ], [ 1421155.497347720200196, 568387.332910315482877 ], [ 1421144.748025395674631, 568387.166572074289434 ], [ 1421131.163734966889024, 568387.916570570669137 ], [ 1421117.248080397024751, 568390.082904835115187 ], [ 1421102.24745421949774, 568393.249565155012533 ], [ 1421081.581156977917999, 568399.165891896933317 ], [ 1421062.497533715097234, 568405.582873822306283 ], [ 1421033.247264138655737, 568415.83350950141903 ], [ 1421016.497297637397423, 568421.665846902295016 ], [ 1420994.497341638198122, 568428.749822247540578 ], [ 1420986.247358134947717, 568430.915828419034369 ], [ 1420976.248034305870533, 568432.499814739101566 ], [ 1420963.913741386029869, 568432.833475500112399 ], [ 1420943.913781382376328, 568431.833477490930818 ], [ 1420934.830466216895729, 568431.165827927179635 ], [ 1420923.163494798587635, 568429.749820238212124 ], [ 1420913.997502632904798, 568426.999825741862878 ], [ 1420907.997514642542228, 568424.249831245513633 ], [ 1420901.08118989225477, 568418.91585239674896 ], [ 1420893.9972145461943, 568411.249529158347286 ], [ 1420888.413564300630242, 568402.582879831898026 ], [ 1420883.330569212557748, 568393.915902421693318 ], [ 1420877.080581716028973, 568381.832921332214028 ], [ 1420868.747265046462417, 568363.999623658368364 ], [ 1420860.997280559502542, 568345.582665747846477 ], [ 1420855.164286975516006, 568330.000347828026861 ], [ 1420849.99730255198665, 568317.66605491458904 ], [ 1420843.33064921759069, 568300.582755760522559 ], [ 1420839.997322550043464, 568292.582771742483601 ], [ 1420835.330665221437812, 568281.415799330337904 ], [ 1420828.497345553012565, 568265.083482923335396 ], [ 1420822.997356553096324, 568253.083506900933571 ], [ 1420817.248024217551574, 568241.665878827450797 ], [ 1420809.998038714053109, 568229.4159033249598 ], [ 1420803.330401141662151, 568220.499582587857731 ], [ 1420792.74807322374545, 568208.74960608757101 ], [ 1420779.247444053879008, 568196.166626000311226 ], [ 1420766.663479721872136, 568185.582657666993327 ], [ 1420750.831162310438231, 568173.000333756092004 ], [ 1420737.081189801683649, 568162.582703659427352 ], [ 1420723.663565712748095, 568153.250373247079551 ], [ 1420709.080589641351253, 568143.16607583721634 ], [ 1420681.080645637586713, 568124.165785755030811 ] ] } },
{ "type": "Feature", "properties": { "OBJECTID": 18741893, "ENABLED": 1, "E911": 20872, "LASTEDITDATE": 1604040742000, "DATEADDED": 946512000000, "USERNAME": "SCASTONGIA", "ACTIONTYPE": "New", "PREFIXDIRECTION": null, "STREETNAME": "BIRMINGHAM", "STANDTYPE": "DR", "SUFFIX": null, "STREETTYPE": "DR", "WHOLESTNAME": "Birmingham Dr", "LL_ADD": 6101, "UL_ADD": 6299, "LR_ADD": 6100, "UR_ADD": 6298, "LBLOCKMIN": 0, "RBLOCKMIN": 0, "LBLOCKMAX": 0, "RBLOCKMAX": 0, "LSTREETCODE": 701, "RSTREETCODE": 701, "L_ZIPCODE": 28210, "R_ZIPCODE": 28210, "L_JURIS": "CHAR", "R_JURIS": "CHAR", "LCOUNTY": "MECK", "RCOUNTY": "MECK", "SUBDIVISIONNAME": null, "SUBDIVISIONPHASE": null, "ROADTYPE": 1, "STREETCLASS": "PU", "MARK": null, "GPS_STAT": "Needed", "TOPO": null, "LUESAFLAG": null, "STNAMECHANGE": null, "BARRIER": 0, "PREVE911": null, "ORIGE911": null, "LIFECYCLESTATUS": "Active", "DIVIDED": 0, "SURFACETYPE": 2, "NUMBEROFLANES": 2, "HOVLANE": 0, "THOROUGHFARETYPE": "LOCAL", "SPEEDLIMIT": 35, "PAVEMENTWIDTH": 24.0, "ONEWAY": 0, "SPEEDHUMP": 0, "MEDIAN": 0, "HANSENSTATUS": "Added", "COMPTYPE": 68, "COMPKEY": 88965.0, "UNITID": "992", "UNITID2": "10", "FUNITID": null, "TUNITID": null, "LENGTH": null, "ADDRESSNUMBERS": "NON", "CFCC": "A41", "MAINT_BY": "CITY_PART", "PAVEMENT_RATING": 88.0, "LOAD_STATUS": null, "FULL_NAME": "6100  - 6298 BIRMINGHAM DR", "SHAPE.STLength()": 756.36324262317157, "index_right": 334, "STATUS": "LOMR", "FLD_ZONE": "COMMUNITY FLOODPLAIN - FUTURE CONDITIONS", "DATE": "2025-01-09T00:00:00", "Shape_Leng": 83839.530791199999, "Shape_Area": 16608656.237199999 }, "geometry": { "type": "LineString", "coordinates": [ [ 1444149.080625830916688, 511624.916580363933463 ], [ 1444120.24735015630722, 511588.999657452513929 ], [ 1444081.913765414152294, 511541.999751446768641 ], [ 1444074.998096824856475, 511534.249766950728372 ], [ 1444053.497483668848872, 511509.999815449060407 ], [ 1444046.747497153934091, 511501.583493700309191 ], [ 1444027.247536166803911, 511475.332890036341269 ], [ 1444009.080577744403854, 511448.24961085972609 ], [ 1443992.247278077760711, 511420.250323038140777 ], [ 1443985.74729107064195, 511410.250343029620126 ], [ 1443967.747327074408531, 511380.332751955254935 ], [ 1443951.163698835996911, 511349.583469623466954 ], [ 1443932.998052745126188, 511308.332895951345563 ], [ 1443913.24809224717319, 511259.999659286695533 ], [ 1443894.997472583083436, 511211.165767457336187 ], [ 1443866.663539755623788, 511132.499586210236885 ], [ 1443851.247231993125752, 511095.665998454322107 ], [ 1443843.497247499413788, 511078.082700288563501 ], [ 1443829.580608663382009, 511049.582757297612261 ], [ 1443814.330639166058972, 511021.999807202315424 ], [ 1443783.330373076722026, 510969.582917285035364 ] ] } },
{ "type": "Feature", "properties": { "OBJECTID": 18741894, "ENABLED": 1, "E911": 21444, "LASTEDITDATE": 1604040847000, "DATEADDED": 946512000000, "USERNAME": "SCASTONGIA", "ACTIONTYPE": "New", "PREFIXDIRECTION": null, "STREETNAME": "BIRMINGHAM", "STANDTYPE": "DR", "SUFFIX": null, "STREETTYPE": "DR", "WHOLESTNAME": "Birmingham Dr", "LL_ADD": 6301, "UL_ADD": 6399, "LR_ADD": 6300, "UR_ADD": 6398, "LBLOCKMIN": 0, "RBLOCKMIN": 0, "LBLOCKMAX": 0, "RBLOCKMAX": 0, "LSTREETCODE": 701, "RSTREETCODE": 701, "L_ZIPCODE": 28210, "R_ZIPCODE": 28210, "L_JURIS": "CHAR", "R_JURIS": "CHAR", "LCOUNTY": "MECK", "RCOUNTY": "MECK", "SUBDIVISIONNAME": null, "SUBDIVISIONPHASE": null, "ROADTYPE": 1, "STREETCLASS": "PU", "MARK": null, "GPS_STAT": "Needed", "TOPO": null, "LUESAFLAG": null, "STNAMECHANGE": null, "BARRIER": 0, "PREVE911": null, "ORIGE911": null, "LIFECYCLESTATUS": "Active", "DIVIDED": 0, "SURFACETYPE": 2, "NUMBEROFLANES": 2, "HOVLANE": 0, "THOROUGHFARETYPE": "LOCAL", "SPEEDLIMIT": 35, "PAVEMENTWIDTH": 24.0, "ONEWAY": 0, "SPEEDHUMP": 0, "MEDIAN": 0, "HANSENSTATUS": "Added", "COMPTYPE": 68, "COMPKEY": 88949.0, "UNITID": "992", "UNITID2": "20", "FUNITID": null, "TUNITID": null, "LENGTH": null, "ADDRESSNUMBERS": "NON", "CFCC": "A41", "MAINT_BY": "CITY", "PAVEMENT_RATING": 68.0, "LOAD_STATUS": null, "FULL_NAME": "6300  - 6398 BIRMINGHAM DR", "SHAPE.STLength()": 545.44814649650459, "index_right": 334, "STATUS": "LOMR", "FLD_ZONE": "COMMUNITY FLOODPLAIN - FUTURE CONDITIONS", "DATE": "2025-01-09T00:00:00", "Shape_Leng": 83839.530791199999, "Shape_Area": 16608656.237199999 }, "geometry": { "type": "LineString", "coordinates": [ [ 1443783.330373076722026, 510969.582917285035364 ], [ 1443768.413736251415685, 510944.332639704574831 ], [ 1443710.747512992937118, 510845.83349286270095 ], [ 1443704.163536664331332, 510833.999527049192693 ], [ 1443695.831204245099798, 510816.499562038865406 ], [ 1443688.997228410327807, 510798.416592963621952 ], [ 1443683.663577655795962, 510779.832640635548159 ], [ 1443682.497241402743384, 510774.999645035015419 ], [ 1443678.997248406056315, 510755.000341208244208 ], [ 1443676.997252414934337, 510734.916063794342335 ], [ 1443676.580586577067152, 510714.832770635723136 ], [ 1443677.580584580311552, 510694.249806539795827 ], [ 1443691.663561653112993, 510450.416632803913672 ] ] } }
]
}
