EVENT_ID,CZ_NAME_STR,BEGIN_LOCATION,BEGIN_DATE,BEGIN_TIME,EVENT_TYPE,MAGNITUDE,TOR_F_SCALE,DEATHS_DIRECT,INJURIES_DIRECT,DAMAGE_PROPERTY_NUM,DAMAGE_CROPS_NUM,CZ_TIMEZONE,MAGNITUDE_TYPE,EPISODE_ID,CZ_TYPE,CZ_FIPS,WFO,INJURIES_INDIRECT,DEATHS_INDIRECT,SOURCE,FLOOD_CAUSE,TOR_LENGTH,TOR_WIDTH,BEGIN_RANGE,BEGIN_AZIMUTH,END_RANGE,END_AZIMUTH,END_LOCATION,END_DATE,END_TIME,BEGIN_LAT,BEGIN_LON,END_LAT,END_LON,EVENT_NARRATIVE,EPISODE_NARRATIVE,STATE
"645525","MECKLENBURG CO.","RAMA","06/14/2016","1913","Thunderstorm Wind","50.00","","0","0","0","0","EST-5","EG","107570","C","119","GSP","0","0","911 Call Center","","","","0","N","0.89","SW","IDLEWILD","06/14/2016","1913","35.2","-80.77","35.21","-80.76","FD reported a tree blown down on Kistler Ave. Media reported multiple trees and power lines blown down near the intersection of N Sharon Amity Rd and Wilora Lake Rd.","Scattered thunderstorms moved into southern North Carolina during the evening. Some of the storms organized into clusters and produced locally damaging winds.","NORTH CAROLINA"
"645526","MECKLENBURG CO.","OAKHURST","06/14/2016","1911","Hail","0.75","","0","0","0","0","EST-5","","107570","C","119","GSP","0","0","Social Media","","","","0.56","W","0.56","W","OAKHURST","06/14/2016","1911","35.2","-80.79","35.2","-80.79","Public reported (via Social Media) 3/4 inch hail in Charlotte.","Scattered thunderstorms moved into southern North Carolina during the evening. Some of the storms organized into clusters and produced locally damaging winds.","NORTH CAROLINA"
"646510","MECKLENBURG CO.","DAVIDSON","06/29/2016","1544","Thunderstorm Wind","50.00","","0","0","0","0","EST-5","EG","107907","C","119","GSP","0","0","911 Call Center","","","","0","N","0","N","DAVIDSON","06/29/2016","1544","35.5","-80.85","35.5","-80.85","County comms reported multiple trees blown down near Main St and Catawba Ave.","Scattered thunderstorms developed along the Blue Ridge during early to mid afternoon and moved southeast. A few severe storms produced isolated large hail and damaging winds, mainly across the foothills.","NORTH CAROLINA"
"649044","MECKLENBURG CO.","GRIFFITH","07/05/2016","1527","Thunderstorm Wind","50.00","","0","0","0","0","EST-5","EG","108357","C","119","GSP","0","0","911 Call Center","","","","2.19","NE","2.36","ESE","STONEHAVEN","07/05/2016","1545","35.191","-80.851","35.16","-80.73","County comms reported multiple trees blown down across roads and many power outages in the south and east part of Charlotte.","A line of thunderstorms moved into western North Carolina from east Tennessee around noon, and moved across the mountains, foothills, and western Piedmont throughout the afternoon. The line of storms gradually expanded and strengthened through this time, producing areas of wind damage from the Blue Ridge to metro Charlotte.","NORTH CAROLINA"
"649530","MECKLENBURG CO.","CHADWICK","07/08/2016","1931","Thunderstorm Wind","50.00","","0","0","20000","0","EST-5","EG","108426","C","119","GSP","0","0","911 Call Center","","","","0.74","W","2.15","NNW","OAKHURST","07/08/2016","1940","35.281","-80.913","35.23","-80.79","County comms, HAM Radio operators, and the public reported multiple trees blown down across the northwest, north, and east side of Charlotte. Two trees fell on a house in the Plaza Midwood area.","For the fourth day in a row, a line of organized, strong to severe thunderstorms developed over the Tennessee Valley and moved into western North Carolina during the evening. This event extended farther into the Piedmont, and most counties in the mountains, foothills, and western Piedmont reported some degree of wind damage. Although wind damage was by far the most prevalent severe weather type, isolated cells developing ahead of the line of storms produced hail as large as golf balls.","NORTH CAROLINA"
"650041","MECKLENBURG CO.","NEWELL","07/11/2016","1635","Thunderstorm Wind","50.00","","0","0","0","0","EST-5","EG","108504","C","119","GSP","0","0","Social Media","","","","1.56","SSE","2.97","N","CLT WILGROVE ARPK AR","07/11/2016","1642","35.259","-80.74","35.263","-80.67","Multiple public reports (via Social Media) were received of trees blown down on the east side of Charlotte.","Scattered thunderstorms developed across the North Carolina Blue Ridge during early afternoon and moved east into the foothills and western Piedmont during mid and late afternoon. A few of the storms produced brief damaging winds and marginally large hail.","NORTH CAROLINA"
"650045","MECKLENBURG CO.","CLT WILGROVE ARPK AR","07/11/2016","1644","Hail","1.00","","0","0","0","0","EST-5","","108504","C","119","GSP","0","0","Public","","","","2.15","NNE","2.15","NNE","CLT WILGROVE ARPK AR","07/11/2016","1644","35.25","-80.66","35.25","-80.66","Public reported quarter size hail on Sam Dee Rd.","Scattered thunderstorms developed across the North Carolina Blue Ridge during early afternoon and moved east into the foothills and western Piedmont during mid and late afternoon. A few of the storms produced brief damaging winds and marginally large hail.","NORTH CAROLINA"
"653178","MECKLENBURG CO.","CHARLOTTE","07/21/2016","1353","Thunderstorm Wind","50.00","","0","0","50000","0","EST-5","EG","109044","C","119","GSP","0","0","911 Call Center","","","","1.21","NNW","2.09","WNW","OAKHURST","07/21/2016","1356","35.245","-80.861","35.207","-80.816","County comms and public (via Social Media) reported multiple trees blown down in the Uptown and central city area. The damage was centered in the Elizabeth neighborhood, where multiple trees fell on vehicles and one tree fell on an apartment building along Greenway Ave.","Isolated thunderstorms developed over western North Carolina during the afternoon. A couple of storms became briefly severe, producing damaging winds over Uptown Charlotte and in Henderson County.","NORTH CAROLINA"
"657029","MECKLENBURG CO.","HICKORY GROVE","08/02/2016","1716","Thunderstorm Wind","50.00","","0","0","0","0","EST-5","EG","109856","C","119","GSP","0","0","Broadcast Media","","","","0.14","N","0.14","N","HICKORY GROVE","08/02/2016","1716","35.232","-80.73","35.232","-80.73","Spotter reported a large tree and multiple limbs blown down near the intersection of Robinson Church Road and W.T. Harris Blvd.","Scattered thunderstorms developed across the mountains and foothills during early afternoon and moved steadily southeast. A handful of brief severe storms impacted the foothills and Piedmont.","NORTH CAROLINA"
"658260","MECKLENBURG CO.","DIXIE","08/15/2016","1748","Thunderstorm Wind","50.00","","0","0","0","0","EST-5","EG","110136","C","119","GSP","0","0","Public","","","","1.32","WNW","1.32","WNW","DIXIE","08/15/2016","1748","35.21","-81","35.21","-81","Public reported (via Social Media) at least two trees down in the vicinity of the Catawba River.","Isolated thunderstorms developed across the Piedmont during the evening. One storm became briefly severe in far west Charlotte, where brief damaging winds occurred.","NORTH CAROLINA"
"658264","MECKLENBURG CO.","CHARLOTTE","08/17/2016","1638","Thunderstorm Wind","50.00","","0","0","40000","0","EST-5","EG","110137","C","119","GSP","0","0","911 Call Center","","","","1.61","S","2.35","SSE","CHARLOTTE","08/17/2016","1638","35.207","-80.845","35.198","-80.836","Multiple sources reported a few trees blown down in the Uptown area, including at Romany Rd and Dilworth Rd and a tree on a house on Garden Terrace. The house on Garden Terrace was subsequently struck by lightning.","Scattered to numerous thunderstorms developed near the Blue Ridge during the afternoon and moved east. A few strong to severe storms developed across the foothills and Piedmont, producing intense lightning and brief damaging winds.","NORTH CAROLINA"
"661099","MECKLENBURG CO.","WILGROVE","09/28/2016","1815","Thunderstorm Wind","50.00","","0","0","0","0","EST-5","EG","110708","C","119","GSP","0","0","Amateur Radio","","","","1.73","NNW","1.73","NNW","WILGROVE","09/28/2016","1815","35.243","-80.692","35.243","-80.692","Ham radio operator reported multiple trees blown down off Robinson Church Rd.","Isolated afternoon and evening thunderstorms developed across western North Carolina ahead of a stalled cold front. A couple of these storms became briefly severe.","NORTH CAROLINA"
"661123","MECKLENBURG CO.","CHARLOTTE","09/26/2016","600","Flash Flood","","","0","0","1000","0","EST-5","","110714","C","119","GSP","0","0","Other Federal Agency","Heavy Rain","","","1.27","WNW","1.24","SW","NORTH CHARLOTTE","09/26/2016","730","35.234","-80.872","35.254","-80.809","Stream gauges indicated and the public and media confirmed that Little Sugar Creek overflowed its banks on the northeast side of Charlotte, while Stewart Creek flooded on the west side of the city after a small area of slow moving rain showers and embedded thunderstorms dumped 2 to 4 inches of rain over the area in a 3-4 hour period. North Tryon St was flooded and closed at Atando Ave while Stewart Creek flooded Freedom Dr near Morehead St.","A small area of showers and embedded thunderstorms developed during the morning across the Charlotte area in association with a stalled front. Marginal flash flooding developed in a couple of spots in the city after 2 to 4 inches of rain fell in a few hours.","NORTH CAROLINA"
"665295","MECKLENBURG CO.","SHOPTON","11/30/2016","1826","Tornado","","EF1","0","0","100000","0","EST-5","","111536","C","119","GSP","0","0","NWS Storm Survey","","2.37","150","3.32","SSE","2.75","SSW","YORKMONT PARK","11/30/2016","1829","35.124","-80.953","35.143","-80.918","This weak tornado touched down along John Price Rd near Steele Creek. The tornado moved northeast along an intermittent path, downing numerous trees, moving a a mobile home from its foundation, and overturning a tractor trailer on Westinghouse Blvd. Some siding and shingles were removed from various buildings, and a few homes in the Ayrsley community (along S Tryon St just west of I-485) suffered broken windows. The tornado may have lifted briefly at this point. The damage path was picked up again east of I-485 along Microsoft Way. Multiple trees were felled, and several buildings received minor damage before the tornado dissipated near the intersection of Microsoft Way and W Arrowhead Rd. The path of this tornado was within a quarter mile of the last tornado that impacted the Charlotte area (May 2014).","A strong cold front brought a line of showers and strong to severe thunderstorms to western North Carolina during the afternoon and evening, mainly to the eastern foothills and the Piedmont. Although severe weather was primarily in the form of sporadic straight-line wind damage, one weak tornado tracked across south Charlotte.","NORTH CAROLINA"
"671528","MECKLENBURG (ZONE)","","12/17/2016","0","Winter Weather","","","0","0","0","0","EST-5","","112563","Z","71","GSP","0","0","Broadcast Media","","","","","","","","","12/17/2016","1000","","","","","","Patchy light freezing drizzle and freezing fog developed during the early morning across the southern North Carolina Piedmont. A couple of dozen traffic accidents, with at least one fatal accident were reported throughout the Charlotte metro area. Conditions improved as temperatures warmed above freezing during the late morning and afternoon.","NORTH CAROLINA"
"675132","MECKLENBURG (ZONE)","","01/06/2017","2200","Winter Storm","","","0","0","0","0","EST-5","","112982","Z","71","GSP","0","0","CoCoRaHS","","","","","","","","","01/07/2017","1000","","","","","","As an area of surface low pressure moved northeast along the Gulf and Southeast coasts, moisture overspread the North Carolina Piedmont throughout the 6th. As cold air gradually spilled in from the north, precipitation slowly transitioned from rain to sleet and snow. By daybreak on the 7th, locations across far northern Gaston, Mecklenburg, and Cabarrus Counties had received as much as 5 inches of snow, while locations near the South Carolina border were just beginning to transition to sleet.  By the time the prcipitation had tapered off to flurries during late morning, mostly snow had fallen near the Iredell, Rowan, and Lincoln County lines, and total accumulations there ranged from 4 to 6 inches. Meanwhile, locations from Gastonia, through Uptown Charlotte to Concord saw quite a bit of sleet, with total accumulations  of sleet and snow ranging from 1 to 3 inches. Locations closer to the South Carolina border saw primarily sleet and rain, with some sleet accumulations as high as one half inch.","NORTH CAROLINA"
"676351","MECKLENBURG CO.","HUNTERSVILLE","03/01/2017","1840","Hail","1.00","","0","0","0","0","EST-5","","113083","C","119","GSP","0","0","Amateur Radio","","","","0","N","0","N","HUNTERSVILLE","03/01/2017","1840","35.42","-80.85","35.42","-80.85","Ham radio operator reported quarter size hail in the Huntersville area.","Scattered to numerous thunderstorms developed ahead of a cold front during the afternoon and evening within an unseasonably warm and humid air mass. Several severe thunderstorms developed across the foothills and Piedmont, producing locally damaging winds and hail up to the size of golf balls.","NORTH CAROLINA"
"682948","MECKLENBURG CO.","SHOPTON","03/01/2017","1916","Thunderstorm Wind","50.00","","0","0","5000","0","EST-5","EG","113083","C","119","GSP","0","0","Amateur Radio","","","","3.57","SW","3.57","SW","SHOPTON","03/01/2017","1916","35.13","-81.01","35.13","-81.01","HAM radio operator reported a barn was collapsed by severe wind in the Steele Creek community.","Scattered to numerous thunderstorms developed ahead of a cold front during the afternoon and evening within an unseasonably warm and humid air mass. Several severe thunderstorms developed across the foothills and Piedmont, producing locally damaging winds and hail up to the size of golf balls.","NORTH CAROLINA"
"682949","MECKLENBURG CO.","CHARLOTTE","03/01/2017","1928","Thunderstorm Wind","50.00","","0","0","10000","0","EST-5","EG","113083","C","119","GSP","0","0","Amateur Radio","","","","2.36","SSE","2.36","SSE","CHARLOTTE","03/01/2017","1928","35.2","-80.83","35.2","-80.83","Public reported (via social media) multiple trees down in the Myers Park area, with one tree on a house.","Scattered to numerous thunderstorms developed ahead of a cold front during the afternoon and evening within an unseasonably warm and humid air mass. Several severe thunderstorms developed across the foothills and Piedmont, producing locally damaging winds and hail up to the size of golf balls.","NORTH CAROLINA"
"682953","MECKLENBURG CO.","CHARLOTTE","03/01/2017","1929","Hail","1.00","","0","0","0","0","EST-5","","113083","C","119","GSP","0","0","Public","","","","2.42","SSE","0.69","S","OAKHURST","03/01/2017","1933","35.199","-80.83","35.19","-80.78","Multiple public reports of dime to quarter size hail were received from south Charlotte, including on Elder Ave.","Scattered to numerous thunderstorms developed ahead of a cold front during the afternoon and evening within an unseasonably warm and humid air mass. Several severe thunderstorms developed across the foothills and Piedmont, producing locally damaging winds and hail up to the size of golf balls.","NORTH CAROLINA"
"684878","MECKLENBURG (ZONE)","","03/12/2017","400","Winter Weather","","","0","0","0","0","EST-5","","114308","Z","71","GSP","0","0","CoCoRaHS","","","","","","","","","03/12/2017","1000","","","","","","An upper level disturbance interacting with an unseasonably cold air mass resulted in an area of snow that moved quickly across much of the western Piedmont and foothills of North Carolina during the morning of the 12th. Precipitation began as rain in some areas, but quickly changed to snow. Most locations saw total snowfall accumulation from a dusting to less than two inches. However, some locations across the southern Piedmont saw up to 3 inches.","NORTH CAROLINA"
"686211","MECKLENBURG (ZONE)","","03/16/2017","0","Cold/Wind Chill","","","0","0","0","0","EST-5","","114433","Z","71","GSP","0","0","Newspaper","","","","","","","","","03/16/2017","1000","","","","","","The 2017 growing season began early across western North Carolina, due to an unusually warm February and early March that saw average temperatures of almost 10 degrees above normal. An episode of cold arctic high pressure in the middle of March led to a hard freeze on the morning of the 16th, when low temperatures in the lower to mid 20s were reported. This caused significant damage to berry, wheat, apple, and peach crops. While subsequent days of freezing temperatures caused further damage, the vast majority of the damage occurred on the 16th.","NORTH CAROLINA"
"686267","MECKLENBURG CO.","CLT BROCKENBROUGH AR","03/21/2017","1901","Hail","1.75","","0","0","0","0","EST-5","","114450","C","119","GSP","0","0","Public","","","","1.83","ENE","0.97","WNW","COLLEGE DOWNS","03/21/2017","1907","35.33","-80.8","35.307","-80.735","Multiple sources reported quarter to golf ball size hail from north Charlotte to the UNCC area.","Scattered evening thunderstorms developed in association with a surface trough and an unseasonably warm and moist air mass across western North Carolina. Although some wind damage was reported across the mountains in association with weakening storms moving into the area from East Tennessee, the bulk if activity was across the southern Piedmont, where multiple supercell thunderstorms produced large hail, with stones up to the size of baseballs causing damage to vehicles and structures in the Harrisburg area.","NORTH CAROLINA"
"686268","MECKLENBURG CO.","CORNELIUS","03/21/2017","1919","Hail","1.00","","0","0","0","0","EST-5","","114450","C","119","GSP","0","0","Public","","","","0.06","E","1.32","ESE","CORNELIUS","03/21/2017","1921","35.48","-80.869","35.47","-80.85","Public reported quarter size hail in the Cornelius and Davidson areas.","Scattered evening thunderstorms developed in association with a surface trough and an unseasonably warm and moist air mass across western North Carolina. Although some wind damage was reported across the mountains in association with weakening storms moving into the area from East Tennessee, the bulk if activity was across the southern Piedmont, where multiple supercell thunderstorms produced large hail, with stones up to the size of baseballs causing damage to vehicles and structures in the Harrisburg area.","NORTH CAROLINA"
"696525","MECKLENBURG CO.","HAHN","04/24/2017","430","Flood","","","0","0","500","0","EST-5","","115851","C","119","GSP","0","0","Official NWS Observations","Heavy Rain","","","0.9","W","0.82","N","HAHN","04/24/2017","730","35.319","-80.736","35.334","-80.717","A stream gauge on Mallard Creek at Pavillion Blvd exceeded its established flood stage after 4 to 5 inches of rain fell over the Charlotte area in about a 48 hour period. This indicated that portions of Mallard Creek Church Rd, the parking lots of PNC Music Pavillion, and Pavillion Blvd were covered in flood water from the creek.","A slow-moving wave of low pressure moving along a stalled frontal boundary stretching from the Gulf Coast through the South Carolina Midlands to the Carolina coast resulted in about 48 hours of moderate to occasionally heavy rainfall across the North Carolina Piedmont. Localized flooding developed as a result, with Cabarrus County seeing the greatest impact.","NORTH CAROLINA"
"700213","MECKLENBURG CO.","DOUGLAS MUNI ARPT","05/01/2017","1603","Thunderstorm Wind","50.00","","0","0","0","0","EST-5","EG","116428","C","119","GSP","0","0","Social Media","","","","0.98","N","0.89","SE","DOUGLAS MUNI ARPT","05/01/2017","1603","35.234","-80.933","35.21","-80.92","Public reported (via Social Media) a tree blown down on Josh Birmingham Pky at Harlee Ave and another tree down on Billy Graham Pky and Morris Field Dr.","A line of heavy rain showers and thunderstorms developed ahead of a cold front and pushed through western North Carolina during the afternoon. Isolated pockets of wind damage occurred within the line, along with a brief, weak tornado in Catawba County.","NORTH CAROLINA"
"702526","MECKLENBURG CO.","NORTH CHARLOTTE","05/05/2017","10","Thunderstorm Wind","40.00","","0","0","1000","0","EST-5","EG","116824","C","119","GSP","0","0","Broadcast Media","","","","1.38","S","1.38","S","NORTH CHARLOTTE","05/05/2017","10","35.25","-80.78","35.25","-80.78","Broadcast media reported a small tree snapped and fell on a vehicle at Eaves Ln and Plaza Walk Dr.","A line of heavy rain showers and thunderstorms moved across wetsern North Carolina during the overnight hours ahead of a cold front. A few embedded cells became briefly severe, producing sporadic wind damage.","NORTH CAROLINA"
"702791","MECKLENBURG CO.","GRIFFITH","05/24/2017","1459","Thunderstorm Wind","50.00","","0","0","0","0","EST-5","EG","116887","C","119","GSP","0","0","911 Call Center","","","","2.62","SE","0.89","WSW","OAKHURST","05/24/2017","1504","35.146","-80.844","35.196","-80.795","County comms reported multiple trees blown down across the south and southeast side of Charlotte.","Scattered to numerous thunderstorms developed in advance of a cold front across western North Carolina during the afternoon. Multiple severe storms produced isolated tornadoes, with a couple of strong tornadoes impacting the northwest Piedmont. Sporadic wind damage occurred across the remainder of the area.","NORTH CAROLINA"
"704599","MECKLENBURG CO.","CALDWELL","05/29/2017","1730","Thunderstorm Wind","50.00","","0","0","0","0","EST-5","EG","117115","C","119","GSP","0","0","Public","","","","0.69","S","0.69","S","CALDWELL","05/29/2017","1730","35.44","-80.85","35.44","-80.85","Public reported two large trees blown down.","Scattered thunderstorms developed across western North Carolina during the afternoon and evening, a few of the storms briefly became severe, producing isolated wind damage.","NORTH CAROLINA"
"708621","MECKLENBURG CO.","CLT BROCKENBROUGH AR","06/04/2017","1520","Thunderstorm Wind","40.00","","0","1","5000","0","EST-5","EG","117917","C","119","GSP","0","0","911 Call Center","","","","1.55","E","1.55","E","CLT BROCKENBROUGH AR","06/04/2017","1520","35.324","-80.803","35.324","-80.803","County comms reported a person was injured when a tree was blown on to their vehicle at the intersection of Conner Ridge Ln and West Sugar Creek Rd.","Scattered to numerous thunderstorms developed across western North Carolina during the afternoon and evening. A few of the storms produced brief severe weather in the form of damaging wind gusts.","NORTH CAROLINA"
"709835","MECKLENBURG CO.","STONEHAVEN","06/13/2017","1805","Flash Flood","","","0","0","1000","0","EST-5","","117943","C","119","GSP","0","0","Other Federal Agency","Heavy Rain","","","0.63","WNW","1.02","WNW","STONEHAVEN","06/13/2017","1930","35.174","-80.78","35.173","-80.78","A stream gauge along McMullen Creek exceeded established flood stage after 1.5 to 3 inches of rain fell over the area in a very short period of time. Addison Dr. was inundated with up to a foot of water from the creek. Other impacted roads included Willhaven Dr and Lincrest Rd.","Scattered to numerous thunderstorms developed during the afternoon and evening across western North Carolina. Multiple storms reached severe levels for brief periods, producing mainly localized wind damage. However, isolated hail to the size of quarters was also reported.","NORTH CAROLINA"
"709841","MECKLENBURG CO.","THOMASBORO","06/15/2017","1930","Lightning","","","0","1","0","0","EST-5","","118113","C","119","GSP","0","0","Broadcast Media","","","","0.56","E","0.56","E","THOMASBORO","06/15/2017","1930","35.25","-80.89","35.25","-80.89","Media reported a person received minor injuries after being struck by lightning in a restaurant parking lot along Freedom Dr.","Scattered thunderstorms developed during the afternoon and evening. A couple of the storms produced brief, localized hail and damaging winds.","NORTH CAROLINA"
"713505","MECKLENBURG CO.","THRIFT","07/05/2017","1629","Thunderstorm Wind","50.00","","0","0","0","0","EST-5","EG","118768","C","119","GSP","0","0","Fire Department/Rescue","","","","0.92","NNE","2.76","WSW","CROFT","07/05/2017","1638","35.312","-80.943","35.339","-80.877","Public and FD reported numerous trees and multiple power lines blown down across northwest Charlotte, including on Austin Ridge Ln, Beatties Ford Rd, and Mt. Holly-Huntersville Rd.","Widely scattered thunderstorms developed during the afternoon across the mountains and foothills and moved east into the western Piedmont during the late afternoon and evening. A few of the storms produced brief damaging wind gusts, some of which were quite severe.","NORTH CAROLINA"
"713513","MECKLENBURG CO.","HUNTERSVILLE","07/06/2017","1608","Thunderstorm Wind","55.00","","0","0","2000","0","EST-5","EG","118771","C","119","GSP","0","0","Amateur Radio","","","","4.21","WSW","2.1","S","HNTRSVILLE BRDFRD AR","07/06/2017","1625","35.401","-80.921","35.39","-80.794","Spotters, Fd, and Ham radio operators reported multiple trees blown down across the north Charlotte/Huntersville area, from around Beatties Ford Rd to near Asbury Chapel Rd. Public also reported (via Social Media) roof damage to a home on Reese Blvd. Outflow from this storm caused a couple of other trees to fall closer to Uptown.","Widely scattered thunderstorms developed across the foothills and Piedmont of western North Carolina during the afternoon and evening. A few of the storms produced brief severe weather in the form of damaging winds.","NORTH CAROLINA"
"713563","MECKLENBURG CO.","CORNELIUS","07/08/2017","1648","Thunderstorm Wind","50.00","","0","0","0","0","EST-5","EG","118778","C","119","GSP","0","0","Fire Department/Rescue","","","","0","N","2.43","ENE","CALDWELL","07/08/2017","1658","35.48","-80.87","35.461","-80.809","FD reported multiple trees blown down in the Cornelius area, while the city of Davidson reported a tree blown down on Davidson-Concord Rd.","Numerous thunderstorms and clusters of storms developed across western North Carolina during the afternoon and evening ahead of a cold front. Several of the storms produced locally damaging winds and even some large hail.","NORTH CAROLINA"
"713564","MECKLENBURG CO.","CROFT","07/08/2017","1710","Thunderstorm Wind","40.00","","0","0","1000","0","EST-5","EG","118778","C","119","GSP","0","0","Fire Department/Rescue","","","","3.12","WNW","3.12","WNW","CROFT","07/08/2017","1710","35.374","-80.877","35.374","-80.877","FD reported a falling tree brought power lines down on an occupied vehicle on Kerns Road.","Numerous thunderstorms and clusters of storms developed across western North Carolina during the afternoon and evening ahead of a cold front. Several of the storms produced locally damaging winds and even some large hail.","NORTH CAROLINA"
"713566","MECKLENBURG CO.","CORNELIUS","07/08/2017","1653","Hail","0.75","","0","0","0","0","EST-5","","118778","C","119","GSP","0","0","NWS Employee","","","","0.96","ESE","0.96","ESE","CORNELIUS","07/08/2017","1653","35.475","-80.854","35.475","-80.854","NWS employee reported 3/4 inch hail along south Main Street.","Numerous thunderstorms and clusters of storms developed across western North Carolina during the afternoon and evening ahead of a cold front. Several of the storms produced locally damaging winds and even some large hail.","NORTH CAROLINA"
"714845","MECKLENBURG CO.","CHARLOTTE","07/18/2017","1944","Hail","1.00","","0","0","0","0","EST-5","","118955","C","119","GSP","0","0","Public","","","","1.13","W","1.13","W","CHARLOTTE","07/18/2017","1944","35.23","-80.87","35.23","-80.87","Public reported quarter size hail in the Wesley Heights neighborhood.","Isolated to scattered thunderstorms developed throughout the late afternoon and evening across western North Carolina. A few of the storms produced large hail and brief damaging wind gusts.","NORTH CAROLINA"
"715151","MECKLENBURG CO.","CHARLOTTE","07/18/2017","1938","Thunderstorm Wind","50.00","","0","0","200000","0","EST-5","EG","118955","C","119","GSP","0","0","Fire Department/Rescue","","","","2.33","ENE","1.84","E","GRIFFITH","07/18/2017","1954","35.241","-80.811","35.175","-80.848","County comms reported multiple trees blown down from the Uptown area to just south and southeast of Uptown. One tree was blown down on a house on Yadkin Avenue. Another tree fell on and caused extensive damage to a home at Central Ave and Morningside Dr. Another tree fell across power lines and vehicles on Union St and on Louise Dr. Other streets and highways were blocked by falling trees and other obstructions, including I-77 and John Belk Freeway, I-277 near Panthers Stadium, and Westfield Rd.","Isolated to scattered thunderstorms developed throughout the late afternoon and evening across western North Carolina. A few of the storms produced large hail and brief damaging wind gusts.","NORTH CAROLINA"
"715444","MECKLENBURG CO.","HAHN","07/23/2017","1430","Thunderstorm Wind","50.00","","0","0","0","0","EST-5","EG","119129","C","119","GSP","0","0","911 Call Center","","","","0","N","0","N","HAHN","07/23/2017","1430","35.32","-80.72","35.32","-80.72","County comms reported multiple trees blown down just west of Harrisburg.","Scattered thunderstorms developed near the Blue Ridge during the early afternoon, organizing into clusters as they moved east/southeast. Multiple storms and clusters of storms produced brief severe weather, mainly in the form of damaging winds.","NORTH CAROLINA"
"715445","MECKLENBURG CO.","MINT HILL","07/23/2017","1500","Thunderstorm Wind","50.00","","0","0","0","0","EST-5","EG","119129","C","119","GSP","0","0","911 Call Center","","","","0.56","E","0.56","E","MINT HILL","07/23/2017","1500","35.18","-80.66","35.18","-80.66","County comms reported several trees blown down in the Mint Hill area.","Scattered thunderstorms developed near the Blue Ridge during the early afternoon, organizing into clusters as they moved east/southeast. Multiple storms and clusters of storms produced brief severe weather, mainly in the form of damaging winds.","NORTH CAROLINA"
"715446","MECKLENBURG CO.","PINEVILLE","07/23/2017","1505","Thunderstorm Wind","50.00","","0","0","0","0","EST-5","EG","119129","C","119","GSP","0","0","Social Media","","","","2.91","ESE","2.91","ESE","PINEVILLE","07/23/2017","1505","35.07","-80.85","35.07","-80.85","Public reported (via Social Media) trees blown down in the Pineville area.","Scattered thunderstorms developed near the Blue Ridge during the early afternoon, organizing into clusters as they moved east/southeast. Multiple storms and clusters of storms produced brief severe weather, mainly in the form of damaging winds.","NORTH CAROLINA"
"715575","MECKLENBURG CO.","HOMESTEAD","07/28/2017","1546","Thunderstorm Wind","50.00","","0","0","25000","0","EST-5","EG","119149","C","119","GSP","0","0","Broadcast Media","","","","0.69","S","0.21","SSE","OAKHURST","07/28/2017","1559","35.29","-80.92","35.197","-80.779","Multiple sources reported multiple trees, large limbs, and power lines blown down across Charlotte, especially on the south and east side of the city. Trees fell on homes on Mint St and on Gladstone Ln.","Multiple clusters of afternoon thunderstorms developed near a surface trough across Upstate South Carolina and the North Carolina foothills during the afternoon and moved east into the Piedmont during the afternoon and early evening. Several areas of wind damage occurred, mainly across the southern Piedmont.","NORTH CAROLINA"
"719333","MECKLENBURG CO.","CHARLOTTE","08/07/2017","2142","Thunderstorm Wind","50.00","","0","0","100000","0","EST-5","EG","120035","C","119","GSP","0","0","911 Call Center","","","","1.22","SW","2.74","ENE","GRIFFITH","08/07/2017","2142","35.219","-80.867","35.18","-80.833","County comms reported multiple trees blown down near Uptown and on the south side of the city, with trees on homes on Merriman Ave and in the Myers Park area.","Scattered thunderstorms and storm clusters developed in the vicinity of a surface trough over Upstate South Carolina during the late afternoon and evening and moved into the North Carolina Piedmont during mid and late evening. One storm became briefly severe over the Charlotte area.","NORTH CAROLINA"
"721732","MECKLENBURG CO.","STONEHAVEN","09/01/2017","1330","Thunderstorm Wind","50.00","","0","0","0","0","EST-5","EG","120464","C","119","GSP","0","0","Fire Department/Rescue","","","","1.36","W","0.91","W","LANSDOWNE","09/01/2017","1330","35.169","-80.794","35.179","-80.786","FD reported multiple power lines blown down on the southeast side of Charlotte.","Two lines of showers and thunderstorms developed ahead of a cold front and associated area of low pressure and moved over the western Piedmont of North Carolina on the 1st: one during early/mid afternoon, and another during the evening. Several embedded thunderstorms produced brief damaging winds, while flash flooding developed across a portion of the Charlotte metro area.","NORTH CAROLINA"
"722052","MECKLENBURG CO.","CALDWELL","09/01/2017","1817","Hail","1.75","","0","0","0","0","EST-5","","120464","C","119","GSP","0","0","Public","","","","2.79","ENE","2.79","ENE","CALDWELL","09/01/2017","1817","35.467","-80.805","35.467","-80.805","Public reported golf ball size hail between Davidson-Concord Rd and East Rocky River Rd.","Two lines of showers and thunderstorms developed ahead of a cold front and associated area of low pressure and moved over the western Piedmont of North Carolina on the 1st: one during early/mid afternoon, and another during the evening. Several embedded thunderstorms produced brief damaging winds, while flash flooding developed across a portion of the Charlotte metro area.","NORTH CAROLINA"
"723037","MECKLENBURG CO.","SMITHVILLE","09/01/2017","1830","Flash Flood","","","0","0","1000","0","EST-5","","120464","C","119","GSP","0","0","Law Enforcement","Heavy Rain","","","2.12","SSW","2.33","NNE","CALDWELL","09/01/2017","2030","35.45","-80.888","35.462","-80.843","Multiple sources reported flash flooding developed in the Cornelius and Huntersville areas after repeating, slow-moving thunderstorms produced up to 4 inches of rain in the area in just a couple of hours. Public reported (via Social Media) Caldwell Station Creek, or one of its tributaries flooded a portion of Bailey Rd. A family member of an NWS employee reported a tributary of McDowell Creek flooded Sedgebrook Ln within an apartment complex. Law enforcement also reported Highway 115 was closed just north of Mayes Rd due to flooding.","Two lines of showers and thunderstorms developed ahead of a cold front and associated area of low pressure and moved over the western Piedmont of North Carolina on the 1st: one during early/mid afternoon, and another during the evening. Several embedded thunderstorms produced brief damaging winds, while flash flooding developed across a portion of the Charlotte metro area.","NORTH CAROLINA"
"728329","MECKLENBURG (ZONE)","","01/17/2018","600","Heavy Snow","","","0","0","0","0","EST-5","","121680","Z","71","GSP","0","0","CoCoRaHS","","","","","","","","","01/17/2018","1700","","","","","","As a strengthening upper level disturbance and associated cold front approached the region from the Tennessee Valley, light precipitation developed across portions of the Piedmont and foothills of North Carolina during the early morning hours. While the precipitation started as rain or a rain/snow mix in most areas, a transition to snow had occurred in most locations by sunrise. As the snow band moved east throughout the morning, snowfall rates increased, with heavy snowfall accumulations reported by early afternoon. By the time the snow tapered off to flurries, total accumulation ranged from 3 to 6 inches across much of the area.","NORTH CAROLINA"
"729624","MECKLENBURG (ZONE)","","02/04/2018","400","Winter Weather","","","0","0","0","0","EST-5","","121895","Z","71","GSP","0","0","Trained Spotter","","","","","","","","","02/04/2018","1200","","","","","","As a wave of low pressure developed and moved along a stationary front over the Deep South, moisture spread into western North Carolina during the early morning hours of the 4th. The precipitation began as a mixture of rain, sleet, and snow in many areas. While some light accumulation of sleet and snow was reported across the mountain valleys, all areas except for the high peaks and ridge tops transitioned to freezing rain by mid-morning. Most of any measurable ice was reported in the Piedmont and foothills, where amounts of .1 to .2 inch were common. Due to temperatures hovering right around freezing, roads generally remained wet, and ice accretion was primarily confined to elevated surfaces and vegetation. Meanwhile, snowfall of 5-7 inches was reported above about 5000 feet.","NORTH CAROLINA"
"752000","MECKLENBURG CO.","(CLT)CHARLOTTE/DOUGL","04/15/2018","1413","Thunderstorm Wind","60.00","","0","0","5000","0","EST-5","EG","125247","C","119","GSP","0","0","ASOS","","","","0.28","SSE","0.97","N","CORNELIUS","04/15/2018","1432","35.216","-80.949","35.494","-80.872","A wind gust of 68 mph (59 kts) was measured by the ASOS at the Charlotte Douglas Airport at 1413 EST. While wind damage was reported across several areas of Mecklenburg County, including at least a couple of large trees down near the Uptown Charlotte, most of the damage was reported across the western part of the county, especially from Mountain Island Lake to the southern and eastern shores of Lake Norman. Many trees were blown down in this area, with damage to some outbuildings reported in the area around Brown Mill Rd and Beatties Ford Rd.","Scattered to numerous afternoon thunderstorms developing ahead of a cold front moved into the North Carolina Piedmont from South Carolina during the early afternoon. Several of the storms produced severe weather in the form of large to very large hail and locally damaging winds.","NORTH CAROLINA"
"752659","MECKLENBURG CO.","HUNTERSVILLE","04/15/2018","1427","Hail","1.00","","0","0","0","0","EST-5","","125247","C","119","GSP","0","0","Amateur Radio","","","","4.45","WSW","4.45","WSW","HUNTERSVILLE","04/15/2018","1427","35.39","-80.92","35.39","-80.92","Ham radio operator reported quarter size hail.","Scattered to numerous afternoon thunderstorms developing ahead of a cold front moved into the North Carolina Piedmont from South Carolina during the early afternoon. Several of the storms produced severe weather in the form of large to very large hail and locally damaging winds.","NORTH CAROLINA"
"765530","MECKLENBURG CO.","GRIFFITH","06/01/2018","2010","Thunderstorm Wind","50.00","","0","0","0","0","EST-5","EG","127504","C","119","GSP","0","0","911 Call Center","","","","0.69","N","0.69","N","GRIFFITH","06/01/2018","2010","35.18","-80.88","35.18","-80.88","County comms reported multiple trees and powerlines down across southwest Charlotte.","Scattered to numerous thunderstorms developed across western North Carolina throughout the afternoon and evening. Several of the storms produced brief severe weather in the form of damaging wind gusts.","NORTH CAROLINA"
"768004","MECKLENBURG CO.","NORTH CHARLOTTE","06/03/2018","1927","Thunderstorm Wind","50.00","","0","0","0","0","EST-5","EG","128054","C","119","GSP","0","0","911 Call Center","","","","1.31","SW","1.31","SW","NORTH CHARLOTTE","06/03/2018","1927","35.257","-80.797","35.257","-80.797","County comms reported trees and power lines blown down on East 35th St and Cinderella Rd in northeast Charlotte.","Scattered thunderstorms developed across the southern Appalachians throughout the afternoon and moved southeast. Several storms produced brief severe weather in the form of large hail and damaging winds across the North Carolina mountains and foothills.","NORTH CAROLINA"
"769336","MECKLENBURG CO.","MATTHEWS","06/25/2018","1824","Thunderstorm Wind","50.00","","0","0","0","0","EST-5","EG","128218","C","119","GSP","0","0","Public","","","","3.5","S","3.5","S","MATTHEWS","06/25/2018","1824","35.07","-80.74","35.07","-80.74","Public reported multiple large tree limbs blown down.","For the third day in a row, multiple thunderstorm clusters, some producing damaging winds moved from East Tennessee into western North Carolina during the afternoon into the evening. While severe weather was confined to the mountains on the 23rd and 24th, storms on the 25th also produced severe weather in the foothills and northwest Piedmont.","NORTH CAROLINA"
"776388","MECKLENBURG CO.","DOUGLAS MUNI ARPT","07/22/2018","1712","Thunderstorm Wind","57.00","","0","0","0","0","EST-5","EG","129605","C","119","GSP","0","0","ASOS","","","","1.49","SSW","1.49","SSW","DOUGLAS MUNI ARPT","07/22/2018","1712","35.2","-80.94","35.2","-80.94","The ASOS at the Charlotte Douglass Airport measured a wind gust of 57 kts (66 mph). County comms reported a couple of trees blown down and portable toilets blown over on the airport grounds.","Scattered to numerous thunderstorms developed along a cold front across the North Carolina Piedmont during the afternoon and evening.A few of the storms produced brief large hail and damaging winds. While most of the severe weather was marginal, a significant downburst did occur in the Concord area.","NORTH CAROLINA"
"776403","MECKLENBURG CO.","STONEHAVEN","07/23/2018","1455","Thunderstorm Wind","50.00","","0","0","0","0","EST-5","EG","129611","C","119","GSP","0","0","Fire Department/Rescue","","","","2.46","WSW","1.32","S","NORTH CHARLOTTE","07/23/2018","1455","35.158","-80.811","35.251","-80.777","Fd reported power lines blown down on Arbor Way. Public reported (via Social Medida) additional trees down on Woodland Dr and in the Eastway Park area.","Scattered thunderstorms developed along a stationary front across the North Carolina Piedmont during the afternoon. One storm produced brief severe weather in the Charlotte area.","NORTH CAROLINA"
"776428","MECKLENBURG CO.","GRIFFITH","07/24/2018","1830","Thunderstorm Wind","40.00","","0","0","10000","0","EST-5","EG","129614","C","119","GSP","0","0","Social Media","","","","2.91","ESE","2.91","ESE","GRIFFITH","07/24/2018","1830","35.16","-80.83","35.16","-80.83","Public reported (via Social Media) a tree blown down on a house on Colony Rd.","Scattered, slow-moving thunderstorms developed across the North Carolina Piedmont during the afternoon. Some of the storms produced gusty winds and locally heavy rainfall, especially in the Charlotte metro area.","NORTH CAROLINA"
"776431","MECKLENBURG CO.","NORTH CHARLOTTE","07/24/2018","1000","Heavy Rain","","","0","0","500","0","EST-5","","129614","C","119","GSP","0","0","Broadcast Media","","","","2.18","SW","2.18","SW","NORTH CHARLOTTE","07/24/2018","1100","35.25","-80.81","35.25","-80.81","Media reported flooding of a well-known flood prone area due to clogged storm drains and back water effects from Little Sugar Creek after 2 to 3 inches of rain fell in a very short period of time. Flood waters stranded 5 people who required rescue at a business on Atando Ave.","Scattered, slow-moving thunderstorms developed across the North Carolina Piedmont during the afternoon. Some of the storms produced gusty winds and locally heavy rainfall, especially in the Charlotte metro area.","NORTH CAROLINA"
"779883","MECKLENBURG CO.","WILGROVE","08/07/2018","2053","Thunderstorm Wind","50.00","","0","0","0","0","EST-5","EG","130251","C","119","GSP","0","0","911 Call Center","","","","1.75","NNW","1.8","NE","MINT HILL","08/07/2018","2059","35.243","-80.693","35.195","-80.644","County comms and the public reported multiple trees blown in the Mint Hill area, including along Robinson Church Rd and Harrisburg Rd.","An isolated thunderstorm developed over the Charlotte area during the evening and moved southeast, producing brief wind damage in southeast Mecklenburg County.","NORTH CAROLINA"
"782223","MECKLENBURG CO.","(CLT)CHARLOTTE/DOUGL","08/31/2018","1551","Thunderstorm Wind","50.00","","0","0","0","0","EST-5","MG","130721","C","119","GSP","0","0","ASOS","","","","0","N","0","N","(CLT)CHARLOTTE/DOUGL","08/31/2018","1551","35.22","-80.95","35.22","-80.95","The ASOS at the Charlotte Douglass Airport measured a wind gust of 58 mph (50 kts).","Isolated thunderstorms developed during the afternoon and evening over the foothills and western Piedmont of North Carolina. A few of the storms produced brief damaging winds.","NORTH CAROLINA"
"786147","MECKLENBURG CO.","DIXIE","09/27/2018","1959","Thunderstorm Wind","50.00","","0","0","0","0","EST-5","EG","131385","C","119","GSP","0","0","911 Call Center","","","","0.5","ESE","1.3","NNW","CHARLOTTE","09/27/2018","2009","35.197","-80.972","35.246","-80.862","County comms reported multiple trees blown down across the west side of Charlotte.","A cluster of thunderstorms producing pockets of damaging wind gusts moved into the North Carolina Piedmont from Upstate South Carolina during the evening. Several areas of wind damage were reported along the I-77 corridor.","NORTH CAROLINA"
"787801","MECKLENBURG (ZONE)","","09/15/2018","1800","Strong Wind","40.00","","0","0","20000","0","EST-5","EG","131689","Z","71","GSP","0","0","Fire Department/Rescue","","","","","","","","","09/16/2018","1800","","","","","","Tropical Cyclone Florence made landfall on the 15th and moved slowly west while weakening through the 16th. Gusty winds resulted in a few trees and power lines falling across portions of western North Carolina, with some trees falling on vehicles and structures.","NORTH CAROLINA"
"787860","MECKLENBURG CO.","HAHN","09/16/2018","713","Flash Flood","","","0","0","10000","0","EST-5","","131692","C","119","GSP","0","0","River/Stream Gage","Heavy Rain","","","2.21","NNE","2.6","N","WILGROVE","09/16/2018","1730","35.347","-80.699","35.26","-80.681","EM and stream gauges indicated flash flooding developed during the morning of the 16th and steadily worsened through the morning and afternoon, especially across eastern and southern sections of Mecklenburg County where 6 to 10 inches fell throughout the 16th. The main streams impacted where Mallard Creek in the eastern part of the county and McAlpine and McMullen Creek and their tributaries in South Charlotte. Multiple stream gauges on these streams exceeded their established flood stages. A couple of dozen roads were closed due to urban and small stream flooding during the afternoon, especially across the south side of the city, where several water rescues were necessary and some people were briefly trapped in their homes.","Tropical Cyclone Florence made landfall on the 15th and moved slowly west while weakening through the 16th. Widespread rainfall of 4 to 10 inches, with locally higher amounts fell across western North Carolina over a 36-48 hour period, with the highest totals reported along the Blue Ridge escarpment, and in southern and eastern sections of the Charlotte Metro area. Localized flash flooding was reported in these areas, with severe flash flooding reported across Union County.","NORTH CAROLINA"
"787912","MECKLENBURG CO.","HAHN","09/16/2018","1730","Flood","","","0","0","1000","0","EST-5","","131692","C","119","GSP","0","0","Emergency Manager","Heavy Rain","","","2.21","NNE","2.6","N","WILGROVE","09/16/2018","2300","35.347","-80.699","35.26","-80.681","Although heavy rain ended across Charlotte and vicinity during early evening, flooding continued along some streams and poorly drained areas through the evening.","Tropical Cyclone Florence made landfall on the 15th and moved slowly west while weakening through the 16th. Widespread rainfall of 4 to 10 inches, with locally higher amounts fell across western North Carolina over a 36-48 hour period, with the highest totals reported along the Blue Ridge escarpment, and in southern and eastern sections of the Charlotte Metro area. Localized flash flooding was reported in these areas, with severe flash flooding reported across Union County.","NORTH CAROLINA"
"791117","MECKLENBURG (ZONE)","","10/11/2018","1100","Tropical Storm","","","0","0","5000","0","EST-5","","132213","Z","71","GSP","0","0","911 Call Center","","","","","","","","","10/11/2018","2100","","","","","","Tropical cyclone Michael gradually weakened as it tracked from the South Carolina Midlands through portions of the South Carolina and North Carolina Piedmont throughout the 11th. Gusty winds increased during the daylight hours on the east side of the storm track, with numerous trees blown, especially across the Piedmont.","NORTH CAROLINA"
"794217","MECKLENBURG CO.","HAHN","11/15/2018","1100","Flood","","","0","0","500","0","EST-5","","132698","C","119","GSP","0","0","River/Stream Gage","Heavy Rain","","","0.74","W","0.51","N","HAHN","11/15/2018","1400","35.321","-80.733","35.332","-80.719","A stream gauge on Mallard Creek in northeast Charlotte exceeded its established flood stage after more than an inch of rain fell in less than 24 hours in top of already-saturated soil. The main impact was to the Greenway areas around the creek, to the PNC Pavillion parking area, and to low-lying spots on Pavillion Blvd.","For the second time in less than 48 hours, moderate to heavy rain developed across western North Carolina in association with a wave of low pressure moving up the Southeast coast. Widespread rainfall amounts of 1 to 2 inches, compounded by an already-saturated ground due to rain that fell on the 12th and 13th resulted in localized flooding, mostly in the same areas that flooded on the 12th-13th.","NORTH CAROLINA"
"798083","MECKLENBURG (ZONE)","","12/08/2018","2200","Winter Storm","","","0","0","0","0","EST-5","","133377","Z","71","GSP","0","0","CoCoRaHS","","","","","","","","","12/09/2018","1000","","","","","","Rain and snow developed shortly after midnight across the North Carolina Piedmont, becoming all snow in most areas by daybreak, with some sleet mixing in along and south of the I-85 corridor. Snow, moderate to heavy at times, continued across the North Carolina Piedmont through the morning of the 9th, before tapering off (or changing to rain) by early afternoon. Sleet and rain mixed in with the snow at times, especially closer to the I-85 corridor, including much of Charlotte and vicinity. This cut down on storm total amounts in those areas, where amounts were generally in the 1 to 3 inch range. However, totals north and west of the city generally range from 4 to 6 inches, with locally higher amounts of up t0 8 inches reported closer to I-40.","NORTH CAROLINA"
"816795","MECKLENBURG (ZONE)","","04/02/2019","700","Winter Weather","","","0","0","0","0","EST-5","","136109","Z","71","GSP","0","0","CoCoRaHS","","","","","","","","","04/02/2019","1200","","","","","","Moisture associated with an area of low pressure developing off the southeast coast overspread an unseasonably cool air mass over the Piedmont during the morning hours. Precipitation initially fell as a mix of rain and snow. However, pockets of snow developed in association with heavier precipitation rates. This resulted in some areas of accumulation in the 0.5 to 1 inch range, mainly in areas south and east of the city of Charlotte. However, up to 2 inches fell across portions of Union County. Despite warm pavement, snowfall rates were such that snow accumulated on some roadways, resulting in slick spots.","NORTH CAROLINA"
"822085","MECKLENBURG CO.","OAKHURST","04/26/2019","1337","Hail","0.75","","0","0","0","0","EST-5","","136991","C","119","GSP","0","0","Social Media","","","","0.89","SW","0.89","SW","OAKHURST","04/26/2019","1337","35.19","-80.79","35.19","-80.79","Public reported (via Social Media) 3/4 inch hail.","Scattered thunderstorms developed over the North Carolina Piedmont during the afternoon in advance of a strong cold front. A couple of the storms produced hail and some gusty winds.","NORTH CAROLINA"
"829071","MECKLENBURG CO.","CLT BROCKENBROUGH AR","05/11/2019","1421","Thunderstorm Wind","50.00","","0","0","0","0","EST-5","EG","137957","C","119","GSP","0","0","Public","","","","0.86","SW","1.32","ESE","DERITA","05/11/2019","1421","35.31","-80.839","35.29","-80.8","Public reported a large tree limb blown down at Statesville Rd and Old Statesville Rd. County comms reported multiple trees down along with power lines in the Derita community.","Scattered to numerous thunderstorms developed over western North Carolina during the afternoon. A couple of supercell thunderstorms produced severe weather in the form of large hail and damaging winds over the Piedmont.","NORTH CAROLINA"
"836717","MECKLENBURG CO.","CROFT","06/20/2019","1548","Thunderstorm Wind","50.00","","0","0","0","0","EST-5","EG","139112","C","119","GSP","0","0","Amateur Radio","","","","2.64","ENE","2.64","ENE","CROFT","06/20/2019","1548","35.37","-80.79","35.37","-80.79","Amateur radio reported multiple trees and power lines blown down on Ridge Rd.","Scattered thunderstorms developed across the North Carolina Piedmont during the afternoon. A few of the storms produced isolated damaging wind gusts.","NORTH CAROLINA"
"839452","MECKLENBURG CO.","GRIFFITH","06/22/2019","1515","Thunderstorm Wind","50.00","","0","0","0","0","EST-5","EG","139534","C","119","GSP","0","0","Broadcast Media","","","","2.6","ENE","1.64","W","MATTHEWS","06/22/2019","1527","35.181","-80.836","35.119","-80.759","Media reported multiple trees and large limbs blown down in South Charlotte and the Matthews area.","Scattered thunderstorms developed over the North Carolina Blue Ridge during the early afternoon and moved southeast into the southern Piedmont during mid and late afternoon. A couple of areas of wind damage were reported over southern sections of the Charlotte metro area.","NORTH CAROLINA"
"839981","MECKLENBURG CO.","HOMESTEAD","06/30/2019","1927","Thunderstorm Wind","50.00","","0","0","1000","0","EST-5","EG","139643","C","119","GSP","0","0","Broadcast Media","","","","2.36","ENE","2.36","ENE","HOMESTEAD","06/30/2019","1927","35.31","-80.88","35.31","-80.88","Media reported trees and part of a fence blown down on Mingus Rd.","Scattered thunderstorms moved into the North Carolina Piedmont during the evening. One storm produced brief damaging winds in north Charlotte.","NORTH CAROLINA"
"841024","MECKLENBURG CO.","THRIFT","06/09/2019","1800","Flood","","","0","0","50000","0","EST-5","","139648","C","119","GSP","0","0","Emergency Manager","Heavy Rain","","","2.61","NW","2.47","NW","THRIFT","06/10/2019","1500","35.328","-80.981","35.323","-80.984","A dam pool stage gauge indicated flooding of the Catawba River downstream of the Mountain Island Lake dam occurred after widespread rainfall amounts of 4 to 7 inches fell within the basin across the northern foothills, with much of that falling over the course of several hours. Several homes along Lake Dr were likely inundated with flood water. The pool elevation behind the dam peaked at just under 107 ft on the morning of the 9th which was its highest level since August 1940.","A moist upslope flow developing north of a stationary front resulted in widespread showers and thunderstorms developing across western North Carolina during the evening of the 8th into the overnight and early morning hours of the ninth. Four to seven inches of rain, with locally higher amounts of 10 inches or more falling over the northern foothills resulted in flash flooding in multiple areas. The widespread nature of the excessive rainfall within the Catawba River watershed caused the river to rise to levels not seen in almost 80 years in the western Piedmont, with flooding persisting in some areas through the 10th. Meanwhile, a brief, weak tornado developed across Rutherford County.","NORTH CAROLINA"
"847985","MECKLENBURG CO.","SHOPTON","07/31/2019","1540","Thunderstorm Wind","50.00","","0","0","0","0","EST-5","EG","141132","C","119","GSP","0","0","911 Call Center","","","","2.94","SSE","3.64","SE","GRIFFITH","07/31/2019","1550","35.13","-80.952","35.13","-80.838","County comms reported multiple trees blown down in the Steele Creek area. Fire dept reported trees down on power lines on Quail Hollow Rd.","Isolated to widely scattered thunderstorms developed over western North Carolina throughout the afternoon and into the evening. A couple of the storms produced brief damaging wind gusts and large hail.","NORTH CAROLINA"
"848098","MECKLENBURG CO.","PINEVILLE","07/13/2019","1630","Flash Flood","","","0","0","1000","0","EST-5","","141149","C","119","GSP","0","0","Broadcast Media","Heavy Rain","","","3.47","SE","5.77","ESE","PINEVILLE","07/13/2019","1800","35.045","-80.856","35.039","-80.801","Media and public (via social media) reported flash flooding developed in the Pineville area after 2 to 3 inches of rain fell in just a couple of hours. Marvin Rd became impassable, most likely due to poor drainage flooding near Johnston Rd. Ardrey Kell Rd was blocked by water at Rea Rd near Flat Branch, while Wade Ardrey Rd was blocked by floodwaters from a tributary of Six Mile Creek at Commons Crossing Dr.","Isolated thunderstorms and storm clusters developed during the afternoon across the southern Piedmont. The tendency of storms to move slowly and organize into small clusters resulted in locally very heavy rainfall, with a small area of flash flooding developing across part of the Charlotte metro area.","NORTH CAROLINA"
"852509","MECKLENBURG CO.","CLT BROCKENBROUGH AR","08/01/2019","1730","Hail","0.88","","0","0","0","0","EST-5","","142015","C","119","GSP","0","0","Public","","","","2.58","W","2.58","W","CLT BROCKENBROUGH AR","08/01/2019","1730","35.313","-80.875","35.313","-80.875","Public reported nickel size hail on Chalgrove Lane.","Scattered thunderstorms developed across the North Carolina Blue Ridge during the afternoon and drifted east into the foothills and Piedmont through early evening, with some storms organizing into small clusters. Several of these storms and clusters produced brief damaging wind gusts and hail.","NORTH CAROLINA"
"852512","MECKLENBURG CO.","CROFT","08/01/2019","1710","Thunderstorm Wind","50.00","","0","0","0","0","EST-5","EG","142015","C","119","GSP","0","0","Fire Department/Rescue","","","","1.26","NNE","0.51","E","HUNTERSVILLE","08/01/2019","1710","35.367","-80.822","35.421","-80.841","Fire dept reported a few trees blown down near I-485 and Highway 115. Public reported multiple large tree limbs down on Ramah Church Rd near Highway 115.","Scattered thunderstorms developed across the North Carolina Blue Ridge during the afternoon and drifted east into the foothills and Piedmont through early evening, with some storms organizing into small clusters. Several of these storms and clusters produced brief damaging wind gusts and hail.","NORTH CAROLINA"
"852513","MECKLENBURG CO.","IDLEWILD","08/01/2019","1715","Thunderstorm Wind","50.00","","0","0","0","0","EST-5","EG","142015","C","119","GSP","0","0","Fire Department/Rescue","","","","1.19","W","1.32","NW","IDLEWILD","08/01/2019","1720","35.218","-80.771","35.234","-80.766","Fire dept reported a few trees blown down in the Kilborne Park area and along Shamrock Dr.","Scattered thunderstorms developed across the North Carolina Blue Ridge during the afternoon and drifted east into the foothills and Piedmont through early evening, with some storms organizing into small clusters. Several of these storms and clusters produced brief damaging wind gusts and hail.","NORTH CAROLINA"
"853176","MECKLENBURG CO.","CALDWELL","08/17/2019","1607","Thunderstorm Wind","55.00","","0","0","10000","0","EST-5","EG","142097","C","119","GSP","0","0","Fire Department/Rescue","","","","0.96","SE","1.59","SSE","HUNTERSVILLE","08/17/2019","1612","35.441","-80.837","35.398","-80.842","Fire dept reported numerous trees blown down across the Huntersville area. One tree fell on a home.","Isolated to widely scattered thunderstorms developed over the North Carolina Piedmont during the late afternoon. A couple of the storms produced brief severe weather in the Charlotte area.","NORTH CAROLINA"
"853177","MECKLENBURG CO.","CLT BROCKENBROUGH AR","08/17/2019","1631","Thunderstorm Wind","50.00","","0","0","10000","0","EST-5","EG","142097","C","119","GSP","0","0","Broadcast Media","","","","0.69","N","0.69","N","CLT BROCKENBROUGH AR","08/17/2019","1631","35.33","-80.83","35.33","-80.83","Media reported several trees blown down near Victoria Ave surrounding a mobile home park between Skycrest Dr and Old Statesville Rd. One person suffered injuries after a tree fell on a mobile home.","Isolated to widely scattered thunderstorms developed over the North Carolina Piedmont during the late afternoon. A couple of the storms produced brief severe weather in the Charlotte area.","NORTH CAROLINA"
"853179","MECKLENBURG CO.","HNTRSVILLE BRDFRD AR","08/17/2019","1613","Hail","1.00","","0","0","0","0","EST-5","","142097","C","119","GSP","0","0","Trained Spotter","","","","0.79","SW","0.79","SW","HNTRSVILLE BRDFRD AR","08/17/2019","1613","35.412","-80.81","35.412","-80.81","Spotter reported quarter size hail on Huntersville-Concord Rd.","Isolated to widely scattered thunderstorms developed over the North Carolina Piedmont during the late afternoon. A couple of the storms produced brief severe weather in the Charlotte area.","NORTH CAROLINA"
"853817","MECKLENBURG CO.","DOUGLAS MUNI ARPT","08/19/2019","1408","Hail","1.25","","0","0","0","0","EST-5","","142210","C","119","GSP","0","0","Public","","","","0.56","W","0.56","W","DOUGLAS MUNI ARPT","08/19/2019","1408","35.22","-80.94","35.22","-80.94","Public reported half dollar size hail at Charlotte Douglas International Airport. County comms reported quarter size hail nearby on Wilkinson Blvd.","Scattered thunderstorms and storm clusters developed near the North Carolina Blue Ridge and drifted southeast throughout the afternoon and early evening. A few of the storms produced brief damaging winds and hail.","NORTH CAROLINA"
"853824","MECKLENBURG CO.","DOUGLAS MUNI ARPT","08/19/2019","1517","Thunderstorm Wind","56.00","","0","0","0","0","EST-5","EG","142210","C","119","GSP","0","0","ASOS","","","","0.56","W","0.56","W","DOUGLAS MUNI ARPT","08/19/2019","1517","35.22","-80.94","35.22","-80.94","The ASOS at the Charlotte Douglas International Airport measured a gust of 56 kts, or 65 mph.","Scattered thunderstorms and storm clusters developed near the North Carolina Blue Ridge and drifted southeast throughout the afternoon and early evening. A few of the storms produced brief damaging winds and hail.","NORTH CAROLINA"
"857376","MECKLENBURG CO.","STONEHAVEN","09/13/2019","1615","Heavy Rain","","","0","0","500","0","EST-5","","142753","C","119","GSP","0","0","River/Stream Gage","","","","1.11","WNW","1.11","WNW","STONEHAVEN","09/13/2019","1615","35.174","-80.789","35.174","-80.789","A stream gauge on McMullen Creek briefly exceeded its established flood stage after thunderstorms produced around two inches of rain in about an hour across portions of south Charlotte. Media confirmed the creek briefly flowed over Addison Dr.","Scattered to numerous thunderstorms and storm clusters developed over western North Carolina during the afternoon and evening in association with a back door cold front. A couple of the storms produced large hail, brief damaging winds, and/or heavy rainfall.","NORTH CAROLINA"
"871940","MECKLENBURG CO.","PINEVILLE","02/06/2020","1216","Tornado","","EF1","0","0","500000","0","EST-5","","145216","C","119","GSP","0","0","NWS Storm Survey","","15.09","150","1.36","NW","2.66","E","HOODS","02/06/2020","1231","35.094","-80.917","35.127","-80.653","NWS storm survey found a tornado damage path that began almost exactly on the NC/SC line along Nations Ford Rd west of Pineville. Trees were snapped or uprooted along its path until it reached an industrial area west of I-485 where several large buildings suffered roof damage and a wall collapsed at a building under construction. The damage in this area suggests winds of 90 to 95 mph which were the strongest winds of the event. The tornado maintained strength as it crossed I-485 and traveled across largely residential areas of southern Mecklenburg County causing scattered tree damage. At least one tree fell on a house in this area. More damage to large trees occurred along Highway 51 in Matthews east of Elizabeth Lane Elementary. The tornado weakened from there but caused more tree damage on West John St closer to the city center. Tree damage continued in scattered locations after the tornado crossed Independence Blvd and again I-485 before entering Union County.","Unusually high levels of moisture for early February combined with a slow-moving frontal system to produce an extended period of moderate to heavy rainfall across western North Carolina from the morning of the 5th until the early morning hours of the 7th. Intense rain rates associated with bands of heavy rain showers and embedded thunderstorms developing along the front during the morning and afternoon of the 7th resulted in rather widespread flash flooding. Isolated tornadoes also developed during this time across the Piedmont. Total rainfall of 3 to 6 inches resulted in flooding persisting along some main stem rivers and larger streams well into the 7th.","NORTH CAROLINA"
"873910","MECKLENBURG CO.","PINEVILLE","01/11/2020","2208","Thunderstorm Wind","50.00","","0","0","10000","0","EST-5","EG","145050","C","119","GSP","0","0","Emergency Manager","","","","3.81","SE","3.81","SE","PINEVILLE","01/11/2020","2208","35.047","-80.846","35.047","-80.846","EM reported multiple trees and large limbs blown down in the Ballantyne area, some of which fell on outbuildings. Minor structural damage was also reported.","Multiple lines of thunderstorms developed across the western Carolinas in advance of a cold front during the late afternoon and evening. Some of these lines produced swaths of wind damage across the southern mountains, foothills, and mainly the northern Piedmont.","NORTH CAROLINA"
"877123","MECKLENBURG CO.","HAHN","02/06/2020","1400","Flash Flood","","","0","0","50000","0","EST-5","","145216","C","119","GSP","0","0","River/Stream Gage","Heavy Rain","","","1.17","NNE","1.9","NNE","COLLEGE DOWNS","02/07/2020","2000","35.336","-80.713","35.308","-80.715","Stream gauges indicated flash flooding along multiple creeks in the city of Charlotte after 2.5 to 4 inches of rain fell across the area in around 24 hours with much of that falling on the morning into the afternoon of the 6th. Mallard Creek overflowed its banks and flooded parking lots at PNC Music Pavillion as well as the greenway along North Tryon St. McMullen Creek inundated Addison Dr with more than a foot of water. Briar Creek flooded Shannonhouse Dr Masonic Dr Central Ave and the parking lot of an apartment complex in east Charlotte. Significant flooding developed along Sugar Creek in southwest Charlotte with water inundating several buildings along Southern Pines and Red Oak Blvds.","Unusually high levels of moisture for early February combined with a slow-moving frontal system to produce an extended period of moderate to heavy rainfall across western North Carolina from the morning of the 5th until the early morning hours of the 7th. Intense rain rates associated with bands of heavy rain showers and embedded thunderstorms developing along the front during the morning and afternoon of the 7th resulted in rather widespread flash flooding. Isolated tornadoes also developed during this time across the Piedmont. Total rainfall of 3 to 6 inches resulted in flooding persisting along some main stem rivers and larger streams well into the 7th.","NORTH CAROLINA"
"877124","MECKLENBURG CO.","HAHN","02/06/2020","2000","Flood","","","0","0","5000","0","EST-5","","145216","C","119","GSP","0","0","River/Stream Gage","Heavy Rain","","","0.94","NNE","0.79","NNE","COLLEGE DOWNS","02/06/2020","2300","35.333","-80.715","35.309","-80.716","Although heavy rain steadily tapered off across the Charlotte area during the afternoon into the evening  stream gauges indicated high water conditions lingered along portions of Mallard Creek Briar Creek and especially Sugar Creek through late evening.","Unusually high levels of moisture for early February combined with a slow-moving frontal system to produce an extended period of moderate to heavy rainfall across western North Carolina from the morning of the 5th until the early morning hours of the 7th. Intense rain rates associated with bands of heavy rain showers and embedded thunderstorms developing along the front during the morning and afternoon of the 7th resulted in rather widespread flash flooding. Isolated tornadoes also developed during this time across the Piedmont. Total rainfall of 3 to 6 inches resulted in flooding persisting along some main stem rivers and larger streams well into the 7th.","NORTH CAROLINA"
"884123","MECKLENBURG CO.","PINEVILLE","04/08/2020","1956","Hail","1.00","","0","0","0","0","EST-5","","147085","C","119","GSP","0","0","Social Media","","","","5.04","SE","5.04","SE","PINEVILLE","04/08/2020","1956","35.026","-80.84","35.026","-80.84","Public reported (via Social Media) quarter size hail off Longstone Ln.","Scattered thunderstorms developed over the southern North Carolina Piedmont during the evening. One of these storms produced brief large hail in the Charlotte area.","NORTH CAROLINA"
"887622","MECKLENBURG CO.","(CLT)CHARLOTTE/DOUGL","04/13/2020","404","Thunderstorm Wind","51.00","","0","1","50000","0","EST-5","EG","147364","C","119","GSP","0","0","ASOS","","","","0.11","E","2.82","SE","GRIFFITH","04/13/2020","415","35.22","-80.948","35.138","-80.849","The ASOS at Charlotte Douglas Airport measured a wind gust of 59 mph (51 kts). Media reported trees were blown down on Countrymens Ct, with one tree down on a house and injuring an occupant. A large tree was also blown down on E Morehead St near Euclid Ave in the Uptown area.","A strong storm system impacted the Southeast, resulting in an area of widespread heavy rain and embedded strong to severe thunderstorms that moved across western North Carolina during the late night and early morning hours. Localized flash flooding, some of which was quite significant developed across the mountains. Isolated severe weather also occurred, mainly in the form of damaging wind gusts. Strong southerly gradient winds also caused some damage across mainly the high elevations of western North Carolina.","NORTH CAROLINA"
"887796","MECKLENBURG CO.","STONEHAVEN","04/30/2020","100","Flash Flood","","","0","0","200000","0","EST-5","","147577","C","119","GSP","0","0","River/Stream Gage","Heavy Rain","","","0.57","SE","1.07","WNW","PINEVILLE","04/30/2020","430","35.164","-80.763","35.108","-80.956","Stream gauges and the media reported flash flooding developed across mainly southern sections of Charlotte after 2.5 to 3.5 inches of rain fell in about a four houe period. Little Sugar Creek, Briar Creek, and McMullen Creek all overflowed their banks and inundated adjacent roads, including Wakefield Dr, Cullman Ave, Addison Dr, Shannonhouse Dr, Masonic Dr, Central Ave, and Sharon View Rd. Evacuations were necessary at an apartment complex off Shannonhouse Dr. Several homes along these creeks received some inundation. Steele Creek flooded multiple roads in far southwest Charlotte, including Pleasnt Rd and John Price Rd, where evacuations occurred at a mobile home park. Little Hope Creek also overflowed onto Mockingbird Lane.","An area of widespread rainfall developed across the western Carolinas in advance of a cold front late on the 29th into the early morning hours of the 30th. Embedded thunderstorms and heavy rain showers developed and trained over the Charlotte metro area shortly after midnight on the 30th. Flash flooding developed across the city and adjacent urban areas after 2 to 3.5 inches of rain fell, mostly in under four hours.","NORTH CAROLINA"
"887801","MECKLENBURG CO.","HAHN","04/30/2020","430","Flood","","","0","0","50000","0","EST-5","","147577","C","119","GSP","0","0","River/Stream Gage","Heavy Rain","","","1.07","NE","1.07","WNW","PINEVILLE","04/30/2020","830","35.332","-80.708","35.108","-80.956","Although heavy rainfall was tapering off across the Charlotte area by sunrise, stream gauges indicated runoff from the earlier excessive rainfall was causing continued high water conditions on city streams. This was especially the case along Steele Creek in southwest Charlotte, where continued stream rises resulted in a couple of buildings being inundated on Southern Pine Blvd. Minor flooding also continued along Mallard Creek in the University City area during this time.","An area of widespread rainfall developed across the western Carolinas in advance of a cold front late on the 29th into the early morning hours of the 30th. Embedded thunderstorms and heavy rain showers developed and trained over the Charlotte metro area shortly after midnight on the 30th. Flash flooding developed across the city and adjacent urban areas after 2 to 3.5 inches of rain fell, mostly in under four hours.","NORTH CAROLINA"
"889099","MECKLENBURG CO.","HOMESTEAD","04/25/2020","2044","Hail","1.00","","0","0","0","0","EST-5","","147742","C","119","GSP","0","0","Social Media","","","","1.13","E","1.13","E","HOMESTEAD","04/25/2020","2044","35.3","-80.9","35.3","-80.9","Public reported (via Social Media) quarter size hail in the Oakdale area.","Isolated thunderstorms developed in the vicinity of a warm front across the mountains of southwest North Carolina and the northern foothills during the evening. In addition, a couple of supercell thunderstorms moved into the southern Piedmont from upstate South Carolina. Several of these storms produced large hail and brief damaging winds.","NORTH CAROLINA"
"889103","MECKLENBURG CO.","PINEVILLE","04/25/2020","2117","Hail","0.88","","0","0","0","0","EST-5","","147742","C","119","GSP","0","0","Social Media","","","","7.02","W","7.02","W","PINEVILLE","04/25/2020","2117","35.076","-81.024","35.076","-81.024","Public reported (via Social Media) nickel size hail on Varsovie Court.","Isolated thunderstorms developed in the vicinity of a warm front across the mountains of southwest North Carolina and the northern foothills during the evening. In addition, a couple of supercell thunderstorms moved into the southern Piedmont from upstate South Carolina. Several of these storms produced large hail and brief damaging winds.","NORTH CAROLINA"
"889483","MECKLENBURG CO.","CLT BROCKENBROUGH AR","04/25/2020","2055","Hail","0.75","","0","0","0","0","EST-5","","147742","C","119","GSP","0","0","Public","","","","1.54","E","1.54","E","CLT BROCKENBROUGH AR","04/25/2020","2055","35.323","-80.803","35.323","-80.803","Public reported 3/4 inch hail on Stonefield Dr.","Isolated thunderstorms developed in the vicinity of a warm front across the mountains of southwest North Carolina and the northern foothills during the evening. In addition, a couple of supercell thunderstorms moved into the southern Piedmont from upstate South Carolina. Several of these storms produced large hail and brief damaging winds.","NORTH CAROLINA"
"896679","MECKLENBURG CO.","GRIFFITH","05/22/2020","1510","Thunderstorm Wind","55.00","","1","1","500000","0","EST-5","EG","148845","C","119","GSP","0","0","Emergency Manager","","","","2.19","NE","1.07","SE","MINT HILL","05/22/2020","1524","35.19","-80.85","35.168","-80.658","Emergency manager and media reported numerous trees blown down in the Dilworth and Elizabeth neighborhoods of Charlotte, with trees down on about a dozen homes. One tree was blown down on a house on Idlewood Circle that killed an occupant and seriously injured another. Other sources reported additional trees down across portions of South Charlotte including the Stonehaven neighborhood and in Mint Hill.","A line of thunderstorms moved into the southern Piedmont of North Carolina from upstate South Carolina during the afternoon. Multiple reports of locally damaging wind gusts were received, and a weak tornado developed across southern Gaston County.","NORTH CAROLINA"
"896784","MECKLENBURG CO.","STONEHAVEN","05/29/2020","1115","Thunderstorm Wind","50.00","","0","0","0","0","EST-5","EG","148853","C","119","GSP","0","0","Social Media","","","","2.07","S","2.07","S","STONEHAVEN","05/29/2020","1115","35.14","-80.77","35.14","-80.77","Public reported via Social Media two trees blown down on Sardis Rd. Fire dept reported a tree and power lines down elsewhere in south Charlotte.","A line of thunderstorms moved into the southern Piedmont of North Carolina during the early afternoon. Locally damaging winds were reported in the Charlotte metro area.","NORTH CAROLINA"
"897609","MECKLENBURG CO.","STONEHAVEN","05/27/2020","1700","Flash Flood","","","0","0","5000","0","EST-5","","148947","C","119","GSP","0","0","River/Stream Gage","Heavy Rain","","","1.54","W","0.32","NW","IDLEWILD","05/27/2020","2100","35.167","-80.797","35.236","-80.776","Stream gauges along Brier Creek and McMullen Creek in south Charlotte exceeded their established  stages after around two inches of rain fell in a few hours. Roads flooded by these streams included Addison Dr, Lincrest Place, Shannonhouse Dr, and Shamrock Dr. McAlpine Creek also exceeded flood stage in the University Center area, inundating part of Pavillion Blvd.","The remnants of tropical storm Bertha lifted north across the North Carolina Piedmont during the afternoon and evening of the 27th. Heavy rainfall and localized flooding developed in southern and eastern portions of the Charlotte metro area after around 2 inches of rain fell in a few hours.","NORTH CAROLINA"
"897786","MECKLENBURG CO.","NORTH CHARLOTTE","05/21/2020","1715","Flood","","","0","0","1000","0","EST-5","","148977","C","119","GSP","0","0","River/Stream Gage","Heavy Rain","","","1.73","SE","1.97","NW","IDLEWILD","05/21/2020","1815","35.251","-80.76","35.236","-80.774","A stream gauge on Briar Creek above Shamrock Dr briefly exceeded established flood stage after around an inch of rain fell over the basin, where stream levels were already running high due to heavy rainfall during the previous couple of days. Shannonhouse Dr and the parking lot of an apartment complex off Shamrock Dr were briefly inundated.","Scattered rain showers, some of which were heavy developed across the Charlotte metro area and vicinity during the late afternoon and evening. Although rainfall associated with these showers was not heavy, generally only one half inch up to an inch, elevated stream flows resulting from heavy rainfall during the previous two days resulted in brief, minor flooding of some streams.","NORTH CAROLINA"
"897795","MECKLENBURG CO.","HAHN","05/27/2020","2100","Flood","","","0","0","1000","0","EST-5","","148947","C","119","GSP","0","0","River/Stream Gage","Heavy Rain","","","1.01","NNE","0.71","N","HAHN","05/28/2020","0","35.334","-80.715","35.333","-80.721","Although heavy rain tapered off across the Charlotte area during the evening, a stream gauge on Mallard Creek in the Pavillion area remained above flood stage until after midnight. This indicated minor flooding of portions of the Pavillion Blvd, PNC Music Center parking lots, and portions of E Mallard Creek Church Rd.","The remnants of tropical storm Bertha lifted north across the North Carolina Piedmont during the afternoon and evening of the 27th. Heavy rainfall and localized flooding developed in southern and eastern portions of the Charlotte metro area after around 2 inches of rain fell in a few hours.","NORTH CAROLINA"
"897801","MECKLENBURG CO.","PINEVILLE","05/22/2020","1457","Thunderstorm Wind","50.00","","0","0","0","0","EST-5","EG","148845","C","119","GSP","0","0","Public","","","","7.95","W","7.95","W","PINEVILLE","05/22/2020","1457","35.07","-81.04","35.07","-81.04","Public reported trees blown down on Grand Palisades Pkwy.","A line of thunderstorms moved into the southern Piedmont of North Carolina from upstate South Carolina during the afternoon. Multiple reports of locally damaging wind gusts were received, and a weak tornado developed across southern Gaston County.","NORTH CAROLINA"
"897802","MECKLENBURG CO.","MATTHEWS","05/22/2020","1514","Thunderstorm Wind","50.00","","0","0","0","0","EST-5","EG","148845","C","119","GSP","0","0","Public","","","","4.89","SSW","4.89","SSW","MATTHEWS","05/22/2020","1514","35.051","-80.749","35.051","-80.749","Public reported trees blown down on Bounty Ct.","A line of thunderstorms moved into the southern Piedmont of North Carolina from upstate South Carolina during the afternoon. Multiple reports of locally damaging wind gusts were received, and a weak tornado developed across southern Gaston County.","NORTH CAROLINA"
"905365","MECKLENBURG CO.","THRIFT","06/22/2020","1745","Thunderstorm Wind","50.00","","0","0","0","0","EST-5","EG","150158","C","119","GSP","0","0","Public","","","","0.18","ESE","0.18","ESE","THRIFT","06/22/2020","1745","35.299","-80.947","35.299","-80.947","Public reported numerous large tree limbs snapped along Gum Branch Rd.","Scattered thunderstorms developed across the North Carolina Piedmont during the afternoon and evening. One of the storms produced brief damaging winds and hail in Mecklenburg County.","NORTH CAROLINA"
"905366","MECKLENBURG CO.","THRIFT","06/22/2020","1745","Hail","0.75","","0","0","0","0","EST-5","","150158","C","119","GSP","0","0","Public","","","","0.28","E","0.28","E","THRIFT","06/22/2020","1745","35.3","-80.945","35.3","-80.945","Public reported penny size hail on Gum Branch Rd.","Scattered thunderstorms developed across the North Carolina Piedmont during the afternoon and evening. One of the storms produced brief damaging winds and hail in Mecklenburg County.","NORTH CAROLINA"
"913538","MECKLENBURG CO.","YORKMONT PARK","07/18/2020","1643","Thunderstorm Wind","50.00","","0","0","0","0","EST-5","EG","151612","C","119","GSP","0","0","911 Call Center","","","","0.45","SE","0.45","SE","YORKMONT PARK","07/18/2020","1643","35.175","-80.895","35.175","-80.895","County comms reported trees blown down off South Tryon St.","Scattered to numerous thunderstorms developed across western North Carolina throughout the afternoon and evening. Several of the storms produced brief damaging wind gusts.","NORTH CAROLINA"
"913540","MECKLENBURG CO.","HOODS","07/18/2020","1709","Thunderstorm Wind","55.00","","0","0","0","0","EST-5","EG","151612","C","119","GSP","0","0","911 Call Center","","","","0.89","SW","0.89","SW","HOODS","07/18/2020","1709","35.12","-80.71","35.12","-80.71","County comms reported numerous trees blown down in the Matthews area.","Scattered to numerous thunderstorms developed across western North Carolina throughout the afternoon and evening. Several of the storms produced brief damaging wind gusts.","NORTH CAROLINA"
"913581","MECKLENBURG CO.","DERITA","07/21/2020","1615","Thunderstorm Wind","50.00","","0","0","0","0","EST-5","EG","151621","C","119","GSP","0","0","911 Call Center","","","","1.13","E","1.13","E","DERITA","07/21/2020","1615","35.3","-80.8","35.3","-80.8","County comms reported trees blown down on W Sugar Creek Rd.","Numerous thunderstorms and scattered storm clusters developed across western North Carolina during the afternoon and evening. Multiple severe thunderstorms developed, mainly producing brief damaging wind gusts.","NORTH CAROLINA"
"913586","MECKLENBURG CO.","GRIFFITH","07/21/2020","1701","Thunderstorm Wind","50.00","","0","0","0","0","EST-5","EG","151621","C","119","GSP","0","0","911 Call Center","","","","2.91","ESE","1.32","WNW","OAKHURST","07/21/2020","1701","35.16","-80.83","35.21","-80.8","County comms reported power lines blown down on Wickersham Rd and on Commonwealth Ave.","Numerous thunderstorms and scattered storm clusters developed across western North Carolina during the afternoon and evening. Multiple severe thunderstorms developed, mainly producing brief damaging wind gusts.","NORTH CAROLINA"
"913591","MECKLENBURG CO.","GRIFFITH","07/21/2020","1830","Thunderstorm Wind","50.00","","0","0","0","0","EST-5","EG","151621","C","119","GSP","0","0","911 Call Center","","","","0","N","1.13","W","DERITA","07/21/2020","1840","35.17","-80.88","35.3","-80.84","County comms reported quite a few trees and power lines down in Charlotte and vicinity, primarily on the south side.","Numerous thunderstorms and scattered storm clusters developed across western North Carolina during the afternoon and evening. Multiple severe thunderstorms developed, mainly producing brief damaging wind gusts.","NORTH CAROLINA"
"913597","MECKLENBURG CO.","SHOPTON","07/21/2020","1820","Hail","1.00","","0","0","0","0","EST-5","","151621","C","119","GSP","0","0","Public","","","","2.28","SSE","2.28","SSE","SHOPTON","07/21/2020","1820","35.138","-80.96","35.138","-80.96","Public reported quarter size hail on Antebellum Dr.","Numerous thunderstorms and scattered storm clusters developed across western North Carolina during the afternoon and evening. Multiple severe thunderstorms developed, mainly producing brief damaging wind gusts.","NORTH CAROLINA"
"913617","MECKLENBURG CO.","STONEHAVEN","07/22/2020","2118","Thunderstorm Wind","50.00","","0","0","50000","0","EST-5","EG","151626","C","119","GSP","0","0","Public","","","","2.68","SW","2.68","SW","STONEHAVEN","07/22/2020","2118","35.14","-80.8","35.14","-80.8","Public reported multiple trees blown down along Mt Carmel Rd, with some trees down on structures.","Scattered thunderstorms developed near the North Carolina Blue Ridge during the afternoon. A couple of the storms produced brief damaging wind gusts. Another severe storm developed in the Charlotte area during the late evening.","NORTH CAROLINA"
"913664","MECKLENBURG CO.","SHOPTON","07/25/2020","1736","Thunderstorm Wind","50.00","","0","0","0","0","EST-5","EG","151639","C","119","GSP","0","0","Fire Department/Rescue","","","","2.45","SW","2.45","SW","SHOPTON","07/25/2020","1736","35.146","-81.002","35.146","-81.002","Fire dept reported two trees blown down on Shopton Rd West.","Scattered thunderstorms developed across western North Carolina during the afternoon and evening, with a couple of the storms producing brief damaging winds.","NORTH CAROLINA"
"913681","MECKLENBURG CO.","CALDWELL","07/28/2020","1545","Hail","0.75","","0","0","0","0","EST-5","","151644","C","119","GSP","0","0","Public","","","","1.78","NE","1.78","NE","CALDWELL","07/28/2020","1545","35.47","-80.83","35.47","-80.83","Public reported dime to penny size hail.","A few thunderstorms developed across western North Carolina during the late afternoon. One storm produced brief hail in Mecklenburg County.","NORTH CAROLINA"
"919566","MECKLENBURG CO.","STONEHAVEN","08/09/2020","1830","Flash Flood","","","0","0","500","0","EST-5","","152660","C","119","GSP","0","0","River/Stream Gage","Heavy Rain","","","0.96","W","0.6","W","STONEHAVEN","08/09/2020","2000","35.1692","-80.787","35.1703","-80.7871","A stream gauge on McMullen Creek in south Charlotte exceeded its established flood stage after 2 to 3 inches of rain fell in 1-2 hours. Addison Dr was inundated with more than a foot of water and Lincrest Place was flooded as well.","Slow-moving thunderstorms developed over the North Carolina Piedmont during the evening. One storm produced very heavy rainfall and small stream flooding over south Charlotte.","NORTH CAROLINA"
"926804","MECKLENBURG (ZONE)","","10/29/2020","700","Tropical Storm","","","0","0","30000","0","EST-5","","153851","Z","71","GSP","0","0","911 Call Center","","","","","","","","","10/29/2020","1400","","","","","","Tropical moisture and heavy rain overspread western North Carolina throughout the 28th through the morning of the 29th as the center of Tropical Storm Zeta moved quickly from the mouth of the Mississippi River into the southern Appalachians. Strong winds developed across portions of western North Carolina during the morning, downing hundreds of trees across the area. Multiple trees fell on structures and vehicles. Upslope flow into the Blue Ridge escarpment enhanced rainfall rates such that widespread totals of 3 to 5 with locally higher amounts inches occurred over about a 24 hour period. This resulted in development of flash flooding across portions of the southern mountains and northern foothills.","NORTH CAROLINA"
"930569","MECKLENBURG CO.","PINEVILLE","11/12/2020","830","Flash Flood","","","0","0","1000000","0","EST-5","","154480","C","119","GSP","0","0","River/Stream Gage","Heavy Rain","","","3.64","WNW","2.83","NNW","(CLT)CHARLOTTE/DOUGL","11/12/2020","1730","35.091","-80.963","35.246","-80.967","Stream gauges indicated flash flooding developed along numerous creeks throughout the Charlotte area after 3.5 to 4.5 inches of rain fell across much of the city, with the bulk of that falling in about a 3-hour period during the morning of the 12th. The most significant flooding occurred along the Sugar Creek and Little Sugar Creek basins, where several gauges reported moderate to even major flooding. Water from Sugar Creek inundated multiple buildings along Southern Pines Blvd and Red Oak Blvd. Little Sugar Creek overflowed and impacted several homes in the Parkstone neighborhood as well as several structures along Highway 51 in Pineville. On the opposite side of the city, significant flooding developed along Mallard Creek in the University City area, impacting homes on Dashiel Dr and Circle Dr. Irwin Creek also inundated Statesville Rd just north of Uptown. Steele Creek flooded in the Carowinds area, flooding several mobile homes along John Price Rd. Otherwise, multiple roads were inundated along Briar Creek and McMullen Creek in the east and southeast part of the city, and along Stewart Creek and Irwin Creek on the north side and near Uptown. Long Creek also flooded roads near Mountain Island Lake, while Clarks Creek overflowed and flooded multiple vehicles in the far north part of the city. Drainage flooding also developed along I-85N near Little Rock Rd, with multiple vehicles stranded and occupants rescued. Overall, 23 people were rescued from homes and 12 people from vehicles throughout the city.","Tropical Cyclone Eta moved from the eastern Gulf of Mexico, across the northern Florida peninsula, to off the South Carolina coast throughout the 11th and 12th. Tropical moisture streaming into the Carolinas throughout this time resulted in development of heavy rainfall, with widespread rainfall amounts of 4 to 6 inches, with locally higher amounts across the foothills and Piedmont of North Carolina. This resulted in areas of flash flooding and main stem river flooding, some of which was significant, resulting in multiple fatalities and significant damage.","NORTH CAROLINA"
"930769","MECKLENBURG CO.","PINEVILLE","11/12/2020","1730","Flood","","","0","0","10000","0","EST-5","","154480","C","119","GSP","0","0","River/Stream Gage","Heavy Rain","","","3.64","WNW","2.83","NNW","(CLT)CHARLOTTE/DOUGL","11/13/2020","2100","35.091","-80.963","35.246","-80.967","Although heavy rainfall tapered off across the Charlotte area during the afternoon and evening, elevated flow conditions and some flooding persisted across many of the larger basins in the city through much of the evening. Numerous roads remained closed during this time.","Tropical Cyclone Eta moved from the eastern Gulf of Mexico, across the northern Florida peninsula, to off the South Carolina coast throughout the 11th and 12th. Tropical moisture streaming into the Carolinas throughout this time resulted in development of heavy rainfall, with widespread rainfall amounts of 4 to 6 inches, with locally higher amounts across the foothills and Piedmont of North Carolina. This resulted in areas of flash flooding and main stem river flooding, some of which was significant, resulting in multiple fatalities and significant damage.","NORTH CAROLINA"
"951679","MECKLENBURG CO.","YORKMONT PARK","03/18/2021","1540","Thunderstorm Wind","50.00","","0","0","0","0","EST-5","EG","157396","C","119","GSP","0","0","Public","","","","0.47","SSW","0.47","SSW","YORKMONT PARK","03/18/2021","1540","35.174","-80.904","35.174","-80.904","Public reported trees blown down in southwest Charlotte.","Scattered thunderstorms and storm clusters moved across western North Carolina in association with a cold front. Brief severe storms developed over the northern mountains and in the Charlotte metro area.","NORTH CAROLINA"
"969464","MECKLENBURG CO.","STONEHAVEN","06/06/2021","1600","Flash Flood","","","0","0","2000","0","EST-5","","160111","C","119","GSP","0","0","River/Stream Gage","Heavy Rain","","","0.74","W","0.94","SW","STONEHAVEN","06/06/2021","1900","35.171","-80.783","35.14","-80.819","Stream gauges along McMullen Creek in south Charlotte indicated flash flooding developed along the creek from the Sherwood Forest neighborhood through South Park after up to 3 inches of rain fell in less than 2 hours. Addison Drive was inundated with more than a foot of water from the creek. Lincrest Place and Sharon View Rd were also flooded. Additionally, multiple yards were flooded along the creek in these areas.","Scattered thunderstorms developed across western North Carolina during the afternoon and evening. Slow movement of the storms resulted in localized very heavy rainfall, causing flash flooding to develop in south Charlotte. At least one of the storms also produced hail.","NORTH CAROLINA"
"975590","MECKLENBURG CO.","CHARLOTTE","07/09/2021","1340","Thunderstorm Wind","50.00","","0","0","0","0","EST-5","EG","161536","C","119","GSP","0","0","911 Call Center","","","","1.66","S","1.66","S","CHARLOTTE","07/09/2021","1340","35.206","-80.85","35.206","-80.85","County comms reported trees and power lines blown down at Park Rd and East Blvd. Public reported large tree limbs blown down nearby on Dilworth Rd West.","Scattered thunderstorms and storm clusters developed over the North Carolina Piedmont during the afternoon. Several of the storms produced brief damaging wind gusts.","NORTH CAROLINA"
"982201","MECKLENBURG CO.","NORTH CHARLOTTE","08/11/2021","1833","Thunderstorm Wind","50.00","","0","0","0","0","EST-5","EG","162666","C","119","GSP","0","0","911 Call Center","","","","0.79","SSE","0.79","SSE","NORTH CHARLOTTE","08/11/2021","1833","35.259","-80.776","35.259","-80.776","County comms reported multiple trees blown down between Uptown and University City.","Scattered thunderstorms developed across western North Carolina throughout the afternoon into the evening. Several of the storms produced brief damaging wind gusts in the Piedmont. Slow cell movement also resulted in locally heavy rainfall, which resulted in isolated flash flooding developing in the city of Charlotte.","NORTH CAROLINA"
"982202","MECKLENBURG CO.","NORTH CHARLOTTE","08/11/2021","1920","Flash Flood","","","0","0","1000","0","EST-5","","162666","C","119","GSP","0","0","River/Stream Gage","Heavy Rain","","","1.59","WSW","0.85","SSE","CHARLOTTE","08/11/2021","2115","35.258","-80.804","35.197","-80.836","A couple of stream gauges along Little Sugar Creek in Uptown Charlotte exceeded their established flood stages after a couple of inches of rain fell in around an hour. Cullman Ave was overtopped as was the Freedom Park greenway and parking lots at the Carolinas Medical Center. The intersection of North Tryon Street and Atando Ave was also inundated by a tributary of Derita Creek. Additionally, media reported W Morehead St becoming impassable due to flooding along Irwin Creek.","Scattered thunderstorms developed across western North Carolina throughout the afternoon into the evening. Several of the storms produced brief damaging wind gusts in the Piedmont. Slow cell movement also resulted in locally heavy rainfall, which resulted in isolated flash flooding developing in the city of Charlotte.","NORTH CAROLINA"
"982216","MECKLENBURG CO.","PINEVILLE","08/14/2021","1400","Thunderstorm Wind","50.00","","0","0","0","0","EST-5","EG","162673","C","119","GSP","0","0","Broadcast Media","","","","3.22","NE","3.22","NE","PINEVILLE","08/14/2021","1400","35.118","-80.867","35.118","-80.867","Media reported trees and power lines blown down on Sharon Road West.","Numerous thunderstorms developed over western North Carolina throughout the afternoon. A number of the storms produced brief damaging wind gusts and some hail.","NORTH CAROLINA"
"994422","MECKLENBURG (ZONE)","","01/16/2022","100","Winter Storm","","","0","0","0","0","EST-5","","164702","Z","71","GSP","0","0","CoCoRaHS","","","","","","","","","01/16/2022","2000","","","","","","Moisture overspread the North Carolina Piedmont early on the 16th as strengthening low pressure moved across the Deep South. Strong northeast winds supplied ample cold air for the precipitation to begin as light snow across much of the area, resulting in light snow accumulations of up to a couple of inches during the pre-dawn hours. Slight warming of the air aloft resulted in snow changing to sleet across much of this area by sunrise. By late morning, total snow and sleet accumulations of 2 to 5 inches were reported, with locations north of I-40 seeing more snow than sleet, and locations south of I-85 seeing more sleet. Further warming aloft resulted in precipitation briefly changing to freezing rain before tapering off by early afternoon, with light ice accretion reported on top of the sleet and snow. However, scattered snow showers redeveloped during the afternoon and evening, producing spotty additional light accumulations.","NORTH CAROLINA"
"1002168","MECKLENBURG (ZONE)","","01/21/2022","1800","Winter Weather","","","0","0","0","0","EST-5","","165774","Z","71","GSP","0","0","CoCoRaHS","","","","","","","","","01/22/2022","0","","","","","","Moisture overspread the North Carolina Piedmont during the evening of the 21st as low pressure developed off the Southeast Coast. Light precipitation developed as a result, with enough cold air in place to allow much of the precip to fall as light snow. By the time the snow tapered off around midnight, 1 to 2 inches had accumulated across much of the area, with locally higher amounts of around 3 inches.","NORTH CAROLINA"
"1002206","MECKLENBURG (ZONE)","","02/07/2022","600","Winter Weather","","","0","0","0","0","EST-5","","165777","Z","71","GSP","0","0","Trained Spotter","","","","","","","","","02/07/2022","1000","","","","","","Moisture associated with low pressure developing off the South Carolina coast overspread the North Carolina Piedmont during the morning, resulting in a brief period of light precipitation. Enough cold air was in place to allow much of this to fall as freezing rain north of I-85. Light ice accretion of around a tenth of an inch or less was reported, mainly on elevated surfaces. Roads were warm enough such that travel issues were primarily relegated to a few slick spots on bridges and overpasses. Spotty dustings of snow were also reported north of I-40.","NORTH CAROLINA"
"1011317","MECKLENBURG (ZONE)","","02/18/2022","0","Strong Wind","40.00","","0","0","5000","0","EST-5","EG","167119","Z","71","GSP","0","0","Emergency Manager","","","","","","","","","02/18/2022","100","","","","","","Very gusty south winds developed in advance of a cold front across the North Carolina Piedmont and foothills during the overnight hours. The winds contributed to the collapse of a pedestrian bridge in downtown Hickory. Additionally, a large limb was blown down on and damaged a roof in West Charlotte.","NORTH CAROLINA"
"1025026","MECKLENBURG CO.","DAVIDSON","04/26/2022","1320","Thunderstorm Wind","50.00","","0","0","0","0","EST-5","EG","169207","C","119","GSP","0","0","Social Media","","","","0.56","W","0.56","W","DAVIDSON","04/26/2022","1320","35.5","-80.86","35.5","-80.86","Public reported (via Social Media) several pine trees blown down in the Davidson area.","A line of heavy rain showers and embedded thunderstorms developed in association with a cold front that moved across western North Carolina during the afternoon. Associated isolated wind damage occurred in the Charlotte metro area.","NORTH CAROLINA"
"1029576","MECKLENBURG CO.","GRIFFITH","05/04/2022","1700","Hail","1.00","","0","0","0","0","EST-5","","169928","C","119","GSP","0","0","Public","","","","3.57","SE","3.57","SE","GRIFFITH","05/04/2022","1700","35.13","-80.84","35.13","-80.84","Public reported dime to quarter sized hail near the intersection of Sharon Rd and Quail Hollow Rd.","Isolated strong to severe thunderstorms developed during the afternoon over western North Carolina ahead of a cold front. Several of the storms produced hail up to quarter  size and isolated wind damage.","NORTH CAROLINA"
"1029942","MECKLENBURG CO.","HICKORY GROVE","05/23/2022","1236","Tornado","","EF1","0","0","20000","0","EST-5","","169984","C","119","GSP","0","0","NWS Storm Survey","","3.73","100","1.43","NE","2.7","ESE","COLLEGE DOWNS","05/23/2022","1243","35.246","-80.714","35.289","-80.674","NWS storm survey found the path of an EF1 tornado that touched down near Burnt Umber Drive just south of Reedy Creek Park and proceeded to travel northeast across the Reedy Creek neighborhood, causing damage to numerous trees. Several homes received minor roof damage as the tornado crossed Rocky River Rd just west of I-485. The tornado continued northeast across I-485 just north of Rocky River Rd before moving into Cabarrus County.","Lines and clusters of thunderstorms developed throughout the afternoon and evening ahead of a frontal system across the North Carolina piedmont. Several of the storms produced brief damaging wind gusts, along with a couple of brief, weak tornadoes.","NORTH CAROLINA"
"1036647","MECKLENBURG CO.","ALEXANDERS STORE","06/09/2022","1305","Thunderstorm Wind","50.00","","0","0","10000","0","EST-5","EG","170848","C","119","GSP","0","0","Broadcast Media","","","","0.94","ESE","0.65","ESE","MINT HILL","06/09/2022","1315","35.196","-80.714","35.177","-80.659","Media reported trees blown down near the intersection of Lawyers Rd and Chestnut Lake Dr. Public reported additional trees down in the Mint Hill area, with one on a house.","Isolated thunderstorms developed over western North Carolina during the afternoon. One of the storms produced brief damaging wind gusts in Mecklenburg County.","NORTH CAROLINA"
"1036673","MECKLENBURG CO.","LANSDOWNE","06/16/2022","1530","Hail","1.00","","0","0","0","0","EST-5","","170855","C","119","GSP","0","0","Public","","","","1.13","W","1.13","W","LANSDOWNE","06/16/2022","1530","35.18","-80.79","35.18","-80.79","Public reported quarter size hail in the Cotswold area.","Scattered thunderstorms developed over western North Carolina during the afternoon and moved southeast. Some of the storms organized into small clusters. Several of the clusters and individual cells produced large hail and damaging wind gusts.","NORTH CAROLINA"
"1048887","MECKLENBURG CO.","DERITA","07/05/2022","1905","Thunderstorm Wind","50.00","","0","0","0","0","EST-5","EG","172766","C","119","GSP","0","0","911 Call Center","","","","1.49","SSW","0.68","ESE","MINT HILL","07/05/2022","1925","35.28","-80.83","35.176","-80.659","County comms reported multiple trees and power lines blown down, mainly across the north and east side of Charlotte, including on Kendrick Ave, on Yuma St, and on Dalehurst Dr. Trees were also down on South Stream Blvd in southwest Charlotte. Public reported numerous trees and lines down in Mint Hill and vicinity.","A line of thunderstorms moved southeast across western North Carolina during the evening. Several of the embedded storms produced locally damaging wind gusts.","NORTH CAROLINA"
"1050249","MECKLENBURG CO.","CHARLOTTE","07/16/2022","1315","Thunderstorm Wind","40.00","","0","0","5000","0","EST-5","EG","172942","C","119","GSP","0","0","Public","","","","0.56","E","0.56","E","CHARLOTTE","07/16/2022","1315","35.23","-80.84","35.23","-80.84","Public reported a large tree fell on a car in Uptown Charlotte.","Scattered thunderstorms and storm clusters moved across the North Carolina Piedmont during the afternoon. A couple of the storms produced locally damaging wind gusts.","NORTH CAROLINA"
"1050314","MECKLENBURG CO.","HUNTERSVILLE","07/26/2022","1325","Thunderstorm Wind","40.00","","0","0","5000","0","EST-5","EG","172956","C","119","GSP","0","0","Fire Department/Rescue","","","","0","N","0","N","HUNTERSVILLE","07/26/2022","1325","35.42","-80.85","35.42","-80.85","Fire dept reported a tree was blown down onto a car.","Scattered thunderstorms and storm clusters developed over western North Carolina during the afternoon and evening. Several of the storms produced strong-to-damaging wind gusts.","NORTH CAROLINA"
"1053909","MECKLENBURG CO.","DIXIE","08/12/2022","1705","Thunderstorm Wind","55.00","","0","0","50000","0","EST-5","EG","173663","C","119","GSP","0","0","ASOS","","","","2.22","NNW","0.66","WSW","DOUGLAS MUNI ARPT","08/12/2022","1709","35.229","-80.997","35.215","-80.94","Public reported multiple trees blown down off Old Dowd Rd near Lake Wylie. One tree fell on and heavily damaged a home in west Charlotte. The ASOS at Charlotte Douglass Airport measured a wind gust of 53 kts or 61 mph.","Isolated thunderstorms developed over the North Carolina foothills and Piedmont during the late afternoon and evening. One of the storms produced locally damaging wind gusts across several counties.","NORTH CAROLINA"
"1059180","MECKLENBURG (ZONE)","","09/30/2022","1100","Tropical Storm","","","0","0","65000","0","EST-5","","174731","Z","71","GSP","0","0","Broadcast Media","","","","","","","","","09/30/2022","2200","","","","","","Very gusty winds developed over the North Carolina Piedmont as Tropical Cyclone Ian made a second landfall as a minimal hurricane near Myrtle Beach during the afternoon of the 30th. Frequent wind gusts of 35 to 45 mph, with occasional gusts as high as 50 mph resulted in dozens of trees blown down throughout the area. Multiple trees fell on structures and vehicles, especially in the Charlotte area, where a mobile home was destroyed by a falling tree.","NORTH CAROLINA"
"1071148","MECKLENBURG (ZONE)","","12/23/2022","1700","Cold/Wind Chill","","","0","0","0","0","EST-5","","176407","Z","71","GSP","0","0","ASOS","","","","","","","","","12/24/2022","1000","","","","","","An arctic cold front swept across the foothills and Piedmont of western North Carolina during the morning of the 23rd and introduced the coldest air mass in more than 5 years. Temperatures in the single digits and lower teens combined with 10 to 20 mph winds to produce wind chill values in the 0 to -15 range from the evening of the 23rd through Christmas Eve morning. While winds abated throughout Christmas Eve into Christmas Day, unseasonably cold weather persisted for the better part of four days. There were numerous reports of frozen and burst pipes along with mostly minor damage to infrastructure throughout the area.","NORTH CAROLINA"
"1071882","MECKLENBURG (ZONE)","","12/23/2022","600","Strong Wind","40.00","","0","0","20000","0","EST-5","EG","176520","Z","71","GSP","0","0","Broadcast Media","","","","","","","","","12/23/2022","1600","","","","","","Strong winds developed from the west and northwest across the North Carolina Piedmont in the wake of an arctic cold front. Winds gusting from 40 to 45 mph, and occasionally as high as 50 mph resulted in a few downed trees and power lines, along with quite a few tree limbs. One tree fell on a home near Matthews in Mecklenburg County. Minor damage was also reported to multiple structures across the area.","NORTH CAROLINA"
"1079551","MECKLENBURG CO.","GRIFFITH","01/12/2023","1855","Thunderstorm Wind","40.00","","0","0","10000","0","EST-5","EG","177463","C","119","GSP","0","0","Emergency Manager","","","","2.54","SSE","2.54","SSE","GRIFFITH","01/12/2023","1855","35.137","-80.86","35.137","-80.86","Emergency manager reported tree blown down on a house on Tall Oaks Trail.","A line of heavy rain showers and thunderstorms moved across western North Carolina during the afternoon and evening in advance of a cold front. Embedded severe thunderstorms resulted in areas of damaging wind gusts and even a weak tornado.","NORTH CAROLINA"
"1090868","MECKLENBURG CO.","CHARLOTTE","03/03/2023","2031","Thunderstorm Wind","50.00","","0","0","10000","0","EST-5","EG","179159","C","119","GSP","0","0","Broadcast Media","","","","1.37","NNW","1.39","ENE","DERITA","03/03/2023","2034","35.248","-80.86","35.309","-80.798","Media reported a tree blown down on a house near Uptown Charlotte. A couple of more trees were blown down in east Charlotte.","Multiple lines and clusters of thunderstorms moved into western North Carolina during the late afternoon and evening ahead of a cold front. Multiple reports of wind damage were received, mainly across the mountains.","NORTH CAROLINA"
"1097463","MECKLENBURG (ZONE)","","04/30/2023","2030","Strong Wind","35.00","","0","0","10000","0","EST-5","EG","180118","Z","71","GSP","0","0","Public","","","","","","","","","04/30/2023","2030","","","","","","Winds gusting as high as 40 mph in the wake of a cold front across the Piedmont resulted in a tree falling on a home in south Charlotte.","NORTH CAROLINA"
"1104937","MECKLENBURG CO.","CHARLOTTE","05/16/2023","1851","Hail","1.00","","0","0","0","0","EST-5","","181396","C","119","GSP","0","0","Broadcast Media","","","","0.56","E","0.56","E","CHARLOTTE","05/16/2023","1851","35.23","-80.84","35.23","-80.84","Media and the public reported penny to quarter size hail in Uptown Charlotte.","Isolated to widely scattered thunderstorms developed during the late afternoon across the North Carolina Blue Ridge. One of these quickly evolved into a severe supercell thunderstorm in McDowell County and tracked east/southeast to the Charlotte metro area, producing areas of large hail and damaging downbursts along its path, including a significant downburst in Cherryville. This was followed by a decaying line of strong to severe thunderstorms that moved into the area from east Tennessee during mid-to-late evening and produced additional localized damaging wind gusts.","NORTH CAROLINA"
"1104943","MECKLENBURG CO.","THRIFT","05/16/2023","2100","Thunderstorm Wind","50.00","","0","0","0","0","EST-5","EG","181396","C","119","GSP","0","0","Broadcast Media","","","","1.66","N","1.66","N","THRIFT","05/16/2023","2100","35.324","-80.952","35.324","-80.952","Media reported multiple trees blown down along Dunn Commons Parkway.","Isolated to widely scattered thunderstorms developed during the late afternoon across the North Carolina Blue Ridge. One of these quickly evolved into a severe supercell thunderstorm in McDowell County and tracked east/southeast to the Charlotte metro area, producing areas of large hail and damaging downbursts along its path, including a significant downburst in Cherryville. This was followed by a decaying line of strong to severe thunderstorms that moved into the area from east Tennessee during mid-to-late evening and produced additional localized damaging wind gusts.","NORTH CAROLINA"
"1104944","MECKLENBURG CO.","LANSDOWNE","05/16/2023","1903","Thunderstorm Wind","50.00","","0","0","0","0","EST-5","EG","181396","C","119","GSP","0","0","Broadcast Media","","","","0.45","W","1.36","SW","ALEXANDERS STORE","05/16/2023","1903","35.18","-80.778","35.186","-80.747","Media reported a tree blown down and blocking part of the road at Sharon Amity Rd and Craig Ave and another downed tree blocking the road at Idlewild Rd and Cedarwild Rd.","Isolated to widely scattered thunderstorms developed during the late afternoon across the North Carolina Blue Ridge. One of these quickly evolved into a severe supercell thunderstorm in McDowell County and tracked east/southeast to the Charlotte metro area, producing areas of large hail and damaging downbursts along its path, including a significant downburst in Cherryville. This was followed by a decaying line of strong to severe thunderstorms that moved into the area from east Tennessee during mid-to-late evening and produced additional localized damaging wind gusts.","NORTH CAROLINA"
"1120234","MECKLENBURG CO.","ALLEN","06/12/2023","1440","Hail","0.75","","0","0","0","0","EST-5","","183378","C","119","GSP","0","0","Public","","","","2.37","NW","2.37","NW","ALLEN","06/12/2023","1440","35.254","-80.65","35.254","-80.65","Former NWS meteorologist relayed public report of 3/4 inch hail on Nicolette Ct.","Isolated thunderstorms developed over the North Carolina Piedmont during the afternoon. One of the storms produced hail and brief damaging wind gusts in Mecklenburg County.","NORTH CAROLINA"
"1120238","MECKLENBURG CO.","HICKORY GROVE","06/12/2023","1438","Thunderstorm Wind","50.00","","0","0","0","0","EST-5","EG","183378","C","119","GSP","0","0","Department of Highways","","","","1.4","SE","1.28","ESE","CLT WILGROVE ARPK AR","06/12/2023","1445","35.216","-80.712","35.213","-80.649","Multiple sources reported multiple trees blown down in Hickory Grove and vicinity.","Isolated thunderstorms developed over the North Carolina Piedmont during the afternoon. One of the storms produced hail and brief damaging wind gusts in Mecklenburg County.","NORTH CAROLINA"
"1120317","MECKLENBURG CO.","CROFT","06/26/2023","2007","Hail","1.00","","0","0","0","0","EST-5","","183387","C","119","GSP","0","0","Public","","","","4.6","WNW","4.6","WNW","CROFT","06/26/2023","2007","35.367","-80.909","35.367","-80.909","Public reported (via Social Media) hail a little larger  than quarters in the Mountain Island Lake area.","Scattered thunderstorms moved across the Piedmont during the late afternoon and evening. Several of these storms became severe, producing hail up to 2-inch diameter along with localized damaging wind gusts.","NORTH CAROLINA"
"1120319","MECKLENBURG CO.","CROFT","06/26/2023","2033","Hail","1.75","","0","0","0","0","EST-5","","183387","C","119","GSP","0","0","Public","","","","1.51","ESE","2.48","NNW","HAHN","06/26/2023","2043","35.342","-80.805","35.35","-80.744","Public reported quarter to golf ball size hail across north Charlotte.","Scattered thunderstorms moved across the Piedmont during the late afternoon and evening. Several of these storms became severe, producing hail up to 2-inch diameter along with localized damaging wind gusts.","NORTH CAROLINA"
"1120328","MECKLENBURG CO.","CALDWELL","06/26/2023","1935","Thunderstorm Wind","50.00","","0","0","0","0","EST-5","EG","183387","C","119","GSP","0","0","Fire Department/Rescue","","","","1.76","WSW","4.8","N","THRIFT","06/26/2023","1935","35.443","-80.88","35.369","-80.94","Fire dept and ham radio operator reported a power pole snapped on Sam Furr Rd, a couple of other power poles down on Highway 73 west of Huntersville, and multiple trees and power lines down on McIlwaine Rd. Another tree was down near Mountain Island Lake.","Scattered thunderstorms moved across the Piedmont during the late afternoon and evening. Several of these storms became severe, producing hail up to 2-inch diameter along with localized damaging wind gusts.","NORTH CAROLINA"
"1125077","MECKLENBURG CO.","OAKHURST","07/08/2023","1226","Thunderstorm Wind","50.00","","0","0","0","0","EST-5","EG","183966","C","119","GSP","0","0","Utility Company","","","","1.83","WNW","1.83","WNW","OAKHURST","07/08/2023","1226","35.21","-80.81","35.21","-80.81","Utility company reported trees blown down on power lines.","Isolated thunderstorms developed over western North Carolina during the afternoon. One of the storms produced brief damaging wind gusts in Charlotte. This storm also moved very slowly and produced torrential rainfall.","NORTH CAROLINA"
"1125278","MECKLENBURG CO.","SHOPTON","07/29/2023","1935","Thunderstorm Wind","50.00","","0","0","0","0","EST-5","EG","184002","C","119","GSP","0","0","Emergency Manager","","","","1.75","WSW","0.58","SSE","DOUGLAS MUNI ARPT","07/29/2023","1935","35.159","-80.998","35.212","-80.927","Emergency manager reported power lines blown down on Rock Island Rd and on Eaton Cir.","A line of strong-to-severe thunderstorms moved into western North Carolina from east Tennessee during the late afternoon and evening. Isolated embedded cells produced locally damaging wind gusts.","NORTH CAROLINA"
"1136765","MECKLENBURG CO.","SMITHVILLE","08/07/2023","1606","Thunderstorm Wind","60.00","","0","0","0","0","EST-5","EG","185366","C","119","GSP","0","0","NWS Storm Survey","","","","3.28","WSW","1.32","SE","DAVIDSON","08/07/2023","1617","35.467","-80.936","35.486","-80.834","Public reported multiple trees and larbe branches blown down on Green Dophin Lane and Square Sail Rd near Kake Norman. Nws storm survey found an area of downburst damage along Pine Rd east of Cornelius. Multiple trees were uprooted and numerous limbs snapped in this area.","Numerous thunderstorms and storm clusters moved across western North Carolina throughout the afternoon. Many of these storms produced severe weather, mainly in the form of damaging wind gusts, some of which were fairly long-lived. A couple of weak tornadoes also developed in the Piedmont, including a long-track EF1.","NORTH CAROLINA"
"1136766","MECKLENBURG CO.","THRIFT","08/07/2023","1617","Thunderstorm Wind","50.00","","0","1","500000","0","EST-5","EG","185366","C","119","GSP","0","0","Emergency Manager","","","","2.31","NNW","1.61","S","ALEXANDERS STORE","08/07/2023","1637","35.332","-80.962","35.177","-80.734","Emergency manager reported numerous trees and power lines blown down throughout the city of Charlotte and vicinity. Multiple trees fell on and damaged homes and vehicles in the city, especially in east Charlotte. One man was injured when a tree fell through his house. Other people were briefly trapped in a home damaged by a fallen tree.","Numerous thunderstorms and storm clusters moved across western North Carolina throughout the afternoon. Many of these storms produced severe weather, mainly in the form of damaging wind gusts, some of which were fairly long-lived. A couple of weak tornadoes also developed in the Piedmont, including a long-track EF1.","NORTH CAROLINA"
"1136774","MECKLENBURG CO.","HUNTERSVILLE","08/07/2023","1607","Tornado","","EF0","0","0","20000","0","EST-5","","185366","C","119","GSP","0","0","NWS Storm Survey","","2.05","50","4.56","W","3.46","SW","HUNTERSVILLE","08/07/2023","1610","35.41","-80.93","35.392","-80.901","NWS storm survey confirmed an EF0 tornado touched down just south of Lake Norman. Damage consisted of numerous tree branches torn off, some trees uprooted, and some minor damage to building exteriors.","Numerous thunderstorms and storm clusters moved across western North Carolina throughout the afternoon. Many of these storms produced severe weather, mainly in the form of damaging wind gusts, some of which were fairly long-lived. A couple of weak tornadoes also developed in the Piedmont, including a long-track EF1.","NORTH CAROLINA"
"1136927","MECKLENBURG CO.","DERITA","08/15/2023","1533","Thunderstorm Wind","50.00","","0","0","0","0","EST-5","EG","185379","C","119","GSP","0","0","Utility Company","","","","1.15","WSW","1.45","ENE","HAHN","08/15/2023","1540","35.294","-80.839","35.325","-80.695","Utility company reported trees blown down on power lines near the intersection of Durham Ln and Statesville Rd and also at Henslowe Ln and Faringford Rd.","Scattered thunderstorms developed over western North Carolina during the afternoon. A few of the storms produced brief damaging wind gusts along with some hail.","NORTH CAROLINA"
"1136928","MECKLENBURG CO.","SHOPTON","08/15/2023","1533","Thunderstorm Wind","50.00","","0","0","0","0","EST-5","EG","185379","C","119","GSP","0","0","Utility Company","","","","2.31","S","2.31","S","SHOPTON","08/15/2023","1533","35.137","-80.977","35.137","-80.977","Utility company reported trees blown down on power lines in the Steele Creek area.","Scattered thunderstorms developed over western North Carolina during the afternoon. A few of the storms produced brief damaging wind gusts along with some hail.","NORTH CAROLINA"
"1136954","MECKLENBURG CO.","CORNELIUS","08/26/2023","2100","Thunderstorm Wind","50.00","","0","0","0","0","EST-5","EG","185385","C","119","GSP","0","0","Other Federal Agency","","","","0.89","SE","0.89","SE","CORNELIUS","08/26/2023","2100","35.47","-80.86","35.47","-80.86","Multiple tress and power lines were blown down in the Cornelius area.","A cluster of thunderstorms moved across the North Carolina Piedmont during mid-to-late evening. Isolated strong-to-damaging wind gusts occurred.","NORTH CAROLINA"
"1136956","MECKLENBURG CO.","DERITA","08/26/2023","2130","Thunderstorm Wind","50.00","","0","0","0","0","EST-5","EG","185385","C","119","GSP","0","0","911 Call Center","","","","1.24","W","1.15","ENE","DERITA","08/26/2023","2130","35.301","-80.842","35.306","-80.801","County comms reported numerous trees and some power lines  blown down across north Charlotte.","A cluster of thunderstorms moved across the North Carolina Piedmont during mid-to-late evening. Isolated strong-to-damaging wind gusts occurred.","NORTH CAROLINA"
"1136962","MECKLENBURG CO.","OAKHURST","08/27/2023","1725","Thunderstorm Wind","50.00","","0","0","0","0","EST-5","EG","185386","C","119","GSP","0","0","Utility Company","","","","1.84","NW","1.84","NW","OAKHURST","08/27/2023","1725","35.221","-80.8","35.221","-80.8","Utility company reported trees blown down on power lines  near Uptown Charlotte.","Scattered thunderstorms and storm clusters developed across western North Carolina throughout the afternoon into the evening. Some storms produced brief damaging wind gusts.","NORTH CAROLINA"
"1136967","MECKLENBURG CO.","PINEVILLE","08/29/2023","1648","Thunderstorm Wind","50.00","","0","0","0","0","EST-5","EG","185388","C","119","GSP","0","0","Public","","","","1.33","ESE","1.81","ENE","PINEVILLE","08/29/2023","1650","35.07","-80.88","35.089","-80.87","Public reported (via Social Media) large limbs down blown down near Pineville. Spotter reported a large tree blown down and blocking part of Pineville-Matthews Rd.","Isolated thunderstorms developed across the North Carolina Piedmont during the late afternoon. One of the storms produced brief damaging wind gusts in Mecklenburg County.","NORTH CAROLINA"
"1143152","MECKLENBURG CO.","SMITHVILLE","09/07/2023","1801","Thunderstorm Wind","50.00","","0","0","0","0","EST-5","EG","186242","C","119","GSP","0","0","Utility Company","","","","4.83","SW","4.83","SW","SMITHVILLE","09/07/2023","1801","35.43","-80.94","35.43","-80.94","Utility company reported trees and limbs blown down on power lines.","Widely scattered thunderstorms along with a couple of storm clusters developed over western North Carolina, mainly during the evening. Several of the storms produced brief damaging wind gusts and/or large hail.","NORTH CAROLINA"
"1159086","MECKLENBURG CO.","HAHN","01/09/2024","1329","Thunderstorm Wind","50.00","","0","0","0","0","EST-5","EG","188566","C","119","GSP","0","0","Trained Spotter","","","","0.89","SW","0.89","SW","HAHN","01/09/2024","1329","35.31","-80.73","35.31","-80.73","Spotter reported multiple large tree limbs blown down around the UNC-Charlotte campus.","A major/complex frontal system brought widespread rain with embedded thunderstorms to western North Carolina, mainly during the afternoon of the 9th. Widespread rainfall amounts of 3 to 5 inches (with locally higher amounts) in around 12 hours resulted in numerous reports of flooding. Isolated severe thunderstorms also resulted in a number of damaging wind gusts reports over the Piedmont, along with an EF1 tornado that impacted portions of Catawba and Iredell Counties.","NORTH CAROLINA"
"1159089","MECKLENBURG CO.","ALEXANDERS STORE","01/09/2024","1345","Thunderstorm Wind","50.00","","0","0","25000","0","EST-5","EG","188566","C","119","GSP","0","0","Amateur Radio","","","","1.25","NE","1.25","NE","ALEXANDERS STORE","01/09/2024","1345","35.214","-80.716","35.214","-80.716","Ham radio operator reported trees down on Oak Hollow Dr at Long Pine with a house damaged by a downed tree.","A major/complex frontal system brought widespread rain with embedded thunderstorms to western North Carolina, mainly during the afternoon of the 9th. Widespread rainfall amounts of 3 to 5 inches (with locally higher amounts) in around 12 hours resulted in numerous reports of flooding. Isolated severe thunderstorms also resulted in a number of damaging wind gusts reports over the Piedmont, along with an EF1 tornado that impacted portions of Catawba and Iredell Counties.","NORTH CAROLINA"
"1160806","MECKLENBURG CO.","PINEVILLE","01/09/2024","1800","Flood","","","0","0","1000","0","EST-5","","188566","C","119","GSP","0","0","River/Stream Gage","Heavy Rain","","","3.51","WNW","2.77","SE","SHOPTON","01/09/2024","2000","35.093","-80.96","35.156","-80.947","Although heavy rain ended across Charlotte and vicinity during early evening, stream gauges indicated several streams remained out of their banks, flooding multiple roads. Most water had receded in most areas by mid-evening.","A major/complex frontal system brought widespread rain with embedded thunderstorms to western North Carolina, mainly during the afternoon of the 9th. Widespread rainfall amounts of 3 to 5 inches (with locally higher amounts) in around 12 hours resulted in numerous reports of flooding. Isolated severe thunderstorms also resulted in a number of damaging wind gusts reports over the Piedmont, along with an EF1 tornado that impacted portions of Catawba and Iredell Counties.","NORTH CAROLINA"
"1160813","MECKLENBURG CO.","PINEVILLE","01/09/2024","1400","Flash Flood","","","0","0","10000","0","EST-5","","188566","C","119","GSP","0","0","River/Stream Gage","Heavy Rain","","","3.51","WNW","2.77","SE","SHOPTON","01/09/2024","1800","35.093","-80.96","35.156","-80.947","Stream gauges indicated flash flooding developed across Charlotte and vicinity after 3 to 5 inches of rain fell across the city in 12 hours, with about half of that falling in just a couple of hours during the late morning and early afternoon. Multiple creeks overflowed their banks and inundated numerous adjacent roadways, rendering them impassable. Other roads were inundated and closed due to poor drainage. Impacted streams included Steele, Sugar, McMullen, Irvins, Little Hope, Stewart, Mallard, and especially Briar. Although flooding was largely limited to roadway flooding, water did enter the crawl spaces of a few homes along McMullen Creek.","A major/complex frontal system brought widespread rain with embedded thunderstorms to western North Carolina, mainly during the afternoon of the 9th. Widespread rainfall amounts of 3 to 5 inches (with locally higher amounts) in around 12 hours resulted in numerous reports of flooding. Isolated severe thunderstorms also resulted in a number of damaging wind gusts reports over the Piedmont, along with an EF1 tornado that impacted portions of Catawba and Iredell Counties.","NORTH CAROLINA"
"1160846","MECKLENBURG CO.","MATTHEWS","01/09/2024","1422","Thunderstorm Wind","50.00","","0","0","0","0","EST-5","EG","188566","C","119","GSP","0","0","Utility Company","","","","5.6","SSW","5.6","SSW","MATTHEWS","01/09/2024","1422","35.05","-80.78","35.05","-80.78","Utility company reported trees blown down on power lines.","A major/complex frontal system brought widespread rain with embedded thunderstorms to western North Carolina, mainly during the afternoon of the 9th. Widespread rainfall amounts of 3 to 5 inches (with locally higher amounts) in around 12 hours resulted in numerous reports of flooding. Isolated severe thunderstorms also resulted in a number of damaging wind gusts reports over the Piedmont, along with an EF1 tornado that impacted portions of Catawba and Iredell Counties.","NORTH CAROLINA"
"1186726","MECKLENBURG CO.","CHARLOTTE","05/08/2024","1505","Thunderstorm Wind","50.00","","0","0","10000","0","EST-5","EG","192340","C","119","GSP","0","0","Public","","","","2.12","SSW","1.51","SSE","DERITA","05/08/2024","1508","35.201","-80.862","35.28","-80.809","Public reported multiple trees blown down near uptown Charlotte, including on Berkshire Rd. Minor roof damage was also reported to a warehouse facility off North Graham St.","A couple of waves of strong to severe thunderstorms moved from east Tennessee into  western North Carolina...one during the afternoon and evening of the 8th, and another during the early morning of the 9th. Scattered severe storms produced several EF1 tornadoes, large to very large hail, and isolated swaths of damaging winds.","NORTH CAROLINA"
"1204961","MECKLENBURG CO.","HASKINGS MILLS","07/21/2024","2030","Flash Flood","","","0","0","500","0","EST-5","","194904","C","119","GSP","0","0","River/Stream Gage","Heavy Rain","","","2.03","E","1.82","NNE","HAHN","07/22/2024","0","35.269","-80.844","35.336","-80.715","Stream gauges indicated flash flooding developed across the north side of Charlotte after 2 to 3 inches of rain fell in just a couple of hours. A gauge on Irwin Creek exceeded its established flood stage in the Statesville Ave area. Mallard Creek overflowed its banks in the northeast part of the city, inundating Pavillion Blvd and flooding parking lots.","Areas of slow-moving thunderstorms and storm clusters developed across western North Carolina during the evening. Very heavy rain falling in a short period of time resulted in flash flooding across Henderson County and on the north side of Charlotte.","NORTH CAROLINA"
"1205000","MECKLENBURG CO.","HUNTERSVILLE","07/30/2024","1942","Thunderstorm Wind","50.00","","0","0","0","0","EST-5","EG","194912","C","119","GSP","0","0","Amateur Radio","","","","2.48","WSW","2.48","WSW","HUNTERSVILLE","07/30/2024","1942","35.407","-80.891","35.407","-80.891","Ham radio operator reported two trees blown down along Gilead Rd.","Scattered to numerous thunderstorms developed across western North Carolina, mainly during the late afternoon and evening. Several of the storms produced brief swaths of damaging wind gusts. Meanwhile, training thunderstorms resulted in very heavy rainfall and flash flooding in Henderson County.","NORTH CAROLINA"
"1207949","MECKLENBURG CO.","LANSDOWNE","07/30/2024","2017","Thunderstorm Wind","50.00","","0","0","0","0","EST-5","EG","194912","C","119","GSP","0","0","Utility Company","","","","0.56","N","4.6","SW","MATTHEWS","07/30/2024","2023","35.188","-80.769","35.075","-80.79","Utility company reported trees blown down on power lines along Monroe Rd near McMullen Creek and additional trees on power lines in the Matthews/Pineville area. Emergency manager also reported a tree blown down on a vehicle at Pineville-Matthews Rd and Baybrook Lane.","Scattered to numerous thunderstorms developed across western North Carolina, mainly during the late afternoon and evening. Several of the storms produced brief swaths of damaging wind gusts. Meanwhile, training thunderstorms resulted in very heavy rainfall and flash flooding in Henderson County.","NORTH CAROLINA"
"1213600","MECKLENBURG CO.","DIXIE","08/08/2024","700","Flash Flood","","","0","0","25000","0","EST-5","","196155","C","119","GSP","0","0","River/Stream Gage","Heavy Rain","","","2.71","NNW","1.79","NW","(CLT)CHARLOTTE/DOUGL","08/08/2024","1400","35.237","-80.996","35.248","-80.994","Multiple sources reported flash flooding developed across the Charlotte area after 4.5 to 6 inches of rain fell across Mecklenburg County in association with the remnants of Tropical Cyclone Debby. A gauge on McMullen Creek exceeded flood stage, indicating inundation of Addison Dr with as much as a foot of water, while Lincrest Place was also flooded. A gauge on Mallard Creek in the northeast part of the city also exceeded flood stage, indicating inundation of Pavillion Blvd, N Tryon St, and E Mallard Creek Church Rd as well as portions of the Mallard Creek Greenway. Stewart Creek overflowed its banks near Uptown and sent water flowing over W Morehead St. Paw Creek flooded near Charlotte Douglas Airport, with water surrounding several manufactured homes off Wilkinson Blvd. Water from tributaries of McAlpine Creek inundated a couple of roads in South Charlotte. Additionally, some significant urban flooding developed, with Highway 74 closed and a vehicle stalled in flood water between Sam Wilson Rd and Old Dowd Rd. Also, water covered Hawthorne Lane under a railway bridge, resulting in stranding of a vehicle.","The remnants Tropical Storm Debby made landfall in the Florida Big Bend on the 5th, lifted steadily northeast across southeast Georgia before turning north through the South Carolina coastal plain and the North Carolina Piedmont on the 7th and 8th. Rainfall amounts of 4 to 7 inches with locally higher amounts resulted in flash flooding across portions of western North Carolina.  In addition, very gusty winds caused scattered downed trees, which resulted in sporadic damage to structures.","NORTH CAROLINA"
"1214891","MECKLENBURG (ZONE)","","08/08/2024","400","Strong Wind","40.00","","0","0","200000","0","EST-5","EG","196155","Z","71","GSP","0","0","ASOS","","","","","","","","","08/08/2024","900","","","","","","The remnants Tropical Storm Debby made landfall in the Florida Big Bend on the 5th, lifted steadily northeast across southeast Georgia before turning north through the South Carolina coastal plain and the North Carolina Piedmont on the 7th and 8th. Rainfall amounts of 4 to 7 inches with locally higher amounts resulted in flash flooding across portions of western North Carolina.  In addition, very gusty winds caused scattered downed trees, which resulted in sporadic damage to structures.","NORTH CAROLINA"
"1216917","MECKLENBURG CO.","HNTRSVILLE BRDFRD AR","09/01/2024","1715","Thunderstorm Wind","50.00","","0","0","0","0","EST-5","EG","196690","C","119","GSP","0","0","Utility Company","","","","4.12","SSE","4.12","SSE","HNTRSVILLE BRDFRD AR","09/01/2024","1715","35.37","-80.76","35.37","-80.76","Utility company reported several trees blown down, some of which fell onto power lines in the area just west of Concord Mills.","Scattered to numerous thunderstorms developed across western North Carolina throughout the afternoon into the evening. One of the storms produced brief damaging wind gusts in the Charlotte area.","NORTH CAROLINA"
"1218173","MECKLENBURG (ZONE)","","09/27/2024","600","Tropical Storm","","","2","0","3000000","0","EST-5","","196694","Z","71","GSP","0","0","Emergency Manager","","","","","","","","","09/27/2024","1200","","","","","Hundreds of trees were blown down, with dozens of trees down on homes, vehicles, and power lines. Two fatalities were attributed to falling trees. Frequent gusts up to 50 to 60 mph occurred, with occasional gusts of 70 mph.","Tropical Cyclone Helene began organizing over the western Caribbean on the 23rd and 24th of September before rapidly intensifying as it moved north through the eastern Gulf of Mexico on the 25th and 26th. A plume of moisture extending from the intensifying storm interacted with a slow-moving cold front to produce a band of widespread heavy rain showers and embedded scattered thunderstorms over the southern Appalachians and vicinity on the 25th and 26th, resulting in a predecessor heavy rainfall and flash flooding event over these areas. Helene made landfall in the Florida Big Bend and moved quickly N/NE through Georgia before turning toward the N/NW once the remnant center reached northeast Georgia. Tropical rainbands around the center of Helene swept over areas with already-saturated soils over the mountains and foothills during the early morning of the 27th, resulting in extreme rainfall and record, catastrophic flash flooding across multiple basins with headwaters near the Blue Ridge escarpment. Due to its quick movement, Helene was still a strong tropical storm when the wind field reached the western Carolinas and northeast Georgia. Frequent wind gusts of 55 to 70 mph, with occasional gusts of 80 mph...and likely as high as 100 mph across the higher elevations combined with saturated soils to produce widespread damage to trees and electrical infrastructure. Across the mountains, some east and southeast-facing slopes above 3000 feet saw canopy-loss of 80% or more. Hundreds of trees fell on houses, vehicles, and power lines throughout the area, resulting in several fatalities. Almost all customers in several counties lost power for at least a brief period. Most people were without power for at least a couple of days, while thousands were without power for a week or more.","NORTH CAROLINA"
"1218192","MECKLENBURG CO.","THRIFT","09/27/2024","200","Flash Flood","","","0","0","25000000","0","EST-5","","196694","C","119","GSP","0","0","Emergency Manager","Heavy Rain","","","2.59","WNW","2.59","WNW","THRIFT","09/28/2024","1900","35.313","-80.993","35.313","-80.99","Emergency management and a stream gauge and reported flash flooding developed in the Mountain Island Lake area ater extremely heavy rainfall occurred across the headwaters of the Catawba River in the mountains and foothills over a three day period. More than a hundred homes and numerous roads downstream of the dam were inundated and damaged, especially on Lake Dr, Riverside Dr, and Riverhaven Dr. The stream level gauge at the dam crested more than a foot above the record (August 1940).","Tropical Cyclone Helene began organizing over the western Caribbean on the 23rd and 24th of September before rapidly intensifying as it moved north through the eastern Gulf of Mexico on the 25th and 26th. A plume of moisture extending from the intensifying storm interacted with a slow-moving cold front to produce a band of widespread heavy rain showers and embedded scattered thunderstorms over the southern Appalachians and vicinity on the 25th and 26th, resulting in a predecessor heavy rainfall and flash flooding event over these areas. Helene made landfall in the Florida Big Bend and moved quickly N/NE through Georgia before turning toward the N/NW once the remnant center reached northeast Georgia. Tropical rainbands around the center of Helene swept over areas with already-saturated soils over the mountains and foothills during the early morning of the 27th, resulting in extreme rainfall and record, catastrophic flash flooding across multiple basins with headwaters near the Blue Ridge escarpment. Due to its quick movement, Helene was still a strong tropical storm when the wind field reached the western Carolinas and northeast Georgia. Frequent wind gusts of 55 to 70 mph, with occasional gusts of 80 mph...and likely as high as 100 mph across the higher elevations combined with saturated soils to produce widespread damage to trees and electrical infrastructure. Across the mountains, some east and southeast-facing slopes above 3000 feet saw canopy-loss of 80% or more. Hundreds of trees fell on houses, vehicles, and power lines throughout the area, resulting in several fatalities. Almost all customers in several counties lost power for at least a brief period. Most people were without power for at least a couple of days, while thousands were without power for a week or more.","NORTH CAROLINA"
"1218218","MECKLENBURG CO.","HAHN","09/27/2024","800","Flash Flood","","","0","0","150000","0","EST-5","","196694","C","119","GSP","0","0","River/Stream Gage","Heavy Rain","","","2.66","N","1.99","NNE","HAHN","09/27/2024","1230","35.358","-80.728","35.342","-80.706","Gauges across the city of Charlotte indicated flash flooding developed along multiple streams across the eastern part of the city after 4 to 7 inches fell across the county over two days, with 1-2 inches of that falling in less than three hours on the morning of the 27th. Mallard Creek flooded in the northeast part of the city, inundating a portion of Pavilion Blvd and parking lots and greenways adjacent to N Tryon St and E Mallard Creek Church Rd. Toby Creek flooded low lying areas on the UNC-Charlotte campus. Briar Creek inundated Shannonhouse Dr and flooded the parking lots of apartment buildings along Shannonhouse Dr and Dolphin Ln. Irvins Creek and tributaries inundated Sam Newell Rd and Tank Town Rd near Matthews. Graymist Drive in the far east part of the county was impassable due to water from an overflowing Caldwell Creek.","Tropical Cyclone Helene began organizing over the western Caribbean on the 23rd and 24th of September before rapidly intensifying as it moved north through the eastern Gulf of Mexico on the 25th and 26th. A plume of moisture extending from the intensifying storm interacted with a slow-moving cold front to produce a band of widespread heavy rain showers and embedded scattered thunderstorms over the southern Appalachians and vicinity on the 25th and 26th, resulting in a predecessor heavy rainfall and flash flooding event over these areas. Helene made landfall in the Florida Big Bend and moved quickly N/NE through Georgia before turning toward the N/NW once the remnant center reached northeast Georgia. Tropical rainbands around the center of Helene swept over areas with already-saturated soils over the mountains and foothills during the early morning of the 27th, resulting in extreme rainfall and record, catastrophic flash flooding across multiple basins with headwaters near the Blue Ridge escarpment. Due to its quick movement, Helene was still a strong tropical storm when the wind field reached the western Carolinas and northeast Georgia. Frequent wind gusts of 55 to 70 mph, with occasional gusts of 80 mph...and likely as high as 100 mph across the higher elevations combined with saturated soils to produce widespread damage to trees and electrical infrastructure. Across the mountains, some east and southeast-facing slopes above 3000 feet saw canopy-loss of 80% or more. Hundreds of trees fell on houses, vehicles, and power lines throughout the area, resulting in several fatalities. Almost all customers in several counties lost power for at least a brief period. Most people were without power for at least a couple of days, while thousands were without power for a week or more.","NORTH CAROLINA"
"1225703","MECKLENBURG CO.","DIXIE","12/29/2024","921","Tornado","","EF0","0","0","0","0","EST-5","","198215","C","119","GSP","0","0","NWS Storm Survey","","1.67","20","0.09","NW","1.27","WNW","(CLT)CHARLOTTE/DOUGL","12/29/2024","923","35.201","-80.981","35.224","-80.972","NWS storm survey found the path of a brief tornado that  touched down just south of Dixie River Rd where a couple of large tree limbs were snapped. The tornado continued north, crossing Rockwood Rd and Walkers Ferry Rd where additional large limbs were snapped and a tree was blown down. The tornado dissipated north of Walkers Ferry Rd.","A broken line of low-topped heavy rain showers and embedded thunderstorms developing ahead of a cold front moved from upstate South Carolina into the North Carolina foothills and western Piedmont shortly after sunrise, and moved across the area throughout the late morning. The showers and storms produced areas of strong-to-damaging wind gusts, while a couple of EF0 tornadoes also occurred.","NORTH CAROLINA"
"1226259","MECKLENBURG CO.","(CLT)CHARLOTTE/DOUGL","12/29/2024","920","Thunderstorm Wind","51.00","","0","0","0","0","EST-5","MG","198215","C","119","GSP","0","0","ASOS","","","","0.66","SSW","1.53","W","OAKHURST","12/29/2024","928","35.211","-80.954","35.202","-80.807","The ASOS at Charlotte Douglas Airport measured a wind gust of 59 mph, or 51 knots. Public reported trees uprooted near Uptown.","A broken line of low-topped heavy rain showers and embedded thunderstorms developing ahead of a cold front moved from upstate South Carolina into the North Carolina foothills and western Piedmont shortly after sunrise, and moved across the area throughout the late morning. The showers and storms produced areas of strong-to-damaging wind gusts, while a couple of EF0 tornadoes also occurred.","NORTH CAROLINA"
"1232916","MECKLENBURG (ZONE)","","01/10/2025","1300","Winter Storm","","","0","0","0","0","EST-5","","199376","Z","71","GSP","0","0","CoCoRaHS","","","","","","","","","01/11/2025","200","","","","","","Moisture and lift associated with low pressure developing along the Gulf Coast overspread the Southeast and combined with cold surface high pressure to result in development of snow and sleet across the southern North Carolina Piedmont during early afternoon. The precipitation gradually accumulated, with half inch to an inch of sleet and snow reported across the area by early evening. At that point, warming temperatures aloft resulted in a transition to freezing rain, which persisted through the evening before tapering off during the early morning. Total ice accretion of around 1/4 inch was reported on top of the sleet and snow.","NORTH CAROLINA"
"1233033","MECKLENBURG (ZONE)","","01/21/2025","1600","Winter Weather","","","0","0","0","0","EST-5","","199398","Z","71","GSP","0","0","CoCoRaHS","","","","","","","","","01/21/2025","2000","","","","","","A brief period of light snow developed across the North Carolina Piedmont during the late afternoon and early evening. Accumulations were mostly around a half inch or less, although isolated locations received around an inch. Warm surfaces resulted in mainly wet roads, but a few slick spots and accidents developed, mainly on bridges and overpasses.","NORTH CAROLINA"
"1238481","MECKLENBURG CO.","MINT HILL","02/16/2025","720","Thunderstorm Wind","50.00","","0","0","0","0","EST-5","EG","200038","C","119","GSP","0","0","Utility Company","","","","0.89","NE","0.89","NE","MINT HILL","02/16/2025","720","35.19","-80.66","35.19","-80.66","Utility company reported trees blown down on power lines near the intersection of Wilgrove-Mint Hill Rd and Truelight Church Rd.","A narrow line of heavy rain showers and embedded thunderstorms moved across western North Carolina during the morning in association with a cold front. A few instances of brief damaging wind gusts occurred with heavier showers and storms.","NORTH CAROLINA"
"1266902","MECKLENBURG CO.","SHOPTON","05/03/2025","1549","Thunderstorm Wind","50.00","","0","0","0","0","EST-5","EG","203362","C","119","GSP","0","0","Utility Company","","","","2.19","SW","0.76","S","YORKMONT PARK","05/03/2025","1549","35.15","-81","35.169","-80.9","Utility company reported a couple of trees blown down on power lines in southwest Charlotte.","A couple of waves of strong to severe thunderstorms moved across the North Carolina Piedmont during the afternoon and the evening. A few of the storms produced brief damaging wind gusts.","NORTH CAROLINA"
"1266903","MECKLENBURG CO.","PINEVILLE","05/03/2025","2218","Thunderstorm Wind","50.00","","0","0","0","0","EST-5","EG","203362","C","119","GSP","0","0","Public","","","","8.47","W","6.92","W","PINEVILLE","05/03/2025","2221","35.061","-81.048","35.072","-81.022","Public reported multiple trees blown down, some across roads from the Catawba River to the area around  Youngblood Rd and McKee Rd.","A couple of waves of strong to severe thunderstorms moved across the North Carolina Piedmont during the afternoon and the evening. A few of the storms produced brief damaging wind gusts.","NORTH CAROLINA"
"1266904","MECKLENBURG CO.","NEWELL","05/04/2025","0","Thunderstorm Wind","50.00","","0","0","0","0","EST-5","EG","203362","C","119","GSP","0","0","Utility Company","","","","1.49","NNW","1.49","NNW","NEWELL","05/04/2025","0","35.3","-80.76","35.3","-80.76","Utility company reported trees blown down on power lines and causing an outage between University City Blvd and East WT Harris Blvd.","A couple of waves of strong to severe thunderstorms moved across the North Carolina Piedmont during the afternoon and the evening. A few of the storms produced brief damaging wind gusts.","NORTH CAROLINA"
"1277609","MECKLENBURG CO.","COLLEGE DOWNS","06/01/2025","1623","Thunderstorm Wind","50.00","","0","0","0","0","EST-5","EG","204863","C","119","GSP","0","0","Utility Company","","","","2.36","SSE","2.36","SSE","COLLEGE DOWNS","06/01/2025","1623","35.27","-80.7","35.27","-80.7","Utility company reported trees blown down on power lines and causing an outage.","Isolated thunderstorms developed over the North Carolina Piedmont during the late afternoon and evening. A couple of the storms produced brief damaging wind gusts in Mecklenburg County.","NORTH CAROLINA"
"1277612","MECKLENBURG CO.","CHADWICK","06/01/2025","1607","Thunderstorm Wind","50.00","","0","0","0","0","EST-5","EG","204863","C","119","GSP","0","0","Utility Company","","","","1.78","NE","1.78","NE","CHADWICK","06/01/2025","1607","35.3","-80.88","35.3","-80.88","Utility company reported trees blown down on power lines and causing an outage.","Isolated thunderstorms developed over the North Carolina Piedmont during the late afternoon and evening. A couple of the storms produced brief damaging wind gusts in Mecklenburg County.","NORTH CAROLINA"
"1277711","MECKLENBURG CO.","CHARLOTTE","06/12/2025","1940","Hail","0.75","","0","0","0","0","EST-5","","204884","C","119","GSP","0","0","Public","","","","0.89","NE","0.89","NE","CHARLOTTE","06/12/2025","1940","35.24","-80.84","35.24","-80.84","Public reported 3/4 inch hail.","Scattered thunderstorms and small storm clusters developed across the North Carolina Piedmont during the evening. Several of these clusters moved over south Charlotte, where multiple storms moved repeatedly over the same locations. Very heavy rainfall and significant flash flooding resulted. One of the storms also produced hail over Charlotte.","NORTH CAROLINA"
"1277901","MECKLENBURG CO.","SHOPTON","06/12/2025","1930","Flash Flood","","","0","0","1000000","0","EST-5","","204884","C","119","GSP","0","0","River/Stream Gage","Heavy Rain","","","1.18","S","0.7","WNW","PINEVILLE","06/12/2025","2200","35.153","-80.971","35.097","-80.962","Stream gauges and the media reported flash flooding developed across south Charlotte after 2.5 to 5 inches of rain fell across the area due to slow-moving, repeating thunderstorms. Most of the major streams in this part of the city overflowed their banks and inundated adjacent roads, greenways, and residential yards, including Little Hope Creek, Edwards Branch, and Little Sugar Creek. The most significant flooding occurred along Steele Creek in the Steele Creek community, which inundated a mobile home park. Multiple manufactured homes were inundated in this area, and multiple vehicles were largely subsumed in water. Around 30 swift water rescues occurred throughout the city during the event, with most of these occurring in the mobile home park. Thirteen people were also rescued from their vehicles near Freedom Park (Little Sugar Creek). McMullen Creek also experienced severe flooding, with water entering the crawl spaces of some homes and cutting off access to others.","Scattered thunderstorms and small storm clusters developed across the North Carolina Piedmont during the evening. Several of these clusters moved over south Charlotte, where multiple storms moved repeatedly over the same locations. Very heavy rainfall and significant flash flooding resulted. One of the storms also produced hail over Charlotte.","NORTH CAROLINA"
"1277902","MECKLENBURG CO.","SHOPTON","06/12/2025","2200","Flood","","","0","0","5000","0","EST-5","","204884","C","119","GSP","0","0","River/Stream Gage","Heavy Rain","","","1.18","S","0.7","WNW","PINEVILLE","06/13/2025","30","35.153","-80.971","35.097","-80.962","Although heavy rain had ended across the Charlotte area by late evening, flooding persisted along multiple streams in the south Charlotte area as flows remained elevated due to the torrential rainfall that fell earlier in the evening. All streams receded to their banks shortly after midnight.","Scattered thunderstorms and small storm clusters developed across the North Carolina Piedmont during the evening. Several of these clusters moved over south Charlotte, where multiple storms moved repeatedly over the same locations. Very heavy rainfall and significant flash flooding resulted. One of the storms also produced hail over Charlotte.","NORTH CAROLINA"
"1279092","MECKLENBURG CO.","MATTHEWS","06/25/2025","1735","Hail","0.88","","0","0","0","0","EST-5","","205061","C","119","GSP","0","0","Public","","","","2.15","SSW","2.15","SSW","MATTHEWS","06/25/2025","1735","35.09","-80.74","35.09","-80.74","Public reported nickel size hail.","Scattered thunderstorms and storm clusters developed over the North Carolina Blue Ridge during the early afternoon and steadily progressed east through the afternoon into the early evening. Isolated storms became severe and produced hail and brief damaging wind gusts.","NORTH CAROLINA"
"1279161","MECKLENBURG CO.","DAVIDSON","06/26/2025","1646","Thunderstorm Wind","50.00","","0","0","0","0","EST-5","EG","205069","C","119","GSP","0","0","Utility Company","","","","0.89","SE","0.89","SE","DAVIDSON","06/26/2025","1646","35.49","-80.84","35.49","-80.84","Utility company reported trees blown down on power lines and causing an outage on Crescent Dr.","For the second day in a row, scattered thunderstorms developed across the mountains and foothills during early-to-mid afternoon and moved steadily southeast, with a couple of storms producing large hail and locally damaging wind gusts.","NORTH CAROLINA"
"1293117","MECKLENBURG CO.","GRIFFITH","08/01/2025","1627","Thunderstorm Wind","50.00","","0","0","0","0","EST-5","EG","207262","C","119","GSP","0","0","Broadcast Media","","","","0.27","NE","4.82","SSW","MATTHEWS","08/01/2025","1647","35.173","-80.877","35.058","-80.769","Media reported a tree blown down on a car near Selwyn Ave. Public reported (via Social Media) power lights blown off lines on South Blvd north of I-485. Utility company reported trees blown down on power lines and causing an outage in the Providence community.","Scattered thunderstorms and storm clusters developed across the North Carolina foothills and western Piedmont during the afternoon and evening in association with a stationary front. Several storms produced severe weather in the form of locally damaging wind gusts. Additionally, several strong storms trained over the same locations in central McDowell County, resulting in flash flooding in the Marion area.","NORTH CAROLINA"
"1293124","MECKLENBURG CO.","GRIFFITH","08/05/2025","1000","Flash Flood","","","0","0","100000","0","EST-5","","207266","C","119","GSP","0","0","Emergency Manager","Heavy Rain","","","1.41","ENE","0.13","ENE","GRIFFITH","08/05/2025","1230","35.181","-80.859","35.179","-80.839","Emergency manager and stream gauges reported flash flooding developed in south Charlotte, mainly along Little Sugar Creek and Little Hope Creek after 3 to 4 inches of rain fell in just a couple of hours. Little Hope Creek overflowed its banks and inundated part of Mockingbird Lane. Little Sugar Creek flooded a portion of Wakefield Dr, covered a part of Reece Rd with a couple of feet of water, and approached some homes south of Archdale Dr. Emergency manager reported multiple swift water rescues of motorists in south Charlotte. Media reported multiple cars stranded in floodwater in the Pineville area.","An area of heavy rain with embedded thunderstorms developed over the North Carolina Piedmont in association with a surface low and stalled frontal boundary draped over the Coastal Plain. Localized very heavy rainfall resulted in urban and small stream flash flooding in south Charlotte.","NORTH CAROLINA"
"1312872","MECKLENBURG (ZONE)","","01/25/2026","300","Winter Storm","","","0","0","0","0","EST-5","","210419","Z","71","GSP","0","0","Public","","","","","","","","","01/25/2026","2100","","","","","","Precipitation associated with an intensifying low pressure system over the Deep South developed across the southern North Carolina Piedmont during the early morning of the 25th. The precipitation began as mostly sleet before mixing with, and eventually changing to freezing rain later in the morning. The precipitation finally tapered off during the evening. Total sleet accumulations of around an inch occurred, with 0.10 to 0.25 inch of ice accreting on top of the sleet. This made for very hazardous driving conditions. Due to unusually cold weather following the event, a couple of days of refreezing resulted in travel difficulties continuing during the overnight and morning hours.","NORTH CAROLINA"
"1312925","MECKLENBURG (ZONE)","","01/31/2026","300","Heavy Snow","","","0","0","0","0","EST-5","","210428","Z","71","GSP","0","0","CoCoRaHS","","","","","","","","","01/31/2026","2359","","","","","","For the second time in a week, a winter storm impacted the North Carolina Piedmont  as an area of low pressure intensified across the Deep South. In this case, all precipitation fell as snow. Snow began falling during the early morning of the 31st and continued off and on for almost 24 hours, with periods of heavy snow becoming common during the afternoon. By the time the snow tapered off, 6 to 10 inch totals were reported across much of the area. An axis of around a foot occurred from east Charlotte to High Rock Lake and vicinity.","NORTH CAROLINA"
"1321197","MECKLENBURG (ZONE)","","02/01/2026","0","Cold/Wind Chill","","","0","0","0","0","EST-5","","211481","Z","71","GSP","0","0","ASOS","","","","","","","","","02/01/2026","1100","","","","","","Dangerous cold that began during the morning of the 31st across the North Carolina  Piedmont and foothills continued through the morning of the 1st. Winds gusting in the 20 to 35 mph range combined with air temperatures in the teens and single digits to result in minimum wind chills from -5 to 5 above across the area.","NORTH CAROLINA"
"1326559","MECKLENBURG CO.","MATTHEWS","03/12/2026","850","Thunderstorm Wind","50.00","","0","0","0","0","EST-5","EG","212167","C","119","GSP","0","0","Broadcast Media","","","","4.13","SSW","4.13","SSW","MATTHEWS","03/12/2026","850","35.07","-80.77","35.07","-80.77","Media reports multiple trees blown down along and near Providence Church Ln.","A line of showers and thunderstorms moved across western North Carolina in advance of a cold front. The storms produced isolated pockets of damaging wind gusts in the Piedmont.","NORTH CAROLINA"
"1326569","MECKLENBURG CO.","CHARLOTTE","03/16/2026","840","Tornado","","EF0","0","0","50000","0","EST-5","","212171","C","119","GSP","0","0","NWS Storm Survey","","1.44","25","2","NE","1.49","WSW","NORTH CHARLOTTE","03/16/2026","842","35.252","-80.827","35.261","-80.804","A weak tornado touched down along N Graham St near the intersection of Moretz Ave, where several small trees were snapped. The tornado moved northeast into a residential area, where additional large limbs were snapped. The tornado reached peak intensity of 85 mph as it crossed Atando Ave where sheet metal was peeled back off a large industrial building. Another warehouse sustained more significant roof damage with a large section of roofing removed. Several large pine trees were snapped behind the warehouse. The tornado weakened and eventually dissipated as it moved into another residential area along Drury Dr where a few small limbs were downed.","A line of showers and thunderstorms, with embedded strong-to-severe storms moved across western North Carolina through the morning into the early afternoon. Several isolated, weak tornadoes occurred, along with sporadic pockets of damaging wind gusts.","NORTH CAROLINA"
"1326629","MECKLENBURG CO.","GRIFFITH","03/16/2026","836","Thunderstorm Wind","50.00","","0","0","0","0","EST-5","EG","212171","C","119","GSP","0","0","Broadcast Media","","","","1.72","NE","2.14","NE","CHARLOTTE","03/16/2026","836","35.19","-80.862","35.249","-80.82","Several sources reported multiple trees and some power lines blown down near Uptown Charlotte. Wind equipment on Bank of America stadium meaured a gust of 61 mph.","A line of showers and thunderstorms, with embedded strong-to-severe storms moved across western North Carolina through the morning into the early afternoon. Several isolated, weak tornadoes occurred, along with sporadic pockets of damaging wind gusts.","NORTH CAROLINA"
"1330216","MECKLENBURG (ZONE)","","04/01/2026","0","Drought","","","0","0","0","0","EST-5","","212644","Z","71","GSP","0","0","Drought Monitor","","","","","","","","","04/30/2026","2359","","","","","","A protracted period of abnormally dry weather that began in autumn of 2025 and continued through the winter culminated in extreme drought conditions across much of western North Carolina by early spring. Monthly precipitation was anywhere from 25 percent to 75 percent of normal for seven consecutive months beginning in September 2025. The September through March period was one of the top 5 driest on record across much of the area. Portions of the Piedmont saw their driest September-through-March on record. Unusually warm weather in March and April of 2026 further contributed to evolving drought conditions. Both months were among the top 5 warmest on record at most major climate sites across the region. By early April, streamflow across the region was 25 to 50 percent of normal. Soil moisture levels were extremely low and only poor-to-fair crop conditions were reported during the critical spring planting period. The dry and warm conditions enhanced the wildfire danger across the region, but large wildfires were few and far between, likely due to a statewide burn ban that was initiated in late March. By the end of April, drought status had been upgraded to exceptional across portions of the Piedmont.","NORTH CAROLINA"
"1344169","MECKLENBURG (ZONE)","","05/01/2026","0","Drought","","","0","0","0","0","EST-5","","214446","Z","71","GSP","0","0","Drought Monitor","","","","","","","","","05/31/2026","2359","","","","","","After a near-record dry April, the impacts of months-long precipitation deficits as high as 18 resulted in extreme to exceptional drought conditions lingering into May across western North Carolina. Many pastures and hayfields were rated poor-to-very poor, resulting in forage shortages. Crop stress affected soybeans, delayed or reduced planting for corn and other crops, and lowered vegetable yields. Reservoirs, lakes, and streams were well below normal (e.g. Fontana Lake around 18 feet below normal). Mandatory or voluntary conservation measures were in place in multiple systems, and  some ponds and smaller supplies were critically low. Fire danger remained abnormally high and the wildfire season extended into May across the mountains, although the threat steadily decreased during the first half of the month owing to greenup and a continued statewide burn ban. A transition to a very wet pattern finally brought some relief late in the month, especially to the Blue Ridge, the foothills, and the southern Piedmont, where May rainfall wound up 125 to 175% of normal. Drought category was reduced to severe across much of these areas by the start of June.","NORTH CAROLINA"